tweet_id,event_time,author_id,text,brand
252777,2017-10-01 01:05:21,176069,Has any else noticed notifications are messed up in #watchOS4 ? #appleWatch @AppleSupport @176071 https://t.co/jp8bhgxd0U,AppleSupport
2076534,2017-10-01 01:40:49,614145,@Uber_Support @115873  Can I get costumer service that is useful instead of scripted people who can’t comprehend basic sentences?,Uber_Support
222792,2017-10-01 02:22:22,169215,@AmazonHelp No email received yet. Amazon worst,AmazonHelp
818159,2017-10-01 04:52:47,314873,@160530 @SpotifyCares Whhhaattt I can get a student discount on Spotify,SpotifyCares
285587,2017-10-01 07:23:10,184033,@115821 I have ordered a redmi note 4 Gold but ur executives are not delivering it,AmazonHelp
257901,2017-10-01 09:29:07,177357,"Packing for Pringle Home for Children, Jamaica. So much to bring... not helped by @Delta not allowing us a few extra kilos luggage! #10days",Delta
376582,2017-10-01 13:54:38,205332,"@comcastcares Ok, thanks.",comcastcares
253335,2017-10-01 14:10:24,176229,"@AmazonHelp In one case yes, and the date was updated. On the other items I bought the estimated delivery is still 3 or 4 days!",AmazonHelp
385698,2017-10-01 14:33:56,75913,"@AppleSupport Siri read this reminder aloud to me as ""January 10th"" Is it because I am using the British voice option? Seems like a bug. https://t.co/vKWXwKfcOb",AppleSupport
1388373,2017-10-01 16:01:56,443010,"Attention all passengers—read my México City guide for Día de los Muertos at 10,000 feet aboard all @AmericanAir flights this October. 🙂👏🏽 https://t.co/l4Ev67uRfl",AmericanAir
294216,2017-10-01 17:19:58,186081,@Uber_Support Ok. Thanks. I have logged a complaint.,Uber_Support
383844,2017-10-01 19:42:20,206915,@VirginTrains 1935 Mcr to London.,VirginTrains
198012,2017-10-01 20:45:54,162540,"@AmazonHelp You shared this link to me which opens contact us page.
Already contacted even tweeted, I paid you 500 rs on 22 sept, ban seller &amp; refund. https://t.co/P6swGHajpA",AmazonHelp
239709,2017-10-01 23:44:46,172950,@SouthwestAir Than you for all you do!!!!,SouthwestAir
311009,2017-10-02 03:44:19,190275,"@AmazonHelp I'm already in touch with customer service from 24th September, but till date they didn't provide any solution.",AmazonHelp
183364,2017-10-02 07:02:10,159119,"@115850 

Do amazon india has any control on furniture installation ??",AmazonHelp
183607,2017-10-02 08:38:15,127178,@AmazonHelp The information received by mail is irrelevant,AmazonHelp
752103,2017-10-02 09:53:47,299746,What the eff is happening to my iPhone? Battery drains hella fast since iOS 11.1 update! @115858,AppleSupport
295725,2017-10-02 12:04:26,186439,"@AmazonHelp Hi,

I've filled the Form.",AmazonHelp
197647,2017-10-02 13:43:40,162488,@AmazonHelp My email is __email__ but it has another account,AmazonHelp
310787,2017-10-02 15:00:42,190218,"@115888 3 ads in 20 minutes, 2 of which promised 30 mins of ad-free music. WTF? We can't change playlists in 30 mins or we get more ads?",SpotifyCares
242537,2017-10-02 15:21:21,173611,@Uber_Support @115873 @133052 Sir- Uber drivers violating all safety rules and no action by company. They are also involved in cheating customers,Uber_Support
416967,2017-10-02 15:57:01,214481,I ordered a #buffalobills jersey through @115821 and I receive a Chinese knock-off jersey. This isn’t right. Please do right here,AmazonHelp
333164,2017-10-02 17:50:30,195351,@115851 Harass customers for one week and then give them Rs 200 this is a scheme by @115850 do you know ?,AmazonHelp
211247,2017-10-02 18:03:14,166039,@AppleSupport Just got news that 2 incidents reported that iPhone 8 plus battery burst while charging. Is it true ?,AppleSupport
237986,2017-10-02 23:19:46,172637,@Delta @Delta flight DL1323 from LAX to ATL 12 noon pst today,Delta
308892,2017-10-03 00:12:54,164558,@AmazonHelp Can someone at @115821 @AmazonHelp PLEASE help me get my order? Your customer service is awful.  What has happened? Are you outsourcing it?,AmazonHelp
2049940,2017-10-03 01:41:45,216781,@115911 @115913 my #TMobile service at my home in Smyrna GA a suburb of #Atlanta... https://t.co/Q3MK4EBUsW,TMobileHelp
2055135,2017-10-03 02:41:57,607809,"@115858 please send a for all the problems that your last fix didn’t fix! Battery, screen rotation, sounds, and all that is yet to come! Ugh",AppleSupport
275094,2017-10-03 02:45:16,181728,@Uber_Support Very frustrating and stressful when needing to get a train to connect to a flight,Uber_Support
206812,2017-10-03 05:37:18,164975,@AmazonHelp D'accord c'etait pour en etre sur merci du renseignement et de votre réponse bonne journée a vous 😉😊,AmazonHelp
180003,2017-10-03 07:49:03,158368,"@AmazonHelp delivery date is 4 oct but after 29 sept there is no update on tracking order, your customer care said that maybe you package lost.",AmazonHelp
238090,2017-10-03 09:12:49,172659,@AmazonHelp Enjoying it like no other! I'm serious. The streaming is so smooth and I can't put this into words. Continue the good service.,AmazonHelp
276420,2017-10-03 10:01:29,182038,"@AmazonHelp PFA the screenshot.
Why are you asking it again? Is this your way of haressing the people?I am asking for the solution from last 10 days. https://t.co/6zF9cpA51Z",AmazonHelp
237348,2017-10-03 10:40:04,172523,"update .. was slow catching, definitely @115858 missed a lot !! help me @AppleSupport #ios11 #iosfail #AppleSupport #wherearemyiphone",AppleSupport
232151,2017-10-03 11:24:09,171267,@AmazonHelp @115851 https://t.co/Wq4PNZioRR,AmazonHelp
191707,2017-10-03 12:20:15,161050,@AmazonHelp Send the details again https://t.co/jzs1ryb4WX,AmazonHelp
187944,2017-10-03 13:44:15,160103,@AppleSupport lock screen is freezing quite often. Help ASAP,AppleSupport
237476,2017-10-03 13:56:23,172545,@115821 what good is prime shipping if I place an order Friday and it’s not going to arrive til the following Thursday?,AmazonHelp
441794,2017-10-03 14:30:17,219771,Bght lg smrt led wrth 45k gt non smart led.Return pickp reqstd sinc 25 sept.no pickup/refund fr lst 10 dys.@AmazonHelp @115851 @115850 https://t.co/z4LL2fBfyA,AmazonHelp
899944,2017-10-03 15:35:19,333644,@SpotifyCares I can no longer change songs using my car controls as of last week. I did delete and re download the app. Still not working.,SpotifyCares
180339,2017-10-03 15:56:27,158418,"@AmazonHelp Check the IMEI no is showing on the phone I don't know why courier guys are creating issues in pick up, I am sick and tired https://t.co/mdTy2Cemmk",AmazonHelp
395660,2017-10-03 16:24:35,209645,@Uber_Support all of my deliveries from last night are still pending. https://t.co/Cc7lovCoX0,Uber_Support
237237,2017-10-03 17:02:42,172501,"iOS 11 SUCKS. Every app shuts down while using it. And it even managed to mess up dictation!! Way to go, @115858 @AppleSupport",AppleSupport
222704,2017-10-03 17:19:49,169201,@AmazonHelp Any update ??? Issue persist,AmazonHelp
2050064,2017-10-03 17:27:07,606244,"@606243 @606242 @606241 @28748 @comcastcares @606239 @116602 @116136 @115725 @ATT @136958 In leiu of that, state and local governments should take over these mismanaged network from the providers through eminent domain",comcastcares
242500,2017-10-03 18:32:29,173604,@AppleSupport updated to the new iOS 11 and I am having text issues. Keyboard glitches on me every time! Please help!,AppleSupport
240490,2017-10-03 18:51:26,173122,@AmericanAir What would those fees be? I'm just worried about the connection.... anything AA can do for me? I am traveling a lot with them,AmericanAir
197953,2017-10-03 19:38:58,162537,"@AmazonHelp I received a mail saying I will soon receive an update, but I didn't receive any update",AmazonHelp
242590,2017-10-03 20:34:59,173624,@115858 please fix this iOS 11 update ... this is horrible 😡 Still killing my battery life #goingbacktoandroid,AppleSupport
247425,2017-10-03 21:03:06,174791,@AmazonHelp Sent the mail. Waiting for response.,AmazonHelp
193663,2017-10-03 23:05:19,161535,Still getting this bug...please fix this @115858 @AppleSupport @115858 https://t.co/jmUc6MtKqo,AppleSupport
284032,2017-10-03 23:25:56,183646,@AmazonHelp vendedor externo. o que eu devo fazer?,AmazonHelp
244323,2017-10-04 00:19:33,13681,"@SpotifyCares Wifi. On same connection, my Pixel downloads songs in a couple seconds. iPhone can take minutes per song.",SpotifyCares
272423,2017-10-04 00:34:30,181025,@AppleSupport will there be a fix for the poor #batterylife after update #iOS11 my phone has to be charged several times a day after #SE,AppleSupport
191405,2017-10-04 01:07:47,160990,@ComcastCares: #mobile_Care report outage,comcastcares
187457,2017-10-04 01:28:10,159990,@AppleSupport the new update sucks. Do I need my cellular data on to send texts to non iPhone friends?,AppleSupport
296744,2017-10-04 01:43:21,186689,@AmazonHelp I ordered 2 items which I selected gift options for and had it delivered to my house. The package was missing the gift receipts 1/,AmazonHelp
608996,2017-10-04 01:53:34,264756,"@264757 @AppleSupport Sis sameeee my iPhone 6 still won’t turn on, it’s almost been a year 😒",AppleSupport
187962,2017-10-04 02:06:00,160107,@115858 #ios11update I don’t find camera option in notes from where I can scan documents. https://t.co/knggFlRa9V,AppleSupport
245109,2017-10-04 02:18:04,174192,@AppleSupport some are taken thru my phone others are screenshots,AppleSupport
242191,2017-10-04 02:30:03,173517,@SouthwestAir Mike Brown gave us champagne and reserved us seats at the front... my lady can't stop smiling!,SouthwestAir
187441,2017-10-04 02:32:41,159985,@AppleSupport The new version 11 sure is CRUMMY......slow......unresponsive........what a stupid piece of crap update Don't you test 1st?,AppleSupport
667041,2017-10-04 02:51:28,278952,"Hey @115911 customer for 10+ years, Nexus replaced with a SamsungOn5. Lied to over phone, accused of fraud in store, sent wrong phone again",TMobileHelp
2041935,2017-10-04 02:53:45,603775,@comcastcares Something up NE of Atlanta? Internet's been up and down sporadically. https://t.co/Uw6MyFZyRo,comcastcares
180183,2017-10-04 02:54:35,158397,"@AmericanAir That’s wonderful but it’s too late to be happy, ORDis a hub, seriously no other planes available?? This plane is old, not remarked, old paint seats and bad ac. Wonder why I’m not happy??",AmericanAir
609282,2017-10-04 02:55:35,264837,@AppleSupport incoming call display getting delay its rings first then after few seconds screen awakes after IOS 11 .,AppleSupport
296737,2017-10-04 02:57:10,186689,"@AmazonHelp To include it, I have to use a much more inconvenient solution. The 2 items are going to different people so it’s just very inconvenient.",AmazonHelp
416763,2017-10-04 03:14:27,214425,"@AppleSupport Right, so after doing the latest update to iOS 11 on my 6sm when I charge via USB to comp, it charges down, not up. Discuss.",AppleSupport
2042340,2017-10-04 03:27:05,603928,"Sure enough, 2 days after downloading the new Apple update, my phone goes to hell and starts crashing every 30 minutes. Thanks @115858",AppleSupport
242631,2017-10-04 03:51:51,173638,"@AppleSupport My phone updated over night, and this morning none of my Apple Music stuff was there",AppleSupport
307868,2017-10-04 03:59:27,189507,@AmazonHelp Is this what you want? I feel like you're trying to get smart with ^ME #notcoolorsick you're being mean #BoycottAmazon https://t.co/E4PDLeKbcW,AmazonHelp
667129,2017-10-04 04:12:40,278979,@TMobileHelp So I have this S8 purchased from Samsung and I’m trying to get it unlocked. Hoping you can advise me on how to get it done,TMobileHelp
2042588,2017-10-04 04:13:31,604011,"@AppleSupport hi! Ever since I did the update my phone can’t keep stable wifi, insta crashes and the battery dies so quickly. What do I do?",AppleSupport
184011,2017-10-04 04:21:43,159290,Does one have to “look” a certain way to be #disabled or have a medical condition? @AmericanAir apparently your employee does #Fail,AmericanAir
188497,2017-10-04 04:43:19,160238,"@AppleSupport my i5s not starting after getting off during updation of OS. Charge was &gt;80% .
Help. Urgent.
@115858",AppleSupport
210339,2017-10-04 04:51:37,165784,@115850 @AmazonHelp order no 405-3129805-1022740 . its already been returned . i dont want the product . please initiate the refund,AmazonHelp
189510,2017-10-04 04:58:51,136890,@Delta yes please.  Thank you so much,Delta
243051,2017-10-04 05:05:50,173720,@AppleSupport I’ve tried that and I get this message. Looked into it and bc of iCloud music it won’t allow me to add my own music if I please https://t.co/j1xH3wrK6i,AppleSupport
2041927,2017-10-04 05:27:54,603771,@115888 hi so I’m getting charged for a account I don’t have....,SpotifyCares
610289,2017-10-04 05:29:55,265097,"IOS 11 is so crap, none of the buttons even work on my facetime to change camera, end call, anything and the phone is wayyy slower @115858",AppleSupport
287597,2017-10-04 05:45:02,136943,Getting 80% packet loss on my Internet connection sometimes still. #Comcast,comcastcares
188437,2017-10-04 05:47:02,160220,@AppleSupport Only Live Photo is turned on which for some reason also doesn’t work on my phone,AppleSupport
754087,2017-10-04 05:58:21,300245,"@AmazonHelp Close to 2 weeks, and still pending, for an item that was in stock when I ordered it? Sorry but you have to do better. When will it ship?",AmazonHelp
238554,2017-10-04 06:05:05,172747,@SpotifyCares Hi! It's been a month. Any updates on accessing #Spotify on Smart TVs? Or is this just going to slip away quietly?,SpotifyCares
2042560,2017-10-04 06:12:41,603998,My Mac restarted and deleted the 8 pages of homework I was working on so I'm just gonna make a plan to systematically destroy @115858 now,AppleSupport
181940,2017-10-04 06:31:27,158761,"@9628 @AmericanAir pls let us in! It's the middle of the night, we've been waiting on tarmac for over an hour. I just want to go home.",AmericanAir
186181,2017-10-04 06:44:56,159744,"@SpotifyCares Sure, 8.4.21.508 armV7",SpotifyCares
179912,2017-10-04 06:52:12,158354,@AmazonHelp Thanks. Appreciate the help.,AmazonHelp
187371,2017-10-04 07:00:16,159959,@TMobileHelp Nah yall fufu im switching services ✌🏽 @115714 can yall do better?,TMobileHelp
2044610,2017-10-04 07:34:19,604626,"@comcastcares my internet is completely down rn, I reset the router but nothing. When is it coming back? #impayingtoomuchforthis",comcastcares
439107,2017-10-04 07:34:43,219299,@AmazonHelp Looking for true and transparent service from Amazon.,AmazonHelp
187598,2017-10-04 07:45:34,160030,@SpotifyCares what are the requirements to make the new Spotify app proxy compliant?,SpotifyCares
2042321,2017-10-04 07:56:53,603921,@AppleSupport running 11.0.2 and I can sit here watching my battery drop 1% per 45 seconds. I’ve turned off everything that uses juice.,AppleSupport
237531,2017-10-04 08:04:08,172556,"@115873 date 3/10/17 book a ride,Driver take half an hour but dont reached to pickup point and threat me to cancel the ride or ll show u.",Uber_Support
180582,2017-10-04 08:14:14,158456,"@115850 Hi, having issues purchasing an item on EMI. How to connect to discuss?",AmazonHelp
181817,2017-10-04 08:16:17,158730,@comcastcares i have problems with my internet services!!,comcastcares
181846,2017-10-04 08:36:20,158735,@AmericanAir They would like to know if they will be on the same plane? What about their luggages since it was a fire? Thank you,AmericanAir
205058,2017-10-04 08:37:41,164569,@AmazonHelp I still have not received my codes. Pre ordered back in April.,AmazonHelp
179192,2017-10-04 08:58:13,158243,"@123583 Redeemed my @AmazonHelp preorder code on Sunday but just get ""Not available for purchase"" on #StarWarsBattlefrontIIBETA :(",AmazonHelp
179586,2017-10-04 09:14:58,158299,@AmazonHelp I had already done that. But your team said they had investigated &amp; could not help further.,AmazonHelp
181137,2017-10-04 09:24:36,158540,@AmazonHelp https://t.co/vUx26OrFxv,AmazonHelp
187558,2017-10-04 09:27:43,160022,@SpotifyCares Cleverrrr!,SpotifyCares
235291,2017-10-04 09:28:29,172033,@172034 @115858 @115858 why have I now got a generic ringtone after the update? I've lost all my assigned ringtones! Not an improvement... unhappy customer,AppleSupport
179555,2017-10-04 09:32:35,158261,Disappointed by inferior quality item supplied by @115850... Losing trust for online purchases... @126033 request assistance please...,AmazonHelp
606653,2017-10-04 09:35:07,264174,@SouthwestAir I did! ☺️,SouthwestAir
605021,2017-10-04 09:39:42,263819,"@120465 ウォーキング・デッド シーズン7、一気に観てしまいました^ ^
かなりの寝不足💦
そうなるとやはりシーズン8が観たくなるよねー
10/23からFOXでは放送開始されるみたいだけどプライムビデオさんは予定ありますかー？",AmazonHelp
180056,2017-10-04 09:45:25,158376,@115850 @115850 still my problem not solved,AmazonHelp
179331,2017-10-04 09:52:20,158261,@115850 not ensuring quality control of items being sold..Any law in place to ensure quality by online sellers..@126033 @12211,AmazonHelp
179585,2017-10-04 09:55:20,158299,@AmazonHelp Did not get any e-mail.,AmazonHelp
179530,2017-10-04 10:00:19,158285,@AmazonHelp but in my Transactions is the Beta but I Can't download it . In Germany (where I live) says it starts at 10:00 but the one who [2/3],AmazonHelp
179066,2017-10-04 10:07:21,158227,"@115850 
What kind of offer show??
 How many discount apply on oneplus 5 ??
Greate Nice offer😡😡 https://t.co/pMaUmcxduA",AmazonHelp
238480,2017-10-04 10:08:09,172740,@115858 upgraded to latest update last night. Battery drained 15% within 5 mins of looking at news! #batterydrain #applepleasefix #help,AppleSupport
181562,2017-10-04 10:10:47,158655,@Delta He was told that his suitcase never left Manchester but can't be traced,Delta
179899,2017-10-04 10:13:54,158353,"@12774 @120533 colis: __credit_card__ cela fait des jours que j'attends mes colis, Amazon et TNT vous êtes des incompétents. Plainte",AmazonHelp
241531,2017-10-04 10:25:27,173348,Finally @115850 delivered #FIFA18 👍🏻 https://t.co/Th7mhE7J45,AmazonHelp
183415,2017-10-04 10:33:40,159133,@AmazonHelp It has happened twice in the last 2 months. I wouldn't mind if the order was for me. But as I finished work late I was in asleep and wokenup,AmazonHelp
179868,2017-10-04 10:38:23,158351,@AmazonHelp Just sent my third e-mail in the past 24 hours. Second e-mail today. Hoping this one actually get's a response as I need this resolved today,AmazonHelp
236992,2017-10-04 10:44:49,158430,@AmazonHelp My pleasure sir,AmazonHelp
199443,2017-10-04 10:45:10,163018,why does my music do this @AppleSupport https://t.co/NSwFA71x5c,AppleSupport
179880,2017-10-04 10:48:40,158352,@AmazonHelp I have done this and I am told to wait 24 - 48 hours. I can't wait this long as the Early Access Beta period will be over. :(,AmazonHelp
607223,2017-10-04 10:51:44,264300,"ほーん、俺ってamazonプライムに入ってたのね…今知った…
ウォーキングデッド見放題じゃん…ビデオ借りなくてよかったじゃん…",AmazonHelp
198254,2017-10-04 10:51:46,162598,"We actually have the money for a third Memphis trip in the future, but @AmericanAir can get fucked. We’ll fly with someone else.",AmericanAir
183430,2017-10-04 10:55:39,158370,"@AmazonHelp Haha you are working on it hats off to you guys , the product is not delivered and my money got stuck and I complained about it several time",AmazonHelp
199174,2017-10-04 10:57:14,162936,@115888 if you made speakers with the same functionality as Sonos (sound quality too) you'd take over the world,SpotifyCares
180119,2017-10-04 11:00:48,158389,@AmazonHelp Any updates ?,AmazonHelp
180085,2017-10-04 11:04:47,158382,@AmazonHelp @115850  again  i have to wait ...😥 you people just playing with costumer.. You promise that u ll resolve in max 5 days.,AmazonHelp
621801,2017-10-04 11:05:55,267564,@115858 I think my Mac is broken and needs fixing ASAP,AppleSupport
180018,2017-10-04 11:10:20,158370,"@AmazonHelp Are u out of your mind i guess , today i spoke to one of your customer support representative and you are again send me a link to contact u",AmazonHelp
183561,2017-10-04 11:18:02,159168,Gotta love when @115830 say they tried to deliver a parcel and they didn't. https://t.co/TanWbd6nqM,AmazonHelp
179949,2017-10-04 11:22:37,158359,@AmazonHelp hola el otro dia pedi unas luzes LED y me tenian que llegar ahyer. Lo entendi por la vaga y tal y hoy no ha llegado el pedido,AmazonHelp
200832,2017-10-04 11:25:52,150141,@TMobileHelp And I have responded.,TMobileHelp
183559,2017-10-04 11:27:23,159167,"@115850 Dear amazon my item has been delivered to somewhere else, instead of delivering it to me. No response.
#HateAmazon #BadService https://t.co/qaKFHeybtJ",AmazonHelp
621733,2017-10-04 11:31:37,267543,@AppleSupport can you wireless charge the battery of the iPhone 8 if you have a bookcase around the iPhone 8???,AppleSupport
183532,2017-10-04 11:31:42,159163,@AmazonHelp Whats your correspondence means? Not useful for me. Want to buy that macbook in the same deal price.,AmazonHelp
180361,2017-10-04 11:35:41,158420,あたしもAmazonの箱から月を見てるわ。アサ https://t.co/ncqgS6jcqP,AmazonHelp
180164,2017-10-04 11:38:05,158316,@AmazonHelp Ya sabría qué ha pasado hace un par de horas,AmazonHelp
180301,2017-10-04 11:43:03,127178,@AmazonHelp @115821 Is there anyone to help me,AmazonHelp
179733,2017-10-04 11:46:05,158325,@AmazonHelp Have never experienced such an issue with Amazon. Amazon has infact delivered the products before schedule date. #proudprimemember.,AmazonHelp
183313,2017-10-04 11:51:32,159107,@AmazonHelp @115850 not interested in any of your solutions..been 15 days that I have been following #GreatIndianFestival,AmazonHelp
2043984,2017-10-04 11:52:46,604461,@AppleSupport i love the new feature in ios 11 but I have to charge my iPhone 2-3 times a day. Please fix this.,AppleSupport
180424,2017-10-04 11:55:11,158430,@AmazonHelp There are too many items price show wrong on amazon website,AmazonHelp
181372,2017-10-04 11:57:12,158600,"Have a great day everyone!!!!

#HumpDay #RiseAndGrind #BizTravel 

CC: @10180 @158601 @Delta @158602 @158603 https://t.co/uzGRIfEB19",Delta
179725,2017-10-04 11:59:52,158323,Amazonプライム・ビデオ優秀すぎるわ,AmazonHelp
183580,2017-10-04 12:04:23,159172,"届きました、ありがとうAmazon
明日CFカード買いに行きたい https://t.co/v86clIR7TW",AmazonHelp
180694,2017-10-04 12:08:07,127260,"@AmazonHelp my order arrived damaged. given packaging by fulfillment center, awful packaging is cause. Last pic showing crystals on bottom https://t.co/vfTM1PPuFD",AmazonHelp
192422,2017-10-04 12:13:55,161199,Leaving Fri on @AmericanAir Tokyo -&gt; Dallas and can't access any flight info online. Been this way all week. 😖 https://t.co/Fc4r18Zvkp,AmericanAir
180566,2017-10-04 12:14:04,158454,@AmazonHelp @115850 Thank you for quick help. It seems my problem has resolved.,AmazonHelp
199307,2017-10-04 12:17:53,162972,iPhone 6s is officially one year old today... and my Touch ID just randomly stopped working @115858 #helpme #forgotallmypasswords,AppleSupport
183273,2017-10-04 12:18:08,159100,"@AmazonHelp Not in the app, but the browser. I didn’t do the payment but the order was confirmed. I don’t know how it works being a long time customer.",AmazonHelp
180650,2017-10-04 12:21:22,158468,"@115850 Pickup Tracking ID 69956471561, no response from your agents for the return ??",AmazonHelp
180609,2017-10-04 12:25:36,158461,"Hello @115850 When I ordered a loafer, then a formal shoe came to me. But still in waiting for return &amp;refund. https://t.co/zqsADKij0g",AmazonHelp
237893,2017-10-04 12:29:17,172622,@AmazonHelp It just arrived!! That was magic! :),AmazonHelp
192374,2017-10-04 12:31:51,161192,@AmericanAir international passengers who are visiting US first time and being so rude to them just shows that @AmericanAir doesn't care about passangers,AmericanAir
180634,2017-10-04 12:33:14,158465,"@AmazonHelp Y después de hablar por chat con dos personas dedicadas a la atención al cliente, no saben decirme cuando llegará",AmazonHelp
179941,2017-10-04 12:38:11,158357,@AmazonHelp This is not only the pickup delay there are also the amazon agent fake promises which hurt me more and deliver the faulty product.,AmazonHelp
180983,2017-10-04 12:41:11,158508,@115850 sir i order samsung j7 prime rs 10'500  in amazon pay how many cash back i get?,AmazonHelp
702905,2017-10-04 12:44:35,287895,@AppleSupport iPhone7 Plus forward  camera black screen in portrait modes. I’m in Nigeria at moment can’t take it back to Pittsburgh.,AppleSupport
199142,2017-10-04 12:46:13,162928,"@SpotifyCares Hei S! For like the first time ever in years, the stream is cracking and producing weird noises. Both on LTE and WiFi. Any idea? iOS 11.1 on 6s.",SpotifyCares
180863,2017-10-04 12:47:02,158495,@AmazonHelp No error message- just a completely blank page.,AmazonHelp
181068,2017-10-04 12:51:30,158527,"@115850  hey can you help to deliver my package today, which is schedule to reach tom.. In urgent need of that package",AmazonHelp
180263,2017-10-04 12:54:22,158412,"@AmazonHelp Si, he realizado un pedido, y se supone que deberían haber llegado ayer, por lo cual se paga premium, y no llega y se retrasa",AmazonHelp
2043699,2017-10-04 13:01:19,604364,@comcastcares 3057244468,comcastcares
179631,2017-10-04 13:01:44,158308,@AmazonHelp thanks,AmazonHelp
180872,2017-10-04 13:07:36,158497,@AmazonHelp @115821 great. Couldn't have been more customer pro UX,AmazonHelp
199117,2017-10-04 13:13:56,162921,@SpotifyCares @117153,SpotifyCares
198021,2017-10-04 13:16:05,162542,@115830 i ordered battlefront 2 off your website and still havent received my beta code after 3 customer service staff said i would by now,AmazonHelp
245160,2017-10-04 13:17:38,174199,@115858 can u help me with an issue I’m having with the screen record on my SE. It counts down from 3 but stays white.,AppleSupport
180790,2017-10-04 13:20:13,158494,@AmazonHelp @115851 can you please do this time for me I did 100+ time and got only sorry you know the incidence right @115851,AmazonHelp
185783,2017-10-04 13:23:21,115892,"@AmericanAir Even the flight attendant admitted, ""Omg those were the best--I was so upset when we stopped offering it!""",AmericanAir
178857,2017-10-04 13:27:57,158159,So happy to say @Delta has helped to alleviate some of my anxiety today #thankful,Delta
182274,2017-10-04 13:31:32,158847,@SouthwestAir Just did,SouthwestAir
245128,2017-10-04 13:32:32,162511,"@AmazonHelp The only reason second account was under my name was because I was planning to put them all on my card, delivered to my address.",AmazonHelp
2044494,2017-10-04 13:33:33,268824,"@TMobileHelp Cool, message sent. Thank you again for all your help!",TMobileHelp
238559,2017-10-04 13:44:44,172748,@AmazonHelp Yep - USPS,AmazonHelp
198001,2017-10-04 13:53:44,162539,"@AmazonHelp Não aparecem. Eu já desinstalei e instalei, mas não resolveu.
Na minha conta, no site, eles aparecem em conteúdo, mas no app não 😢",AmazonHelp
2043197,2017-10-04 13:55:54,604209,"@SpotifyCares How do you play ""Discover Weekly"" in order?  I used to be able to do this.  Is this impossible now?",SpotifyCares
179205,2017-10-04 13:59:25,158246,"@AmazonHelp I just rang the number you sent me in the email “This number is no longer in use” - get a grip Amazon, your systems are broke!!!",AmazonHelp
239550,2017-10-04 14:03:01,172919,@AppleSupport Parece esto ocurre al abrir un pdf en la carpeta de documentos 🤔 https://t.co/Z2KkWwYwNV,AppleSupport
197821,2017-10-04 14:05:45,162520,"@AmazonHelp for investigation to be resolved. Email came this morning saying it's closed and they will not replace, take it up with carrier",AmazonHelp
2047553,2017-10-04 14:12:07,605538,@AppleSupport I’ll update OS. Phone constantly crashing.,AppleSupport
197672,2017-10-04 14:12:41,162493,@AmazonHelp J'ai déjà effectué cette opération cependant je ne recevrais pas la réponse sur la vraie adresse,AmazonHelp
178779,2017-10-04 14:18:15,158133,@Delta I purchased $20 wifi for the day and it's the slowest I've ever experienced! What gives?,Delta
197792,2017-10-04 14:18:35,162513,@AmazonHelp It says it's arriving by 1pm today (which is when it should have been delivered) and has a Royal Mail tracking number (they have no info),AmazonHelp
200820,2017-10-04 14:23:40,163410,@TMobileHelp I sent the message,TMobileHelp
197855,2017-10-04 14:26:11,162527,@AmazonHelp It is your responsibility to bar sellers like these on your platform. An increase in 1300 rupees is criminal.,AmazonHelp
237514,2017-10-04 14:28:52,172554,@AppleSupport Something is wrong with alarm clock volume post update.,AppleSupport
189871,2017-10-04 14:30:08,604193,@115888 Does it work for highschool students?? I pay for everything myself,SpotifyCares
185721,2017-10-04 14:34:12,159675,@AmericanAir Why thank you! 😊,AmericanAir
203200,2017-10-04 14:39:34,164087,@SouthwestAir Horrible experience traveling with 2 small kids &amp; terrible service from gate staff. No #SouthwestHeart here,SouthwestAir
193616,2017-10-04 14:44:16,161522,"@AppleSupport iPhone 6s, iOS 11.0",AppleSupport
191702,2017-10-04 14:45:30,161050,@AmazonHelp No concrete reply..,AmazonHelp
2043310,2017-10-04 14:51:49,297253,@115858 @AppleSupport 1. Because of #ios11 my phone is not reliable. It freezes constantly. Closes apps randomly. Lags in feedback.,AppleSupport
191739,2017-10-04 14:58:34,158388,@115850 look into this matter,AmazonHelp
193623,2017-10-04 15:00:59,161523,"@AppleSupport Had this info been provided earlier, I wud not have wasted my hard earned money on iPhone 8. Wudve bought 7plus instead.",AppleSupport
182856,2017-10-04 15:06:31,159023,@AmazonHelp No update. No mobile number of courier person. FYI,AmazonHelp
609612,2017-10-04 15:07:30,264920,@SpotifyCares is there any way to disconnect facebook from a spotify account?,SpotifyCares
2044614,2017-10-04 15:10:24,604628,"@ComcastCares
#mobile_Care

Is there any credit for accounts that were down for several days due to hurricane",comcastcares
193638,2017-10-04 15:11:45,161527,@AppleSupport I updated my phone and now my speaker for calls won’t work. How do I fix this?,AppleSupport
191551,2017-10-04 15:13:09,161025,@AmazonHelp What happened is I tried to change my bank details from Spain and they flagged me as fraud - even though it was my account. :(,AmazonHelp
185661,2017-10-04 15:19:13,159658,@AmericanAir do you offer any discounts to military dependents when booking?,AmericanAir
188366,2017-10-04 15:20:13,160199,@AppleSupport Hello there. Pls help me with this. It happens quite often. Thank you kindly 👍🏻 https://t.co/iKNY2MxqEP,AppleSupport
237045,2017-10-04 15:22:08,172462,"@Uber_Support Your message says ""check app for locations"". Where do I find a list of locations? Can't you give me a URL?",Uber_Support
237181,2017-10-04 15:22:09,172489,@AmazonHelp Is that helpful?,AmazonHelp
191700,2017-10-04 15:28:03,161049,"when do i receive my star wars battlefront 2 beta code, ordered it this morning @AmazonHelp #Amazon @115830  #amazonhelp",AmazonHelp
244681,2017-10-04 15:28:51,174120,@174121 @TMobileHelp @115913 my latest test since they had me reset my phone for the umpteenth time about 7 miles from home. https://t.co/gu8rFf7mUl,TMobileHelp
191625,2017-10-04 15:32:13,161041,Por fin me ha llegado el póster de @3292 de @115821 ❤️❤️❤️ https://t.co/UuqlU5ujxX,AmazonHelp
193562,2017-10-04 15:32:31,161508,@AppleSupport Thank you! I use the Gmail app for mail so is there a way to fetch for Gmail but not for the iPhone mail app?,AppleSupport
202889,2017-10-04 15:35:22,164007,"Landed about 20min ago, sitting on a stuffy plane while there is 5 gates open at Cedar Rapids airport...""not enough gate staff"" @Delta https://t.co/9ZYYYkpeNh",Delta
623919,2017-10-04 15:38:26,210429,Buster is headed to SFO 2day @SouthwestAir #BustersTravels @10754 #mascot https://t.co/u6A9FVQWfw,SouthwestAir
191811,2017-10-04 15:38:36,161073,"@161074 @AmazonHelp I pre-ordered, it was due today but then this happened. Have cancelled and ordered else where ...",AmazonHelp
182730,2017-10-04 15:43:31,158994,"@AmazonHelp Oi, eu gosto muito de romance, de fantasia, romance erótico, mangá, HQ 
😂😂😂
Sou um pouco ecletica",AmazonHelp
191561,2017-10-04 15:50:00,161026,@AmazonHelp @9203 Once I get both batteries I have to ship one back.,AmazonHelp
616324,2017-10-04 15:50:05,266263,@AppleSupport 11.0.1,AppleSupport
2045203,2017-10-04 15:53:18,326380,@115888 @SpotifyCares,SpotifyCares
183035,2017-10-04 15:57:46,159046,@AmazonHelp Thanks for you prompt response! I seem to be unable to find a specialised Motorola service centre where I am in the UK.,AmazonHelp
2042657,2017-10-04 16:08:59,366114,". @AppleSupport frustrated the battery dies within minutes now, photos were lost!!  How do I uninstall this “update” ?!? #iPhoneUpdate",AppleSupport
2043463,2017-10-04 16:11:21,532385,@604294 @comcastcares My max is 90 down and 12 up,comcastcares
182726,2017-10-04 16:11:56,158994,"@AmazonHelp Eu tô amando, ainda não conhecia a Tessa. Comecei no início da semana.",AmazonHelp
210672,2017-10-04 16:16:50,165855,@165856 @AmericanAir Here's the result of Germ Culture on a recent flight. Why don't we do something to clean? https://t.co/6xxaiQ1YmT,AmericanAir
610323,2017-10-04 16:19:49,265108,@115858 why has Touch ID stopped working since the update,AppleSupport
627175,2017-10-04 16:23:35,268531,Love this. See you in a few hours @Delta. Vegas bound from Oma https://t.co/biOxCEDoar,Delta
188571,2017-10-04 16:24:31,160259,"@AppleSupport congrats, with your new update i can't charge my iphone any more.",AppleSupport
206765,2017-10-04 16:30:41,164970,Apparently not if you pre-ordered through @115821 🙄 https://t.co/U2k9qCPrkr,AmazonHelp
188370,2017-10-04 16:33:44,160201,"@AppleSupport I was not using my iPad for many weeks now, after I charged it, no longer opens. It’s not appearing on iTunes devices.",AppleSupport
211058,2017-10-04 16:35:51,165996,"@SpotifyCares It’s on my phone as well now. Did the HK team change the playlist name maybe? If so, I’m wondering if there’s a way to choose English https://t.co/b2N3jpTLnA",SpotifyCares
182571,2017-10-04 16:39:56,158933,"@AmazonHelp I am waiting for an answer regarding the buyer that received a refund from you for 4 orders from me, and then he switched out the items and sent them back.",AmazonHelp
188320,2017-10-04 16:42:01,160189,Great job Apple!Now I cannot use Beats Powerbeats for my daily workout as they could get wet and just turn off and no repair @AppleSupport,AppleSupport
245173,2017-10-04 16:52:17,174202,@AmazonHelp It's because I pre ordered today.,AmazonHelp
245134,2017-10-04 16:57:48,162511,"@174195 @AmazonHelp I was thinking that would be the case at #DurhamBookFestival, but thanks for confirming anyway. Trying eBay for cheaper copies.",AmazonHelp
201212,2017-10-04 16:58:58,163502,"Feel bad for the classy and empathetic @SouthwestAir counter staffer dealing with 4 1/2 hour delay Tpa-Vegas. I feel bad for us, too.",SouthwestAir
237512,2017-10-04 17:00:37,172554,@AppleSupport Feature to use buttons as volume was turned off after update so I think that may have been culprit,AppleSupport
201821,2017-10-04 17:00:43,163669,"@AmericanAir And no idea if the flight will depart, if there will be water, or what is going on with valet bags still on the plane",AmericanAir
239978,2017-10-04 17:02:11,172998,"@AmazonHelp Already did that for a second time, I was refused. PRe-ordered the Deluxe Edition, they will not give me the Beta that @116089 advertise",AmazonHelp
182840,2017-10-04 17:08:32,159020,@AmazonHelp my order was supposed to be shipped yesterday wtf going on,AmazonHelp
1988845,2017-10-04 17:12:02,588637,"@spotifycares Hello spotify, why is my premium family account just swapped back to Free? Whole family lost their playlists etc. Please help.",SpotifyCares
624371,2017-10-04 17:13:04,268205,"@TMobileHelp Unfortunately, I sent DMs b4 &amp; it wasn't resolved.",TMobileHelp
182599,2017-10-04 17:14:22,158939,"My parcel has been ""out for delivery"" for nearly 8 hours, where is it and when will it be here😫 @AmazonHelp",AmazonHelp
184041,2017-10-04 17:16:47,159302,"@Delta My problem still hasn't been addressed, let alone fixed, and phone calls have not be answered or returned",Delta
182536,2017-10-04 17:20:29,158927,"@115833 @118117 Still, Sonos control is what I've been waiting for. ♥️",AmazonHelp
2056174,2017-10-04 17:21:17,253842,".@115858 completely screwed-up (THEIR OWN) weather &amp; clock apps with the last update. Thanks a lot. 🤨  

@AppleSupport #Apple #Iphone",AppleSupport
183062,2017-10-04 17:26:57,159053,@AmazonHelp It’s arrived  thank you,AmazonHelp
2044428,2017-10-04 17:27:09,604577,@115888 @SpotifyCares @115888 @SpotifyCares https://t.co/W0T7KSp9Pf,SpotifyCares
218006,2017-10-04 17:34:28,167976,@116136 I live 2 blocks from a drop off location but when I signed up for your service I notice you are shipping the box from NJ?,comcastcares
188343,2017-10-04 17:34:53,160194,"@AppleSupport Ya with pandora, instagram, Snapchat or Netflix it will just crash",AppleSupport
201837,2017-10-04 17:40:11,163674,ICYM: Stunning pict  of the @AmericanAir #Dreamliner ....https://t.co/ezzXH3jGNV,AmericanAir
180625,2017-10-04 17:42:03,158464,"@AmazonHelp Again false commitment in email.Hi news channels now please take up the matter. Amazon is cheating customers
@144775 
@115821 
@734 https://t.co/djqlLeDiXa",AmazonHelp
200691,2017-10-04 17:43:33,163365,@Delta I just waited 1 hr for a customer service callback and spent 30 min on phone and nothing was resolved!!,Delta
188781,2017-10-04 17:44:34,172714,@115913 @115911 And current customers are stuck. @115725 has a nice payoff program to join them AND you can actually have service as advertised. Later TMo.,TMobileHelp
183019,2017-10-04 17:54:25,159045,@AmazonHelp Hum il y a 2 livres qui ne font pas que se lire et le troisième est un livre qui améliore notre quotidien 🔮,AmazonHelp
211066,2017-10-04 17:57:26,165997,"@SpotifyCares And I already did every trouble shooting step, it is the code int eh app, #accessibility #fail",SpotifyCares
208926,2017-10-04 17:59:10,165442,Ummm... @AppleSupport why is my phone downloading auto updates for apps when WiFi is off???? iPhone 6s Plus. https://t.co/QIfDupFPrq,AppleSupport
211313,2017-10-04 18:08:41,166057,How do I get my fucking keyboard to go away @AppleSupport like why is it constantly there https://t.co/95UUxlq6RN,AppleSupport
623298,2017-10-04 18:10:03,267949,Wow @delta terminal 2 @116147  is the absolute worst redesign.,Delta
180144,2017-10-04 18:10:48,158390,@AmazonHelp Come back with solution!!,AmazonHelp
2042746,2017-10-04 18:11:04,604064,EXTREMELY disappointed w/ @115911 @TMobileHelp @139105 for false advertisement of BOGO offer.,TMobileHelp
210483,2017-10-04 18:15:39,165813,@115821 waited all day for valuable package for it to be left visible on doorstep in high crime area. No knock. No slip through door.,AmazonHelp
2045260,2017-10-04 18:19:36,604849,"@AppleSupport My left Airpod battery is consistently draining much faster than the right. Last battery low sound: left = 10%, right = 40%.",AppleSupport
244816,2017-10-04 18:24:37,174140,"@174139 @TMobileHelp @115913 The data usage on Fi is lower, they use a system of secure wifi networks that you can use when available instead of your data allotment.",TMobileHelp
205025,2017-10-04 18:24:52,164561,@AmazonHelp I've tried them already. They're not answering my questions &amp; are just trying to get me to sign up for a new account. Any other suggestions?,AmazonHelp
214400,2017-10-04 18:25:15,166931,"Reason 4,564,743 why I love @SouthwestAir : Passing out free cookies in line while boarding at #Orlandoairport. #CookiesMatter",SouthwestAir
211231,2017-10-04 18:26:52,166036,Just did @115858 iOS update and now my battery is draining at alarming rate! WTH?! #iphone #FirstWorldProblems,AppleSupport
185794,2017-10-04 18:31:01,159699,@AmazonHelp  https://t.co/zckgHaxsI1,AmazonHelp
211214,2017-10-04 18:33:15,166034,@AppleSupport is there any sort of warranty on the leather iphone cases?,AppleSupport
210485,2017-10-04 18:36:12,165814,"Anyone ever order something from @115821 and for some reason gets delivered to freaking New Brunswick, NJ... but you live in SoCal?? 🤦🏻‍♀️",AmazonHelp
634028,2017-10-04 18:39:53,270304,@AppleSupport Check ur Dm,AppleSupport
201712,2017-10-04 18:40:49,163647,@AmericanAir why won't the calendar populate when I try to book a flight using your app? https://t.co/QMsvPxCaqx,AmericanAir
2042748,2017-10-04 18:41:06,604065,"Received Sim w. holes and scratches, getting charged $25 to replace this defective Sim which I never used. Stay away. @115913 @115911",TMobileHelp
200040,2017-10-04 18:42:21,163191,oi oi @117086 eu to muito triste por favor manda meus livrinhos pra eu ficar muito feliz 😢🔜😍,AmazonHelp
237013,2017-10-04 18:45:31,172452,@AmazonHelp not possible when you can deliver then by same courier you can pick too or I may change pin code if it's easy for you,AmazonHelp
2046360,2017-10-04 18:45:38,605192,I want @comcastcares to stop lying to me. admit it when you can’t fix issues.,comcastcares
203135,2017-10-04 18:45:49,164070,Hey @115888 @SpotifyCares add this functionality. People want it. Thanks. https://t.co/d5ci8k2Q0J,SpotifyCares
2045241,2017-10-04 18:47:14,604842,This is a really annoying bug. @115858 please fix the lyrics bug on your #iOS music app.,AppleSupport
230124,2017-10-04 18:50:19,170830,@AmazonHelp Plz return my money back which i paid for prime membership as you were failed to provide me service.,AmazonHelp
227057,2017-10-04 18:56:32,158923,"@AmazonHelp Make it happen on 5-10-2017 and refund my money
cc @115850 @120781 https://t.co/TvXE9DcMD4",AmazonHelp
213016,2017-10-04 18:58:22,604028,@115913 Is there a promotion for existing subscribers?  I already have more lines than people using them and adding another line makes no sense,TMobileHelp
235014,2017-10-04 19:00:34,171969,@AppleSupport исправьте эту хренотень с автоматически включающимся вай-фаем!и уберите вариации клавиатуры!,AppleSupport
200584,2017-10-04 19:04:22,163335,@Delta why only 3 people working sky ✔️in @ term 4. This is crazy. Get some more help!,Delta
210872,2017-10-04 19:17:56,142975,My view as we landed at JFK @AmericanAir   Super cool #AmericanAirlines https://t.co/zV8QswHYUu,AmericanAir
242484,2017-10-04 19:19:51,173599,"@AppleSupport @115858 @12576 phone very glitchy after new update, it's like My phone is in slow motion.",AppleSupport
200001,2017-10-04 19:24:16,163184,@115850 @AmazonHelp @115821 Pathetic customer support experience despite being a Prime &amp; being one of the first buyers of Amazon Echo !!,AmazonHelp
2042663,2017-10-04 19:24:42,604036,@115913 @TMobileHelp Please tell me what’s wrong with my LTE. https://t.co/Dr1c6H75Gg,TMobileHelp
209088,2017-10-04 19:28:17,165493,"@AppleSupport my iPhone 6 just died and won't even turn on now for no reason, what do I do? 🙃",AppleSupport
211372,2017-10-04 19:29:45,166073,"@115888 Shouldnt there be a playlist or mood for driving. Love listening to tunes while driving, but not keen on making my own playlists.",SpotifyCares
213040,2017-10-04 19:33:30,166557,@115913 @166558 @115911 Are you saying we don't have to add a line to get the promo? The link says we do but your tweet makes it sound like we don't.,TMobileHelp
209063,2017-10-04 19:39:22,165485,Hey  @AppleSupport any reason why the new update is glitch central &amp; drains my battery,AppleSupport
199891,2017-10-04 19:46:58,163159,@AmazonHelp Lo pusimos desde la pagina web  de mazon y desde los vendedores de bandai,AmazonHelp
208935,2017-10-04 19:47:50,165444,"@AppleSupport Hi, my iPhone 6S shut itself off this morning and hasn't come back on since. I've tried restarting it but nothing's happening",AppleSupport
634354,2017-10-04 19:48:32,270403,@115888 I need Soulja Slim album “The Streets Made Me” to appear on your app ya feel me make dat happen,SpotifyCares
2042823,2017-10-04 19:50:20,604082,@SouthwestAir shoutout to your ticket agent Jay in DEN gate 24 and flight attendant Keith.  Way to support an #autism Family❤️,SouthwestAir
198357,2017-10-04 19:56:22,162627,@AmazonHelp what happens when something ordered using Prime doesn't arrive when it's garunteed to?,AmazonHelp
199328,2017-10-04 19:58:09,162980,@AppleSupport Sit*,AppleSupport
201568,2017-10-04 20:01:36,163605,"@AmericanAir It the height of assholery to have a 3+ hr flight out of tech hub SFO w/ NO amenities, especially with what u charge for 1st class. #Ghetto",AmericanAir
198803,2017-10-04 20:05:39,162785,How is @115850 @115821 selling products at more than the MRP?https://t.co/tzBJYUVS2H sold the same product to me at 90.404-5751623-5813152 https://t.co/ZrUdUPN2tt,AmazonHelp
2045864,2017-10-04 20:06:13,605039,"@Delta hi there,flying tomorrow from EDI to JFK but my partner appears to now not be on the booking.Can you help and confirm she is?#worried",Delta
217938,2017-10-04 20:08:26,167960,"@167961 @167962 @116136 😂😂😂 7, 25, 24 doo doo doo dooo 45,47! *mike epps vc*",comcastcares
244353,2017-10-04 20:12:05,174042,I can only use @118189 in the new Files app if I make @118189 less secure? That makes no sense. @AppleSupport @DropboxSupport,AppleSupport
193044,2017-10-04 20:13:44,161371,"@115850 - I need to reset my password and email for my a/c. I lost my email id as my email subscription with MSP discontinued, Help Me!!",AmazonHelp
237352,2017-10-04 20:16:21,172524,@Uber_Support Overcharged cost!!! And how can a driver take my phone and rate himself claiming to show me the receipt?!!!,Uber_Support
212992,2017-10-04 20:19:14,166545,@115911 please to start hiring sensible people in y’all customer service department! I’m sick of this shit!!!,TMobileHelp
198681,2017-10-04 20:20:00,162744,"@115821 you guys are the worst...deleting my account right now. really need to take a look at who you're charging, and for what.",AmazonHelp
211404,2017-10-04 20:24:49,166082,@SpotifyCares What would you suggest for a public network?,SpotifyCares
631573,2017-10-04 20:27:13,269673,@AppleSupport Applications crash. Lots of freezing. Have to turn it on &amp; off about three times a day. Can you come and meet me on my lunch break and fix?,AppleSupport
198097,2017-10-04 20:31:31,162561,"The battlefront ll beta starts today, I pre ordered the game months ago but still haven't gotten my code from @115821  @AmazonHelp 😡😡😡",AmazonHelp
2044892,2017-10-04 20:33:27,604727,"@AppleSupport I just want to go back to iOS 10 , this update has ruined my phone",AppleSupport
189243,2017-10-04 20:39:33,160403,@AmazonHelp I’ve cancelled it after expecting it since the 29th,AmazonHelp
641361,2017-10-04 20:40:10,272201,@115911 Can I cancel one line and add it again?,TMobileHelp
178989,2017-10-04 20:40:50,158202,@AmericanAir again great personal service today.  Keep it up AA! https://t.co/In5nRbTbZf,AmericanAir
2042031,2017-10-04 20:46:21,603811,@Delta I'm flying Bilbao to Amsterdam on KLM. Does Delta Gold status apply to KLM flights within Europe?,Delta
249056,2017-10-04 20:50:08,175173,@SpotifyCares did you remove the functionality to put one song on repeat?,SpotifyCares
239392,2017-10-04 20:54:11,172883,@115858 why is my phone brightness shifting from super dark to super bright all on its own without me being anywhere near the slider. Help,AppleSupport
178636,2017-10-04 21:00:58,158107,"@AmazonHelp What you mean is,leave us alone,and phone Amazon tomorrow,because we cant be bothered to find out for you?",AmazonHelp
639925,2017-10-04 21:06:25,271794,"Hi @AppleSupport, is it possible to stop my Mac receiving the two-factor authentication code and only send it to my iPhone or iPad?",AppleSupport
211148,2017-10-04 21:13:20,166014,"@AppleSupport Please advise why, since updating the operating system, the iCloud icon is missing??? https://t.co/gVTQIDVgoj",AppleSupport
214372,2017-10-04 21:13:39,166921,@SouthwestAir @166920 give him and his followers free flight vouchers. https://t.co/3p3gie2JIf,SouthwestAir
207765,2017-10-04 21:15:04,165138,@AmazonHelp hello can i subscribe amazon prime in iraq?,AmazonHelp
185657,2017-10-04 21:15:43,159657,"@Delta Wow, 47 min wait time for a call back, that's top notch customer service right there 😬",Delta
2046001,2017-10-04 21:22:04,605082,Idk if it’s the new iOS update but my phone been lagging lately @AppleSupport,AppleSupport
178864,2017-10-04 21:22:11,158160,"@AmericanAir We have 15,000 lbs+ to be delivered from SFO to Aguadilla, PR. Love to speak with anyone @AmericanAir who can help. https://t.co/MdDNPFW7R0",AmericanAir
188945,2017-10-04 21:22:37,605151,@115911 @115913 @117540 Band 71?,TMobileHelp
206934,2017-10-04 21:24:37,164999,"@115830 Yo, what's this?! I was told guaranteed delivery between 6-10pm https://t.co/8bkq60xfib",AmazonHelp
211296,2017-10-04 21:29:33,166052,@AppleSupport Group messages still aren’t coming thru. 🤦🏻‍♀️,AppleSupport
206744,2017-10-04 21:32:43,164964,@115821 is f'king up and I'm becoming increasingly frustrated https://t.co/lbNiPP1Fle,AmazonHelp
639888,2017-10-04 21:38:07,271779,My iPhone runs out of battery so fast it’s ridiculous 😡 @AppleSupport you better fix this,AppleSupport
206785,2017-10-04 21:42:53,164973,@AmazonHelp Me dicen que no pueden hacer nada. La gestión está en trámite y debe finalizarla la primera persona que me atendió y que no resuelve nada.,AmazonHelp
196140,2017-10-04 21:46:04,162149,Has @AppleSupport killed the IPhone 6 with IOS 11 my phone had slowed down so much! It’s pain ful,AppleSupport
206783,2017-10-04 21:47:43,164973,@AmazonHelp Pero la primera persona insistía en que no era así y se tenía que reemplazar.,AmazonHelp
206724,2017-10-04 21:52:28,164963,@AmazonHelp Look https://t.co/0TOnUlF9Wq,AmazonHelp
634334,2017-10-04 21:56:05,270395,"@SpotifyCares Cheers, will do",SpotifyCares
641359,2017-10-04 21:56:55,272201,@TMobileHelp I am okay with number going into pool.,TMobileHelp
178878,2017-10-04 21:57:49,158163,Headed home from Indy.From formula 1 to formula milk I'm so happy 2 B on the @AmericanAir speedway in the sky w/ a great crew #gigifliesAA https://t.co/7e04sOAntZ,AmericanAir
189741,2017-10-04 21:59:20,160506,Usually like @SouthwestAir but all I want to do is go home &amp; play w/my dog for the first time in a week and my flight keeps getting delayed😭,SouthwestAir
2046037,2017-10-04 21:59:21,605091,@AppleSupport Alright thanks I’ve sent a DM. Bless.,AppleSupport
218201,2017-10-04 22:02:18,168023,Need to print a return label for @115821 but don’t have a printer. Now waiting on delivery of the printer that I’ve ordered from amazon.. 🤔,AmazonHelp
242623,2017-10-04 22:07:57,173634,@AppleSupport Dm sent,AppleSupport
606591,2017-10-04 22:08:11,264163,@Delta So do your flight attendants usually have to deliver a weird mini speech praising the military upon landing or was that just my flight,Delta
218207,2017-10-04 22:11:50,168025,"Some little shit just stole £400 worth of goods, from my credit card, helping himself to goodies from Amazon. Do I call the police?",AmazonHelp
2046450,2017-10-04 22:13:06,605217,@115900 we lose Internet 12 or more times a day for upwards of 10 minutes. Completely unacceptable for the cost,comcastcares
216714,2017-10-04 22:20:59,167619,@115911 do you get any of the email letters I sent to you? Or I'm I just wasting my Ff EIN+G TIME^TYME/3.14+R ?¿ WAITING FOR NO RESPONSE?¿,TMobileHelp
2043541,2017-10-04 22:25:28,565782,@115858 @AppleSupport Is #apple planning on another update since the latest one is draining batteries like crazy?,AppleSupport
178528,2017-10-04 22:27:38,158094,Lmaooo damn @AmericanAir why yall taxing https://t.co/zpZhAKJ4QR,AmericanAir
218130,2017-10-04 22:33:21,168003,"@AmazonHelp returned two items to an amazon locker on Monday, on my return tracker it doesn't show any update?",AmazonHelp
2043549,2017-10-04 22:33:46,590572,@AppleSupport pls answer my rep is at stake,AppleSupport
220048,2017-10-04 22:33:48,168486,"@Uber_Support never used Uber, have 4 trips on CCard, not mine, need info on trips for bank claim - contact me please.",Uber_Support
189666,2017-10-04 22:38:50,160485,"@SpotifyCares no, it didn't :( tried everything but I still can't create the playlist. it's not even greyed out but nothing happens after clicking on it.",SpotifyCares
265013,2017-10-04 22:40:22,179131,"Thanks to @AmazonHelp , @13548 , and @DropboxSupport , less than 48hrs after a total system meltdown I have a new rig built, installed and not a byte of important data lost. Not all heroes wear capes. https://t.co/V4nXHoBerS",AmazonHelp
618539,2017-10-04 22:48:27,266751,"Worst #iPhoneUpdate ever! Phone not working properly 
Battery 
Can’t rec emails unless i take it off wifi
And more 
@AppleSupport  👎🏻",AppleSupport
191512,2017-10-04 22:50:44,161019,@AmazonHelp Yea but I'm at work really can't spend time on the phone,AmazonHelp
218077,2017-10-04 22:59:33,167992,"@AmazonHelp I pre-ordered it through amazon, movie came out yesterday.",AmazonHelp
187302,2017-10-04 23:02:18,159944,@AppleSupport IOS 11.0.2 the lastest version available!,AppleSupport
205427,2017-10-04 23:02:53,164679,@AmericanAir Operational decision? It would have been good to know before landing and suddenly not having a flight.,AmericanAir
201415,2017-10-04 23:03:43,163550,Greetings from Mexico 🇲🇽! @SouthwestAir https://t.co/xXxmzyzzaf,SouthwestAir
190057,2017-10-04 23:04:15,160564,"@SpotifyCares Yes, I tried that as well. Still not working.",SpotifyCares
195984,2017-10-04 23:12:13,162107,"@AppleSupport @162106 @AppleSupport I’m experiencing the same thing as many other people, I left for work phone at 100% ten hours later it’s at 20% 😳 bad update 😡",AppleSupport
201163,2017-10-04 23:14:03,163488,pretty sad i had to wait for 2 hours to get a water @Delta,Delta
218023,2017-10-04 23:19:19,167981,Amazonで、鎧武全部見れるようになってるやんけ！,AmazonHelp
2045067,2017-10-04 23:20:11,604777,"@AppleSupport thanks for the update, now I can’t FaceTime",AppleSupport
2044857,2017-10-04 23:29:24,604714,When @115858 breaks your phone. Nice update guys. https://t.co/oJ3MoHAgG7,AppleSupport
205219,2017-10-04 23:32:26,164614,@AmazonHelp two of my packages haven’t even shipped yet,AmazonHelp
189347,2017-10-04 23:33:27,160411,@SpotifyCares need some help figuring out the family plan. Setting up one for my mom but the account isnt working.,SpotifyCares
2044008,2017-10-04 23:34:43,604468,"@115913 I ordered a Pixel and I want to take advantage of #BYOPixel, but why cant I take advantage of it as a current @115911 customer?",TMobileHelp
208310,2017-10-04 23:37:32,165267,#ios11 is worst @115858 product ever made. Slowed down  my iPhone6 so much it’s almost useless now. I have to buy new phone now.,AppleSupport
650875,2017-10-04 23:39:08,274784,@116136 gets home. Now can't return for two days!  Piss poor customer service. What happened to my 2hr window of time for installation?,comcastcares
200859,2017-10-04 23:42:06,163418,"@163419 @Delta Hey , is the flight AF 681 delayed? My mother in law is on it and will also miss her flight to TLV! please advice",Delta
205106,2017-10-04 23:44:53,164580,@115823 You have the oddest worst customer service. Why would anyone want to use #amazonpay ?Cannot trust you due to bad customer service,AmazonHelp
2044848,2017-10-04 23:46:59,394820,Phone legit just broke when it was just sitting on my desk... well @115858 I'll be giving you some more damn money now 😤🖕🏽,AppleSupport
205384,2017-10-04 23:51:47,164667,@AmericanAir The attendants attitude was the issue. There are many that have conditions that require a bathroom. I didn't pay $ to be held prisoner.,AmericanAir
224204,2017-10-04 23:52:50,169573,"@AmazonHelp Dite donc, vos colis sont souvent en retard en ce moment, la livraison en 1j c’est du passé ? J’vois pas l’intérêt d’être Prime",AmazonHelp
219957,2017-10-04 23:58:09,168452,@Uber_Support Help there is a $150 charge from you guys and I don't know why!!!!,Uber_Support
208178,2017-10-04 23:58:12,165246,@115858 iOS 11 sucks! Since updating my phone drops calls and loses service sitting in my living room. My phone just restarts itself!,AppleSupport
204990,2017-10-05 00:01:55,164555,@AmazonHelp Just did,AmazonHelp
205011,2017-10-05 00:09:24,164557,今日もamazonでお買い物するぞー,AmazonHelp
214650,2017-10-05 00:10:48,134887,@SouthwestAir BRAVO WN1155 flight attendants! calmly patiently dealing w/ intoxicated passenger!  Reminder job isn’t about peanuts &amp; coffee https://t.co/Y6iSog7jrV,SouthwestAir
204961,2017-10-05 00:17:02,164548,今日の仕事はamazonプライムでウォーキングデッドシーズン7を一気見することです(  ͡   ͜   ͡   ),AmazonHelp
215408,2017-10-05 00:17:08,167183,"@167184 @167185 @115858 However since updating IOS, my battery is terrible 🤦‍♀️",AppleSupport
229136,2017-10-05 00:24:17,170644,@115900 I need help paying a bill. The sight to fill out ZIP code isn't working in order to text tech. I have til tomorrow,comcastcares
214263,2017-10-05 00:26:26,166888,@115911 is it possible to briefly reinstate my old number to obtain a TFA code? This is the only way for my to access the account.,TMobileHelp
204951,2017-10-05 00:27:27,164545,I was trying to leave a review for Elites of Eden on amazon but it kept crashing what the hell,AmazonHelp
205436,2017-10-05 00:30:59,164681,@AmericanAir If it gets cancelled you've lost me and hopefully everyone thats sitting here screwed over by you guys.,AmericanAir
208200,2017-10-05 00:34:57,165252,"@AppleSupport Confirmed. Maybe because I keep adding the robocall numbers to existing contact “Illegal Spammer” that, contact is blocked, now with 20 phone numbers?",AppleSupport
215230,2017-10-05 00:38:35,167137,Amazon didn’t deliver my package today like it was supposed to so my day is ruined 🙄,AmazonHelp
639365,2017-10-05 00:46:17,271666,.@AppleSupport is there a way i can take certain photos off my icloud and store on my phone,AppleSupport
215208,2017-10-05 00:46:31,167129,Jk looks like they put my package in front of my house but didn't realize it required a signature. @AmazonHelp plz help,AmazonHelp
214562,2017-10-05 00:46:58,166970,"@Delta begging - fix app when non SM folks fill in TSA Pre, # goes to res. AF Plat, fly U tons and TSA Pre # never transfers when I use app",Delta
215329,2017-10-05 00:51:08,167160,"@AppleSupport GET YOUR FUCKING SHIT TOGETHER, MY PHONES BEEN WEIRD SINCE THE UPDATE. 
AND NO IM NOT BUYING THE NEW IPHONE",AppleSupport
215431,2017-10-05 00:52:29,167191,@115888 Pre-made playlists that have horrible songs on them but really good songs too ya know?,SpotifyCares
206822,2017-10-05 01:01:54,164977,"@AmazonHelp Oh look at that same thing, we see you've had a horrible experience, we are sorry, we can't do anything to help you though",AmazonHelp
215534,2017-10-05 01:02:59,167227,@comcastcares my modem doesn’t wanna connect to your network so I don’t have internet lol the “Online” just keeps blinking,comcastcares
215312,2017-10-05 01:03:44,167155,"Me: “New phone, full day of battery life again!”
@115858: “Introducing a new iOS”
Me: *downloads new iOS* “U have a charger I could borrow?”",AppleSupport
214223,2017-10-05 01:04:38,166877,@136221 will it ever become available on @115911?,TMobileHelp
219901,2017-10-05 01:12:30,168434,@Uber_Support 8595212555; still account is disabled ; send several emails,Uber_Support
215184,2017-10-05 01:12:34,167125,@AmazonHelp Yes in the app I submitted all issue..that time answered me that resolve or reply with in 3 days.,AmazonHelp
643427,2017-10-05 01:15:15,179142,@AppleSupport why I don't have iOS 11 yet????,AppleSupport
218517,2017-10-05 01:21:08,168112,"#adfdallas Thank you @SouthwestAir @11525 for hosting NOC tours, dinner and live music. #FlightExplorer #LUV https://t.co/8BWXkRfDrs",SouthwestAir
642927,2017-10-05 01:26:15,272622,@Delta Aeromexico reaches out about a week ago asked for my ticket number Haven’t heard back from them or why the plane was infested with mosquitos,Delta
215478,2017-10-05 01:27:38,167208,@AmericanAir thank you - I did HUCA and found someone who could help,AmericanAir
2046515,2017-10-05 01:28:48,605238,@115858 @AppleSupport my iPhone is useless on the new update keep rebooting its self and also crashes when is the fix,AppleSupport
215063,2017-10-05 01:29:19,167098,It’s now half an hour late wtf @115821,AmazonHelp
215084,2017-10-05 01:44:05,167102,Amazonに初めて返品。すると対応早くて親切で、快適な返品出来た！さすがだな！と改めて思った次第。,AmazonHelp
647370,2017-10-05 01:44:11,273775,@115858 Currently at 26 minutes to boot up my computer after updating to #HighSierra. 😡 guess I don’t need to do homework. #nursingstudent,AppleSupport
215425,2017-10-05 01:47:01,167190,@SpotifyCares I understand completely. They have always avoided a lot of mainstream outlets. But still wishful thinking :-).,SpotifyCares
242419,2017-10-05 01:50:02,173581,@Uber_Support But I did that this morning,Uber_Support
215044,2017-10-05 01:56:34,158949,@AmazonHelp I tried there but no help,AmazonHelp
2046622,2017-10-05 01:59:06,491843,Not only has @115858 made the #ios11 #podcast app terrible now it’s also a battery hog @AppleSupport #ios11problems #ios11update https://t.co/xWx6lay27q,AppleSupport
248812,2017-10-05 02:03:38,175115,@115900 #xfinitywifi sucks!!! paid for supposed to be a week connection but was only able to use for a night or two. . . @comcastcares,comcastcares
219181,2017-10-05 02:07:58,168271,"@115821 App: package arriving today by 8PM
Its 9PM and yet my package is ?????",AmazonHelp
2046556,2017-10-05 02:12:02,205723,Thanks @TMobileHelp for doing an awesome job to get my Advantage plan back on track. It only took 3 days!,TMobileHelp
219598,2017-10-05 02:15:08,161019,@117014 @115828 still hasn't given me my beta code for pre ordering.  Why should I have to wait until open beta when I should be playing now!!,AmazonHelp
215072,2017-10-05 02:20:30,167100,"@AmazonHelp Por eso les escribí. ya es el final del día y no fue entregado el producto, qué procede?",AmazonHelp
215316,2017-10-05 02:21:46,167157,@AppleSupport Sweet that did it! The Send &amp; Receive settings on my iPhone weren’t set to use my Apple ID. Thanks a bunch!,AppleSupport
222817,2017-10-05 02:25:51,169218,So frustrated that my @115821 package isn't here after two weeks,AmazonHelp
2038436,2017-10-05 02:26:41,602720,@Uber_Support hey uber your XL car... can it take 6 and an infant ? Thanks. This is in Florida,Uber_Support
219694,2017-10-05 02:26:59,168376,@AmericanAir how about a free flight?,AmericanAir
647810,2017-10-05 02:27:32,273905,@SouthwestAir amazing customer service at it again!  Thank you Diane!!,SouthwestAir
209109,2017-10-05 02:36:32,165500,"@AppleSupport No. 
I tried restarting, deleting and reinstalling. No resolution",AppleSupport
219499,2017-10-05 02:38:50,168349,"なんかアマゾンが面白いこと始めたぞぉ
目がついて買ってしまったが
なかなかいいんじゃない?
部屋に飾っとこぉw https://t.co/22gKFyOXKb",AmazonHelp
219630,2017-10-05 02:43:32,168365,THATS A BIG LIE @Delta my phone didn't work at all. https://t.co/TbEOutNhgC,Delta
2047287,2017-10-05 02:47:07,605479,#iOS11 still buggy on #iphone6s Music widget doesn’t show images on stand-by &amp; crashes on heavy duty apps when offline @AppleSupport,AppleSupport
219489,2017-10-05 02:51:26,168346,"@AmazonHelp I did. Have to wait 24 hours for a response, no guarantee of getting the beta code in that time span. Any further help would be appreciated.",AmazonHelp
225898,2017-10-05 02:53:49,169930,"Hi @Uber_Support, 
I’m Brittany and I ride Uber atleast 3/4 times a week but the service I have been recieving from your employees is sad.",Uber_Support
223202,2017-10-05 02:58:25,169312,".@AmericanAir acts like flight 610 into DCA is the first time they’ve ever organized a flight. 4 delays, 4 gate changes, 0 com. #freedrinks",AmericanAir
647366,2017-10-05 02:59:02,273774,@AppleSupport i still hear the static even after the update 😤,AppleSupport
243109,2017-10-05 03:02:07,173731,"@AmazonHelp Couple more Qs..shouldn't users be able to use devices across countries if it is available? 
Are restrictions applicable for time being?",AmazonHelp
2039231,2017-10-05 03:13:02,371282,"@602959 @116333 Yes!!! My phone keeps freezing and I have to restart it a few times a day, it's the worst!",AppleSupport
222786,2017-10-05 03:15:03,169215,@AmazonHelp @Amazonhelp any progress?,AmazonHelp
2046690,2017-10-05 03:15:45,605289,@Uber_Support If you are on 5th street near the Intercontinental it won’t allow you to move the pin to change the pickup location.,Uber_Support
197602,2017-10-05 03:25:24,162488,@AmazonHelp ????,AmazonHelp
250212,2017-10-05 03:26:17,175464,@comcastcares spent almost two hours on the phone with support... Still broken. Isn't moving service supposed to be easy???,comcastcares
223156,2017-10-05 03:26:22,169297,@115911 am I getting a refund for all the days I had zero cellular Service. Thank u @116136 for 👍🏾 service #wifi,TMobileHelp
655227,2017-10-05 03:31:14,275868,"@116333 iOS 11.1 beta 👎 The battery lasts nothing is very bad this beta, solve the problem now",AppleSupport
222729,2017-10-05 03:33:13,169204,@AmazonHelp my primed package isn't here why do you bring my hopes up to just crush them,AmazonHelp
219523,2017-10-05 03:42:08,168355,@AmazonHelp @115851 there is no new comm. And please stop using predefined templates. I have replied to all your emails.,AmazonHelp
233951,2017-10-05 03:43:27,171702,"@171703 @115858 And I can no longer access my voicemails on my IPhone 7, whatever shall I do?? I guess I’ll buy an 8 or X to be sure!! 🖕🏼🖕🏼🖕🏼",AppleSupport
210363,2017-10-05 03:45:59,165791,@AmazonHelp as you people barred my selling services there is no one to reply my mails as well as their is no contact support...whats wrong with you ppl,AmazonHelp
223497,2017-10-05 03:56:09,169400,I almost need a seatbelt extender on this plan. Ummmm I’m not that big. @SouthwestAir doesn’t do me dirty like this.,SouthwestAir
219899,2017-10-05 03:57:49,168433,@115873 how about a “pronounced as” feature for names on riders’/drivers’ profiles? (asking for a friend w/ Hindi consonants in his name).,Uber_Support
656305,2017-10-05 03:59:16,276145,"@AppleSupport @118721 I purchased expanded storage on the cloud, was charged money, and still don't have the increased storage. Why?",AppleSupport
222769,2017-10-05 04:00:54,169212,@AmazonHelp For the same seller,AmazonHelp
2038199,2017-10-05 04:01:12,602659,Hey spotify! Last week's discover weekly was AMAZING but I forgot to save all the music :'( please help! @SpotifyCares,SpotifyCares
223181,2017-10-05 04:03:10,169306,@AmericanAir And just to mention I was traveling on a business class,AmericanAir
2054413,2017-10-05 04:11:29,607595,Oh @115858 I would think with the amount I pay for your MacBook Pros the speakers wouldn't faithfully fail in little over a year!,AppleSupport
224267,2017-10-05 04:14:39,169582,"@AmazonHelp the fulfillment. Seller is not allowed to dealing with the FBA issues. 
 Please contact Amazon customer service for the details of your...",AmazonHelp
656217,2017-10-05 04:22:20,276113,Dear @AppleSupport Today has been a frustrating day. Phone goes into a boot-loop. Can't back up phone. Lost my life from last 6 months. #boo,AppleSupport
224408,2017-10-05 04:23:18,169622,If I ordered one day shipping and it gets delayed farther than one day do I get the one day shipping fee back? @AmazonHelp,AmazonHelp
219605,2017-10-05 04:30:00,168358,"@161019 @AmazonHelp Same. Then they emailed promotions who said sorry, too bad. I got a supervisor and she told me the same thing. Then I preordered digital",AmazonHelp
224613,2017-10-05 04:34:00,169665,@AmazonHelp Team as u can see the product has the price of 5200 and next to it is the delivery price of 3000 Rs. Which product has this much delivery ??,AmazonHelp
224161,2017-10-05 04:36:49,169564,Enjoying the @delta Queen while she's still doing her thing... https://t.co/spakZC7a7t,Delta
657067,2017-10-05 04:42:27,276383,@AppleSupport I can’t call ppl half the time on my iPhone 7. If you don’t fix it ASAP I will switch to @117159,AppleSupport
224657,2017-10-05 04:42:39,169678,"@115850 This is to inform you that I ordered ""Aquaguard Personal Purifier Bottle"" (Order No: 171-4289619-4540347) on 27th Mar,2017.",AmazonHelp
2038438,2017-10-05 04:55:35,602721,@Uber_Support I have to sign in and make a request to complain about poor customer service. It’s easier just to download Lyft. Really inconvenienced me,Uber_Support
224328,2017-10-05 04:56:50,169601,All I did was click get started on Amazon prime to see what it was about and they charged me $50 automatically ffs,AmazonHelp
234621,2017-10-05 04:58:57,171864,.@AppleSupport since the update to #iOS11 my #iPhone 6s’ touch screen has been becoming unresponsive at times. Other times it seems as if the calibration is off. Happens 3-4 times per day and requires a reset to temp. fix it each time. @115858,AppleSupport
224790,2017-10-05 05:02:51,169707,"@115850 @115821 what's this, if true then deliver my gift phone 😂😂😂😂 https://t.co/B1C0M0Gus1",AmazonHelp
226184,2017-10-05 05:04:46,169998,@115888 I can't listen to the 2nd Blessings (track 14) from Chance 3 because the song link points to the 1st Blessings (track 5)... plz fix,SpotifyCares
244825,2017-10-05 05:08:59,174140,@115913 @TMobileHelp Deuces. https://t.co/9sRZT7I2vb,TMobileHelp
222922,2017-10-05 05:13:02,169239,@AmazonHelp https://t.co/AhMVUN7zLg,AmazonHelp
244880,2017-10-05 05:15:33,174147,@AppleSupport @AppleSupport did you checked this issue?? Do you really want to fix this issue or no??,AppleSupport
224609,2017-10-05 05:21:50,169663,"@115821 shipping sucks. PKG delivered to unknown location, reorder lost internally by amazon. 1 wk later reordered 3rd time.",AmazonHelp
253042,2017-10-05 05:26:53,176143,@comcastcares FYI... outage in the 19146. Approximately 1:20am.,comcastcares
224951,2017-10-05 05:29:59,169742,"@115850 Order cancelled Sep26, still no news of refund. TrackingID 451101869025",AmazonHelp
673075,2017-10-05 05:35:43,171078,@280554 @Uber_Support Sorry my bad. It shows the discount is up to INR 50 after the promo code is applied within the payment section of the app. https://t.co/YRn4gP6uf9,Uber_Support
224939,2017-10-05 05:41:38,169740,@115850.Fraudalent activity- Repeatedly happening despite being PRIME members Just few days ago on 27/9 and... 1/1,AmazonHelp
235029,2017-10-05 05:44:29,171974,@AppleSupport Just kidding it’s good now,AppleSupport
180443,2017-10-05 05:46:46,158433,@AmazonHelp I also understand you are not for us. Your service only for megacity.,AmazonHelp
241483,2017-10-05 05:50:57,173335,@AmericanAir Rep lied to me. Would have cancelled my ticket in 24-period if you told the truth. Shame on @AmericanAir,AmericanAir
225000,2017-10-05 05:54:56,169755,Amazon届いたやったあぁああああああ,AmazonHelp
225510,2017-10-05 06:01:28,169870,"@115850 want to change shipping address, need help",AmazonHelp
225255,2017-10-05 06:09:24,169808,@116935 where is your windows app?,AmazonHelp
225900,2017-10-05 06:11:50,169932,@115873 I've been charged for trip that I didn't take. Here is the screen shot. How can I take 2 trips at the same time?Mailed but no response https://t.co/VeNCnDPJHi,Uber_Support
226371,2017-10-05 06:15:10,170037,"Hey @115850 
I've requested for an invitation for Amazon Echo! By when can I expect that invitation and will I surely get that?",AmazonHelp
2054667,2017-10-05 06:16:34,607675,So my phone has taken to randomly turning off and saying I need to charge the battery. Y’all really trying to sell the 8 huh @115858 ?,AppleSupport
225558,2017-10-05 06:24:20,169877,amazonのプライムビデオに銀魂'があったので見てる,AmazonHelp
207753,2017-10-05 06:30:16,171326,@164986 @AmazonHelp Same. Will never use these cowboys again. They’re trying to steal £200 from me,AmazonHelp
225534,2017-10-05 06:35:36,169874,@AmazonHelp I'm returning the product. I hope you'll give a quick refund!,AmazonHelp
187918,2017-10-05 06:37:16,160098,@AppleSupport Yes I have updated and it hasn’t made any difference at all! I am not using it anymore than usual,AppleSupport
242849,2017-10-05 06:40:48,173682,@AmazonHelp @115850 @AmazonHelp  Pls can u share the link for #lifelongappquiz and #tenorappquiz winners list,AmazonHelp
225010,2017-10-05 06:45:26,169754,"@AmazonHelp Already I contacted customer care 

They saying it's a big amount I will take some time",AmazonHelp
2038489,2017-10-05 06:45:36,602739,@SpotifyCares Hi can't join my family account. I've that everytimes : Oups ! Une erreur s'est produite. Réessayez plus tard. (id: bisskuits),SpotifyCares
232620,2017-10-05 06:52:24,171373,@Uber_Support Would also like to give a formal complaint about him,Uber_Support
2054760,2017-10-05 06:54:05,607701,"@AppleSupport iPad Pro, 9.7"". Just updated to iOS 11.0.2.
Rendered unusable because I don't use my iCloud account.
Can't restore either. 👎",AppleSupport
226274,2017-10-05 06:55:05,170023,マウスとゲーミングパッド購入しました。アマゾンさん様様ですね。,AmazonHelp
225516,2017-10-05 07:00:10,169871,@AmazonHelp Previously all sorts. But latest is it will be picked up today and that it was ok to leave in an insecure location outside to be picked up,AmazonHelp
226278,2017-10-05 07:06:49,170025,Amazonプライム会員万歳＼(^^)／,AmazonHelp
178641,2017-10-05 07:10:26,158107,"@AmazonHelp No,except i would like it moved from the seller to my address,as was promised,this is happening all the time Yodel are rubbish !!",AmazonHelp
226052,2017-10-05 07:13:18,169973,"@AmazonHelp I don't think it 'll help. May be I must # flipkart, snapdeal &amp; other to show ur efficency. It might sound bit harsh but don't 've alternate",AmazonHelp
196159,2017-10-05 07:13:28,607670,@162155 @115858 The latest update drains my battery,AppleSupport
226315,2017-10-05 07:17:39,170029,@AmazonHelp  https://t.co/rTbAyrVVkB,AmazonHelp
214221,2017-10-05 07:21:40,166878,@TMobileHelp @166877 While you encourage users to stream more at 480p :P,TMobileHelp
226307,2017-10-05 07:22:22,170029,"@AmazonHelp Last time tweeted this was the typical reply gave.
And after registration of complaint the reply you have on mail is different",AmazonHelp
226470,2017-10-05 07:26:36,170064,@Delta  https://t.co/Gibl8PvxrA,Delta
227110,2017-10-05 07:29:17,170171,"Amazonの新サービス「Prime Reading」が開始 数百冊の書籍が読み放題 #ldnews https://t.co/E9GdbeVQaG
うっひょーｗもう私アマゾンさんなしてでは生きられない・・・愛してる。。。
これはkindleいらんのよね。",AmazonHelp
227098,2017-10-05 07:35:30,170169,Eben hat @116316 meine #ProfessorLayton Vorbestellung verschickt 😍😍 ich freu mich so auf das Spiel 😁,AmazonHelp
211369,2017-10-05 07:36:45,166072,"@SpotifyCares i think you have a portfolio of ""non descript"" standard responses like this :( 
How can this be so after a month of daily complaints.",SpotifyCares
235277,2017-10-05 07:38:33,172028,@AppleSupport so I downloaded the new iOS 11 on my iPhone 6S and now I’ve noticed a weird crackling/static during phone calls. Any idea why?,AppleSupport
226121,2017-10-05 07:41:34,169983,@AmazonHelp Nothing,AmazonHelp
227082,2017-10-05 07:47:30,170166,@AmazonHelp he was very rude he whenever it will come back will give back hung when i call back again his rejecting,AmazonHelp
2038715,2017-10-05 07:50:01,602811,Anyclue on who regulates @115873 @119983 Mumbai ..have some complaints and thinking which regulatory body can help as uber is not resolving it,Uber_Support
229093,2017-10-05 07:55:50,170634,@AmazonHelp I made complaint in bank also... Which reference number has been provided by mail..,AmazonHelp
227798,2017-10-05 07:57:39,170186,"@AmericanAir Will escalate it to next level, thanks",AmericanAir
235806,2017-10-05 08:00:36,172164,@AppleSupport My iPhone's relationship with the charger since #iOS11. https://t.co/wgruRQoWYU,AppleSupport
227760,2017-10-05 08:04:16,170313,@AmazonHelp Is there any option that only gift reach without invoice,AmazonHelp
182552,2017-10-05 08:10:54,158930,@AmazonHelp I still haven't received a email,AmazonHelp
651296,2017-10-05 08:15:18,274896,@115873 What is a good email address or tel no. to contact you in UK. Your website has our number on it and we are getting your calls!,Uber_Support
210525,2017-10-05 08:18:06,165817,@AmazonHelp So now you tell me how I can be eligible for this  offer and same in 20k price .. @115850 @AmazonHelp,AmazonHelp
236430,2017-10-05 08:20:15,172313,@AppleSupport Why did High Sierra delete my login items?,AppleSupport
227896,2017-10-05 08:25:53,170336,@AmazonHelp Star Wars : Battlefront 2 - Edition Standard https://t.co/eB2zxwP5sS,AmazonHelp
229785,2017-10-05 08:31:03,170761,@115850 @115821 Sir its 10-13 oct but I booked the SD memory card yesterday can u pls pls arrange asap delivery of my order.,AmazonHelp
229855,2017-10-05 08:35:56,170774,@SpotifyCares thank you,SpotifyCares
230130,2017-10-05 08:38:42,170831,"@115850 Jst orderd a couple of thngs with my prime accnt and b4 order, delivery date was 2mrw. After paying online, it's saturday. Why? :(",AmazonHelp
229757,2017-10-05 08:43:48,170756,@115830 Why am I having to wait 5 days after a book release AGAIN for a book I pre-order? What is the point? Why bother to pre-order? ☹️,AmazonHelp
230643,2017-10-05 08:47:34,170937,@AmazonHelp @115850 Sad Disappointed Scared of placing an order again on Amazon in future. When? Clueless,AmazonHelp
236386,2017-10-05 08:48:17,172299,@AppleSupport argh why is my genuine iPhone charger not charging my iPhone??? So annoying!,AppleSupport
230073,2017-10-05 08:53:41,170820,@AmazonHelp Awaiting your response,AmazonHelp
230876,2017-10-05 09:00:48,170981,@115850 cancel Eureka Forbes Euroclean WD X2 Vacuum Cleaner but refund not proceed why?,AmazonHelp
229040,2017-10-05 09:03:14,170626,@Uber_Support I already did this; but the hacker is continuously using my account. I am unable to login to my account. My credit card is being charged 😡,Uber_Support
236832,2017-10-05 09:03:35,172401,anyone else got affected by pathetic battery in iOS 11? @AppleSupport,AppleSupport
231347,2017-10-05 09:07:16,171099,@AmazonHelp AGAIN I m using another gift code and this is wat i got https://t.co/5nDLKgJauF,AmazonHelp
230235,2017-10-05 09:13:04,274964,"@170850 @AmazonHelp I've seen a few people get dates for October 10th, but they had to bug a CS peeps for it through https://t.co/Y03Gm2RpIf . Everyone else 1/2",AmazonHelp
652839,2017-10-05 09:17:55,171086,@115850 You should keep the basic Prime for 499 only. Charge more if people want more features like Music etc.. that you have in the US,AmazonHelp
226028,2017-10-05 09:23:30,170979,@119625 What is the criteria exactly..!!how will you choose..??,AmazonHelp
231542,2017-10-05 09:27:15,144791,Why this much variation in prize @115850 @12151 @12152 https://t.co/7iVJSKIUrI,AmazonHelp
224223,2017-10-05 09:35:27,169576,@115850 Ya received but why it got  cancel? I got the Diwali discount  and then it got https://t.co/ud8cMMbLiv its cost is higher if i want to buy.,AmazonHelp
230612,2017-10-05 09:39:40,170932,@115821 Why hasn’t my order shipped yet? 😩 https://t.co/HHQxDmriJK,AmazonHelp
230598,2017-10-05 09:43:40,170929,雪見だいふく食べたいがためにAmazonプライムナウで配達してもらうってゆう…すみませんいつもお世話になっております、ありがとうお兄さん（´-`）.｡oO,AmazonHelp
2038900,2017-10-05 09:45:58,602863,Still can't log into @117153 Get it together.  @115888 goes down more than a [clever euphemism]. https://t.co/cih0urWSoo,SpotifyCares
229765,2017-10-05 09:48:26,170757,@AmazonHelp Is there a timeframe in which I have to wait? Will I receive a code? The beta becomes open tomorrow.,AmazonHelp
243346,2017-10-05 09:50:22,173793,"@AppleSupport iPhone 6s battery is not holding charge, since updating to iOS 11.0.2 is this normal?",AppleSupport
230100,2017-10-05 09:53:43,170827,"@AmazonHelp Also had other deliveries from different carriers to the same address during that timeframe, and they were all succesful",AmazonHelp
230849,2017-10-05 10:00:54,163088,Thank you @115821 for sorting my order out and responding to my emails very quickly.,AmazonHelp
230896,2017-10-05 10:05:31,170985,"@AmazonHelp Did that already, but still no show from amazon or bluedart to pickup the parcel.👿",AmazonHelp
231208,2017-10-05 10:06:12,171053,"@115873 another pathetic uber ride is about to end.
Its without air-conditioning in hot weather .Dr Umer Karachi  Pakistan .car BHF 207",Uber_Support
230666,2017-10-05 10:10:15,170939,"@AmazonHelp October 3rd I canceled the standard version for the deluxe version. Never mind.. —""",AmazonHelp
232475,2017-10-05 10:15:32,171334,@115850 i m very diassapointed about the customer care service of the.. Amazon.. . No option for 2nd time to talk with the agent..,AmazonHelp
658720,2017-10-05 10:16:10,276833,Şarj kablosu bozulur anlarımda prize taktığım adaptörün nasıl bozulduğunu bana bir anlatır mısın? @AppleSupport https://t.co/hiJRFe49pG,AppleSupport
231414,2017-10-05 10:18:44,171111,I have never slept through my flight time before @SouthwestAir what do I do!?,SouthwestAir
231527,2017-10-05 10:24:57,171140,"@AmazonHelp I’m on a free trial and not all the box sets are free, once the trial ends and I start paying monthly will these be free?",AmazonHelp
231747,2017-10-05 10:30:18,171198,@AmazonHelp And it's been 24 hours. Nothing came thru yet. You promised to call within 12hours.hahaha.,AmazonHelp
231716,2017-10-05 10:37:53,171190,"@AmazonHelp hi guys, delivery given to neighbour despite notes on the order for where to leave packages. Neighbour not in and this is a present. Help please :(",AmazonHelp
658313,2017-10-05 10:40:39,605609,@276729 @AppleSupport Same here 💔,AppleSupport
230159,2017-10-05 10:44:36,170807,@AmazonHelp And then you trouble you customers like this. For sending fake product and charging them 700 bucks for it!,AmazonHelp
231236,2017-10-05 10:47:15,171063,@Uber_Support Uber is not available In my city patna plz expand and available soon.,Uber_Support
232205,2017-10-05 10:48:01,144471,"Being a @115850 prime customer, why I'm not getting unlimited photo storage ??? 

@AmazonHelp https://t.co/TpFXPFTKXi",AmazonHelp
232199,2017-10-05 10:52:07,171282,"@115850 No refund even after 2 months, 20 calls and emails. order#405.7570435.2657134
Email: __email__ Mobile:9004901656",AmazonHelp
232223,2017-10-05 10:55:40,171285,"@SpotifyCares Done that already. Now how do I get local music to show up under Songs/Artists/Albums, side-by-side with streamed music?",SpotifyCares
227387,2017-10-05 10:57:43,170235,@AmazonHelp Called cust care on 28th Sept. No response  till this moment from TCL,AmazonHelp
243286,2017-10-05 10:58:03,173770,"@AppleSupport since I have updated my phone I haven’t even been able to use it 🙄 freezes, have 2 turn it off 2 ring/answer calls, joke.",AppleSupport
232392,2017-10-05 11:04:41,171322,If I pre order a book I expect to get it on the release date (today) and not the following week. Not happy with @115830,AmazonHelp
230953,2017-10-05 11:09:04,170994,"@AmazonHelp @170993 Erstaunlich, man kann mit Amazon kommunizieren.
Ich brauche ein Twitter-Account für Arbeit.",AmazonHelp
232483,2017-10-05 11:12:06,116949,@AmericanAir Awesome thank you.,AmericanAir
232774,2017-10-05 11:14:43,171408,@Delta I am currently on the phone with bank invalidating one of the charges,Delta
232334,2017-10-05 11:15:21,158359,@AmazonHelp Recibido,AmazonHelp
232603,2017-10-05 11:19:56,171369,@Uber_Support  https://t.co/KdMiOzPYQ4,Uber_Support
232373,2017-10-05 11:21:05,171318,@AmazonHelp ok merci j'attendrai votre mail,AmazonHelp
232397,2017-10-05 11:23:37,171323,@AmazonHelp Amazon Logistics,AmazonHelp
2039240,2017-10-05 11:27:46,158123,"@116333 can your team please fix iOS 11? It drains the battery so rapidly. In 1 hr my phone has lost 26%, predominantly on airplane mode.",AppleSupport
232433,2017-10-05 11:30:41,171327,@AmazonHelp Yes,AmazonHelp
233550,2017-10-05 11:35:10,171591,@115821 @AmazonHelp Do you guys have an update on this ???? https://t.co/nwwvDYkHku,AmazonHelp
233119,2017-10-05 11:40:17,171209,@AmazonHelp Do you need my order number/info to ensure that this will be the case? Thanks,AmazonHelp
249243,2017-10-05 11:46:26,175220,"@TMobileHelp if I buy the unlocked version of the V30, will I still be able to access Band 71 or do I need to buy the T-Mobile version?",TMobileHelp
232666,2017-10-05 11:48:35,171385,@AmazonHelp It says 404 not found? https://t.co/m4yi4fgiLr,AmazonHelp
233434,2017-10-05 11:52:32,171573,My package was supposed to arrive 3 Days ago! @AmazonHelp,AmazonHelp
670621,2017-10-05 11:54:25,279976,"Help @29968 and @AppleSupport - ever since I downloaded the updates, I cannot hear my alarm going off! ⏰#runninglate #nursingstudent",AppleSupport
219913,2017-10-05 11:55:44,168438,@Uber_Support Sent,Uber_Support
233441,2017-10-05 11:57:18,130675,To post office. Return a Xmas tree that arrived (day late) yesterday from @115830  as it is a choking hazard. Have to pay to return too!,AmazonHelp
2050326,2017-10-05 11:57:39,606328,"@ComcastCares: #mobile_Care
There is an outage on lady's island sc",comcastcares
233798,2017-10-05 12:03:03,171656,@AmazonHelp @116090 I still cannot log in.  Nobody has contacted me,AmazonHelp
2048007,2017-10-05 12:03:25,605667,. @115858 my favorite feature of the #iOS11 update is when my phone randomly restarts. That’s not inconvenient at all!,AppleSupport
233776,2017-10-05 12:08:33,171652,@AmazonHelp Still not amazon prime for dutch students? :( any idear if that is comming soon?,AmazonHelp
233835,2017-10-05 12:09:53,171667,@SouthwestAir Great news. Thank you. Any time frame on this change.,SouthwestAir
227346,2017-10-05 12:16:10,170230,@AmazonHelp thank you!,AmazonHelp
244590,2017-10-05 12:20:55,174109,Too early in the morning for my phone to be restarting itself! This is getting annoying! @115858 🤦🏻‍♀️,AppleSupport
233510,2017-10-05 12:21:33,171587,"@AmazonHelp Surely Chennai is well connected enough to receive parcels from any other courier !?! Sorry,but delayed parcels R a dealbreaker #primemember",AmazonHelp
233870,2017-10-05 12:23:22,171679,"Not sure what's the point of being silver with @Delta.
17 empty seats on Comfort, no upgrade. 
#airlines https://t.co/X8JR46LvBA",Delta
242239,2017-10-05 12:28:36,173536,".@82324 I ordered a Cobb Salad from your Old Eds branch on Uber Eats &amp; this is the ""fresh"" lettuce I got. Plus portion was much smaller 😔 https://t.co/cRfazp3EJH",Uber_Support
234149,2017-10-05 12:28:50,171757,"@115850 9840545602 Manivannan, It automatically subscribed for amazon prime to my account &amp; money debited, i wanna cancel that.pl help",AmazonHelp
2048108,2017-10-05 12:28:51,605697,@AppleSupport explain how it’s 8:28 and I’m already at 68% with iOS11 when I left my house at 7:30 with 100%,AppleSupport
233737,2017-10-05 12:34:47,171639,@AmazonHelp Je viens d'appeler #Colissimo et soit disant que le facteur n'a pas trouvé mon adresse pourtant hier @132988 et #ColisPrivé m'ont livré,AmazonHelp
234582,2017-10-05 12:37:18,171850,@SpotifyCares  is there anyway that someone can msg me the older version of the 'Stepping Out' playlist that was changed recently? p&amp;ty,SpotifyCares
2054399,2017-10-05 12:38:42,607593,Anyone who’s going to update to IOS11 just make sure you phone isn’t on silent when you set a alarm as it won’t go off!!!! @115858,AppleSupport
233747,2017-10-05 12:39:11,171641,"@115850 I had another bad experience with u. Exchg of phone failed, order canceled. Pausing buying frm u, shifting to @118702 for 1 mo!",AmazonHelp
656128,2017-10-05 12:43:03,276090,@115911 @115913 how does the pixel 2 offer work for existing customers?,TMobileHelp
234809,2017-10-05 12:45:33,171911,"@115850 need some assistance regarding my order no email I'd avalbl , how can I contact you amazon?",AmazonHelp
234136,2017-10-05 12:49:14,171753,"@AmazonHelp @115821 Stole Rs. 1862 from me - I have neither received my order, Amazon is lying that they delivered, not giving refund",AmazonHelp
656028,2017-10-05 12:50:06,217449,@276060 @AmericanAir @1079 @276061 @276062 @276063 @30003 @189054 @276064 @30004 @276065 +1 ;) https://t.co/TGF9UqvB3z,AmericanAir
2048405,2017-10-05 12:55:10,605785,. @AppleSupport watch and phone time are out of sync for 1+ hour now. Crucial in the mornings @115858 https://t.co/qGt9p2kZQH,AppleSupport
233772,2017-10-05 12:55:25,171650,@115830 Won’t tell me any birthdays and I have two users on echo but saying my wife’s event when on my account,AmazonHelp
235535,2017-10-05 12:56:31,172096,"@115873 I have issues with my transactions not corresponding with my trips and also other additional charges, it’s to complex for the app",Uber_Support
245249,2017-10-05 13:01:13,174224,@115858 can you help me please ?,AppleSupport
233795,2017-10-05 13:01:42,171656,@AmazonHelp I called @AmazonHelp last week. Escalated to a Manager. “Someone will call you back today”. Lies,AmazonHelp
234144,2017-10-05 13:04:20,171756,@AmazonHelp THE EMAIL I NEED IT THE SHIPPING SENT TO IS __email__ as she has the printer. my machine won't go to printer.,AmazonHelp
234598,2017-10-05 13:05:13,171856,"@Delta Yes we landed but at JFK, with no explanation from the flight crew, who seem as mystified as we are. Waiting for a JFK gate now.",Delta
235195,2017-10-05 13:11:39,172011,"@115850 Now the new phone is showing as will take about 1 week to deliver, on the new app.",AmazonHelp
2048241,2017-10-05 13:15:24,605740,"@AppleSupport Hi, how can I disable iCloud and/or delete an iCloud account in iOS 11? Thanks!",AppleSupport
235191,2017-10-05 13:19:14,172010,@AmazonHelp I ordered a brand new textbook from you guys and it didn’t come with an access code.,AmazonHelp
234813,2017-10-05 13:23:27,171656,@AmazonHelp Send me a text message. I have sent copies of my driving license as I.D to unlock account,AmazonHelp
673570,2017-10-05 13:24:08,280654,"@AppleSupport It just hangs anywhere, touch or home button will not respond for a while &amp; then everything will get closed &amp; I will be back @ home screen",AppleSupport
674854,2017-10-05 13:27:34,280954,@Uber_Support Uber request keeps getting rejected. Can you help?,Uber_Support
658037,2017-10-05 13:28:04,276650,"@115888 Is there anyway to make your shuffle algorithm actually work better?  When I play my entire library, it only plays newer additions.",SpotifyCares
235167,2017-10-05 13:28:28,172003,@AmazonHelp didn't receive the product yet,AmazonHelp
235194,2017-10-05 13:31:45,172011,@AmazonHelp I have personally sent out couriers and got them delivered withtin 36 hours. It's a matter of priority.,AmazonHelp
238702,2017-10-05 13:35:31,172778,@SouthwestAir Spoke to baggage dept in CT.  Very rude about situation. Won't deliver to me even though ORF lost it. Poor customer service,SouthwestAir
235106,2017-10-05 13:36:27,171992,What is going on with @115833 voice recognition? It's gotten 1 of the last 8 shopping list items right. One!,AmazonHelp
245997,2017-10-05 13:37:14,174428,"Fix the battery life on iOS 11, please!!  😤😤😤 @115858 @AppleSupport",AppleSupport
235796,2017-10-05 13:39:49,172162,"@TMobileHelp Bummer, Southwest not included.",TMobileHelp
234808,2017-10-05 13:44:09,171911,"@AmazonHelp Where is the option of return ?? Not getting any option , the product I received is not working properly",AmazonHelp
232317,2017-10-05 13:44:49,171307,@Delta Thank you! Looking forward to the same comfort when I fly home on Sunday. 👍,Delta
674657,2017-10-05 13:45:47,280900,"@AppleSupport My phone says ""Searching"" in top left corner. Will not let me text or call unless connected to Wifi. Can you help?",AppleSupport
2054745,2017-10-05 13:46:43,607697,Flying to Charlotte for a funeral and wanted to thank @AmericanAir for being delayed by 2 hours and making this difficult time even harder.,AmericanAir
236144,2017-10-05 13:50:06,172243,I hav ord items on @115850 on25 Sept..It is still not delivered. No callnorefund.I had to call to get the refund.Hw they claim to be no1?,AmazonHelp
235140,2017-10-05 13:57:47,171999,"@AmazonHelp Aaalla decision sare meeku ela pettali anipinchindi saaru 🙏
inka ennaina chepthav iga.",AmazonHelp
237347,2017-10-05 13:58:53,172523,"@AppleSupport thanks, 11.0.2 update made and bug fix. @115858",AppleSupport
246756,2017-10-05 14:01:24,174620,@116288 @Uber_Support that was worst experience. Ur drivers cancelled my multiple request.😡,Uber_Support
236663,2017-10-05 14:01:53,172360,@115850 please let me know can i get my order tomorrow...order no 219135252233,AmazonHelp
2048414,2017-10-05 14:06:08,605789,Ever since I downloaded iOS 11 my phone battery hasn’t held a charge well - anyone else experiencing this issue? @115858,AppleSupport
236230,2017-10-05 14:06:51,172255,"@AmazonHelp then why is the other item in my cart listed as 2-day shipping set to arrive on Saturday, makes no sense.",AmazonHelp
227356,2017-10-05 14:11:32,170232,@AmazonHelp Then why did you take up the issue? For fun?,AmazonHelp
188408,2017-10-05 14:12:30,160212,@AppleSupport Doesn’t help,AppleSupport
669958,2017-10-05 14:15:51,279792,Hello Mr. or Ms @115888 could you add the album Gravity by Da bush babees it’s a travesty that it’s not on Spotify. Thanks!,SpotifyCares
236593,2017-10-05 14:16:13,172346,@AmazonHelp This doesn't help me for my current delivery! I need this delivered today so please can this be delivered to a neighbour,AmazonHelp
2050387,2017-10-05 14:18:02,606348,"@ComcastCares: #mobile_CareXV
Is there an easy way to fix my cable when it is pixeling and has no sound ?",comcastcares
236630,2017-10-05 14:21:36,172355,"@AmazonHelp Sure! One thing, there’s three people living at this address - which one of us missed a delivery? https://t.co/JCGEvX2gKe",AmazonHelp
2048576,2017-10-05 14:22:11,605837,@115858 The new update messed up my phone battery and it dies after 3 hours of use.,AppleSupport
243404,2017-10-05 14:25:42,173808,"My @Delta Bag's riding round Edinburgh on ""delivery"" since yesterday at 5 pm. 4 days no bag, no delivery still. Worst #Delta experience yet.",Delta
242230,2017-10-05 14:26:19,173533,@Uber_Support Thx for reaching out but don't want to get the guy into any kind of trouble . It's why I didn't rate him in app either.  🙂,Uber_Support
238448,2017-10-05 14:26:41,172735,@AmazonHelp Please spend some money to give a call instead to avoid the hassle.,AmazonHelp
243631,2017-10-05 14:27:12,173874,@TMobileHelp thanks,TMobileHelp
236831,2017-10-05 14:29:00,172401,"@AppleSupport Yeah, it came with the box",AppleSupport
243171,2017-10-05 14:33:02,173745,I wish @115830 you could give like a rough 1 or 2 hour delivery estimate so that I can get a shower and not miss my stuff.,AmazonHelp
236381,2017-10-05 14:35:42,172298,@AppleSupport  https://t.co/3eiayS6v6O,AppleSupport
236635,2017-10-05 14:39:04,172355,"@AmazonHelp I could, or I could just leave you a note because you’re clearly not in right now - I mean I haven’t knocked but why risk it!",AmazonHelp
2047835,2017-10-05 14:39:52,605618,@SpotifyCares my student subscription is about to expire &amp; Im trying to subscribe again but it says my student info is used by another acc.,SpotifyCares
229020,2017-10-05 14:43:58,170621,"@Uber_Support We’ve gone ahead and reactivated your account. Thank you for your patience. Please reach out with any questions.""",Uber_Support
247572,2017-10-05 14:45:33,174825,@AppleSupport #iOS11 issue! Automatically turning the screen to hotizontal! https://t.co/YgknIvW5eX,AppleSupport
243142,2017-10-05 14:45:49,173738,@AmazonHelp Customer's aren't fools to follow up for every order they make. Please let me know if you want customers to drift away from your business.,AmazonHelp
244421,2017-10-05 14:50:21,174056,@AmericanAir I booked via @12697 so I don’t have the ticket number. However the charge says American Airlines since the flight was yours,AmericanAir
243185,2017-10-05 14:50:50,164599,"@AmazonHelp but I called amazon and they sent me to an account specialist, and he told me to fax a utility bill(which I did) and all you did was close",AmazonHelp
676043,2017-10-05 14:51:15,281264,@AppleSupport hi how can I have my current email address as my new icloud account?,AppleSupport
235684,2017-10-05 14:53:09,172139,@AmazonHelp 9928876710 is my contact no .....,AmazonHelp
249201,2017-10-05 14:57:05,175203,@AppleSupport any ideas why my #iPhone8Plus is having WiFi issues?! Constantly having to disconnect and reconnect!,AppleSupport
245601,2017-10-05 14:57:24,174337,"@115873 I ordered Uber, but I didn't get the ride. The driver probably picked someone else or charged me without the ride",Uber_Support
245194,2017-10-05 14:59:15,174210,I love Amazon we-tried-to-deliver-your-package-jokes-our-delivery-man-said-that-to-get-out-of-trouble-not-because-you-weren’t-in Prime,AmazonHelp
215830,2017-10-05 15:02:43,167327,"@AppleSupport Again, thanks for the help. You’ve been great 👍🏻👍🏻. I’ll never get an iPhone again. Utter rubbish.",AppleSupport
230186,2017-10-05 15:04:11,170839,@AmazonHelp This a nightmare. Now 2 are being dispatched and I am being charged for both because even though it said no stock it's suddenly go through!,AmazonHelp
2048582,2017-10-05 15:09:19,605840,@TMobileHelp Digits app doesn't work -_-,TMobileHelp
676788,2017-10-05 15:09:24,281444,@AppleSupport Thanks! I've sent you a DM,AppleSupport
236616,2017-10-05 15:12:05,172352,@AmazonHelp Am looking for quality service# please help,AmazonHelp
1480082,2017-10-05 15:12:30,463678,@VirginTrains VTN-170913BCVH,VirginTrains
246316,2017-10-05 15:17:17,174514,@AppleSupport You have an issue with WhatsApp “type a message” box experiences in iPhone 7. It goes only after switching the mobile,AppleSupport
245868,2017-10-05 15:19:25,174401,"@AmazonHelp Hola, muchas gracias por la atención. Si lo recibí, si gustas mandarme DM para adjuntarte una imagen.",AmazonHelp
675688,2017-10-05 15:20:05,175624,@SouthwestAir can I use points to discount my fare? I have a funeral in MCO I need to get to and flights out of ISP are 500+ for tomorrow,SouthwestAir
179044,2017-10-05 15:21:41,158220,"@AmericanAir @10979 was treated in a negligent, potentially life-threatening way. How about YOU figure out how to make it right, and contact HIM?",AmericanAir
246963,2017-10-05 15:23:06,174666,@115850 v poor service. problem not solved yet. almost a month gone. not at all recommendable. executives terrible,AmazonHelp
211196,2017-10-05 15:24:06,166030,@AppleSupport 11.0.2. I have a 6S.,AppleSupport
2049978,2017-10-05 15:28:18,606216,".@SpotifyCares, I am a longtime paid sub. &amp; can't play any album on iPhone, Mac continuously but 'Your Time Capsule.' Did Restarts. How fix?",SpotifyCares
246464,2017-10-05 15:28:53,174537,"@116928 , nos dice @115817 que busquemos en el buzón que allí estará y que nos quejemos a vosotros 👏. Empieza la búsqueda del tesoro.",AmazonHelp
246759,2017-10-05 15:29:38,174621,@115877 answer ur emails or else,Uber_Support
2048975,2017-10-05 15:30:58,605963,Hey @115858 @AppleSupport when will you get this fixed? Any suggestions? https://t.co/0r2PpKmMJh,AppleSupport
245866,2017-10-05 15:31:13,174401,@AmazonHelp Ya que yo pague por un producto que no se me ha otorgado. 2/2.,AmazonHelp
247698,2017-10-05 15:32:23,174854,"@Delta Help please. Flight cancelled to Liberia, Costa Rica (2 days) and getting the run around from the helpline. Just want a vacation!",Delta
246565,2017-10-05 15:34:40,174566,@115911 what are the extra fees to add a gear S3 to my line?,TMobileHelp
244092,2017-10-05 15:36:43,173983,@AmazonHelp Cabe señalar q mis números están actualizados!,AmazonHelp
247513,2017-10-05 15:39:43,174805,"@115850 @115850 #AmazonIndia  
Order# 407-8977774-7723545
Amazon couldn't deliver 1 day delivery order in 10 days. 
So what can be expected???",AmazonHelp
246377,2017-10-05 15:42:52,174523,"@AmazonHelp no sé si por reducción de costes, por política, Seur entrega los paquetes cuando les viene en gana",AmazonHelp
247123,2017-10-05 15:44:36,174707,@AppleSupport Check your DMs pls.,AppleSupport
231474,2017-10-05 15:46:40,169576,@115850 What us 2/2 SB?  And why order was cancelled..i need compensation,AmazonHelp
247442,2017-10-05 15:49:36,174795,@AmazonHelp Please share your email ID.,AmazonHelp
255891,2017-10-05 15:52:35,176866,@Uber_Support https://t.co/rRZoGUbq3E,Uber_Support
2048970,2017-10-05 15:53:03,605962,@115858 can we please fix the battery issue with #iOS11.,AppleSupport
206868,2017-10-05 15:56:04,164989,"@AmazonHelp Une chose est sûre, je ne vous ferais pas de la bonne pub pour les prochaines précommandes et réservations.",AmazonHelp
249180,2017-10-05 15:57:51,175201,@AppleSupport I can however update apps but I can't install new ones or download purchases,AppleSupport
247700,2017-10-05 16:00:07,174855,@AmericanAir you guys ruined my day,AmericanAir
247502,2017-10-05 16:00:42,174803,"Preordered 8-9 for delivery tomorrow, get email today, now not coming until 25th Oct, poor show @115830, Currys and John Lewis have stock https://t.co/pulsAIS7tk",AmazonHelp
676817,2017-10-05 16:02:27,281453,@115913 @158861 I still can't get TMobile site to work preordering LG v30. Been trying for almost 4 hours,TMobileHelp
250092,2017-10-05 16:04:32,175422,"@AppleSupport Stocks App graph touch tools out of place on whatever graph (1D,1W...) I access first. It temp auto-fixes if I change dates https://t.co/vy6oNb15cm",AppleSupport
247463,2017-10-05 16:04:37,174796,"@AmazonHelp Bonjour, est-il possible de payer par Paypal sur votre site ? Ou paysafecard ?",AmazonHelp
247717,2017-10-05 16:07:40,174860,. @SouthwestAir Thx. I was delighted to have an all female pilot flight deck crew on my flight today! Love seeing #diversity! #travel,SouthwestAir
245212,2017-10-05 16:09:22,174215,@AmazonHelp Danke für die schnelle Antwort! Haben auch schon eine Lösung für das Problem gefunden :),AmazonHelp
246367,2017-10-05 16:15:19,174522,@AmazonHelp Yes but we pre ordered mariahs merry Christmas to you vinyl and it was delayed for like 2 weeks so im wondering is it in the distribution,AmazonHelp
247639,2017-10-05 16:16:12,174840,"@AppleSupport Other problem that I have is that my welcome page doesn’t function correctly sometimes, the clock disappeares, etc.",AppleSupport
247510,2017-10-05 16:18:34,174804,@AmazonHelp Usps,AmazonHelp
242251,2017-10-05 16:19:15,173541,@Uber_Support Thank you. I look forward to resolution.we have always been satisfied with Uber. This seems an isolated case but must be dealt with,Uber_Support
248659,2017-10-05 16:24:19,175072,"@AmazonHelp I ordered an item on Prime Tuesday and it was due for delivery today, now I have an email advising a delay. Can you tell me why?",AmazonHelp
679945,2017-10-05 16:25:53,282230,this update really taking all my juice 😒😒😒😒😒😒 @115858,AppleSupport
2050639,2017-10-05 16:27:00,116136,@606422 We'd love to have you join the Comcast family! Have you DM'd @comcastcares your address to confirm serviceability? -Cece,comcastcares
249077,2017-10-05 16:27:58,171193,@115850 unable to load Amazon pay balance through bank of Maharashtra debit card,AmazonHelp
248764,2017-10-05 16:28:25,175101,@Delta any word on Tropical Storm Nate's affect on those flying into Nicaragua?,Delta
250044,2017-10-05 16:31:08,175409,@115850 I ordered SanDisk 32GB on 4th October 2017 Order No (407-3595273-8505936) they delayed my ordered No Home visit and order delayed.,AmazonHelp
253154,2017-10-05 16:32:13,176179,"@Uber_Support This is terrible, I use this app to go to work, now I'm getting there late because you randomly decided to ban me.",Uber_Support
2052862,2017-10-05 16:34:40,179976,@115913 The Wide Angle Camera to take photos of all the sad and jealous Verizon customers!!! HaHA!! #TMOLGV30 https://t.co/tQ5Lj3K9qE,TMobileHelp
677557,2017-10-05 16:35:41,281624,@AppleSupport Thank you!,AppleSupport
250022,2017-10-05 16:36:21,175406,@115850 My order was delivered somewhere else. Help?,AmazonHelp
248643,2017-10-05 16:41:03,175070,@AmazonHelp le livreur mais personne de @120535 n’a eu envie d’aider. 2/2,AmazonHelp
680549,2017-10-05 16:42:48,282384,"IOS is nothing but problems. Thanks @AppleSupport my music used to work fine, my phone wouldn’t freeze. Smh. Always killing me.",AppleSupport
249151,2017-10-05 16:45:01,175192,"@AmazonHelp I ordered it a few days ago, Sunday I think it was and for the PS4.",AmazonHelp
229966,2017-10-05 16:48:22,170799,@AmazonHelp 🙏🙏 okie let's hope for the best 🙏🙏,AmazonHelp
243376,2017-10-05 16:50:44,173800,@SpotifyCares This is UX fail IMO. It should have a simple ‘clear’ option with a playlist. I don’t want to select 50 songs in my bigger playlist.,SpotifyCares
2050203,2017-10-05 16:50:51,606288,@115858 iPhone8. Not worked since received. Apple can’t help online. Advised go in store. Store too busy. Told try Sunday. Disgusting Service,AppleSupport
246425,2017-10-05 16:52:19,159034,@115850 Yes amazon cheated me not delivered my product thrice,AmazonHelp
248314,2017-10-05 16:53:36,175270,@SouthwestAir Best airline in the sky --- says this old EASTERN Flight Attendant,SouthwestAir
250178,2017-10-05 16:54:51,175451,"@AmericanAir Also, why can I get first flight boarding pass on the app but not the connecting flight",AmericanAir
248598,2017-10-05 16:55:48,175064,"@AmazonHelp I just placed a call, got through and just got cut off.  You guys are really testing my loyalty.",AmazonHelp
253468,2017-10-05 16:57:47,176252,"@AppleSupport hi, ever since i installed the new software and my phone is so slow and laggy. Please advise",AppleSupport
255889,2017-10-05 16:59:00,176866,@Uber_Support Thank you.  We are worried her account is comprised,Uber_Support
248629,2017-10-05 17:01:20,175068,@AmazonHelp I'm sure I'll just get an email saying they tried to call but couldn't reach me etc etc ... 👎🏻,AmazonHelp
250119,2017-10-05 17:03:47,175430,@115913 who do i need to talk to to get my plan fixed im having no luck with CS after 6 phone calls and countless hours! Frustrated😡,TMobileHelp
253474,2017-10-05 17:04:34,176254,"@AppleSupport everytime i delete an email on the mail app, it re-appears (as new) after i reopen mail.",AppleSupport
250651,2017-10-05 17:08:12,171391,"@AmazonHelp So bad service provided by amazon , i ordered a product yet not recd but when check delvery status its showing derlivered.. https://t.co/wCfYq9CvoM",AmazonHelp
250818,2017-10-05 17:10:31,172289,Excellent @Delta service on board from the ATL-based crew this morning. Always feels like a little hometown pride coming through.,Delta
1744699,2017-10-05 17:11:22,526115,- Do @115858 reverse updates because frankly I’ve had just about enough of this shit. Please &amp; thanks,AppleSupport
248695,2017-10-05 17:13:59,175067,@AmazonHelp Im updated all detils,AmazonHelp
252814,2017-10-05 17:17:33,176081,"@115850  i despondent whn ur srvce can't reach at manipur, whch is also integral part of india,pls do needfl🙏",AmazonHelp
2048959,2017-10-05 17:18:50,605957,@AppleSupport I did.,AppleSupport
250629,2017-10-05 17:22:39,175571,@AmazonHelp Was using Safari. It works now.,AmazonHelp
683071,2017-10-05 17:25:41,283013,@AppleSupport @115858 And the draining of the battery still hasn't been fixed that was an issue with the first update sent out.,AppleSupport
252957,2017-10-05 17:26:42,176109,@AmericanAir Yep. And how about the $42 I spent to reserve a seat I already paid for?,AmericanAir
2050262,2017-10-05 17:27:44,606305,@Uber_Support being told it's my bänks fault,Uber_Support
250640,2017-10-05 17:28:17,174945,@AmazonHelp I would send feedback through the app but it's impossible as I can't get out of the Calling sign-up screen to do it.,AmazonHelp
254686,2017-10-05 17:31:44,176534,@AppleSupport Updated to latest IOS and my phone battery is dying. Turned off location/background refresh. Refuses charge with Apple charger,AppleSupport
253372,2017-10-05 17:35:26,176234,@115850  is this true ???? https://t.co/nrDZOTGqAd,AmazonHelp
226186,2017-10-05 17:39:00,169999,@SpotifyCares There’s no reason for my downloads to be removed! And sometimes it happens to some artists I think you should fix the app,SpotifyCares
249096,2017-10-05 17:40:54,175183,@AmazonHelp Do you have a link to the UK branch of Amazon as I live in England,AmazonHelp
2050308,2017-10-05 17:41:04,606320,1/2 @Delta u no u need 2 de ice and u no it will delay 45 min. let the passengers no so we still have options!,Delta
2050360,2017-10-05 17:41:51,606339,@AppleSupport been trying to recover my account since May. Get the text code then email saying the date of next text. Never Comes!,AppleSupport
2048860,2017-10-05 17:44:21,268213,@287604 @605931 @TMobileHelp @115913 @116602 Well there ya go. Can’t expect something for nothing.,TMobileHelp
253395,2017-10-05 17:47:40,176239,"@AmazonHelp ""Lasership"".",AmazonHelp
254318,2017-10-05 17:50:28,176446,I’m trying to sign up for @115873 and it won’t let me go past the home page. Help!,Uber_Support
683673,2017-10-05 17:51:31,283169,@AppleSupport I have noticed a huge dip in my battery life since the new update. Any known issues on this?,AppleSupport
249135,2017-10-05 17:52:46,175190,"@AmazonHelp Efectivamente, por eso digo que parece que no lo habéis tenido en cuenta. https://t.co/Jw7HAe9h7t",AmazonHelp
254252,2017-10-05 17:58:05,283629,@116136 I paid for high speed I never received and now Comcast has sent me a notice to pay more if I want the speed I initially purchased,comcastcares
253371,2017-10-05 17:58:37,176234,@AmazonHelp ThankYou for your quick response 👍,AmazonHelp
254221,2017-10-05 18:01:37,176423,"So annoyed! When airlines keep delaying, giving a time, another, then another! Bad customer service @AmericanAir AA5305! Could have driven!",AmericanAir
255161,2017-10-05 18:01:56,176662,"@Delta can i remove a ""submit bid"" from my checked in flight? I am not sure there is as much flexibility around my plans as I anticipated.",Delta
232846,2017-10-05 18:02:56,171428,@AmazonHelp What difrnt u will do this time.Provided details numerous times. Last 15+ agents took the details n kept it with themselves #RallyForRivers,AmazonHelp
255557,2017-10-05 18:03:23,176775,@115858 the new update is trash my phone been messing up ever since !,AppleSupport
250675,2017-10-05 18:07:40,175578,@AmazonHelp Sollte mich doch melden wenn die Lieferung heute nicht mehr kommt https://t.co/t8vNBU0wVY,AmazonHelp
2050556,2017-10-05 18:10:15,606401,"@AppleSupport 1. I had upgraded to High Sierra a week back, my MacBook pro started shutting down randomly since the day before",AppleSupport
255070,2017-10-05 18:10:56,176527,@AmazonHelp @115850 Please reply soon. Deal is getting over soon. Ping.,AmazonHelp
255817,2017-10-05 18:13:35,176847,@AppleSupport @115858 laptop not working from 3rd week &amp; don't want to replace it! #apple I've heard that u have the best customer experience,AppleSupport
255526,2017-10-05 18:16:26,176765,@AmazonHelp After reading T&amp;C have twisted. Can u give the cause of link. Thanks,AmazonHelp
254785,2017-10-05 18:18:03,159678,"@SouthwestAir The past Prez made it to Charlotte. He’s now looking for his gate to ATL, and rum.",SouthwestAir
683705,2017-10-05 18:19:46,283179,"@TMobileHelp Kendra is awesome, she's the best... Thank you so much.",TMobileHelp
259068,2017-10-05 18:20:32,177603,@13331 les madé un tweet y nunca respondieron 😡😡 acabo de hacer un pedido y no se aplicó el código. Pésimo servicio. Qué debo hacer?,Uber_Support
249876,2017-10-05 18:21:57,159034,@AmazonHelp I had sent all the screen shot I know u will not do anything but only people must know how they are being cheated,AmazonHelp
255809,2017-10-05 18:22:19,176844,@AppleSupport how do I unsubscribe from Apple Music?? Dont wanna continue after 3 months but it keeps charging me,AppleSupport
254030,2017-10-05 18:26:39,176383,"@AmazonHelp Already filled in a form last night &amp; not heard a bean.  Disgusted with Amazon at this time, longstanding customer &amp; treated like this",AmazonHelp
684677,2017-10-05 18:29:10,283423,@125633 hey! Can you give me the capability to turn a regular playlist into an Artist playlist? Thanks!,SpotifyCares
256766,2017-10-05 18:29:28,177060,@115858 fix your shit. I can’t listen to music via Bluetooth in my car and my Siri isn’t working.,AppleSupport
255025,2017-10-05 18:30:45,176629,arrogant @115821 does not accept my review for a dodgy salesman who promised and did not deliver on time which was the main reason of order https://t.co/q64jy6LgGT,AmazonHelp
256113,2017-10-05 18:35:02,176927,"@Delta @13180 gates c12 and 13 are a mess!  Boarding mix ups, no explanation for delays.  Please help!  #customerservice",Delta
245231,2017-10-05 18:35:19,174218,@AppleSupport What is the use of control centre 🙄😒😒😒😒😒😒😒😒😒,AppleSupport
254601,2017-10-05 18:36:44,176515,@AmazonHelp All supporting documents i already sent to you even shared that courier guy number who bring my product. after all these where is result???,AmazonHelp
255661,2017-10-05 18:41:25,176802,"Wow, what a send off @AmericanAir!! @176804 @13185 @176806  #playoffbound #thatscub #FlyTheW https://t.co/v1KMAKg6iH",AmericanAir
252892,2017-10-05 18:41:38,176097,@AppleSupport iOS 11.0.2. I have a 5s.,AppleSupport
250680,2017-10-05 18:43:47,175578,@AmazonHelp Alles klar. Ich werde morgen anrufen. Um 4.30Uhr ist die Nacht rum,AmazonHelp
255731,2017-10-05 18:47:14,176825,"@115825 wann kommt eigentlich die 3. Staffel #AshvsEvilDead bei euch ?
Meine mich an Oktober 2017 (also jetzt) erinnern zu können 🤔❔",AmazonHelp
2050982,2017-10-05 18:49:59,165736,@AppleSupport Everything is fine in contacts app. Numbers are all still there. Just seems like “recents” is blowing out the info I actually want to see.,AppleSupport
242286,2017-10-05 18:50:42,173554,@Uber_Support please do it till tomorrow morning its very urgent i have putted a lot of time and effort to obtain TVA for my firm in order to work withyou,Uber_Support
255492,2017-10-05 18:51:24,176755,"@116439   Hi, Any idea why Game Pass Europe not working on my Fire TV ..?  Loads ok , but wont play .",AmazonHelp
257747,2017-10-05 18:56:09,177314,"@AppleSupport Yes! When I go to set the tone, I click on it and it plays fine. But it doesn’t sound when the alarm actually does.",AppleSupport
255747,2017-10-05 18:58:24,176829,"Damnit @115821, you got me again. I really going to cancel #prime this time. https://t.co/WFUVyblhaa",AmazonHelp
255607,2017-10-05 19:00:30,176791,@TMobileHelp will do!,TMobileHelp
255742,2017-10-05 19:04:46,176828,"@AmazonHelp Listo, gracias. https://t.co/AEFGdAZPE1",AmazonHelp
2051135,2017-10-05 19:04:52,606576,"@AppleSupport The new IOS update completely ruined the accessibility features, making my phone impossible to use as a blind guy. Thanks.",AppleSupport
256784,2017-10-05 19:08:45,177065,@173808 @Delta Meanwhile I've been delayed in Heathrow for 5 hours 😂😂😂,Delta
258954,2017-10-05 19:10:26,177565,"@115888 
Please explain why I've been billed twice",SpotifyCares
2051238,2017-10-05 19:10:57,604835,@115858 ever since this update my phone has been bugging apps have been crashing my iTunes music app is messing up!,AppleSupport
255682,2017-10-05 19:11:56,176808,@AmericanAir You just lost a frequent flier. Done. @116450 gets my money now. Sorry for the inconvenience!,AmericanAir
253976,2017-10-05 19:12:58,176371,@AmazonHelp  https://t.co/Qn9hS7uPig,AmazonHelp
2051614,2017-10-05 19:16:41,606728,@115877 your app isn't working an a girl is hungry,Uber_Support
687529,2017-10-05 19:19:38,284215,Wieso vibriert mein iPhone immer dann wenn es grade Lust hat? 🤔 @AppleSupport,AppleSupport
256726,2017-10-05 19:20:36,177049,@AmazonHelp Seems to be “refund only” if I wait and there is a restock within 30 days would I be able to see a “replacement” option?,AmazonHelp
258911,2017-10-05 19:24:46,177557,It would be great if @115858 would fix their software. Every app crashes 3 times before it works. @122986’s Pixel is lookin good right now.,AppleSupport
261473,2017-10-05 19:26:29,178256,"Not sure why @115877 suddenly stopped working in Las Vegas, but neither their site nor app show any restaurants available.",Uber_Support
256710,2017-10-05 19:27:18,177047,@AmazonHelp 11th of last month - I sent another today as well,AmazonHelp
257399,2017-10-05 19:27:50,177221,@SouthwestAir bc u canceled my flight !!!!,SouthwestAir
256775,2017-10-05 19:30:33,177064,"@Delta Like I said, apparently doesn’t pay 2B #GoldMedallion when u get treated like that. Maybe she was having a bad day &amp; took it out on me?",Delta
258201,2017-10-05 19:33:01,177421,@115873 There’s an error in @115873 drivers’ map that prevents them from picking me up at my building. How can I let them know?,Uber_Support
181731,2017-10-05 19:33:23,158701,"@AppleSupport 11.2 and Instagram is mad slow still also safari is acting up a lot. Literally, all of my friends who have downloaded are complaining.",AppleSupport
257231,2017-10-05 19:33:34,177180,@TMobileHelp Ok done that what's next?,TMobileHelp
257363,2017-10-05 19:34:45,177207,@comcastcares Unavailable,comcastcares
230915,2017-10-05 19:35:19,170985,@AmazonHelp Today again I did shared my feedback and still there is no solution provided to me on this serious issue.,AmazonHelp
257342,2017-10-05 19:39:18,177205,"@AmericanAir Done, thank you",AmericanAir
255030,2017-10-05 19:39:46,176629,"@AmazonHelp WOW! So, the dodgy salesmen were yourselves!?
No wonder you did not let me leave a 1-star review about the seller, you! 🤔",AmazonHelp
260043,2017-10-05 19:41:45,177867,went to @115858 store for a new phone. waited 20 min to be told it would take 90 min. can i just buy a phone online &amp; transf my service?,AppleSupport
257710,2017-10-05 19:46:02,177302,@AmazonHelp eligible to return until the 4th Nov on the Completed Orders screen. It wasnt what was advertised and sold directly by Amazon!,AmazonHelp
2051336,2017-10-05 19:46:57,561320,"@606635 @115858 Even if I did, you would not expect that the devive would not respond. I had to do a hard reset in the morning to bring it back to life",AppleSupport
257862,2017-10-05 19:53:56,177347,@TMobileHelp No one replies...,TMobileHelp
257756,2017-10-05 19:55:08,177316,@AppleSupport Very surprised it wouldn't automatically center itself in the screen b/c there is enough room. Tell Jony to take a look.  :-),AppleSupport
257833,2017-10-05 19:55:15,177337,When your @115821 prime takes almost a week instead of 2 days :(((,AmazonHelp
260104,2017-10-05 19:58:38,172619,@Uber_Support check dm now!,Uber_Support
258086,2017-10-05 20:02:00,176809,"@AmericanAir She is on the plane now, but only after a five hour wait, on the end of a 30 hour journey.",AmericanAir
257898,2017-10-05 20:03:10,177357,@177358 @Delta Very disappointed with @Delta! It's the first airline to refuse in my 6 visits to Pringle. Will take as much as we can! Thanks Stephen 😀🇯🇲,Delta
257692,2017-10-05 20:04:54,177297,@AmazonHelp But it hasn't arrived that's the problem!!,AmazonHelp
688912,2017-10-05 20:06:45,284600,"@AppleSupport hope you will remove the lag from the last update ! 
We can’t even write a text without lagging #appleupdatelag",AppleSupport
258868,2017-10-05 20:10:16,177544,@115821 needs to have a lock on 1-click buying. Just pocket ordered 🙄🙄🙄,AmazonHelp
260878,2017-10-05 20:10:35,178110,@115888 what’s wrong with your app.. songs keep crashing and skipping #spotify,SpotifyCares
260986,2017-10-05 20:12:21,178133,"@ComcastCares: #mobile_Care
Just paid my bill yesterday and all of a sudden I got smacked with this bill again, why? And why is it soo high?",comcastcares
260554,2017-10-05 20:15:22,178014,@Uber_Support my friend's account has been hacked and she's unable to reset her password. What is the best process,Uber_Support
259508,2017-10-05 20:18:39,177714,Well said @143228. It took @Delta  a long time to earn my loyalty. Wall St wont like Ed Bastian so much when he loses our loyalty https://t.co/qQuyp13X9i,Delta
680538,2017-10-05 20:19:40,282382,@AppleSupport 11.0.1 I believe.  Will 11.0.2 fix this issue,AppleSupport
258860,2017-10-05 20:20:45,171656,@AmazonHelp I have filled out that form twice.  Please read attached image.  Do you have the ability to actually check the history? @115851 https://t.co/7orYVERKux,AmazonHelp
688559,2017-10-05 20:21:00,284501,@SouthwestAir please don’t change the Indy to Reagan flight! I am constantly using that route!,SouthwestAir
259556,2017-10-05 20:23:00,177729,"@AmericanAir I know things happen, but dang, an almost four hour delay on AA2334 ORD&gt;DFW.  You guys always ruin plans that I have after.",AmericanAir
248244,2017-10-05 20:26:41,606574,@115913 @115911 Are you going to offer this to business accounts?,TMobileHelp
690739,2017-10-05 20:27:49,285039,@115858 @AppleSupport I wish the phone would return to the keyboard mode after I am done with dictation.,AppleSupport
231778,2017-10-05 20:29:46,177687,@115850 Yar dhanga ka CASHBACk toe h ni ....Upar se bolte h dec me CASHBACk aayega,AmazonHelp
259632,2017-10-05 20:30:51,172619,@Uber_Support You aren't following up with my complaint over dms!,Uber_Support
261327,2017-10-05 20:35:08,178222,@AppleSupport my iPad will not connect to iTunes to download film. Any suggestions? https://t.co/XUzhcmj4lI,AppleSupport
258707,2017-10-05 20:37:11,173693,"@AmazonHelp Let’s see: Tony from logistics admitted the package went to wrong house via gps. Sruthi guaranteed delivery before noon today. Carrie, Lisa,",AmazonHelp
260074,2017-10-05 20:41:29,177875,Praying I get this job with @Delta 🤞🏾🤞🏾🤞🏾,Delta
259359,2017-10-05 20:43:14,177676,"@AmazonHelp It’s supposedly at USPS but it’s been sitting there and out for “transit” everyday since Monday, but hasn’t arrived!☹️",AmazonHelp
261311,2017-10-05 20:44:06,178217,@115858 why is my brand new iphone 8 fucked up because of IOS11,AppleSupport
251576,2017-10-05 20:48:34,175813,@Uber_Support  https://t.co/y6GM7RbxmS,Uber_Support
260361,2017-10-05 20:49:27,177955,@115830 (Amazon shipping) just delivered a parcel to my house at 9.15pm! That's super antisocial- lucky he didn't wake the kids!,AmazonHelp
693687,2017-10-05 20:50:26,285394,@115858 since #iOS11 my #iphone is a #brick. Very disappointed #rottenapple @13418 @13419 @13420 @13421,AppleSupport
233142,2017-10-05 20:54:07,171495,@AmazonHelp I don’t know what that means?,AmazonHelp
693682,2017-10-05 20:58:37,285392,Just downloaded an audio book on @115858 paid for it and now it flashes a notification saying not available in my location.  Oi refund now !,AppleSupport
255642,2017-10-05 20:59:32,176800,@AmericanAir 👍🏼👍🏼,AmericanAir
2051490,2017-10-05 21:01:22,606684,@116136 wanna explain why I was charged for mayweather fight I couldn't watch cause your service sucks and was told I wouldn't be charged?,comcastcares
260476,2017-10-05 21:04:04,177984,"@Delta if one bulb can ground a plane, wouldn't it be logical the mechanics would be trained to fix THAT one at all times?",Delta
259910,2017-10-05 21:05:01,177833,@AmazonHelp Danke. Hab nen neues Passwort genommen. Jetzt gehts. Danke für die schnelle Hilfe. 👌🏼👌🏼👌🏼,AmazonHelp
262217,2017-10-05 21:06:06,178457,These fucking iOS updates are fucking up my phone! Fuck you @115858,AppleSupport
261453,2017-10-05 21:06:12,178250,@Uber_Support hello! How can I change my telephone number please ? Thanks :),Uber_Support
260939,2017-10-05 21:10:49,178125,"@115911 Called again and new agent told me the sim card fee is $3.99. After 3 calls, havent been able to activate new line. You want to do business?",TMobileHelp
260384,2017-10-05 21:13:10,177960,"@AmazonHelp Moreover, I am a prime member !! From efficient and best, you have become funny !!",AmazonHelp
2051792,2017-10-05 21:16:42,606787,@AppleSupport And I am switching to Android soon.,AppleSupport
260798,2017-10-05 21:20:26,74273,"@AmazonHelp You've given it up until Wed 11th to be delivered, which is a bit extreme considering it was theoretically out for delivery this morning",AmazonHelp
1223962,2017-10-05 21:23:40,407130,"@115877 is literally the worst app ever, they charged my card for my order but no order was placed, wtf man i’m hungry :(",Uber_Support
262961,2017-10-05 21:24:27,178655,"@AppleSupport Dropbox could not import new OS 11 pics directly either, but uploading through Dropbox app worked. I guess there’s a very very new codec.",AppleSupport
261273,2017-10-05 21:28:33,178209,preordered a book on @115821 and I have prime. Should have arrived today and nothing has! Very disappointed! Wasting my money @AmazonHelp,AmazonHelp
235039,2017-10-05 21:29:00,171976,@AppleSupport Still nothing https://t.co/4G5NM6M2ZE,AppleSupport
261360,2017-10-05 21:30:27,178232,So over @Delta and LAX...missed my flight by 3 mins bc I had to wait for a bus to switch terminals...rebooked and now my plane is broke 😫😭,Delta
261879,2017-10-05 21:30:29,178362,"The ""New American Airlines"" uses new duct tape to fix their old planes. #AmericanAirlines #aaexp @AmericanAir #stillflying #oldplanes https://t.co/3jFGnuMiC9",AmericanAir
260933,2017-10-05 21:35:47,178123,@TMobileHelp @115913 Hell Yeah!!!!! https://t.co/YockktWpPa,TMobileHelp
258882,2017-10-05 21:36:37,177548,@AppleSupport Nope,AppleSupport
261236,2017-10-05 21:39:26,178198,@AmazonHelp I'm not sure. My password was working earlier today but now it's not. I was trying to check the my order status but can't login,AmazonHelp
262283,2017-10-05 21:39:45,178476,daily tweet saying how annoyed i am that Pabllo Vittar's music is not on spotify UK. sort it out @13399 @SpotifyCares @116130,SpotifyCares
2052816,2017-10-05 21:42:53,607098,"@115877 I’m still having trouble ordering from your site across all my devices, any idea whats going wrong?",Uber_Support
261481,2017-10-05 21:44:54,178259,@SouthwestAir 😂😂😂😂,SouthwestAir
261692,2017-10-05 21:47:28,178318,"@AmazonHelp Upon checking on website I found out, support window for that product is closed",AmazonHelp
258891,2017-10-05 21:49:36,177551,@AppleSupport Why could the check not have been performed online? Could have saved a long journey and disappointment.,AppleSupport
263642,2017-10-05 21:51:22,178838,@115900 Now I have to watch the game like this https://t.co/g5fIWvfFSx,comcastcares
2051788,2017-10-05 21:52:41,178350,"@TMobileHelp Another month, another error. I’m getting fed up with having to waste my time reaching out to you.",TMobileHelp
694861,2017-10-05 21:55:16,285716,"@AmericanAir hey, I've been trying to cancel a flight within the 24 hour deadline the last 1/2 hour. Can't do it online and your phone ppl said I'd get a call within 11-15. That was 20 minutes ago. Help please!",AmericanAir
262263,2017-10-05 21:55:40,178471,@13409 Boarding by zone actually worked. Got to say @Delta staff controlled things at the gate like bosses.,Delta
261704,2017-10-05 21:57:44,164816,@AmazonHelp wondering simple things. Can I access YouTube (kid videos) and download any app like from fisher price? Or only download specific ones? p2/2,AmazonHelp
265030,2017-10-05 21:57:48,179138,"@115858 @AppleSupport @ATT Again, REPS FROM BOTH COMPANIES ARE ARGUING ON THE PHONE.",AppleSupport
262528,2017-10-05 22:06:33,178540,"@AmazonHelp Absolutely nothing, which was shocking bc I'm a longtime faithful customer bc of Amazons amazing customer service!",AmazonHelp
266203,2017-10-05 22:08:57,179411,@Uber_Support I have taken 20 plus pictures of my registration for my vehicle. But it keeps saying missing when expiration date says 7/3/18,Uber_Support
697043,2017-10-05 22:10:56,286325,@115858 black screen with only mouse cursor after installing #macOS #HighSierra supplemental update..! #fail,AppleSupport
262131,2017-10-05 22:16:00,151670,@AmazonHelp Of course. Your customer support is worthless.  Paying for PRIME is like flushing my money down the toilet these days.  I'm canceling.,AmazonHelp
2052377,2017-10-05 22:17:32,606964,The new @AppleSupport iOS is trash... I’ve never had such ugly and stupid problems with an iPhone before,AppleSupport
2052557,2017-10-05 22:22:56,607022,@AmericanAir I have sat on a plane that landed for 40 minutes and missed am entire connection to Paris. This is ridiculous.,AmericanAir
253445,2017-10-05 22:23:30,176245,@150148 @AppleSupport @159983 Or fix the design flaw. Bose did.,AppleSupport
262999,2017-10-05 22:27:10,148394,@TMobileHelp I am helping her pay the bill. We will be near a T-mobile store tomorrow so paying in store will be convenient.,TMobileHelp
266064,2017-10-05 22:28:29,117309,@115858 iOS 11 is by far the worst I’ve never expierence issues updating software till now I loved my 7 plus on iOS 10,AppleSupport
262980,2017-10-05 22:29:52,178663,@Delta experience. It took 10 hrs for a suprvsr to finally show up. Its now been 11 hrs! Throughout the day the flt kept being pushed back..,Delta
262945,2017-10-05 22:30:41,178650,@115821 why am I not getting my items on time lately and why is your customer service so bad? #imaprimemember,AmazonHelp
694211,2017-10-05 22:32:06,285540,@AppleSupport Thanks!,AppleSupport
266191,2017-10-05 22:40:08,163510,@Uber_Support what's best email to contact support?,Uber_Support
266519,2017-10-05 22:40:17,179496,@AppleSupport PLEASE fix 11.0.2!! Did your company test this update before you released it? My battery is dying every 2 hrs! 😡😡😡 https://t.co/1cna5Y50yA,AppleSupport
2052046,2017-10-05 22:44:41,606867,@SpotifyCares I hope someday we can hear them,SpotifyCares
263571,2017-10-05 22:48:57,178816,Had to drive 10 miles to the next town to get service. @115911 = shit 💩,TMobileHelp
263611,2017-10-05 22:50:55,178828,@AmericanAir It was confirmed that agents closed the flight 20 minutes early without authorization. I’m VERY loyal to you guys. Is that how I’m rewarded?,AmericanAir
263737,2017-10-05 22:51:04,178871,"@SouthwestAir ""You are in an 'Exit Row'. If you just don't give a function, please move."" #Flight5450 #swairjokes",SouthwestAir
266917,2017-10-05 22:52:21,179612,"@115858 

@116333 

🔴  Urgent

iPhone 6  Plus

Collapse the Notes app on the new update 

IOS 11.0.2",AppleSupport
261914,2017-10-05 22:56:37,178374,"@Uber_Support Uber: I received a reply. The question is: how does a $3.5 Pool turn into $26? It happened to me TWICE this month, I'd like an explanation. https://t.co/UVNdkDKx3F",Uber_Support
264959,2017-10-05 22:57:13,179123,"@115850 please make sure its delivered without damage this time, I had to self ship from my address. Packing was very bad first time.",AmazonHelp
266904,2017-10-05 23:03:03,179607,My iPhone battery been dying fast ever since I’ve updated it to iOS 11 @115858,AppleSupport
265052,2017-10-05 23:07:37,179143,@Delta  Can't believe we had to make an account just to let people know delta is refusing refunds for flights made in Puerto Rico.,Delta
265959,2017-10-05 23:10:26,179366,@AmazonHelp never mind i goy it today. the admins in my complex has iy,AmazonHelp
271364,2017-10-05 23:13:09,180751,@115877 anyone home? Order never arrived and no one seems to want to respond to my request for help. #WhatCustomerService #1star #UberEats,Uber_Support
2052713,2017-10-05 23:13:19,607069,"@ComcastCares
#mobile_CareXV
My Service sucks!!! Haven't had Setvice since Hurricane Irma 27 days WTH??????",comcastcares
697632,2017-10-05 23:14:11,286442,"@SpotifyCares I use a Samsung Galaxy. No matter what song I play, they all skip multiple times.",SpotifyCares
2052651,2017-10-05 23:18:49,607051,@115858 Might have the worst customer service I have ever experienced.,AppleSupport
266107,2017-10-05 23:21:46,179391,"I expect nothing less than @Delta to ruin my travel plans every time we fly. Supposed to take off at 5:45pm, still sitting on board @ 7:20pm",Delta
263016,2017-10-05 23:21:55,178676,@AmericanAir Try having people who care as representatives of the airlines. Then maybe make sure they are schooled in consumer service,AmericanAir
266044,2017-10-05 23:23:54,179378,"@AmazonHelp I've got to prep for our Linux conference tomorrow. I tried calling UPS again, no help. I've gotta prep for setting up our booth",AmazonHelp
234626,2017-10-05 23:28:55,171867,@AppleSupport Yes I updated and nothing changed,AppleSupport
265138,2017-10-05 23:38:51,179176,@115948 @AppleSupport @118721 https://t.co/8G5mRNlKoJ,AppleSupport
266468,2017-10-05 23:41:32,126276,@AmazonHelp Yes,AmazonHelp
268391,2017-10-05 23:44:31,179979,@115913 So do existing T-Mobile one costumers get the Google Pixel discount?,TMobileHelp
700672,2017-10-05 23:45:05,287229,"@AmericanAir The bags came out on 7, even though all signs said 6. 😞",AmericanAir
698302,2017-10-05 23:46:23,286581,@Delta Have a ticket for NOLA this weekend. Tropical Storm Nate on its way. Should I cancel? Can I cancel w/o fee?,Delta
266887,2017-10-05 23:49:07,179601,@AmazonHelp I have not and the order was placed on September 29th. I feel that it is taking a lot of time to process the deliver date?,AmazonHelp
270653,2017-10-05 23:50:26,180549,iphone 6 exploded! Hard to get my phone replaced. @115858 @AppleSupport https://t.co/OvKxHAl9aD,AppleSupport
267474,2017-10-06 00:00:29,179771,"None of your commercial fiction shenanigans on this flight. Literature Only. Well, all right then. @SouthwestAir https://t.co/WxXaa0rG0c",SouthwestAir
265146,2017-10-06 00:02:45,179177,@AppleSupport so Siri doesn’t work anymore..and before you say to turn it off and back on and to restart my phone...I did already,AppleSupport
699713,2017-10-06 00:03:40,286926,@116136 what's wrong with @7147 sound????,comcastcares
267301,2017-10-06 00:03:59,179714,@115821 how does this make sense https://t.co/CZeGzJKJUe,AmazonHelp
269565,2017-10-06 00:04:30,180293,Thx @AmericanAir for being more then 2 hours late yet not offering a single cup of coffee! Been at the airport with a kid since 4:30 😠,AmericanAir
2052839,2017-10-06 00:05:11,255190,"Hi @SpotifyCares, why is AJ Tracey's new EP Secure the Bag not on Spotify when it was released at midnight and made available elsewhere?",SpotifyCares
6815,2017-10-06 00:13:41,180184,@AppleSupport How do I turn this off?? And the dodgy keyboard?.. it’s god awful! https://t.co/HgfX7w3xXE,AppleSupport
2052901,2017-10-06 00:15:35,607123,@Uber_Support previously had issue of someone sending me uber confirmation #s now I got a pw reset...,Uber_Support
267836,2017-10-06 00:16:00,179864,Ugh. Feeling so disappointed with @115911. Why'd y'all lie to me saying that my phone was arriving today 😩,TMobileHelp
267743,2017-10-06 00:20:26,179837,@AmazonHelp I have no idea.  They are both HD but I don't know what model.  How can I tell which model it is?,AmazonHelp
699639,2017-10-06 00:20:30,286912,Shoutouts to @delta for the #DeltaComfort section &amp; for the AMAZING service to &amp; from L.A. (from… https://t.co/PpLj9eaNWc,Delta
2052971,2017-10-06 00:23:39,201779,@13646 @AppleSupport is anyone else have their phone just auto turn off with 80%+ charge after installing latest update?,AppleSupport
267843,2017-10-06 00:29:47,179867,"@AmericanAir You are charging me $200 per ticket, telling me to file a claim, and submit documentation! That refund tab doesn’t give you that option",AmericanAir
268714,2017-10-06 00:30:23,180065,"@115821 you own like a third of the internet, how are you sucking so bad at #TNFonPrimeVideo ?m?",AmazonHelp
2053002,2017-10-06 00:32:54,180815,@115858 @AppleSupport I tried to update my phone but it won't even start back up.. it was fine before this... why. https://t.co/5MN7Z65PVc,AppleSupport
269846,2017-10-06 00:33:37,180360,Amazonさんいつのまにかプライム会員になっていたので最強になっていた。,AmazonHelp
234032,2017-10-06 00:37:52,171722,@Uber_Support I’m not sure I understand. You went down from 6 to 2 choose your destinations but how far can I do those 2?,Uber_Support
270331,2017-10-06 00:40:57,180454,Hey @115858 how about an update that addresses my AWFUL battery life. FFS. https://t.co/2RtllP4k6O,AppleSupport
269143,2017-10-06 00:42:11,180174,"昨夜注文したのに未だ支払いメールが来ない(≡ε≡；)
Amazon忙しいのかな？",AmazonHelp
277700,2017-10-06 00:44:53,182331,@comcastcares what is this https://t.co/oubqN77wLb,comcastcares
701739,2017-10-06 00:45:57,287543,Super bummed https://t.co/bdRVKDZCeI,TMobileHelp
248688,2017-10-06 00:49:34,175078,@175079 @AmazonHelp Stfu you mentally abused retard,AmazonHelp
268221,2017-10-06 00:51:09,179957,@AppleSupport I thought we were going to talk this through,AppleSupport
269196,2017-10-06 00:53:32,180192,"@SpotifyCares P.S. This only started happening today. Yesterday, when I used spotify, I didn't have this problem.",SpotifyCares
269184,2017-10-06 00:56:11,180187,"@Delta John, great flight attendant on 2339 in first class. Funny, fast, great service. Feedback form clunky/cumbersome, hence the tweet.",Delta
269602,2017-10-06 00:59:27,135854,@135855 @Uber_Support Over 30 minutes late! Try being a passenger to see how bad your app is!,Uber_Support
265997,2017-10-06 01:00:15,179371,"@AmazonHelp It was not closed,I was standing in front of supervisor,said Amazon strictly tells @118706 to leave packages outside if no one is there",AmazonHelp
270945,2017-10-06 01:05:19,180634,@AppleSupport any reason why a lot has of my favorite wallpapers are missing after upgrading to iOS 11?,AppleSupport
269274,2017-10-06 01:08:06,180214,Thank you so much to Donna and Sam at @125872 @SouthwestAir - they made sure we would make my sister's wedding in time tonight ❤️❤️❤️,SouthwestAir
269112,2017-10-06 01:09:07,180167,@AmazonHelp わかりました、お手数おかけして申し訳ございません,AmazonHelp
702611,2017-10-06 01:11:09,287796,"@TMobileHelp Local CVS can't find my free prints, tho I have order confirmation/number. What gives?",TMobileHelp
267767,2017-10-06 01:18:43,179845,@AppleSupport @179844 I am having same issue since the update. Have not yet installed 11.0.2 yet however. Should I?,AppleSupport
269475,2017-10-06 01:19:26,180268,"No sé, te amo @116618. https://t.co/GKr8XkMFF1",AmazonHelp
269919,2017-10-06 01:24:33,180380,"@Delta you cant just board at the time of departure and be like ""whatevs""",Delta
253008,2017-10-06 01:26:51,176128,@comcastcares Kys,comcastcares
270411,2017-10-06 01:28:10,180475,"My @115873 driver is driving like the cab driver in ""Ghost Dad"" so someone tell my mother I love her if we go flying into the river.",Uber_Support
269803,2017-10-06 01:28:46,180352,"@AmazonHelp Still expecting a reply or mail.. already been more than a week now 🙄
Are u guys gonna help me or no?",AmazonHelp
268225,2017-10-06 01:33:12,179958,@AppleSupport We’re back! Looks like it was trying to encrypt the disk while trying to install and things weren’t getting along. Thanks for you attention.,AppleSupport
269839,2017-10-06 01:39:39,180359,@AmazonHelp send him an invite.,AmazonHelp
269959,2017-10-06 01:42:05,180390,"@AmericanAir aircraft out of service in Pensacola, I am standby so I've been bumped off every flight today by higher standby",AmericanAir
208184,2017-10-06 01:44:27,165247,"@AppleSupport I tried to connect it with an android phone, my car stereo worked perfectly.",AppleSupport
265174,2017-10-06 01:44:48,179187,"@Delta #DeltaFlyAway, your pumpkin soup in the #skylounge is amazing.",Delta
179242,2017-10-06 01:48:15,180441,"@128308 @12379 If you promote ad whether in Hindi or English ? Why both , we don’t know Hindi, what we think about this ad nothing consider regional too",AmazonHelp
2053154,2017-10-06 01:49:19,607190,Thinking about switching to @115911 because @115714 got me f*cked up,TMobileHelp
270903,2017-10-06 01:57:28,180628,@116618 please tell me how to sign in so my tv knows I have prime. It wants to charge me for all the prime movies that should be free,AmazonHelp
265153,2017-10-06 02:00:17,179179,@Delta Row 1 on the CRJ200 is so terrible. How can you market that as Comfort+ and sleep at night?,Delta
272207,2017-10-06 02:02:38,180966,"@AppleSupport Why should I send a DM? My apps freeze up, my battery drains too fast and when I delete emails and reopen my inbox they have returned",AppleSupport
270279,2017-10-06 02:05:47,180439,@AmazonHelp Yes my most current order.,AmazonHelp
282987,2017-10-06 02:15:14,176439,"😍

👏.@SouthwestAir .@116016   #RapidRewardsCard https://t.co/IP4eMSFTZq",SouthwestAir
271268,2017-10-06 02:15:57,180721,今気づいたがいつのまにかAmazonプライム会員だった。。,AmazonHelp
279291,2017-10-06 02:16:07,182599,"Wow, can’t even watch @9690 on @115900  because it’s so blurry.. wonder who’s to blame 😔 #needtoknowwhatsgoingon",comcastcares
272263,2017-10-06 02:18:03,180973,"@SpotifyCares - I have songs on Spotify by they are listed under different spellings of my name, help me get them into 1 account please!",SpotifyCares
2053558,2017-10-06 02:20:01,594889,@115858 ive had my phone unplugged for 5 minutes and it’s already dropped 10% why do your new ios updates always kill my phone,AppleSupport
271042,2017-10-06 02:20:46,180660,@Uber_Support Done,Uber_Support
271589,2017-10-06 02:22:18,180811,Thanks @116618 for #ThursdayNightFootball buffering all night.  Fix your shit!!!,AmazonHelp
703660,2017-10-06 02:22:30,288111,@TMobileHelp my 4g is still incredibly slow at home. I can tell when I get in range of this tower because my music has to buffer,TMobileHelp
271335,2017-10-06 02:27:08,180743,@AmericanAir what's up with flight 513???,AmericanAir
705789,2017-10-06 02:31:33,288727,"iOS 11 = decepção 
@115858 you fail 🙄",AppleSupport
272191,2017-10-06 02:36:13,180961,Noticed I was charged a few weeks ago for a year of @13823. I did not renew &amp; thought I'd stopped auto-renew on @115821. Not happy,AmazonHelp
272211,2017-10-06 02:37:34,180967,@Delta Im trying to change the reservation to go to my wedding and figure out my wedding dress transport.,Delta
2053720,2017-10-06 02:42:33,183307,@115858 you’re new update makes me wanna smash my phone into pieces. Never had a problem with my iPhone till now. You’re slipping on my list,AppleSupport
271948,2017-10-06 02:47:37,180891,@115850 is a scam. guys dnt buy anythng.Order# 402-3599367-0413123 got empty box now they re not willing to help. see hw dey fool people. https://t.co/xoPmlmxVkq,AmazonHelp
272912,2017-10-06 02:54:02,181174,"@115858 with the new version of i OS 11, my iPhone is not working well at all. Don’t be like Microsoft please, fix it fast !!!!!",AppleSupport
271639,2017-10-06 02:54:19,180823,@AmericanAir Yes but it's not until 10am meaning I will not be in HTX until noon. Do you have any early morning flights left?,AmericanAir
271930,2017-10-06 02:55:51,180889,"Still waiting at the doctors, it’s been 1hr &amp; 5 minutes without my kindle. I’m going through the stages of grief.",AmazonHelp
2053365,2017-10-06 02:58:41,607262,@Uber_Support It wasn't my trip. Talk to @607263,Uber_Support
2053706,2017-10-06 03:04:11,607379,"@115858 @AppleSupport since I installed the new IOS my phone is crashing everyday, stopped working and start getting hot. What is going on??",AppleSupport
271582,2017-10-06 03:09:26,133798,@AmazonHelp The issue is with my Keurig Rivo.,AmazonHelp
246949,2017-10-06 03:14:14,174664,"@AmazonHelp hello....first study the case, these all are old updates...m not asking for order confirmation but i m asking why the product is delayed",AmazonHelp
268211,2017-10-06 03:21:50,179954,"@AmazonHelp ご丁寧にありがとうございます。
来なかった場合はそのようにさせていただきます。",AmazonHelp
715642,2017-10-06 03:25:03,291237,@AppleSupport 11.0.2,AppleSupport
271617,2017-10-06 03:26:15,180819,@Delta I took care of it. Thanks.,Delta
2052349,2017-10-06 03:27:01,533548,@TMobileHelp I get two bars in the Rideshare Assembly lot 1568 Sullivan Rd and the Uber app shows signs of inadequate data speed,TMobileHelp
272447,2017-10-06 03:31:12,181031,"アマゾンで息子さんの帽子買ったんだけどデカかったwww
折らないとかぶれないwww
チャオズみたい… https://t.co/2Q7rWD7lRA",AmazonHelp
271638,2017-10-06 03:32:55,180823,@AmericanAir I just did! Thank you,AmericanAir
2053602,2017-10-06 03:35:44,607342,@SouthwestAir Ok so I don’t have earning activity until my flight is complete? Just buying my tix isn’t activity? Just making sure.,SouthwestAir
705533,2017-10-06 03:37:09,288661,@Uber_Support I already reported it in app.,Uber_Support
270927,2017-10-06 03:39:05,180631,@AmazonHelp It was shipped and sold by Amazon.,AmazonHelp
716126,2017-10-06 03:41:47,291366,Dear @AppleSupport please help me with battery issue with iOS 11 ! 10.3.3 is better version I have ever seen with a good battery back up.,AppleSupport
723634,2017-10-06 03:42:15,293290,"@ComcastCares: #mobile_CareXI
why is it that your internet and my playstation don’t get along",comcastcares
273220,2017-10-06 03:45:58,181252,@115888 @115940 duh the tweet already answered this. thanks @115940 i love you again,SpotifyCares
272870,2017-10-06 03:50:20,181163,"It seems that @115821 thinks the difference between the links ""Your Videos"" and ""Your Video Library"" is somehow intuitive.",AmazonHelp
272758,2017-10-06 03:52:37,181125,@Uber_Support It has been more than 5 hours and my issue still hasn't been resolved. I want a refund for this non-trip and my ride pass ride https://t.co/8b8siSuVuQ,Uber_Support
274223,2017-10-06 04:01:22,181522,"¿Ya les he dicho cuánto adoro @116875?
Servicio de primera y precios imposibles de vencer. Me tendrán como cliente de por vida.",AmazonHelp
716502,2017-10-06 04:02:51,291487,@AppleSupport When playing CoC and I open control center the screen go black and the circling icon shows up and I’m back at the lock screen,AppleSupport
274020,2017-10-06 04:10:23,181478,"@115850 @13918 @137848 sir plz stop rampant loot by corp Amazon since u r incharge.order &amp; no delvry #
405-7909813-0039543",AmazonHelp
2061779,2017-10-06 04:13:22,609756,"@AppleSupport! Hey I can't get a disc out MacBook Pro (2012): keeps trying to run the disc to no avail, making unpleasantries. #AppleSupport",AppleSupport
279051,2017-10-06 04:18:55,182551,@Uber_Support hye...when i can take my delivery bag for uber eats..cause i don't know how to contact uber,Uber_Support
250660,2017-10-06 04:20:21,171391,"@AmazonHelp Flipkart they r better resolving query as compare to amazone ...
They calling customer and discuss matter",AmazonHelp
326421,2017-10-06 04:26:58,193766,"@193767 @AppleSupport @116333 @119462 @123857 I’ve tried to discuss with AppleCare representatives but they claim they are “unaware of any issues.”  @AppleSupport, please fix bat. drain.",AppleSupport
274039,2017-10-06 04:32:08,181481,@115850 Is it possible to make payments of over 100K INR using different accounts.,AmazonHelp
284061,2017-10-06 04:44:44,183651,.@115858 wtf man. My phone used to tell me how many songs I have and now it doesn’t.,AppleSupport
272674,2017-10-06 04:45:45,181097,@AmazonHelp I have already shared the details to you (order ID)  Forward it to your team. I dont want to put much effort on cancelled orders. Look into,AmazonHelp
273625,2017-10-06 04:52:42,181370,Amazonからやっと火花DVD届きました！サイン書かれてるー！神谷伝記は大切に保管します https://t.co/kQ4eQVlD3W,AmazonHelp
2053971,2017-10-06 04:55:22,607465,@116130 do you know when or if #AlmostLikePraying will be available on UK Spotify?,SpotifyCares
707606,2017-10-06 04:55:40,289169,My Uber driver got pulled over while I was in the backseat tonight. A minute ago.,Uber_Support
245222,2017-10-06 04:59:47,174216,@AmazonHelp 2/2 instance then HOW DOES IT BCOME 739 at chkout time. Pls read &amp; try to understand bfore trying to give it a spin.,AmazonHelp
273670,2017-10-06 05:00:31,181385,@AmericanAir Su atención a la contingencia del vuelo que debió salir de Bogota a Dallas es vergonzosa!!! Tres horas en una fila y no nos dan soluciones,AmericanAir
2061981,2017-10-06 05:04:21,609818,@609819 @115858 ITS SO BAD IT DRAINS MY BATTERY AND APPS ARE SO FUCKING ALOW,AppleSupport
2061166,2017-10-06 05:07:22,609595,@115913 hey john. Can you convert my grandfathered plan for data? Thanks.,TMobileHelp
274165,2017-10-06 05:14:59,181506,I can’t remember the last time I actually paid for alcohol during a @SouthwestAir flight. Thank you for always being so generous!,SouthwestAir
250653,2017-10-06 05:16:12,171391,@AmazonHelp but not recd any response so bad service,AmazonHelp
274900,2017-10-06 05:20:45,181674,@115850 @13951 seems to have a tieup during #greatindianfestival ... Can't find the most crtical price graph over time. It's #cheating,AmazonHelp
717152,2017-10-06 05:21:57,291692,@AppleSupport Apple Music is tweaking and telling me that music has been taken down that hasn't been taken down 🙃,AppleSupport
274030,2017-10-06 05:25:55,143761,@AmazonHelp Is this amazon's fake news?,AmazonHelp
274340,2017-10-06 05:28:58,181543,@115873 I have lost an item in Uber cab on 05.09.2017 and then immediately I responded and cab driver had accepted (part1/2),Uber_Support
275168,2017-10-06 05:33:44,181739,"Get a call at 10:56 by delivery agent asking samaan Abhi Lau ya Baad me, when asked he says he wasn't given time info by @115850 @115821 👌 https://t.co/up9WrugW0q",AmazonHelp
274478,2017-10-06 05:37:51,164436,@Delta So my younger son has to fly as a UAM even though his older brother is 16?,Delta
284461,2017-10-06 05:42:18,183752,I just charged my phone and its now at 61% what the fuck @115858,AppleSupport
273176,2017-10-06 05:43:04,181241,@AmazonHelp Worst Servicess Why Should I Pay?,AmazonHelp
274507,2017-10-06 05:44:35,181581,@115873 every time you make your booking a few minutes before a text says the price is higher. Today's was crazy DOUBLED.  No more!!,Uber_Support
274612,2017-10-06 05:51:53,181606,"@AmazonHelp Order #

171-3354961-1573119",AmazonHelp
275519,2017-10-06 06:02:28,181817,"Order # 407-0064336-5796325 Worst experience with Amazon sale. Get faulty I phone 6 which was stop working after 4day. 
@115850 @115850",AmazonHelp
708308,2017-10-06 06:02:48,289312,@SpotifyCares Thank you! I found being able to preview a song helpful when checking out new artists and songs I haven’t heard in a while,SpotifyCares
284941,2017-10-06 06:06:27,183885,. @115858 instead of coming out w a new phone next year i think you should work on a charger that doesn't break after 2 months. plz &amp; thx,AppleSupport
270298,2017-10-06 06:13:11,176523,"@AmazonHelp GST is the part of MRP, and a retailer or seller cannot sale a product beyond MRP, please go through GST rules",AmazonHelp
275234,2017-10-06 06:22:11,181753,@Uber_Support I replied to the email. Need more details. Please check and revert back.,Uber_Support
232705,2017-10-06 06:23:00,159049,@AmazonHelp I have already called u guys countless times. Now do u want me to go to ur warehouse for the product #atrociousamazon,AmazonHelp
274865,2017-10-06 06:28:00,181666,@AmazonHelp Gracias te amo 💕,AmazonHelp
276500,2017-10-06 06:32:17,182058,got msg from ur side that my item is delivered but still waiting for delivery. And phone number is not reachable so what to do? @115850 https://t.co/u4MP1mlhCA,AmazonHelp
274916,2017-10-06 06:32:20,181677,"@AmericanAir Again, not your fault, but there should be a class action lawsuit against @120943 for charging people something they don’t get and causing missed flights. But you do put up with it.",AmericanAir
284904,2017-10-06 06:32:22,183874,@AppleSupport Where did my music go? iOS 11 was fine. 11.0.2 all music but 1 ep from iTunes is gone. Won’t let me turn on iTunes match.,AppleSupport
237726,2017-10-06 06:38:19,158284,@AmazonHelp Sir it's a humble request now.. please resolve. Don't know why such a long time you guys are taking @115850 @115821,AmazonHelp
278720,2017-10-06 06:45:22,132734,"@115850 @AmazonHelp And, supposedly it was handed 'directly' to me and also 'signed' by me.
This is ridiculous and totally not acceptable from @115850.",AmazonHelp
275582,2017-10-06 06:46:49,181824,@SpotifyCares Playlists I still see. But anything I've ever checked is mostly gone other than about 100 songs I've recently checked.,SpotifyCares
709766,2017-10-06 06:51:05,289706,"保護フィルムぼろっぼろだし、浮いてきたし、
捨てたい……
でも落とす可能性が否定出来ないから捨てれない……
Amazonで頼んだのに支払い番号が来ない……",AmazonHelp
269601,2017-10-06 06:53:48,135854,"@Uber_Support You clearly do not care about the customer experience. It took 37 minutes for me to get home, should've been 15 or less.",Uber_Support
2056713,2017-10-06 06:57:27,121068,"@AppleSupport hey, I have the new iPhone and also beats wireless. They have ran out of batt and only have a cable with phone jack...",AppleSupport
276169,2017-10-06 06:59:47,181977,amazonとかでPCケース注文して、もし傷だらけだったら返品させてくれるのかなぁ。8キロのケースを店舗で買って持って帰るのも辛いし,AmazonHelp
278878,2017-10-06 07:06:48,182507,Super excited for Amazon Echo purchase today waiting anxiously to use @115850,AmazonHelp
276182,2017-10-06 07:15:13,181978,"Hey @AmazonHelp bought a suitcase for my Hol Sunday, paid extra for it to arrive yest.. And now it's saying it won't arrive unt 12th?",AmazonHelp
2054091,2017-10-06 07:17:10,171372,This bugger is talking non-stop on phone.Didn't stop even when I told him many times. @Uber_Support https://t.co/mijkzGpJ6G,Uber_Support
284869,2017-10-06 07:18:47,183863,"Twitter im Sturzflug? Nein, seit #iOS11 starten einige Apps auf meinem iPhone immer waagerecht. Doofer #Bug. @115858 https://t.co/k0CbjhNAX9",AppleSupport
275558,2017-10-06 07:23:00,171906,"@AmazonHelp la société de livraison refuse de remettre le colis. J'ai perdu deux jours d'attente pour la livraison le lendemain. 
est-ce normal?",AmazonHelp
276465,2017-10-06 07:30:25,182048,"Bücher in Pappverpackung auf den Balkon zu werfen, wo sie dann schön durchweichen, ist bei @116316 übliches ""Zustellen""? https://t.co/D7P1XpGAzA",AmazonHelp
285184,2017-10-06 07:32:21,183944,Lol @AppleSupport can you kindly replace everything on my phone that just magically disappeared trying to download IOS 🤷‍♀️🤷‍♀️ thanks x,AppleSupport
277565,2017-10-06 07:39:54,182304,#Alexa die App ist und bleibt ein Trauerspiel. Kontakte werden von einem neuen iPhone nicht importiert. #Amazon pfuscht mal wieder.,AmazonHelp
277642,2017-10-06 07:47:05,182319,@Uber_Support not allowed to buy  my ride pass for the second time in two months and keep taking the offer back when you send a email -.-,Uber_Support
276168,2017-10-06 07:48:01,181977,@AmazonHelp 返信ありがとうございます。もしもとはいえ、大変失礼しました。,AmazonHelp
285179,2017-10-06 07:52:46,183942,RIP to all my wokring apps thanks to iOS 11 @115858 😒,AppleSupport
279475,2017-10-06 07:54:20,182614,"@121284 Alexa, I'm still waiting for the invitation ?",AmazonHelp
711175,2017-10-06 08:01:48,290077,@SpotifyCares there is ambiguous band name which unexpected link between album https://t.co/f6cAxqpWSx and the artist @14047,SpotifyCares
279947,2017-10-06 08:05:07,182724,"@171152 @115821 Worst service, 45 days no solutions to complaint, only delay promised #WorldSmileDay #ZefoWaliDiwaliSale #sasikala",AmazonHelp
689094,2017-10-06 08:06:48,178698,@284646 @284645 @Uber_Support @284642 Probably an AI algorithm trying to look like it cares 🐀🐀🐀,Uber_Support
280421,2017-10-06 08:14:28,120404,"@118919 Why is that u give the final prices, handling, taxes, etc after entering CVV and OTP?? Why not BEFORE entering card details?",AmazonHelp
261221,2017-10-06 08:19:19,178194,"@AppleSupport I have iPhone 6 and 5s, I faced the same issue on both. They both are on 11.0.1. I tried all steps mentioned in URL. Only restart worked.",AppleSupport
279904,2017-10-06 08:23:24,182717,@115850 Status -courier unable to contact u.I have my mobile with me and he never contacted me.If u guys dont want to deliver on time then dont sell,AmazonHelp
271891,2017-10-06 08:28:36,180884,"@AmazonHelp Wat do u mean""get access to mail account""?I chckd ä__email__ &amp; i DO NOT hav ny email except 1on 28Sep on the order cancellation",AmazonHelp
711494,2017-10-06 08:30:28,182083,Thank you @AmericanAir for your service. Feel like coming home,AmericanAir
278903,2017-10-06 08:33:09,182514,"@Uber_Support It's all good. He was a great driver, cool convo, and right away went to fix it after dropping me off. So I aint no snitch 😉",Uber_Support
278841,2017-10-06 08:39:46,182499,"@AmazonHelp Not what I expected from a ""new"" toaster. For the 3rd time! https://t.co/bxllaJHr3J",AmazonHelp
278881,2017-10-06 08:44:24,182508,@AmazonHelp Je comptais le faire mais je ne trouve pas la démarche à suivre sur le site. J'ignore quelle société livre @120533 mais faudrait changer !,AmazonHelp
2062670,2017-10-06 08:46:43,610023,@115858 why does #iPhone seem to operate so much slower with new operating system?  So annoying. I hate it.,AppleSupport
278843,2017-10-06 08:52:29,182499,@AmazonHelp 1st order=broken... replacement#1=not new &amp; scratched... replacement#2=not new&amp;with toast init!,AmazonHelp
279208,2017-10-06 08:56:31,182583,"@AmazonHelp I got the parcel tht was meant to be delivered last Saturday before 1pm, yesterday.  Just really annoyed it didnt get to my door when i paid",AmazonHelp
278908,2017-10-06 09:01:33,182515,"@182514 @Uber_Support Yes you are m, by putting it here you've snitched on the uninsured slave",Uber_Support
279479,2017-10-06 09:04:26,182615,１日で届いたamazon優秀😍 https://t.co/GN1Ix1RaV0,AmazonHelp
719920,2017-10-06 09:06:43,292298,@AppleSupport you guys are draining the life out of my phone and it is horrible!!!!!,AppleSupport
278956,2017-10-06 09:10:33,182533,"@AmazonHelp 了解です。
試してみます。",AmazonHelp
281368,2017-10-06 09:15:18,183038,@115850 hey my tracking id is  219135358485 it is supposed to be delivered today can u pls lemme know the time at which it wil b delivered,AmazonHelp
243364,2017-10-06 09:16:28,173798,@SpotifyCares This one doesn't want to be there https://t.co/EDeyBOcjBG,SpotifyCares
279535,2017-10-06 09:18:32,182629,Catching this @delta Md 88 to Atlanta in my normal spotting location. https://t.co/vd3XEiBHz1,Delta
279186,2017-10-06 09:20:17,182577,"@AmazonHelp Cancelled it--Defeated the purpose of online shopping/convenience to wait a ADDITIONAL two more days for a""free 1 day shipping compensation""",AmazonHelp
278852,2017-10-06 09:27:47,182499,@AmazonHelp No the email was just more labels. No message or anything related to the complaint.,AmazonHelp
279698,2017-10-06 09:31:52,182672,@AmazonHelp Can you explain why this is happening? Just curious. https://t.co/vbmq5fC1H0,AmazonHelp
279691,2017-10-06 09:35:59,182671,"@116928 hola, he recibido un correo de “__email__” sobre una copia de mi tarjeta en otra cuenta, es real el correo?",AmazonHelp
279860,2017-10-06 09:36:28,182713,@AppleSupport 11.0.2,AppleSupport
255092,2017-10-06 09:41:54,176641,@AmazonHelp @13150 @115850 if the product is missing who is responsible. I have receipt of acknowledgment.kindly refund my amount,AmazonHelp
274470,2017-10-06 09:50:02,182812,@115850 And tired to contacting  customer services but they are not giving any solution  on this matter and giving waiting time only,AmazonHelp
286396,2017-10-06 09:50:39,184230,@115858 i upgraded my icloud storage plan but still at 5gb lol help me,AppleSupport
280110,2017-10-06 09:55:47,182761,@Uber_Support @182760 Did u get your phone back?,Uber_Support
282173,2017-10-06 09:55:56,183219,@115850 @AmazonHelp hey how can I return my product and in how many days I’ll get my money back?,AmazonHelp
712894,2017-10-06 09:57:20,158665,@TMobileHelp how long do I have to return the Apple Watch ⌚️ I ordered? Not happy with it,TMobileHelp
280144,2017-10-06 09:59:44,182769,sick packaging @115830 x https://t.co/UnwU9cCUlh,AmazonHelp
281922,2017-10-06 10:06:01,183047,"@115850 jst hd my worst experience EVER! order no 403-4518222-1255514 ,amazon shows wrongly delivered,called customer service 10 times (1)",AmazonHelp
279906,2017-10-06 10:12:03,182718,@AmazonHelp I,AmazonHelp
719914,2017-10-06 10:13:55,292295,@AppleSupport do you have any idea why “hey Siri” has stopped working? I’ve a 6s and I’ve rebooted it several times and nothing!,AppleSupport
279907,2017-10-06 10:18:03,182718,@AmazonHelp Address in courier facility is there any use to pay prime if u guys are delaying orders,AmazonHelp
274229,2017-10-06 10:26:20,171151,@AmazonHelp Will you take necessary action against the person Mr Junaid,AmazonHelp
2062769,2017-10-06 10:29:30,182481,"@comcastcares 12994 Maple court Mt.Airy, Maryland. Thank you",comcastcares
249911,2017-10-06 10:33:53,175389,"@AmazonHelp Yesterday I had a chat with ur customer care. d person said, someone will come today and take that bag back..He hasn't come yet. And return",AmazonHelp
280222,2017-10-06 10:34:27,182785,"@Delta I still love you @Delta *TBW 
Just annoyed 😏 #HittingPlatinum this year, I'm not going anywhere else anytime soon! See you in the #SkyClub🕴 https://t.co/53bVTslDQo",Delta
2062641,2017-10-06 10:39:57,610009,Please fix the quality of your wires @115858 that it will last long. This really annoys me everytime this happens to my wire 😬 https://t.co/UiZB9CLvYU,AppleSupport
281206,2017-10-06 10:40:54,183004,Dear @115850 please solve my query. i need your help on urgent basis. ur cse are not ready fr help me #boughtmotog5splusfrmamazon,AmazonHelp
2061184,2017-10-06 10:44:43,609601,"@Uber_Support __email__
9538566679",Uber_Support
2061198,2017-10-06 10:45:12,197662,Esto que te llega la notificación de @116928 que te ha llegado a casa el libro de @14209 y llamas a tu madre corriendo para confirmarlo,AmazonHelp
280981,2017-10-06 10:50:53,182953,@AmazonHelp Ok. Thanks for the clarification,AmazonHelp
714866,2017-10-06 10:56:11,291011,@148611 Good day. Paano po ba magregister ng Spotify Family Premium sa Prepaid Globe Sim?,SpotifyCares
286857,2017-10-06 11:00:06,184349,iOS 11.0.2 is draining my battery. Please fix ASAP  @AppleSupport @115858,AppleSupport
280918,2017-10-06 11:00:31,182937,"@AmazonHelp It keeps stopping partway through a book dl. Still won't dl, all the way. Suggestions Worked fine before I updated... https://t.co/cFhtbDDKtL",AmazonHelp
280940,2017-10-06 11:05:30,182941,@AmazonHelp お世話になります。とりあえず配送業者さんの方に住所をお伝えして様子を見ておりますが、万が一返品になった場合は返金ではなく商品を届ける処置すべきだと考えます。それと、再発防止に努めて下さい。よろしくお願いします。,AmazonHelp
287482,2017-10-06 11:08:25,184358,"@AppleSupport I updated my iPhone 6S to IOS 11 and it won't let me login to my Apple ID, even though the password is right, pls hellp!!",AppleSupport
713991,2017-10-06 11:08:38,290786,Harvest Moon from 39k ft. Thanks for the view @SouthwestAir over NYC. https://t.co/0qzhkoQR9C,SouthwestAir
281136,2017-10-06 11:11:16,182989,@AmazonHelp Colissimo,AmazonHelp
2061245,2017-10-06 11:11:43,193661,@AmericanAir wondering why my EP upgrade hasn’t cleared into a wide open 1st class cabin?,AmericanAir
282286,2017-10-06 11:18:28,183244,"@Uber_Support I have been having issues with logging into my account, I tried deleting both my accounts and now nothing works :(",Uber_Support
281717,2017-10-06 11:21:12,183116,"Amazon India Order #406-7634309-5191526
Order #406-9922713-0145104
Order #406-3334567-9023546 Provide Invoice of the same",AmazonHelp
240551,2017-10-06 11:24:53,173138,"Hi @AppleSupport, why on 16gb iPhone is there only 11.84GB of storage? Where's the other third?",AppleSupport
279882,2017-10-06 11:24:59,182716,@AmazonHelp Sir i did many times ..may be 3 or 4 times i did the same.,AmazonHelp
281363,2017-10-06 11:29:40,183037,"@AmazonHelp Oh yes, I already ordered Echo Dot. Just being greedy to also get Echo :D
Also, its difficult to wait till Nov to get my hands on Dot :).",AmazonHelp
280639,2017-10-06 11:37:21,182856,@AmazonHelp Sure. just connect with your team. Tq,AmazonHelp
281681,2017-10-06 11:41:53,161562,@AmazonHelp Is it in the pipeline for a future update anytime soon. I've had a few back experiences.,AmazonHelp
281383,2017-10-06 11:44:42,183041,"@AmazonHelp The app says ""arriving Tuesday"" but BlueDart wouldn't try to call me today for a delivery planned for Tuesday right?",AmazonHelp
287467,2017-10-06 11:49:45,184507,@AppleSupport ik weet niet wat er aan de hand is. Maar om 11.30u m’n telefoon van de lader gehaald. En nu heb ik nog 30%.. #watisdit?!,AppleSupport
281907,2017-10-06 11:51:09,183161,"@115821 you morons making it impossible to login to make a purchase, so no sale tonight. #dickheads",AmazonHelp
714854,2017-10-06 11:55:16,291008,Early morning flights are a joy with a great @delta crew GSO/ATL #2568 10/6/17 Thank You for your hospitality #iflydelta,Delta
282482,2017-10-06 11:58:24,183300,@AmazonHelp What action are you taking on this? The courier agent came to pickup the package but later he refused to accept that package with no reasons,AmazonHelp
2062268,2017-10-06 11:59:57,609909,@115888 why is Kanye’s and JayZ’s “ni**as in Paris” not on Spotify?,SpotifyCares
257145,2017-10-06 12:04:50,177160,@AmazonHelp God knows,AmazonHelp
282320,2017-10-06 12:05:54,183193,@AmericanAir thank you so much!,AmericanAir
282433,2017-10-06 12:07:41,183286,@AmazonHelp When will this music be in my player? https://t.co/ndOPzKCKNf,AmazonHelp
288479,2017-10-06 12:09:30,184720,"@AppleSupport every reboot, i get this. even when i quit the installer as suggested https://t.co/kOhohSH6UZ",AppleSupport
281460,2017-10-06 12:11:13,183061,"@Uber_Support Have sent a contact note via the app, will that do?",Uber_Support
715274,2017-10-06 12:13:09,291138,@AmazonHelp Tout va bien 👌. Cc @14259,AmazonHelp
715703,2017-10-06 12:16:29,291253,"@115911 Your web store is awful. I'm trying to give you money, but can't get past ""Who is getting the new phone?"" screen.",TMobileHelp
288362,2017-10-06 12:17:54,184688,Só quero q o novo iOS 11.1 pare de fazer esquentar meu telefone!!!! Já estaria bom demais @AppleSupport https://t.co/cxWb7oVtoB,AppleSupport
282489,2017-10-06 12:19:48,183102,@AmazonHelp Por amazon.,AmazonHelp
279335,2017-10-06 12:23:55,182606,@AmazonHelp Who are you people ... are you not from amazon ? If other team is dealing the issue than why are you people replying ? Why not that team ?,AmazonHelp
283502,2017-10-06 12:28:23,183538,"@115850 Pathetic service provided by you now have lost complete trust on Amazon.
Probably will never shop in future.Worst customer service",AmazonHelp
288470,2017-10-06 12:32:18,184718,Where is the auto brightness option in #iOS11 @AppleSupport ?? Do I have to manually increase and decrease the brightness?,AppleSupport
282492,2017-10-06 12:33:38,183102,"@AmazonHelp Tranquilos ya me llegó, pero el estado del paquete y la chuleria del repartidor deja mucho que desear,lo de siempre con esta compañia",AmazonHelp
288346,2017-10-06 12:39:11,184682,@AppleSupport After updating to IOS 11 my alarm that wakes me up every morning and has been for more than 5 years isn’t working?,AppleSupport
283490,2017-10-06 12:39:27,183534,"After 3 follow up from last 20-25 days not rcved my mobile purchase invoice
Very disappointing.
@AmazonHelp @115821 @115850 @19531",AmazonHelp
283296,2017-10-06 12:42:14,183491,@AmericanAir starting my day at SFO.  So far okay but all A321s need power at seats,AmericanAir
283135,2017-10-06 12:46:55,146145,"@115850 how to get updates about your order
if you are not getting it on a website?",AmazonHelp
283705,2017-10-06 12:48:52,183575,"@115873 needs to hire drivers that know how to drive in the city, I’m so upset",Uber_Support
295402,2017-10-06 12:50:35,186355,"@115858 I would like to turn off my Bluetooth and Wireless from the Quick Menu. As in turn off, not disconnect. Thank you!",AppleSupport
283251,2017-10-06 12:50:42,183479,"@SpotifyCares Cool, thanks 😉",SpotifyCares
283330,2017-10-06 12:51:17,183500,@SouthwestAir #worstairline @126119 #worstairport. Wow. I'm shocked at your lack of customer service &amp; accomodations. Never again,SouthwestAir
283047,2017-10-06 12:53:19,183444,Amazonでスーファミミニ予約してたのに、住所ラベルが文字化けしてたらしくてキャンセルになったんだがー？！？？？！！！届かないんだがー？！？？？！,AmazonHelp
283555,2017-10-06 12:58:30,183547,".@115821 
.@115850  To hell with you guys ! A no.1 thugs .a third grade shopping venture .",AmazonHelp
2062003,2017-10-06 13:01:02,609827,"@609826 @AppleSupport @609825 lmao okay they replied, abort abort",AppleSupport
717193,2017-10-06 13:02:55,291703,@Delta I left my wallet on the plane- how do I file a lost item?,Delta
283559,2017-10-06 13:04:59,183548,"@AmazonHelp See if you can make sense of it? 

Thank you for your help",AmazonHelp
722499,2017-10-06 13:08:40,292986,Ever since i updated my phone its been tweaking 😡😡😡 @115858,AppleSupport
283531,2017-10-06 13:09:06,183451,"@AmazonHelp I ain't got time for doing this shit daily, I'm cancelling my COD orders and provide me refund for the order which I requested to replace.",AmazonHelp
283518,2017-10-06 13:15:02,183541,"@AmazonHelp your customer service is so good, they seems to solve everything with one line. https://t.co/K0Rnu0e6H1",AmazonHelp
284124,2017-10-06 13:18:52,183671,Hey @Uber_Support - how do I report an issue with a driver who ended up cancelling before he picked me up? Can see a way to do in app.,Uber_Support
283562,2017-10-06 13:20:42,183548,"@AmazonHelp Okay, thank you!",AmazonHelp
284112,2017-10-06 13:21:35,183668,"@AmericanAir Not hard enough, we are the first flight in. I am now going to hit traffic, I purchased an early flight to avoid. Unacceptable!",AmericanAir
2060016,2017-10-06 13:21:36,609269,After 6 long days we have the Internet at home again (it was Irma damage) #Ourlongdomesticnightmareisover Thanks @115900 @comcastcares,comcastcares
284096,2017-10-06 13:24:43,125651,@TMobileHelp Tell me I am wrong.,TMobileHelp
284052,2017-10-06 13:28:34,183649,"@AmazonHelp in his words he ""cannot able to send you confirmations saar"". He would not let me speak to superiors, nor would he send me a confirmation.",AmazonHelp
282817,2017-10-06 13:30:26,183377,@AppleSupport On ANY wifi network the wifi on my phone will disconnect and I will need to go in settings to connect back.,AppleSupport
244115,2017-10-06 13:34:41,172009,@AmazonHelp Then u can track my amazon account,AmazonHelp
2062649,2017-10-06 13:34:58,610012,@116130 I think I have two premium accounts set up but cannot seem to log into one to delete it - can you help pls?,SpotifyCares
290546,2017-10-06 13:37:15,185195,@AppleSupport why do I need to put my card details in just to update apps? Even when I do it declines and I’m not even buying anything!,AppleSupport
180128,2017-10-06 13:39:41,158389,@AmazonHelp Can you please provide a final ETA. I'm tired of chasing this.,AmazonHelp
288521,2017-10-06 13:40:32,184734,@Delta 15 of us check bags gate-side at JFK and they didn't make it to DCA. They are unaccounted for. Hold time is 25 mins. Please help now!,Delta
284783,2017-10-06 13:40:54,183842,@Uber_Support I am unable to book cab even my frndsz due to it is asking to pay previous balance. Uber only credited back 43 recently. Ohh god what’s goin,Uber_Support
283095,2017-10-06 13:43:16,159034,@AmazonHelp #fraudamazonoffers,AmazonHelp
2054781,2017-10-06 13:44:02,607707,@AppleSupport I don’t think the character limit is long enough 😉 pretty much not much is good anymore. Battery life rubbish. Apps slow.,AppleSupport
284310,2017-10-06 13:47:02,183719,"@AmazonHelp yes, we have a stand alone biz building w/ marked address on mail box &amp; doors marked for entrance. We never had issues 'til this week x3",AmazonHelp
285008,2017-10-06 13:48:45,183905,@AmericanAir you know what I love doing. Sitting on a tarmac.,AmericanAir
284375,2017-10-06 13:51:07,176529,@AmazonHelp Gracias,AmazonHelp
2062214,2017-10-06 13:53:25,609891,@115911 @115858 my service has been lagging since the unveiling of the new iPhone. Please advise,TMobileHelp
284818,2017-10-06 13:54:13,183849,@AmazonHelp @118702 @4167 has Cod except u all,AmazonHelp
291437,2017-10-06 13:56:38,185390,@AppleSupport Yeah I can’t seem to get it to edit or trim?,AppleSupport
285656,2017-10-06 14:00:40,184047,@184048 Still waiting for return authorization from Amazon re: Blink XT.  No word so far.  Disappointed,AmazonHelp
286308,2017-10-06 14:04:57,184205,This is the last time I’ll let @115821 trick me into thinking they will actually honor release date shipping for games released on a Friday. https://t.co/Kr3lOcQkfi,AmazonHelp
262330,2017-10-06 14:05:36,175812,@Uber_Support What's the benefit of having uber when it is not by my side when I need it the most?,Uber_Support
285195,2017-10-06 14:08:02,183947,@AppleSupport iphone 7,AppleSupport
285563,2017-10-06 14:10:53,184032,"Hey @115850, I see no ₹500 promo credit for my kindle books. Did I miss smth? I did buy a OnePlus 5 this Thursday. https://t.co/G3w3XizUlj",AmazonHelp
413754,2017-10-06 14:12:35,213727,Hey @5413 - why isn’t your Christmas album on @115888 ? Who do we complain to? @SpotifyCares @117168,SpotifyCares
286344,2017-10-06 14:13:46,184216,@116316 https://t.co/CCDeqqNIuL,AmazonHelp
284881,2017-10-06 14:18:48,183868,"@AppleSupport done them all, nothing worked. not happy",AppleSupport
720134,2017-10-06 14:20:55,292354,S/o to Tyrone @AmericanAir ATL Admirals Club. Thanks for the help with my seat issue this morning.. you def made Mr. CK happy!,AmericanAir
281599,2017-10-06 14:22:28,183095,@AmazonHelp Amazon .in,AmazonHelp
285535,2017-10-06 14:25:42,184025,@AmazonHelp has the worst customer service ever... it used to be at least decent 🤦🏽‍♀️,AmazonHelp
2063163,2017-10-06 14:28:17,610189,@AppleSupport why does my iPhone keep freezing 😡,AppleSupport
285058,2017-10-06 14:29:54,183918,@AmazonHelp And what about the fake guarantee of delivering the order by 8pm. I haven't received my packet yet,AmazonHelp
2062514,2017-10-06 14:32:08,609982,@Uber_Support I waited to solve my last ride issue. But I didn’t get any call  from many months. Pathetic service I’ve ever seen.,Uber_Support
723995,2017-10-06 14:32:51,293377,@AppleSupport WHY won’t Siri speak directions it’s dangerous as I drive and beg her to,AppleSupport
286316,2017-10-06 14:33:13,184207,putaça porque tentaram fazer uma compra de U$ 800 na minha conta da @AmazonHelp. email de suporte me falou pra usar o site mas NÃO CONSIGO. https://t.co/g7FxaMh0uk,AmazonHelp
285091,2017-10-06 14:38:22,171656,@AmazonHelp @183921 They won’t help you. I have the same problem. Been talking to them for a month. Good luck,AmazonHelp
2063337,2017-10-06 14:40:23,610243,@Delta Tony at gate T07 working #2349 is the best employee in the universe.,Delta
273233,2017-10-06 14:41:00,181257,@AmericanAir @181255 I hope you do. @181255 is a mother doing her best with an infant on a plane. She shouldn't be judged for ordering a glass of wine.,AmericanAir
292376,2017-10-06 14:43:14,163247,@AppleSupport recent update for IPad and IPhone have made it difficult to open certain applications,AppleSupport
287415,2017-10-06 14:43:36,184491,"@115850 there shud be one more option in misdelivery IVR, “courier person called and asked for next day delivery” as in my case",AmazonHelp
286239,2017-10-06 14:48:12,184194,@AmazonHelp Muchas gracias,AmazonHelp
287038,2017-10-06 14:50:13,184397,Love in flight WiFi on @SouthwestAir. Can’t wait to arrive in San Diego! ☀️,SouthwestAir
322653,2017-10-06 14:51:08,192853,@115858 @AppleSupport l'écran de l'#iPhone5S qui jaunit sur ses bords en vieillissant fait-il oui ou non l'objet d'une campagne de rappel même hors garantie ? https://t.co/aJUVpG8KU0,AppleSupport
287417,2017-10-06 14:52:52,184492,Seriously- how did people function without @115821 and Prime?! Just ordered a baby gift card! ✔️Done.   #momlife #Mompreneur,AmazonHelp
2062716,2017-10-06 14:54:25,610036,@Uber_Support Scheduling a ride in advance does not work the way your instructions give. I have the latest app on my phone. help!,Uber_Support
2062634,2017-10-06 14:54:54,404923,"@TMobileHelp @115913 Hey, I'm just recommending that tmo updates they tmo app for tablets. It still uses the old style app that y'all used for phones",TMobileHelp
292910,2017-10-06 14:58:30,185756,"@AppleSupport Yes it happens with all ringtones and I have restarted it, but still the same.",AppleSupport
286251,2017-10-06 14:58:54,184196,"@AmazonHelp Bueno, lo que se espera es que ese trabajo lo hagan ustedes, y que el usuario sólo adquiera el libro vía Kindle.",AmazonHelp
717619,2017-10-06 15:02:41,291831,@SpotifyCares I’m still waiting on my student discount to be applied I am still paying regular price.,SpotifyCares
287557,2017-10-06 15:03:14,184531,Good morning @AmericanAir my handicapped 72-year old mom is flying today. Been waiting on hold for 30 but flight coming up. Need help!,AmericanAir
718483,2017-10-06 15:04:38,292027,@AppleSupport Thank you for the reply. Sent a DM.,AppleSupport
2063741,2017-10-06 15:06:18,610342,nothing worse than the worst cell service(@115714) coupled with the worst internet(@115900 @116136) It's like I'm in Siberia. https://t.co/V926W0dsGO,comcastcares
180397,2017-10-06 15:07:48,158427,"@AmazonHelp No insight, just told to order product somewhere other than app so I won't see FREE UK Delivery message. Really? Honour what you advertise.",AmazonHelp
293843,2017-10-06 15:14:24,186010,1 hora fora da carga meu celular ja ta com 79% de bateria parabéns @AppleSupport,AppleSupport
286272,2017-10-06 15:15:46,184201,"@AmazonHelp what wd u do apart frm listening n just expressing ur inability to do anything in d name of ur so called ""policy"".",AmazonHelp
288564,2017-10-06 15:20:27,184750,"@Uber_Support I've already contacted support, but they just say that the email address has been unlinked, but they do not unlink.",Uber_Support
288469,2017-10-06 15:20:58,184718,@AppleSupport Thank you @AppleSupport !! Appreciate your assistance :) 🤗😊,AppleSupport
288576,2017-10-06 15:21:38,184754,@AmericanAir a company of $40 billion in revenue can't waive a $200 change fee for someone who cancelled to avoid a hurricane? Tight xoxo,AmericanAir
269502,2017-10-06 15:22:39,180275,"@AmazonHelp That would be why I can't find the feed...I don't have the latest @127972, sadly. Thanks for the clarification!",AmazonHelp
284815,2017-10-06 15:26:33,183848,@AmazonHelp Why would I even be given an option to pay for shipping so that it arrives by a certain day then? I pay for shipping b4 confirmation email..,AmazonHelp
284413,2017-10-06 15:26:37,183742,"@AppleSupport I had an iPhone 5s and it got cracked, during that time i got a iPhone 6s and by using the ""change my apple id"",",AppleSupport
286932,2017-10-06 15:27:03,184371,"@SpotifyCares however while i still have you guys i can't select a bunch of songs to remove from queue, if i scroll down too far it just gets deslected",SpotifyCares
294924,2017-10-06 15:31:24,186234,@115858 Nothing is fixed it’s just getting worse and worse! Will you please just give me my 6S back and take this junkie 7+,AppleSupport
289060,2017-10-06 15:33:00,184874,@115830 apparently this was left in my “back shed” and not thrown on the damp grass!! AWFUL service!! https://t.co/I4UI47B1hS,AmazonHelp
284420,2017-10-06 15:37:06,183742,"@AppleSupport I went at night and they told me i was late, but they didn't even contact me. So they made a reservation for this morning no hour said.",AppleSupport
291385,2017-10-06 15:39:56,185377,@117634 why can I only download a sample of this book and not buy it? https://t.co/AYPb8IGEw1,AmazonHelp
722631,2017-10-06 15:41:06,293024,@TMobileHelp My two beta DIGITS lines disappeared today.  I was approved for the beta thanks promotion months ago.  Can you help?,TMobileHelp
295400,2017-10-06 15:41:12,186355,@AppleSupport Thank you for providing the link!,AppleSupport
290577,2017-10-06 15:41:19,185204,@115873 @Uber_Support @119983 Troubled by a spate of #overcharging on my wife's account recently on some flimsy pretext or the other.,Uber_Support
290472,2017-10-06 15:45:06,185180,"@AmazonHelp Hi,what do I do If i have items to pickup that I no longer need? Thanks!",AmazonHelp
723667,2017-10-06 15:48:19,293296,@SouthwestAir get it together &amp; get my daughter home!! No reason she should still be stuck in Baltimore!,SouthwestAir
295932,2017-10-06 15:48:54,186475,@AppleSupport ive just updated to ios 11.0.2 and the battery drains so quickly !! On iphone 6 ...,AppleSupport
290556,2017-10-06 15:49:08,185197,@Delta I am trying to get a seat assignment for a flight I  booked through Expedia a few weeks ago.,Delta
290480,2017-10-06 15:49:19,185182,@AmazonHelp thanks! i will give it a shot!,AmazonHelp
291328,2017-10-06 15:55:30,185370,"@115830 Second day in a row I've had a ""failed delivery attempt"" with absolutely no attempt to deliver. What do I do?",AmazonHelp
722954,2017-10-06 15:56:42,184893,@AppleSupport Not in installation. Unable to login to App Store with icloud. Cannot even download high Sierra,AppleSupport
180401,2017-10-06 16:00:47,158427,"@AmazonHelp World's most customer centric company, advertising delivery as FREE but charging for it, and customer service unwilling to honour. Poor. https://t.co/kgbHLpJHO4",AmazonHelp
729292,2017-10-06 16:02:23,294676,@AppleSupport this is concerning. This just happened to my phone (left status indicators). https://t.co/IpTyPXzG6R,AppleSupport
286417,2017-10-06 16:03:06,184238,@SpotifyCares You should talk to @863 and try to get Got7 and Twice on Spotify. I need this. Please,SpotifyCares
2055768,2017-10-06 16:08:33,607966,"@AppleSupport 
If there is only hardware problem, why you guys force customer to reset their devices? And what about their data?",AppleSupport
291319,2017-10-06 16:08:38,185366,Waiting on Amazon to ship @14643 book to my house like... https://t.co/d8Mx1oM75X,AmazonHelp
2063328,2017-10-06 16:12:55,610241,"@115877 I'm on hold, attempting t get help from your support:8 min and counting",Uber_Support
2063039,2017-10-06 16:13:10,610137,"Hey @AmericanAir, Debbie C. at BWI provided amazing customer service and deserves a massive bonus!",AmericanAir
732090,2017-10-06 16:16:00,295243,"@AppleSupport whys my camera roll all of a sudden in some random order, trying to find recent saved pics in 4500+ pictures isn’t fun",AppleSupport
293349,2017-10-06 16:18:42,185873,Hi @AmazonHelp @115850 I’d ordered an Amazon Fire stick. Was to be delivered today: never arrived. 1/2,AmazonHelp
2055666,2017-10-06 16:24:36,607940,Huge props to the crew of @Delta 1944 from MIA ➡️ ATL. Most pleasant group I've ever flown with! #CustomerExperience #Delta,Delta
292268,2017-10-06 16:25:18,185611,@AmazonHelp But flipkart and shop clues are giving COD facility in this pincode,AmazonHelp
297987,2017-10-06 16:25:35,186988,"@AppleSupport n iTunes I have a problem doing the back up. On the iPhone 6 the screen frozen at ""verifying update"" or at the apple logo.",AppleSupport
2056159,2017-10-06 16:32:39,608084,"@AppleSupport in general two updates on ios 11 so far &amp; still sucks, battery drainage, instability, please bring back ios 10",AppleSupport
292871,2017-10-06 16:33:47,185749,"@AmazonHelp apparently my parcel was due for delivery yesterday. Still hasn't arrived. 2 days wasted, no details on your site of what to do.",AmazonHelp
292873,2017-10-06 16:38:39,185750,@116316 ohne Prime ist man bei euch echt ein Kunde zweiter Klasse. Mittwoch bestellt und kein Versand bis jetzt und das bei Ware auf Lager,AmazonHelp
729467,2017-10-06 16:39:34,610384,@116136 Comcast is one of the best services but it is expensive and if they do a better price for the disabled they would win more customers over,comcastcares
299023,2017-10-06 16:40:05,187271,@AppleSupport Doesnt have my problem in them 🤔,AppleSupport
725083,2017-10-06 16:40:30,293683,@Uber_Support Should I be worried that I was just randomly sent this when I haven’t used Uber since Sept? Hacked? https://t.co/Z8dIw8jcMp,Uber_Support
290702,2017-10-06 16:40:41,185237,@SouthwestAir Just send the message! 🙂,SouthwestAir
293502,2017-10-06 16:43:34,185913,@AmericanAir Trying to change flight ORD to HSV Sun afternoon to Sat b/c of Hurricane Nate. Change fees waived yet?,AmericanAir
292985,2017-10-06 16:45:22,185775,@115911 what’s the point of having unlimited data if nothing ever loads on LTE🙄🙄🙄,TMobileHelp
2056162,2017-10-06 16:46:49,608085,@115858 your latest update jacked up my IPhone! Thanks a lot !!!!!😡😤,AppleSupport
290489,2017-10-06 16:47:38,185183,@AmazonHelp ROFL - leider nicht mehr so jung - aber ich kümmere mich intensiv um den Nachwuchs in der WebSchreiner Gilde ;-),AmazonHelp
287862,2017-10-06 16:50:51,184607,@AmazonHelp I'm just going through a full set up tutorial on YouTube at mo. I've looked at the videohelp bit on your site but nothing's appropriate,AmazonHelp
292785,2017-10-06 16:53:46,185732,@AmazonHelp how do l apply a us gift card to my amazon Mx account? Help!,AmazonHelp
299667,2017-10-06 16:54:33,187431,"@AppleSupport can I connect the Apple TV 4K to a standard HDTV, or will it only work on a 4K TV?",AppleSupport
286941,2017-10-06 16:57:33,184371,@SpotifyCares Should I get back to you if this doesn't solve the problem?,SpotifyCares
293817,2017-10-06 17:00:24,186002,@118117 @115833 kids are changing songs which is repeatedly dropping sonos in favour for the dot they are talking to.,AmazonHelp
300111,2017-10-06 17:00:29,187565,"@AppleSupport can you fix ios11. My music app won’t let me download songs, it won’t load on my Apple Watch, the screen freezes.",AppleSupport
294418,2017-10-06 17:02:57,186114,"@Uber_Support So, I have to enter to my account and Send to you an email?",Uber_Support
293814,2017-10-06 17:04:58,186001,Hey @AmazonHelp whoever delivers prime packages blocked my door w 2 big boxes and me w my broken foot had to crawl on the floor to move them,AmazonHelp
2056402,2017-10-06 17:06:06,608161,Hi @AppleSupport since I updated my iPhone my phone is always frizzing,AppleSupport
293294,2017-10-06 17:09:00,168021,@AmazonHelp j'ai beau vous alerter rien n'est fait,AmazonHelp
294493,2017-10-06 17:11:02,186126,Hey @AmericanAir I need some help,AmericanAir
725858,2017-10-06 17:12:08,293877,"Hi, @SouthwestAir. Just left my sunglasses on the seat back pocket. Flight 1308 PHX ✈️ OAK. Any shot u can help me get 'em back? #thankyou",SouthwestAir
293745,2017-10-06 17:12:28,185983,"#AmazonIndia
Really fed up with your service...😤",AmazonHelp
735504,2017-10-06 17:16:40,295948,My @115858 Powerbeats3 have crapped out on me again. Had the battery fixed twice and now the Bluetooth function doesn't work. Piece of crap.,AppleSupport
293752,2017-10-06 17:17:09,185987,Cuando estás en casa toda la mañana esperando al repartidor de amazon https://t.co/VODqLcMwUN,AmazonHelp
293494,2017-10-06 17:17:46,185911,@Uber_Support Tap...tap...tap. #drummingfingers,Uber_Support
298046,2017-10-06 17:17:46,187000,Hey @Delta. Send a red coat to Sky Priority check in at ATL.,Delta
294388,2017-10-06 17:22:29,186105,OHMYFUCKINGGOD MILK IS FINALLY AVAILABLE ON SPOTIFY,SpotifyCares
300587,2017-10-06 17:23:41,187666,@AppleSupport Not happy with #AppleWatch3 at all. 28min workout logged yet exercise ring says I’ve only done 11min,AppleSupport
294778,2017-10-06 17:26:03,186214,@AmazonHelp hello I have been waiting for an account specialist to be in touch with me for 2 years now ☺,AmazonHelp
300598,2017-10-06 17:31:49,176777,@AppleSupport where to set the carrier account settings by default when ordering iPhone through the Apple store app?,AppleSupport
727303,2017-10-06 17:32:52,294224,"Hi @115900 - just watched the video for my second bill. marketing needs to update to reflect the new white &amp; blue app icon for ""My Account"" https://t.co/OXCO80yknV",comcastcares
1018210,2017-10-06 17:34:52,360909,@121284 When is the alexa app going to be available in India ?,AmazonHelp
300617,2017-10-06 17:35:28,187673,@AppleSupport ios 11.2 sucks! The carrier name on the upper side is gone but it goes back a little while. My phone freezes every time and https://t.co/uO1hj9HhxB,AppleSupport
294397,2017-10-06 17:38:17,119244,@115911 That i will let everyone know how upset i am at @115911 and how they just really pissed off the wrong person i will do it in both accounts,TMobileHelp
294860,2017-10-06 17:40:36,186220,@AmazonHelp Where's my order?!!!!!,AmazonHelp
293916,2017-10-06 17:43:36,186026,"@AmericanAir thanks! second question, are we going to move anytime soon? 43 mi n late, no announcement as to what the holdup is",AmericanAir
294746,2017-10-06 17:44:51,133051,@115850 can someone return pick my package every time I just hear apologies,AmazonHelp
297995,2017-10-06 17:47:51,186989,@179986 @115858 my twitter app never crashed at all ! &amp; now i cant even open it without it actin dumb 😒,AppleSupport
295445,2017-10-06 17:48:18,186363,@Uber_Support Why is your iPhone app more than TWICE AS LARGE as @115879 and others?!!!! 16GB phone. This is ridiculous!!!!!,Uber_Support
295331,2017-10-06 17:49:29,186342,@AmazonHelp my parcel was meant to arrive today and it still hasn't?,AmazonHelp
294872,2017-10-06 17:52:43,186222,@AmazonHelp Are you going to help???,AmazonHelp
724949,2017-10-06 17:55:23,293644,"@AppleSupport mostly instagram, whatsapp, twitter, facebook (+ messenger), the camera app, sometimes the clock app too",AppleSupport
296394,2017-10-06 17:56:38,186333,"@AmazonHelp Fooled for the 9th time..! product still not delivered to me. Ur dlvry boy calld me to confirm my adrs and didn't turn up..
WHAT'S WRONG? 😤 https://t.co/C8MoaVb530",AmazonHelp
295515,2017-10-06 17:57:31,186380,Just got my @SouthwestAir boarding pass for @186381 Annual Conf #MGMA17 -  Scored B6 on nonstop Ind-&gt;LAX.  Yes!!! https://t.co/StRe47BJdj,SouthwestAir
320696,2017-10-06 17:57:38,192410,@Delta @AmericanAir @116450 you need to allow dogs in cargo from #puertorico asap. It's a crime what ur doing!People are leaving their pets!,Delta
301116,2017-10-06 18:00:42,187818,@AppleSupport I’ve noticed on an iPhone 6S Plus that the camera is blacked out since iOS11 and iMessages are slow — does new update fix it?,AppleSupport
295373,2017-10-06 18:05:13,186349,"@AmazonHelp It was supposed to ship oct 4th but it’s been pending for 2 days.
I just wanna know if it’s been shipped ❤️",AmazonHelp
285183,2017-10-06 18:08:23,183944,"@AppleSupport It attempted to, however many things are still missing or ""unable to download"" 🙄 Not to mention it takes 7 years to do anything 🐌 #snailpace",AppleSupport
295891,2017-10-06 18:10:41,186466,@AmazonHelp  https://t.co/MgGCT9Jtg5,AmazonHelp
728764,2017-10-06 18:11:23,178690,#PSA I've been informed the Astros game is available on Fox Sports One. You can watch it on mobile if you have the Xfinity app.,comcastcares
296049,2017-10-06 18:15:01,186501,@AmericanAir That lady has a serious attitude problem Don't appreciate a condescending rude CS when Im trying to spend my $ to be loyal 2 AA,AmericanAir
723576,2017-10-06 18:18:29,293269,@SpotifyCares Nothing. Nothing is happening. That’s the problem.,SpotifyCares
295377,2017-10-06 18:18:32,186349,@AmazonHelp https://t.co/jBdCfMnXdH https://t.co/YGoqEDIVIy,AmazonHelp
301569,2017-10-06 18:18:51,187943,@AppleSupport 7 plus. 11.0.2,AppleSupport
296489,2017-10-06 18:21:10,186615,Hey @115873 one of your drivers was just sticking his middle finger up at me is this the type of trash you hire,Uber_Support
295827,2017-10-06 18:21:41,186454,@186455 @32742 pfft still waiting for my copy. Sort it out @115830,AmazonHelp
296512,2017-10-06 18:29:37,186622,@AmericanAir @117157 thank you for convincing me to canx this card. No priority boarding with a platinum card? Useless.,AmericanAir
296435,2017-10-06 18:29:47,186600,@AmazonHelp Yes.. Reading.. Waiting.,AmazonHelp
2056684,2017-10-06 18:30:21,608252,This IOS 11. what what update is beans! My phone is giving worst performance ever. 😡 I’m so over it! @AppleSupport,AppleSupport
283651,2017-10-06 18:31:15,294691,@115913 Ive been trying to contact you via email but it keeps coming back to me. I have a complaint,TMobileHelp
295959,2017-10-06 18:33:35,127978,@186482 @Delta From @116462,Delta
294839,2017-10-06 18:37:01,186218,"@AmazonHelp ORDER # 402-5432279-0949158 is not delivered to me. I asked for A-z claim, CS denied with full arrogant reply. Pls follow Amazon IN facebook",AmazonHelp
2055738,2017-10-06 18:38:04,607959,@SouthwestAir Thx! U all are the best. Haven't flown domestic on any other airline in forever (&amp; I travel a lot!). Have a great wkend! @SouthwestAir,SouthwestAir
296875,2017-10-06 18:39:58,186731,@AmericanAir be innovative. Show passengers what happens when they touch down and why it takes 40 to get bags from baggage claims. Geesh,AmericanAir
277861,2017-10-06 18:40:16,182359,@AmazonHelp I have complained about something and without even understanding the matter you guys have just given a solution wow @115821 @115850,AmazonHelp
302291,2017-10-06 18:40:33,188130,Anyone else’s @917 freeze and crash when opening after the new @AppleSupport iOS update?,AppleSupport
731868,2017-10-06 18:48:27,295171,"@295170 @AppleSupport @295169 @AppleSupport @116333 well welcome to world of evil apple, guess what they don't care",AppleSupport
294560,2017-10-06 18:51:37,186144,@comcastcares I am pretty sure I will be downgrading my box from that new X1 back to a regular box.  That X1 has not worked correctly since I received it.,comcastcares
297408,2017-10-06 18:53:16,186835,"@AmazonHelp was about to buy and s8, refreshed the page and the price went up by over £10!!! How is that good customer service???",AmazonHelp
296877,2017-10-06 18:54:55,185518,@AmericanAir I already messaged you guys my information ☹️,AmericanAir
297477,2017-10-06 18:56:11,186861,@115873 what do I do if a passenger is being racist in my car?,Uber_Support
738902,2017-10-06 18:56:39,296718,"@AppleSupport so how about exchange/return period about iPhone I’ll buy in Japan with shutter camera sound?
I still don’t understand bout it",AppleSupport
299754,2017-10-06 18:57:19,187456,"@SpotifyCares Hey - for some reason I can't to play any @14821 songs on Spotify, says the song is unavailable but it's not greyed out...",SpotifyCares
297352,2017-10-06 19:02:20,186827,@115821 Mobile not received but status is showing as delivered. Pls help. https://t.co/JnplrCp9bY,AmazonHelp
303167,2017-10-06 19:05:49,188367,"Depuis la  mise à jour de l’OS en v11, mon IPhone 6 n’est plus du tout réactif normal @AppleSupport ?",AppleSupport
295885,2017-10-06 19:07:05,186466,@AmazonHelp So I take it I will be getting refunded for the next day delivery ? https://t.co/luDW7smzkt,AmazonHelp
297410,2017-10-06 19:10:45,186836,"@AmazonHelp Yes, I got a delivery notification at 7:25pm telling me that they had attempted to deliver? No doorbell, didn’t leave at my secure location?",AmazonHelp
301145,2017-10-06 19:12:36,187828,@Delta @824  is it standard to lie to your customers on all flights or just some,Delta
298119,2017-10-06 19:15:01,187020,"Spending 40 minutes on the phone being bounced around from department to department is exactly how I wanted to spend my Friday, @AmericanAir",AmericanAir
297914,2017-10-06 19:18:30,186972,@115825 Ab wann ist denn die 3 Staffel von Lucifer auf deutsch verfügbar?,AmazonHelp
295918,2017-10-06 19:23:18,186473,@AppleSupport 11.0.2,AppleSupport
297913,2017-10-06 19:24:52,186972,"@AmazonHelp Okay, schade",AmazonHelp
298080,2017-10-06 19:25:09,187010,@Uber_Support Dm means,Uber_Support
301918,2017-10-06 19:26:53,608249,@115888 How do I add this to my account pls,SpotifyCares
2056103,2017-10-06 19:28:03,214587,@TMobileHelp my bill cycle changed without my permission!!,TMobileHelp
255554,2017-10-06 19:30:56,187559,@176772 @AppleSupport Same here but mine keeps switching itself off and I have to turn it back on 😡😡😡😡,AppleSupport
298437,2017-10-06 19:31:43,187109,@AmazonHelp how much gigabytes cloud storage is being provided with amazon drive services for prime customers?,AmazonHelp
295012,2017-10-06 19:32:07,186256,@AmericanAir Thanks @AmericanAir. Flying @116450 now. https://t.co/lP5a9Envzl,AmericanAir
207050,2017-10-06 19:32:55,187686,@Delta Headed to Pittsburgh! Thanks for the seat uograde. Pilot greeting at boarding noted and appreciated👍👍,Delta
740088,2017-10-06 19:35:47,296997,"iOS 11 drains battery, need to charge 2-3x a day!!  Do something @115858 @AppleSupport",AppleSupport
299164,2017-10-06 19:36:32,187313,@Uber_Support Whats up with that???,Uber_Support
298430,2017-10-06 19:36:42,187108,@AmazonHelp Was supposed to be out yesterday. I had notification that they tried delivery but I was in all day. Same today.,AmazonHelp
297889,2017-10-06 19:41:15,186967,@AmazonHelp @115850 forgot to mark you for the #AmazonGreatIndianFestival,AmazonHelp
296912,2017-10-06 19:43:53,187330,@SouthwestAir Always look forward to flying Southwest!  They have the best flight crew in business!,SouthwestAir
740590,2017-10-06 19:44:37,297119,Seriously @AppleSupport what the hell is wrong with #iOS11 &amp; my #iphone6s ?? My battery just gets worst &amp; worst everyday!! #Notcool,AppleSupport
299234,2017-10-06 19:48:46,187328,"@comcastcares It’s your website that I can’t get to, not my log in info. It keeps saying server not found",comcastcares
300058,2017-10-06 19:49:34,187549,Wish @115850 will have a exchange offer for Kindles. My aging Kindle is still in good condition but would love a Paperwhite.,AmazonHelp
299163,2017-10-06 19:51:42,187313,"@Uber_Support For some reason hes not on my past trips, he didnt even stop he just looked at me holding it under my arm and drove off",Uber_Support
735795,2017-10-06 19:53:04,296013,LAX to Chicago over hour delay. Explanation?  Waiting for paperwork @AmericanAir Get it together. Going to miss connection. Poor. #sucky,AmericanAir
304056,2017-10-06 19:54:27,188595,@AppleSupport why i can NOT transfer videos from my ipad to iphone ???,AppleSupport
295809,2017-10-06 19:56:05,186450,@AmazonHelp What are you good for are u here to help or go route me to call because I already called they gave me the fucking refund then cancelled it,AmazonHelp
299629,2017-10-06 19:59:01,187421,@117086 sempre com os melhores descontos nos piores momentos 😭💔💰,AmazonHelp
2056288,2017-10-06 20:02:58,608125,Never again will I conduct  business in the future with Tmobile @115913 @115911 @TMobileHelp #YourFired!!!!!,TMobileHelp
299700,2017-10-06 20:04:49,187441,"@AppleSupport I have an iPhone 7, pls allow downgrading back to iOS10. I can’t downgrade my watch S2 but I can sell it (WatchOS4 is garbage too)",AppleSupport
737819,2017-10-06 20:05:12,231935,@296457 @Delta I took it yesterday so hoping that counts,Delta
300032,2017-10-06 20:06:48,187543,"@115850 : Tried loading money in Amazon Pay twice, Your app and webpage shows success message but money doesn't get loaded #Whatshappening",AmazonHelp
301889,2017-10-06 20:08:21,188028,"@115888 If I'm not getting 30 minutes ad-free afterward, could you not block me from the rest of the mobile app with advertisements?",SpotifyCares
301978,2017-10-06 20:12:27,188051,Landed in Orlando. Not sure how our pilot saw over the controls... @AmericanAir is hiring them young these days... https://t.co/DDyuj0timM,AmericanAir
299071,2017-10-06 20:15:33,187286,@AppleSupport Ios11 &amp; I have both,AppleSupport
735764,2017-10-06 20:16:14,296006,"@115873 you had better not charge a fee when it says the driver is 5 min away but he is actually 20, smh",Uber_Support
301622,2017-10-06 20:20:00,187957,"@187956 @187958 @187959 @187960 @15045 @Delta @15046 @15047 @82638 So wonderful advocating with you, Shawn! Thanks for the ride, too.  :)  Onward &amp; upward!",Delta
298979,2017-10-06 20:20:05,187261,"@AmazonHelp Start. How can it be left in a porch yet we signed for it. Plus we don't have a porch, we have a door step, on a main road, and it's raining",AmazonHelp
300531,2017-10-06 20:24:28,187653,@AmazonHelp You're having logistic issues but my location is only 40 minutes away from the dispatch station so why is it taking so long? 2/3,AmazonHelp
300756,2017-10-06 20:28:41,133699,yayyy booked by @SouthwestAir flights for winter break!,SouthwestAir
306212,2017-10-06 20:28:49,189105,updated to ios11 and my music app doesn’t work. sick of your products falling apart when the news and new updates come out @AppleSupport,AppleSupport
300562,2017-10-06 20:31:59,187657,Excellent choice in packaging @115830 - 🍌 for scale. https://t.co/nnD4klamlN,AmazonHelp
735780,2017-10-06 20:33:11,296010,@Uber_Support Just filed a ticket.,Uber_Support
739482,2017-10-06 20:38:33,296860,I Been on @115888 @116130  as an artist/customer before it was even in the #USA @117168 💪💯 How do I get verified?🤔😦,SpotifyCares
2057328,2017-10-06 20:38:56,608457,@608458 I have the 8 plus and my shit lags like crazy! Thanks @AppleSupport,AppleSupport
301042,2017-10-06 20:41:48,176087,@AmazonHelp please can you help me I have been promised numerous call backs and contacts and still no response please help,AmazonHelp
306625,2017-10-06 20:44:50,189204,@AppleSupport why can’t I remove my payment details on my iPhone. None of the reasons given given as a reason apply to me at all. Furious,AppleSupport
207271,2017-10-06 20:46:27,165036,@TMobileHelp why is there an extra $20 upgrade charge when purchasing an iPhone from you?,TMobileHelp
281990,2017-10-06 20:50:07,183179,@Delta I do not see me listed for Comfort?? Can you help me with that??,Delta
301068,2017-10-06 20:53:16,187802,@AmazonHelp The carrier is Intelcom Courrier Canada Inc.,AmazonHelp
301128,2017-10-06 20:55:17,187823,@AppleSupport iPhone 5s and an iPhone 6s both with iOS 11. It freezes if I use 2 apps at once e.g. Facebook and music or messenger and Snapchat. Thank you,AppleSupport
302761,2017-10-06 20:56:11,188252,"Flying with @AmericanAir like 🤦🏼‍♀️ Looks like we'll be missing the rehearsal dinner, sorry Josh. #AmericanAirlines https://t.co/IwnKVi3PIo",AmericanAir
683114,2017-10-06 21:01:56,283024,"@SpotifyCares Galaxy S8, Android 7.0, Spotify 8.4.22.857 https://t.co/mK4xZmJOe4",SpotifyCares
306697,2017-10-06 21:03:58,189220,Hi @Uber_Support I'm a Uber partner. I haven't done any service since I started but I've a negative balance of -498MXN. Why ? https://t.co/w7K8sYRvf2,Uber_Support
300544,2017-10-06 21:05:11,187655,@AmazonHelp Thanks I just filled it (so it helps you to improve your packing process but for me it does nothing right ?),AmazonHelp
295394,2017-10-06 21:05:18,186353,@AppleSupport I currently still have my previous phone,AppleSupport
302686,2017-10-06 21:11:02,188228,@Delta I've been trying to find out about my airline miles. I'm very disappointed with your delaying flights and how u treat the disabled.,Delta
301498,2017-10-06 21:15:18,187920,"@AmazonHelp It's just confusing because I ordered Wednesday and the product page said ""Want it by Friday, Oct 6? Order within x amount of hours"". So I thought it would arrive today. 🤷🏻‍♀️",AmazonHelp
307228,2017-10-06 21:16:10,189369,@AppleSupport why does my WiFi keep turning itself on? I’ve turned it off at least 4 times today,AppleSupport
744284,2017-10-06 21:22:26,297956,@AppleSupport notification and reminder alerts aren't appearing on my phone. Tried resetting. Didn't work. iPhone 6S running iOS 10.3.3,AppleSupport
301807,2017-10-06 21:25:12,188008,@AmazonHelp iPhone,AmazonHelp
302795,2017-10-06 21:25:41,188258,"Your F.A. just scoffed at me when I asked what drinks are available and rudely said, “the menu’s right in front of your face” @SouthwestAir",SouthwestAir
2056847,2017-10-06 21:31:04,608307,@115873 my friend left her phone in this car today and the driver will not respond to us. Can you help. TY. 🙃 https://t.co/1ecQHIHOIj,Uber_Support
301959,2017-10-06 21:33:01,188047,@TMobileHelp I did. No response. 😢,TMobileHelp
301084,2017-10-06 21:33:07,187806,@AmazonHelp Neither option is worth it as it's at my expense if the order is damaged and need it replaced.,AmazonHelp
307980,2017-10-06 21:34:10,189529,Me podéis explicar pq esta puta mierda no va desde q lo actualicé !? @AppleSupport @115858 https://t.co/NhENjZNvst,AppleSupport
298042,2017-10-06 21:34:29,182742,@Delta I got through and made my change.  Seems like website and app could use more functionality.,Delta
303218,2017-10-06 21:40:34,188378,"@AmericanAir Appalling &amp; disgraceful attitude from your supervisors hanging up then refusing to transfer me because ""it ended with her""",AmericanAir
302638,2017-10-06 21:42:58,188214,@115821 I bought some bags Aug 20th I was supposed to have revived them between Sept 14 &amp; Oct 2 Still don’t have them. Can’t email seller,AmazonHelp
301908,2017-10-06 21:45:21,188032,@SpotifyCares the united states - my school is miami university.,SpotifyCares
745823,2017-10-06 21:47:08,298307,"Dear @115858 !
The iOS11 is very beautiful but the battery life is terrifyingly bad. This is the worst battery life ever on my iPhone. 😢😕",AppleSupport
207251,2017-10-06 21:55:03,165030,@Uber_Support I have been charged $335 for a trip that usually costs me well under $30. Have tried getting help from you but no response,Uber_Support
302371,2017-10-06 21:55:06,170351,@AmericanAir @188152 Mostly so they can willfully ignore all options to improve.,AmericanAir
741347,2017-10-06 21:56:22,196203,I wanna fly on the new @SouthwestAir 737Max. Hoping it’s flying one of my upcoming flights!,SouthwestAir
303099,2017-10-06 21:59:09,188342,That awkward moment when you realise your copy of the biggest page turner has 49 of the killer revealing pages missing @115821 @188343 https://t.co/FWdarPhISN,AmazonHelp
308574,2017-10-06 22:00:35,189685,@115858 @AppleSupport this new IOS really sucks. My battery life has been reduced almost to just a few hours!😡😡 #AppleSupport #apple #ios,AppleSupport
313375,2017-10-06 22:00:42,190831,I’m a xfinity subscriber and I can’t stream the game on my phone. Any details? @comcastcares @115900 @165273 https://t.co/0gKbdrMLuX,comcastcares
308561,2017-10-06 22:07:05,189682,@AppleSupport Why provide a driving safety feature but then remove auto-play for podcasts?  So safe to look at phone to go to next episode!,AppleSupport
304392,2017-10-06 22:10:27,188696,Okay but... I'm officially a victim of misleading photos on Amazon. @115821 https://t.co/hl2Z2nJQJm,AmazonHelp
740719,2017-10-06 22:13:16,297150,@SpotifyCares somebody needs to email me ASAP triggle625 at gmail this is so unprofessional to have yo tweet u!,SpotifyCares
303995,2017-10-06 22:14:05,188580,"@AppleSupport its MUCH easier managing books on PC centrally, update/delete &amp; sync to all other devices.  Too slow &amp; error to manage them on ibooks iPad.",AppleSupport
207246,2017-10-06 22:17:28,165028,@115873 yeah hi um I was almost hit by one of your drivers I want compensation for the fear of my life,Uber_Support
2057013,2017-10-06 22:19:34,170351,@AmericanAir @608364 Worse than the rest. AA will never truly apologize with a change of policy or any olive branch to wronged customers. Time for govt reg again,AmericanAir
206987,2017-10-06 22:23:32,165009,Great service in 1st class by Cole on flight DL 1663 ATL to MKE @Delta. The service has been just ok lately he put Delta back up there.,Delta
2057851,2017-10-06 22:24:24,591343,"Hey @AppleSupport, I have a problem to receive your SMS to verify my phone number on my apple ID and for two steps verification.
HELP ! DM ?",AppleSupport
2057103,2017-10-06 22:32:00,608390,@TMobileHelp I'd pay $30 a month.. My girlfriend will only have to pay $40 a month.,TMobileHelp
747642,2017-10-06 22:32:46,298726,"Oh hey @AppleSupport your new iOS update is absolute pish. Battery draining in record time, and apps slow or frozen. What a laugh eh?! 🤦‍♀️",AppleSupport
304028,2017-10-06 22:33:50,188588,"Hey @115821, I've got a bone to pick with you. Who is it that I speak to regarding an unauthorised transaction?

Thanks!",AmazonHelp
306280,2017-10-06 22:34:43,189123,"@Uber_Support I was lured to Cedarhust, ny from NYC for 3x boost.  When I get here, map turns boost to 1.3x. What the hell??",Uber_Support
2058028,2017-10-06 22:40:10,608663,@115858 you need to fix battery drainage on iOS 11.i want a fix or I want the ability to downgrade. I paid close to 1000$ for this,AppleSupport
306324,2017-10-06 22:40:18,189135,@AmericanAir This has happened 3 of 4 or 5 times I've taken this route. Christmas Eve you completely canceled it. Maintenance Issues happen 60-75%?,AmericanAir
207009,2017-10-06 22:45:10,165013,@Delta We are on flight 0418 jfk/Milan. Comfort class Francesco Fredella my spouse is in seat 10j ff#9307641093.His entire entertainment is broken,Delta
2058019,2017-10-06 22:48:52,608616,So wish I hadn’t updated my iPad to iOS 11. It sucks...battery drain is awful even with WiFi. Can’t imagine it on the iPhone. @AppleSupport,AppleSupport
215091,2017-10-06 22:49:12,149134,"@AmazonHelp It wasn’t with prime, so more than likely a 3rd. Emailed them 4 times with no response. Really frustrating.",AmazonHelp
306246,2017-10-06 22:50:48,189114,@SpotifyCares Maybe its just my browser,SpotifyCares
304389,2017-10-06 22:55:57,188695,"@AmazonHelp ALSO what does ""GG"" mean?! Thinkin we playin @125965 out here I'll 1v1 you 👺",AmazonHelp
2058091,2017-10-06 22:59:01,249241,@115858 @AppleSupport this is my iPhone 7. On speaker phone. Half the screen quits working. End the call? It goes back to normal. https://t.co/SUEaXsOi3W,AppleSupport
306264,2017-10-06 22:59:45,189118,"Hey @115873 why app is freezing when is the update for iOS 11? This is annoying, can’t work like this #Uber #iOS11update #freezingapp",Uber_Support
318026,2017-10-06 23:06:11,191889,Chegou! Valeu @117086 😉 https://t.co/6o5gbx29TZ,AmazonHelp
307037,2017-10-06 23:07:45,189317,I HAVE BEEN ON THIS PLANE FOR OUR ENTIRE FLIGHT TIME I SHOULD BE IN SEATTLE BY NOW @AmericanAir NEVER AGAIN,AmericanAir
306647,2017-10-06 23:08:57,189213,I’m totally going to miss my flight because of this Newark bus being an hour late and I know @delta isn’t going to help me out. 😓,Delta
743188,2017-10-06 23:09:58,297700,"@SouthwestAir A 2 hour 20 minute delay with no vouchers, free drinks, or explanation. My loyalty is waning. Not pleased with your service.",SouthwestAir
310262,2017-10-06 23:10:13,190084,@AppleSupport ever since I updated my phone keeps freezing randomly help,AppleSupport
2057424,2017-10-06 23:16:48,608486,"I know I'm in a bad mood, but this @115911 Deeper Coverage bit is awful.",TMobileHelp
304394,2017-10-06 23:18:13,188697,@AmazonHelp Cest surtout pas crédible a cet horaire de voir un transporteur amazon venir en France.. Le colis étais même pas pour moi XD.,AmazonHelp
310240,2017-10-06 23:20:09,190079,@115858 WHY DOES FACETIME NEVER WORK?!,AppleSupport
308012,2017-10-06 23:22:53,189539,@Uber_Support Just happened again. I cannot fucking believe this.,Uber_Support
306560,2017-10-06 23:24:53,189193,@AmazonHelp hey folks.. My Icoffee that I bought died on me and I want to get it fixed but website is down and nobody answers the phone,AmazonHelp
2058179,2017-10-06 23:33:34,608710,"TV broke, cpu overheating, my 5 month old i7+ definitely fucking up since new iPhone announcement 🤔😒 @115858.
Its all bad",AppleSupport
743764,2017-10-06 23:33:44,171553,"@AmazonHelp I hear you r starting your own shipping company. I will wait. This was not an Amazon order, but I've had trouble with your UPS shipments too",AmazonHelp
307480,2017-10-06 23:37:39,189407,Thanks to Michelle and TC from the #ConciergeKey team at @AmericanAir for the clutch transfer! https://t.co/zbptUaNfDX,AmericanAir
307675,2017-10-06 23:42:40,189462,Pretty convenient that @115873 canceled on me and now fares are surging. Everything about the company is shady af. Why do I keep using them?,Uber_Support
306927,2017-10-06 23:43:22,189281,"@AmazonHelp Thanks for a quick reply, but still haven't gotten a message...?",AmazonHelp
308617,2017-10-06 23:45:16,189697,Although it appears my bag isn’t going to meet me at my final destination tonight... Very sad @Delta https://t.co/dQ6XIH8FNo,Delta
319860,2017-10-06 23:46:11,192242,"@SpotifyCares I replied to the DM and then didn't get a reply again, tried Spotify again and got the same issue going on, are you going to help?",SpotifyCares
303108,2017-10-06 23:47:47,188346,"@AppleSupport With the latest update, why am I unable to go back and read older messages ?",AppleSupport
307058,2017-10-06 23:49:13,189323,@AmericanAir And we arrived at 3:04 for 3:17 flight. Your policy says doors close 10 minutes before departure. We could see the passengers on the jetway.,AmericanAir
308967,2017-10-06 23:53:22,189777,I fired @115873 today. Which ride share services can you recommend in NYC? #DeleteUber,Uber_Support
281131,2017-10-06 23:54:39,182987,@AmazonHelp @115850  guys ur such gestures win customers....love to shop with u guys.. anyway @32160 is not accepting wht they did..lev,AmazonHelp
307190,2017-10-07 00:00:28,189361,@AmazonHelp @189362 some kind of an answer,AmazonHelp
2058312,2017-10-07 00:01:56,608751,@115858 hey man fuck your updates they’re making my phone slow as shit and I’m not upgrading to a stupid phone with no headphone jack,AppleSupport
303685,2017-10-07 00:08:14,188507,@AmericanAir Thanks @AmericanAir for making things right!,AmericanAir
2057529,2017-10-07 00:11:50,608529,@SouthwestAir Wow. I’ve been buying Early Bird since the beginning but never knew that. (I usually get A-30 something. I thought the place was reserved?,SouthwestAir
311632,2017-10-07 00:14:35,190416,@AppleSupport WTF is this poe ass shit?! https://t.co/CNXWD0JiOq,AppleSupport
1311511,2017-10-07 00:18:27,426468,"@AppleSupport y’all are something else!!!! Fix our phones please, this is ridiculous smh. I don’t want the new, thanks! xoxo",AppleSupport
308211,2017-10-07 00:19:54,189591,"@AmazonHelp I was only offered an appropriate resolution once I informed the rep I had taken to Twitter to resolve the issue, which I think was to much",AmazonHelp
309996,2017-10-07 00:24:00,190012,@115877 I just had the WORST experience with one of your drivers. How to I report this?,Uber_Support
751631,2017-10-07 00:24:42,299644,@115858 My cellphone shuts off randomly and my AirPods make a constant buzzing noise when paired and audio isn’t playing. #SAD come on @115858.,AppleSupport
308284,2017-10-07 00:28:48,189614,@115913 @115911 The T-mobile device unlock app won't let me because it's not paid off yet. What can the UnCarrier do to be different from the rest? -JS,TMobileHelp
309036,2017-10-07 00:31:39,189794,Completely unacceptable service by @AmericanAir today. Slowness on their part caused friends to miss a flight they showed up 3 hrs early for,AmericanAir
308546,2017-10-07 00:34:25,189677,Why is it so difficult to find a customer support # @115821 it be easier for me to get in touch with the @140 for Christ sake! Like WTF!,AmazonHelp
308239,2017-10-07 00:37:18,189599,Three hours of @delta delays today. That is 4.5 hours sitting in aircraft without flying. WX was not the issue.,Delta
756935,2017-10-07 00:39:12,300900,@300899 @116136 @comcastcares Hahaha “@comcastcares” kinda an oxymoron isn’t it?,comcastcares
2058406,2017-10-07 00:41:19,608782,@AppleSupport ios11 made it so Siri won’t do anything I ask of her. Please help.,AppleSupport
308975,2017-10-07 00:44:02,189780,@115873 just had a lovely evening spoilt by an uber driver who deliberately drove away from our pickup- refused to answer phone or messages,Uber_Support
308057,2017-10-07 00:49:43,170351,"@AmericanAir @189550 Also, dont offer Benji any compensation for his missed flight, lost time, or discomfort; however, make sure to charge customers for the same",AmericanAir
308585,2017-10-07 00:50:31,189689,@AppleSupport Does it always take you over 5 hours to respond to someone,AppleSupport
309249,2017-10-07 00:55:02,189846,Thank you @115821 for delivering my stuff using your own carrier AMZL US which doesn’t arrive until past 6pm. Stick to UPS for Prime Members,AmazonHelp
2058268,2017-10-07 01:00:53,608737,#Happiness is flying to see my son. #Happiness is not a 2.5 hour delay @SouthwestAir so not like you #FLL2BNA #MidnightFlight,SouthwestAir
2057844,2017-10-07 01:02:40,541425,"@SpotifyCares give an option to check # of songs in library/downloaded to device? ""Cannot download"" message, want know how many to delete",SpotifyCares
309638,2017-10-07 01:07:21,189953,"@AmericanAir this is my second trip to Nashville with delays,cancellations,and disappointments. Mark my words. I will always fly southwest.",AmericanAir
308230,2017-10-07 01:08:35,189596,"@AppleSupport I contacted u 3 hrs ago, the problem is still there but an agent got my diagnostic analysis and I’m waiting for his response in a few days",AppleSupport
309192,2017-10-07 01:11:01,145416,"When you order from @115821, the item comes damaged and then they want you to go through the trouble of returning it.",AmazonHelp
748229,2017-10-07 01:18:25,298869,@TMobileHelp can someone assist me ? I have been a customer over 20 years.,TMobileHelp
752902,2017-10-07 01:19:49,299946,"I spent 800 bucks on my iPhone 7 Plus.. and y’alls updates are killing it. Non stop freezing, weird noises, etc.
@AppleSupport @115858",AppleSupport
309224,2017-10-07 01:24:14,189842,@AmazonHelp It’s https://t.co/T6nAWsSnib where I ordered. #StillClueless #AmazonUS,AmazonHelp
309301,2017-10-07 01:28:04,189867,"@Uber_Support I've done this already, there's already one hour and I didn't receive a reply",Uber_Support
308948,2017-10-07 01:28:35,189771,"@Delta I just have. I hope you are able to resolve how I get from LHR to Manchester tomorrow, too.",Delta
309640,2017-10-07 01:31:51,189954,@AmericanAir Well it certainly doesn’t appear that way. Y am I waiting here for hours for a bag that’s probably 100ft away,AmericanAir
309473,2017-10-07 01:36:07,189916,"@AmazonHelp 返信ありがとうございます。
初めての経験だったので不安でした。今後も気をつけたいと思います。本当にありがとうございました。",AmazonHelp
753249,2017-10-07 01:37:39,300033,@AppleSupport hi there.. I have DM-ed you my technical assistance ask,AppleSupport
309247,2017-10-07 01:46:39,168206,@AmazonHelp Just doesn’t make any sense that I’m treated like this when I was a loyal customer since day one and now I’m treated like this.  I’m over it,AmazonHelp
312596,2017-10-07 01:50:06,190654,@AppleSupport ios 11 is wretched. Glitchy and full of bugs. What an epic fail folks,AppleSupport
748618,2017-10-07 01:50:30,298968,"@115913 I was lied to, intentionally deceived by and treated so poorly I’ve decided to retain counsel to pursure the matter!",TMobileHelp
310319,2017-10-07 01:54:53,180551,@180552 @AmericanAir @190106 Thanks!  DM us your Record Locator and we'll congratulate our management for being the worst airline in the world.,AmericanAir
309911,2017-10-07 01:56:41,189990,@AmazonHelp Another question is how do I know it's it elgible to be used?,AmazonHelp
747657,2017-10-07 01:58:16,298731,"@SpotifyCares As an alternative, do I just follow artists and not save any albums? I can still play full albums either way...",SpotifyCares
309917,2017-10-07 02:03:01,189991,@AmazonHelp seems to be mainly with USPS (postal service). UPS gets here on time usually.,AmazonHelp
2058610,2017-10-07 02:05:32,608856,@AppleSupport how do i turn off auto-brightness in IOS 11.0.2. It used to be in the settings but it’s not there anymore. Thanks,AppleSupport
309930,2017-10-07 02:10:49,189993,@AmazonHelp Of course! My order tracker said it was on track to arrive tonight by never came,AmazonHelp
269584,2017-10-07 02:13:01,177737,"@AmericanAir I heard it goes well with a glass of 10,000 birthday points",AmericanAir
310669,2017-10-07 02:14:23,136509,"@SouthwestAir I already did, I need a better price!!! Please have a sale soon!",SouthwestAir
750056,2017-10-07 02:17:52,299291,@Uber_Support why was my account disabled when I haven't even taken my first trip yet lol,Uber_Support
310793,2017-10-07 02:20:16,137582,Well that's done @118117 and @115821 echo are linked but I can't get her to obey yet.,AmazonHelp
747000,2017-10-07 02:20:38,298581,@AppleSupport Great! Thankyou so so much! Wasn’t sure cos it wasn’t where it was before ahaha,AppleSupport
2058215,2017-10-07 02:26:07,608724,There is a man named James G. that was working the @Delta Special Services counter at SFO today and he's such a kind soul &amp;great cust.svc!!,Delta
227565,2017-10-07 02:26:18,170281,"@comcastcares I responded to this with the DM and they fixed my stuff immediately, that was clutch Comcast!",comcastcares
2058305,2017-10-07 02:32:24,190562,@115888 PUT ZHANG YIXING AKA LAY’S SECOND ALBUM SHEEP ON SPOTIFY RIGHT NOW THANK YOU,SpotifyCares
310535,2017-10-07 02:32:47,190156,@AmazonHelp Thank you!!!!,AmazonHelp
320678,2017-10-07 02:37:15,192406,@AppleSupport can yawl like fix my flashlight 😫 i’m tryna take some pictures of my hairless cat and i can’t because my flash don’t work,AppleSupport
311690,2017-10-07 02:42:31,190433,fuck the shit @115873 driver who just ucking sexually assaulted my friend are you for fucking real?,Uber_Support
311128,2017-10-07 02:43:55,190299,@AmericanAir It was so easy. Now I don't even know at what time I'll get to Chicago...,AmericanAir
310797,2017-10-07 02:45:58,190221,@AmazonHelp なるほど！つまりAmazon help= Kindleマンだったわけですね！スッキリしました！Safari起動します！,AmazonHelp
320905,2017-10-07 02:52:27,192451,Usei o feedback pela primeira vez pq cansei disso no #ios111 hey @AppleSupport where are you? https://t.co/3fhSvsp4xb,AppleSupport
311362,2017-10-07 02:57:57,190359,@115911 Why do I have to sign up for a TMobile ID in order to chat-box you questions about switching to your carrier? #frustrating,TMobileHelp
311562,2017-10-07 02:59:01,190399,#AmazonIndia bad product delivered me your credit is very loose this seller Pl. Look it up https://t.co/pFsKcbvqbr,AmazonHelp
2057369,2017-10-07 03:06:40,608470,@AppleSupport @608469 Read his tweet?..,AppleSupport
310792,2017-10-07 03:07:49,137582,@AmazonHelp I can't get her to obey command to play music on my sonos speakers in Robin's Room at all.,AmazonHelp
310353,2017-10-07 03:10:43,190115,@AmericanAir Awesome!! See you again next week #flyingAmericanAir 🇺🇸✈️🇺🇸,AmericanAir
311666,2017-10-07 03:11:01,190423,@115873 hello team...trying to get in touch with your nz based crew...can you send me your email address format please? via DM is cool!,Uber_Support
291753,2017-10-07 03:13:57,185478,@AmazonHelp Filled all the details @AmazonHelp,AmazonHelp
288497,2017-10-07 03:20:42,184725,@184726 @AppleSupport Good to hear. Was happening every day for me. Upgraded an hour ago. Let’s see 🤞,AppleSupport
2058548,2017-10-07 03:23:59,608830,"@115888 you better put Mellowgold by Beck back on, serious",SpotifyCares
311645,2017-10-07 03:24:50,190418,@Delta So we will just show up to the airport with his birth certificate to get him on the flight that day?,Delta
312150,2017-10-07 03:25:51,190548,"@115850 orders Vivo y66,seals were temperd,used phone, scratch on screen delivered.cheating customer.plz return or exchange",AmazonHelp
752867,2017-10-07 03:33:30,190492,"@115850 pathetic customer service. Deliver a damaged product, ask customer to courier back for return &amp; then deny providing refund #fraud",AmazonHelp
763090,2017-10-07 03:36:26,302343,@AppleSupport @302344 What happen apple? My phone keeps on Temperature Iphone need to cool down! Even its not hot! What to do?,AppleSupport
312459,2017-10-07 03:40:32,190616,"@Uber_Support I pay cancellation charge when I cancel my ride, is there any provision for me when driver cancels trip without information?",Uber_Support
720642,2017-10-07 03:45:11,292477,@AppleSupport It's misleading to present it as you do in control center. Use a 3-state control. It's a security hole and battery drain the way it is,AppleSupport
2058596,2017-10-07 03:45:27,608851,@SouthwestAir I need all the vouchers. This is wild. I flew from your headquarters and they messed up this bad.,SouthwestAir
297900,2017-10-07 03:47:26,186968,@AmazonHelp I think prime is not beneficial at my location so can i withdraw this service ?,AmazonHelp
311495,2017-10-07 03:56:20,190393,@AmazonHelp Updated already kindly check and revert,AmazonHelp
312183,2017-10-07 03:57:04,190553,@AppleSupport Pues hagan una cuenta en español culeros,AppleSupport
312245,2017-10-07 03:59:11,190567,@TMobileHelp @115913 What a rip off why? And yet I bet the device is still priced the same across all carrier variants including unlocked version,TMobileHelp
312406,2017-10-07 04:07:59,190604,My echo dot can no longer discover or control my lights @15457 @115833,AmazonHelp
2058478,2017-10-07 04:14:56,608806,@SpotifyCares sent.,SpotifyCares
311031,2017-10-07 04:19:53,190281,@AmazonHelp The problem just started two weeks ago.,AmazonHelp
312621,2017-10-07 04:21:30,190658,"So @115873 messes up my location, sends driver to that location, and I get charged $5 because of that!",Uber_Support
2059662,2017-10-07 04:25:04,609141,@AppleSupport is this what I get for fixing my Macbook screen? https://t.co/oCVwt68auz,AppleSupport
313306,2017-10-07 04:31:33,190812,FireHD の保護フィルムが最初からヒビ入ってるんだがAmazonで交換してもらえるだろうか…,AmazonHelp
312879,2017-10-07 04:37:26,190721,Long Time no See B757  #AA @AmericanAir  desde una salida de emergencias ☺️ la perfecta ABP👍🏼 https://t.co/dTfGnJgaQ6,AmericanAir
313724,2017-10-07 04:42:09,163377,"They won't change my flight, but they did say they are sorry, so it's ok! @Delta for the win!",Delta
294325,2017-10-07 04:45:24,162750,@AmazonHelp And how did you solve my query? You simply told out of the box. Go order second one. Are you a new joine or an intern,AmazonHelp
753945,2017-10-07 04:50:53,300204,@115873 please provide the name of the driver than made my rating a 4.91 so that I can return the favor.  I can only see what I ratedthedriver,Uber_Support
313050,2017-10-07 04:52:04,190761,"@SpotifyCares https://t.co/2YdIjHSAzv

The song is available elsewhere but isn't showing up here in the US.",SpotifyCares
322054,2017-10-07 04:53:45,192727,@AppleSupport y’all needa fix ios 11 it’s messing up everyone’s phone. 🙃🙃,AppleSupport
314272,2017-10-07 04:59:39,191028,@128308 Amazon mere sath beimani kiya hai 7357969931,AmazonHelp
313348,2017-10-07 05:07:36,190825,@115911 your shitty fucking service is affecting my friendships.... wtf,TMobileHelp
313538,2017-10-07 05:08:39,190865,You have an @115873 app fully loaded #PTM that you use in India daily but in London doesn't work #useless although there are cabs close by!!!,Uber_Support
314250,2017-10-07 05:09:19,190903,@191024 @123288 @115850 even after providing me a wrong faulty product they are not giving my refund. government should take action on amazon,AmazonHelp
2059764,2017-10-07 05:12:56,609180,"@AppleSupport Battery drains faster even after updating to iOS 11.0.2, needs a fix especially for the battery draining issue.",AppleSupport
2059120,2017-10-07 05:15:45,608996,"@116136 @comcastcares Oh, so this is why I cant stream the NLDS. https://t.co/SWHHb67SM5",comcastcares
313434,2017-10-07 05:16:57,190849,"@115850 order #405-9144030-4845136 is delivered a week ago as per you, but not reached me till date? Will i ever rec d actual delivery?",AmazonHelp
2058620,2017-10-07 05:19:59,608860,"@SouthwestAir @608859 We know your things are important, &amp; our team has lost tons of bags! Please, pack stuff you dont mind never seeing again, Luke!",SouthwestAir
313427,2017-10-07 05:24:46,190847,May I ask what the point of a delivery photo is if it’s gonna be a picture in a car where literally they could be outside any house @115821 https://t.co/pez9oHayXP,AmazonHelp
313466,2017-10-07 05:34:00,190854,@AmazonHelp Bought OnePlus 5 Midnight Black 8GB RAM+128GB memory on 21/9/17. 10% cash back &amp; no cost EMI ON HDFC BANK CREDIT CARD NOT GIVEN.,AmazonHelp
313734,2017-10-07 05:36:58,190910,"Hello @Uber_Support, recently changed my number, can you help me update it in your system too? Can’t figure out how to login 😕 Thanks much",Uber_Support
313708,2017-10-07 05:43:51,190905,@AmazonHelp After 12pm then I told them I have also many works yesterday you guys told me you deliver in morning and suddenly you change,AmazonHelp
313840,2017-10-07 05:48:00,190939,"@115830 They aren’t in stock when you are letting people order the, still as they say in stock on website? Lying thieves is why",AmazonHelp
322682,2017-10-07 05:52:12,192864,"Things I HATE about #iOS11 : notifications view, HORRIBLE BATTERY LIFE, slow performance. I have to say this is CRAP @115858 @AppleSupport",AppleSupport
314051,2017-10-07 05:56:05,190939,@AmazonHelp I’m sick of your lies and today two items that were promised in prime I’m now told won’t be delivered,AmazonHelp
772282,2017-10-07 06:01:04,304476,"Hey @Delta , are you and @116136 having a contest on who is the fucking worst? Youre both winning.",Delta
278985,2017-10-07 06:01:10,182539,"@115850 Reinstalled app, cleared cache, loin again app is updated but IAM still unable​ to get prime membership. HELP...",AmazonHelp
314118,2017-10-07 06:02:41,190994,@SpotifyCares depending on the colors of the art behind it the title can be hard to read too,SpotifyCares
313233,2017-10-07 06:08:21,190805,@AmazonHelp Ce lien me dit où est mon colis et le problème rien de plus c'est là que j'ai vu qu'il y avait un problème merci de m'aider svp,AmazonHelp
755942,2017-10-07 06:13:03,300684,@115873 Horrible service very unprofessional cursing and insulting @115879 just earned another loyal customer,Uber_Support
314485,2017-10-07 06:13:47,191088,うちにもアマゾンからミニスーファミ遅れなかったごめんちょってメール来てたわ,AmazonHelp
322651,2017-10-07 06:13:54,192853,@AppleSupport The edges of my #iPhone5S screen has become yellow while getting old: is there any recall campaign about it?,AppleSupport
313655,2017-10-07 06:22:23,190897,@AmazonHelp Now check it.,AmazonHelp
314474,2017-10-07 06:30:31,191086,@AmazonHelp Last week I cancelled prime membership (I have confirmation) but today I have been charged £7.99 to renew plus a odd £1 charge!,AmazonHelp
314216,2017-10-07 06:35:20,191019,"@AmazonHelp Bonjour, l'article va très bien heureusement 🙃 La boite était encore scellée. Apres le cd manquant avec FIFA18 ca commence à faire bcp 🤔",AmazonHelp
765639,2017-10-07 06:36:14,302983,@302984 @AppleSupport @115858 Facing same problem and after update with ios11 my iphone running very slow not satisfied not expected from @115858 rightnow i am not enjoying to use my iphone with ios11,AppleSupport
315046,2017-10-07 06:41:33,191090,@191215 @AmazonHelp Ja der Lautsprecher knarrt kratzt wie auch immer 😂,AmazonHelp
314794,2017-10-07 06:42:55,191162,@115873 not happy. Wait time went from 7 minutes to 15. Cancelled and charged. Help?,Uber_Support
314001,2017-10-07 06:48:42,146877,@AmazonHelp Also the list view should show the star ratings [key decision maker] of the products for faster decision making to buy or not to buy,AmazonHelp
333645,2017-10-07 06:55:07,195488,@115858 @AppleSupport had the iPhone 8 4 days and a crack has appeared in the middle from the side. No signs of impact anywhere ???,AppleSupport
315122,2017-10-07 06:58:25,191232,@SpotifyCares @115888 @SpotifyCares,SpotifyCares
312814,2017-10-07 06:58:46,190705,@AmazonHelp Done.,AmazonHelp
312419,2017-10-07 07:04:48,190607,@AmazonHelp Thank you so much,AmazonHelp
2055678,2017-10-07 07:05:41,190567,@TMobileHelp @605153 @115913 Why did y'all not include these earphones with the phone?,TMobileHelp
315080,2017-10-07 07:06:48,191223,@Uber_Support Thanks we will,Uber_Support
315307,2017-10-07 07:15:08,191268,"@AmazonHelp Original delivery estimate was Friday, and need it urgently!",AmazonHelp
323018,2017-10-07 07:20:05,192942,@115858 you are slowly loosing me as a customer. HSierra is a joke. Previous apps won’t work. And UW monitor support is nonexistent. Nothanks,AppleSupport
180306,2017-10-07 07:20:18,127178,@AmazonHelp Don’t reply this same message again and again as I want solution not this message,AmazonHelp
315306,2017-10-07 07:30:12,191268,"@AmazonHelp None, we just found it in our tracking on the app. Potentially a mistake and it is coming today?",AmazonHelp
315556,2017-10-07 07:30:40,191340,@AmericanAir Always my first choice!,AmericanAir
285615,2017-10-07 07:39:50,183935,@AmazonHelp When technical person from amazon promised me to refund for motog5plus then why its showing replacement in my order ? Please check.,AmazonHelp
316485,2017-10-07 07:44:15,191572,"@115850 baar bar jhuth 48 hours me problem solve ho jayegi.. or fir dobara 48 ghante , customer velle hai kya
?",AmazonHelp
323418,2017-10-07 07:48:37,193017,@116333 @AppleSupport  pls help me out  to resolve my problem,AppleSupport
758486,2017-10-07 07:48:49,301247,i have the feeling that the @115888 algorithm is only based on playlist names. the list has 200+ songs and nothing can be recommended? https://t.co/zzVJUwDwcw,SpotifyCares
757639,2017-10-07 07:51:45,301065,@Uber_Support @1285  the driver just asked me to book another cab cz he doesn't want to go at my dest &amp; now I'm standing at Del airport,Uber_Support
236681,2017-10-07 07:54:55,172362,@AmazonHelp @115821 Aucune réponse.... si seulement votre livreur n’avait pas bloqué ma boîte aux lettres,AmazonHelp
315740,2017-10-07 08:03:09,191385,"@AmazonHelp わざわざフォロー外からありがとうございます…！
一度も使ったことがないためまだ不安な点が多すぎるだけなので、ご利用させていただく際に不明点があれば質問させていただいてもよろしいでしょうか？",AmazonHelp
275181,2017-10-07 08:10:11,181741,@AmazonHelp I placed a return request for another item today but I wasn't allowed to change the bank account for refund,AmazonHelp
316470,2017-10-07 08:11:23,191567,@AppleSupport @191567 i have been to apple about this and it is brock,AppleSupport
317477,2017-10-07 08:19:14,191769,"@AmazonHelp got refund for item that didn’t arrive, but paid £5.99 and only refunded £5.21",AmazonHelp
314719,2017-10-07 08:26:31,191147,@AmazonHelp Not resolved..had to postpone the delivery to Monday,AmazonHelp
307399,2017-10-07 08:27:13,193129,@AppleSupport Except the WiFi toggle doesnt even work properly,AppleSupport
317497,2017-10-07 08:34:34,191774,@115821 @115830 things I hate Pantry-spending 15mins bursting airbubbles to fit in recycling.Tesco doesn't do this. Ur smart &amp; can fig out https://t.co/QBRDFdWB2i,AmazonHelp
319210,2017-10-07 08:34:42,192136,@Delta AMS staff would not let me send luggage through all my flights today. Likely miss connection in ATL to BHM.... help!,Delta
317513,2017-10-07 08:34:53,191777,@Uber_Support Driver started the trip without picking me up. I’ve charged incorrectly as driver not turned up at my location.,Uber_Support
294241,2017-10-07 08:41:58,185733,@AmazonHelp Haven't you been investigating this for 10 days now. Please share findings...,AmazonHelp
318622,2017-10-07 08:47:07,192016,"Thx @115850 for sending me a grt gift to my little bro...
N
making my #karwachauth spl...",AmazonHelp
766824,2017-10-07 08:47:25,303261,"@115858 @AppleSupport your iOS 11.0.2 update is shocking. Apps just crash , volume pop ups don’t show, in call loudspeaker toggle not working",AppleSupport
317415,2017-10-07 08:53:07,191756,"My next day @115821 #prime delivery has been delayed by a week due to arrival at incorrect carrier facility

Such a Prime experience #amazon",AmazonHelp
317669,2017-10-07 08:54:02,191816,@comcastcares Thank you!,comcastcares
227323,2017-10-07 08:57:38,170167,@AmazonHelp I find it ridiculous. I tell them that the bill and warranty has the same name and they insist that I'm taking my name wrong.,AmazonHelp
315539,2017-10-07 08:58:52,191334,@SpotifyCares I can't reach at Turkey Support team,SpotifyCares
317621,2017-10-07 09:03:08,191804,"@AmazonHelp ありがとうございます！

明日到着予定となってるので、まだ連絡がこないのが心配になってました(*・ε・*)",AmazonHelp
2060022,2017-10-07 09:05:25,609272,@AppleSupport is there any way I can check my iPhone 6's battery health?,AppleSupport
318788,2017-10-07 09:11:53,192050,@AmazonHelp Why can't i order my subscribe-and-save items before schedule? Have changed payment method as suggested. Still see this. https://t.co/lfFH64W0JA,AmazonHelp
317755,2017-10-07 09:15:59,191836,Flying the flag @AmericanAir https://t.co/xFTWAoAnOZ,AmericanAir
317706,2017-10-07 09:16:39,191823,Hallo @115825 . Sind aktuell serverprobleme? Weder am smarttv noch am Handy funktioniert was? Heute morgen ok,AmazonHelp
340202,2017-10-07 09:23:50,197246,@AppleSupport I haven’t seen my new music playlist in  for you fab several MONTHS.Noticed others having the same issue. How can this b fixed,AppleSupport
758844,2017-10-07 09:24:19,301333,"Amazonて、支払い
分割払いできたっけ？？",AmazonHelp
759140,2017-10-07 09:28:17,198998,@115873 @1285 no place to complaint and no customer care for riders #ubercheats,Uber_Support
317921,2017-10-07 09:34:14,191865,@AmazonHelp Bo1dyzzoqc,AmazonHelp
318275,2017-10-07 09:42:34,191942,@AmazonHelp Returning it is such a hassle but you can buy the tanks separately. Is there any chance you could just send me out a tank rather than..,AmazonHelp
2059456,2017-10-07 09:45:32,609083,"@SpotifyCares Hey, I have an issue where I have been charged full premium price, despite still being a student, with no prior warning",SpotifyCares
318248,2017-10-07 09:48:20,191937,"Bonjour @120533
Pas terrible de m'envoyer une carte graphique à 500€ comme ça sans protection... https://t.co/Leh9WKc7FC",AmazonHelp
313503,2017-10-07 09:53:17,162750,@AmazonHelp Then? What do I give you?,AmazonHelp
324568,2017-10-07 09:56:59,193320,"How come now that I updated my iOS update to 11.0.2 on my iPhone 7, I can no longer use “Speaker” during a call??? 😡😡 @AppleSupport",AppleSupport
318233,2017-10-07 09:59:57,191934,"@AmazonHelp @115830 delivery man:
""It'd be smart if you just have the keys so this doesn't happen"".... maybe follow directions.",AmazonHelp
318457,2017-10-07 10:06:52,191978,@115830 who do I contact about a problem with a seller? I ordered &amp; paid for 100ml product and been sent 50ml. Seller ignoring all emails.,AmazonHelp
317323,2017-10-07 10:12:15,191729,@Uber_Support Thanks! I appreciate the quick turnaround time to my grievance!,Uber_Support
318243,2017-10-07 10:15:33,191936,@AmazonHelp It says you've delivered it to my neighbours but the address you've deleivered to my address,AmazonHelp
324263,2017-10-07 10:18:52,193245,@AppleSupport dont hav solution 2 recover Apple id password. I'm struggling since last 3months. Even though giving proof of device ownership,AppleSupport
318900,2017-10-07 10:25:10,192078,@115850 very very bad product delivrd by amazon.my brother ordrd the lg phone Prodct output is not atleast 20 % wt dey gives in discrption,AmazonHelp
318825,2017-10-07 10:30:51,192061,"@AmazonHelp I ordered something with express delivery and it didn't come because it told me to revise payment methods.
reorder - it hapn agn",AmazonHelp
760302,2017-10-07 10:34:54,301659,@TMobileHelp @115913 Done,TMobileHelp
318890,2017-10-07 10:36:02,192075,@115825 Seit gestern Abend kann ich nicht mehr auf Amazon Video zugreifen  (Ps4) 😣 Liegen irgendwelche Störungen vor? 😯,AmazonHelp
278684,2017-10-07 10:43:51,182463,@AmazonHelp Do u thinkur gng 2b be earth's mostcustomer  centric organ #shame ur representative  says legally  I bought it from retailer and not Amazon,AmazonHelp
318629,2017-10-07 10:49:11,192017,@AmazonHelp Aggressive. There is a sign on the front door asking people not to knock and to leave parcels in a specific place. All the other drivers…,AmazonHelp
763091,2017-10-07 10:51:37,302344,"@302343 @AppleSupport iOS 11.1 is in beta testing, I suspect iOS 11.0.3 will be needed before that.",AppleSupport
318794,2017-10-07 10:52:40,192052,@AmazonHelp bonjour je pourrais avoir ce sweat c’est pour un cadeau pour mon frère et j’ai plus sous sur mon compte merci 😁 https://t.co/4ArvQOxnqm,AmazonHelp
283520,2017-10-07 10:56:20,183542,@183541 @AmazonHelp This is great example of #BotChat @AmazonHelp @AmazonHelp do you real people infornt of Keyboard,AmazonHelp
318618,2017-10-07 11:02:40,191919,@AmazonHelp Can I cancel the order?,AmazonHelp
308956,2017-10-07 11:02:46,189772,"@Delta Out of everything, this is what you reply to smh. Shame",Delta
319243,2017-10-07 11:03:45,192144,Still do not have an actual boarding pass for the flight that matters. I have to say I have never experienced this at @AmericanAir before.,AmericanAir
319204,2017-10-07 11:04:43,192135,"@Uber_Support Hello I’ve sent you a PM please reply ASAP, thank you",Uber_Support
2058400,2017-10-07 11:06:44,608780,@AppleSupport So from now onwards there won’t be free app of the week?,AppleSupport
318489,2017-10-07 11:07:45,191987,@SpotifyCares DMed,SpotifyCares
319382,2017-10-07 11:11:10,158252,"Dear @AmazonHelp we are now into the third week of my account being locked by one of your support teams without any communication as to next steps, bar the suspicious phishing email.

And unsurprisingly you are still charging me.

When shall I simply give up? (cc: @115851 )",AmazonHelp
236162,2017-10-07 11:16:24,172247,@AmazonHelp This is for US. I still can't see an option to cancel my UK membership...,AmazonHelp
319752,2017-10-07 11:20:52,192224,Hey @AmazonHelp trying to find these boots from your Facebook ad. https://t.co/ZHf7VgxWOB,AmazonHelp
318796,2017-10-07 11:26:31,192052,@AmazonHelp Parceque j’ai plus de sous,AmazonHelp
324534,2017-10-07 11:29:27,193309,"@AppleSupport updated my 7plus to 11.0.2 - cannot run more than one non-system app at a time. Apps crash, phone becomes unresponsive 😐",AppleSupport
319332,2017-10-07 11:30:18,190856,"@AmazonHelp Pls attempt , but do not make false claims on timely deliveries &amp; misinform customers thru lying .@123288 .@115851 😡😡",AmazonHelp
320565,2017-10-07 11:33:18,192385,@115851 #AmazonIndia am really disappointed with amazon selling products &amp; nt matching tech specs mentioned🙁. Resolution I hear is sorry!,AmazonHelp
320437,2017-10-07 11:39:49,192356,"Disappointment #AmericanAirlines @AmericanAir 11H  with no headsets!Flight att saying there are no empty seats, but had back row for them!😒",AmericanAir
761792,2017-10-07 11:40:57,302009,"なんかAmazonからの荷物、配達完了したことになってるけど、明らかに届いてない・・・・
まじかぁ・・・・・",AmazonHelp
332849,2017-10-07 11:46:40,195274,"@AppleSupport To be clear, there is no audio on the page, but some video (motion graphics), and nothing selected for screen mirroring",AppleSupport
320066,2017-10-07 11:47:58,192279,Hi @AmazonHelp - I put in an express order for a mattress and it's hasn't been delivered. No new ETA?,AmazonHelp
320125,2017-10-07 11:49:01,192295,If my ticket says “seat assigned at gate” does that mean I’ll really have a seat @Delta? Flying basic economy. Thanks!,Delta
321171,2017-10-07 11:54:25,192514,@AmazonHelp Had mailed. No response. Had added money in AmazonPay balance but your system kept cancelling order. Had to pay from card. (1/2),AmazonHelp
283986,2017-10-07 11:57:50,177530,"@AmazonHelp Its time you refer to your own guidelines Amazon! :) 
I have already referred multiple times.
Shame on u!
#ScamAtAmazon",AmazonHelp
2059499,2017-10-07 12:01:58,609093,@Uber_Support please provide your contact number or email address. #uber india,Uber_Support
320317,2017-10-07 12:02:14,192329,"@15778 can you please sort out your @116439 app, it’s dreadful. After watching adverts it says “content not available” 😡 1/2",AmazonHelp
324513,2017-10-07 12:11:00,193302,Some Weird behavior from iPhone after iOS 11 update 🤔 and battery life drifts from a spectrum of wow to worst ! What have you done @115858,AppleSupport
320018,2017-10-07 12:12:53,192278,"@AmazonHelp I hv provided the required details, let me know if you need more details make sure it should be resolved within deadline, I dont want refund",AmazonHelp
2059508,2017-10-07 12:16:20,609097,"I am trying to fly and get my mother out of PR, this is a “one way” cost for a ticket. Needless to say, never again w @SouthwestAir https://t.co/CEq042H476",SouthwestAir
255018,2017-10-07 12:16:33,176515,@AmazonHelp Its ridiculous.Your investigation team says that i got nokia 6 and just close the case.what the hell is going on with you investigation team,AmazonHelp
313068,2017-10-07 12:17:56,190764,@SpotifyCares Done,SpotifyCares
320432,2017-10-07 12:18:12,170351,@AmericanAir @192355 Classic #AAteam,AmericanAir
314502,2017-10-07 12:24:02,191093,@AmazonHelp It was sold on https://t.co/MMab0sBmnA by a seller.,AmazonHelp
320950,2017-10-07 12:26:48,192469,@Uber_Support We have now submitted that form. What is the average turn around time for getting in touch? #uber #creditcardfraud #leftinlimbo,Uber_Support
320847,2017-10-07 12:31:15,192442,@AmazonHelp not sure why you advertise prime 2 day shipping anymore! Don’t think I’ve recieved anything in 2 day recently! #scamalert,AmazonHelp
321194,2017-10-07 12:35:44,192517,@115830 when I pay extra for a before 1pm delivery and it hasn’t shown up... what happens?!,AmazonHelp
313694,2017-10-07 12:40:53,190858,@AmazonHelp Got a reply to wait for delivery as per order. That was whole reason i escalated it. Delvry date is concern.mail says be patient.is it joke?,AmazonHelp
321248,2017-10-07 12:41:16,166635,"@Uber_Support Morning! I have a 1.50 charge that says Uber help, can you explain please?",Uber_Support
2059462,2017-10-07 12:41:30,609086,@AppleSupport Have done that! Pls check and revert.,AppleSupport
763166,2017-10-07 12:42:32,302365,@115911 @TMobileHelp do I need to trade in my device in order to take advantage of carrier freedom?,TMobileHelp
236164,2017-10-07 12:45:03,172247,@AmazonHelp There is no option not to auto renew because th payment got declined. I don't want to add a working card because I will be charged.,AmazonHelp
314508,2017-10-07 12:49:59,191094,@AmazonHelp Tried calling but couldn't get through to the customer care executive. Order was earlier Cancelled by amazonIN still delivered n I paid COD,AmazonHelp
325479,2017-10-07 12:51:56,193529,My phone is definitely going to be dead by 2:30 pm. Thanks new iOS update 🙄🙄🙄 @AppleSupport @115858 #iphoneupdateSTINKS,AppleSupport
321745,2017-10-07 12:55:40,192275,@AmazonHelp each time I have been told to wait 24hrs - I am very disappointed that @115830 are not taking this loss very seriously https://t.co/Xk2mBpzUC5,AmazonHelp
748578,2017-10-07 12:57:01,298957,"@Delta @189954 .@Delta I loved you on ""Designing Women.""",Delta
321469,2017-10-07 12:58:22,192588,Over a 9 hour flight with no in-flight entertainment! Definitely wasn't worth flying business @AmericanAir,AmericanAir
322595,2017-10-07 13:01:31,192840,@AmazonHelp @119356 Please help me with my order # 406-6615880-2604324 Sold by  Rocket Kommerce Its Been More Than 15 days but no solution! https://t.co/dTjVCMCukv,AmazonHelp
320108,2017-10-07 13:04:01,192290,"@Uber_Support Hi, that link was useless I’m afraid. All I got was this? How do I get a refund? https://t.co/MHG4U2FCvv",Uber_Support
320664,2017-10-07 13:05:36,192219,@AmazonHelp Better not to waste my time ...you have same reply for every question. Be better. Thanks for your service.,AmazonHelp
325895,2017-10-07 13:10:26,179912,@AppleSupport hey when I record a video the sound can’t playback. but it works fine when I use Siri. https://t.co/xmFWpTmUur,AppleSupport
321685,2017-10-07 13:11:01,192633,"@AmazonHelp @115830 what light fittings does the included Hue bulb have please, bayonet or screw https://t.co/9QPZkjSxr9",AmazonHelp
321355,2017-10-07 13:14:00,192516,"@AmazonHelp Yes, the archived orders page can only hold 100, then all the other remain on the new orders page.",AmazonHelp
324118,2017-10-07 13:19:24,193218,@115850 What's the point in charging extra for quick delivery when your courier cares two hoots and deliberately delays?,AmazonHelp
321631,2017-10-07 13:23:21,192625,.@AmazonHelp Just received my book delivery &amp; one of the books appears to be water damaged 😔 https://t.co/TjsiQHth1T,AmazonHelp
322644,2017-10-07 13:26:45,159034,"@115850 Guys don't buy anything from Amazon if u want to save ur money ,time and self respect. They are having worst customer service #fraudamazon",AmazonHelp
770153,2017-10-07 13:27:29,303910,Ou est #siri? Avec la MAJ 11.0.2 Siri a disparu! Même les techniciens #applestore ne le trouve pas! @AppleSupport @115858 https://t.co/4ietsyHqWT,AppleSupport
763504,2017-10-07 13:35:17,302449,"@AppleSupport I don’t need a support now. has been solve it self.

Thank you for your kindness.",AppleSupport
322035,2017-10-07 13:36:42,192626,@AmazonHelp I have mailed to email id that u dm me ..and reply is different,AmazonHelp
324718,2017-10-07 13:37:19,193358,"@Uber_Support first refused to go nd asked to cancel the trip nd in 2nd booking I was forced to pay by cash.Poor service,how 2 pay by paytm?",Uber_Support
321493,2017-10-07 13:38:39,192595,"@SpotifyCares This is ridiculous, why put an artificial limit to something like this? You don’t want your users to save or favourite music?",SpotifyCares
764724,2017-10-07 13:41:04,302776,@AmericanAir if I purchase an individual membership to the admirals club can I bring in my spouse or do I need a household membership?,AmericanAir
313292,2017-10-07 13:42:17,190810,@AmazonHelp Yes Product have been picked up today evening. Thank you...,AmazonHelp
322452,2017-10-07 13:43:34,192815,"Another @SouthwestAir flight, another issue and delay. Full day of things I HAVE to get done,  and already 1.5 hrs behind. Pattern lately...",SouthwestAir
328262,2017-10-07 13:44:37,194260,"@ComcastCares
#mobile_Care It is bye bye from me if the $30 increase in my bill is not removed. After all my dish is still on my roof and my cell is at&amp;t.",comcastcares
326766,2017-10-07 13:48:45,193859,@115858 unacceptable iOS 11.0.2 update. The battery consumes much faster than ever. Brand new iPhone 7 the battery gone in last than 5h,AppleSupport
322962,2017-10-07 13:49:15,192924,@AmazonHelp how can a product be out of delivery at 1750hrs and delivrd at 1751hrs. Amazing Amazon. dat too when it was cancelled 3days back https://t.co/R0EBSaRDZr,AmazonHelp
322929,2017-10-07 13:51:49,192924,@115850 @AmazonHelp can u plz look at the issues I have shared and process it asap.high time the delivery practices are strengthened.,AmazonHelp
764716,2017-10-07 13:54:26,185067,@delta heads up when adding a phone # in app it asks for area code even after selecting UK or any country outside the US. US only 1 w/ that,Delta
321653,2017-10-07 13:56:26,192628,"@AmazonHelp Can I get a refund on the delivery payment as I paid for next day? If I knew it wasnt going to arrive on time, I wouldn't have paid extra..",AmazonHelp
1577447,2017-10-07 14:00:05,485894,"@AppleSupport Dear Apple, I kindly ask this again. When will we be able to watch carpool karaoke videos on @115948 here in Kenya?",AppleSupport
320007,2017-10-07 14:02:32,192276,@AmazonHelp Je n'ai pas trouvé le lien menant a une réclamation SAV je me suis donc déchaîné sur les commentaires.,AmazonHelp
322620,2017-10-07 14:07:46,192849,@AmazonHelp I have done that please check all the tweets,AmazonHelp
322942,2017-10-07 14:13:52,192928,@115850 Hi Team am very disappointed with new launch 10.Or G Fulfilled by Amazon. ☹️😖😤,AmazonHelp
324716,2017-10-07 14:17:21,193358,@Uber_Support It's on going trip unable to change the trip,Uber_Support
322909,2017-10-07 14:20:35,192921,Qué bien quedan los #AmazonDashButton @116928 en la lavadora de casa @15926 #Skip #EasyShopping https://t.co/BcwENL3838,AmazonHelp
327158,2017-10-07 14:22:01,193972,@SpotifyCares My account email has been changed by someone else and I can't login or get a new login or send you an email or call you....,SpotifyCares
323537,2017-10-07 14:23:28,193057,@SouthwestAir Customer service @SouthwestAir is appalling.  I actually had a Customer service agent hang up on me yesterday.,SouthwestAir
326450,2017-10-07 14:24:35,193958,"@193774 @AppleSupport Hola yo actualice igual y es una ruina, tengo un iPhone 6 y no dura nada con iOS 11 y con la beta 11.1",AppleSupport
320579,2017-10-07 14:26:58,190972,@AmazonHelp Not yet received product fraud Amazon fake promise to customer,AmazonHelp
323916,2017-10-07 14:31:18,193159,@AmericanAir hey me and my wife are flying home at 11:05 today from San Fran to Philly. How about a free upgrade to cap off a vacation!?!,AmericanAir
321360,2017-10-07 14:32:12,192563,"@AmazonHelp Amazon Logistics bien entendu, histoire de changer de d’habitude. 😐",AmazonHelp
325555,2017-10-07 14:34:39,193557,"@delta - Once again, your employees are amazing. Thank you!",Delta
327086,2017-10-07 14:35:40,193948,@AppleSupport After updating to iOS 11.0.2 I’m unable to download updates for my apps. I’ve 13 waiting to update &amp; only get spinning circle,AppleSupport
322640,2017-10-07 14:39:03,192851,@AmazonHelp I send allready ! But amzon nude fact is that ! Worst Amazon.worthless Amazon . You dosent care about customer s care.,AmazonHelp
323388,2017-10-07 14:43:24,193009,"@AmazonHelp Hi, its about the item and services promised for this item. Its a home security camera.",AmazonHelp
264906,2017-10-07 14:43:49,179108,"@AppleSupport @116333 regret updating to ios 11. Even ur bug fixes arent able to fix wifi, battery &amp; bluetooth issues. Pathetic",AppleSupport
765685,2017-10-07 14:44:19,195170,@SpotifyCares People want it* sorry was traipsing round matalan with the wife not concentrating on typing!,SpotifyCares
325956,2017-10-07 14:45:42,193651,"@148768 is way more expensive on @115877 then u want us to pay delivery
Why is it £6 quid more online 4 a box????",Uber_Support
324221,2017-10-07 14:47:57,193234,"@115850 order id-402-4902132-3775509  how this paymnt can be done when no delivery boy came to my add.
Allahabad delvry system is poor. https://t.co/jGqMCKUqen",AmazonHelp
320585,2017-10-07 14:50:50,190972,"@AmazonHelp Now i don't have patience cheaters, fraud Amazon @115850  @AmazonHelp",AmazonHelp
326665,2017-10-07 14:53:36,193837,@AppleSupport No. Is this a larger issue? It’s just video to Android.,AppleSupport
324197,2017-10-07 14:54:44,193229,@115821 How is this Prime? https://t.co/zPzOXmJiq2,AmazonHelp
2638574,2017-10-07 14:58:56,115913,@301659 @TMobileHelp @115725 can you email me pls? __email__,TMobileHelp
334957,2017-10-07 15:00:37,195825,My phone be tripping ever since I updated to iOS 11 😳 @115858,AppleSupport
318757,2017-10-07 15:00:39,192046,@AmazonHelp okay! I'll see.,AmazonHelp
323054,2017-10-07 15:01:56,192954,@Delta Conf # sent,Delta
334948,2017-10-07 15:06:28,195823,@AppleSupport since upgrading to iOS 11 loud speaker no longer works when receiving a call? Please fix! #apple #iOS11,AppleSupport
278877,2017-10-07 15:07:13,182507,@AmazonHelp Hey does Alexa recognises Hindi?,AmazonHelp
324161,2017-10-07 15:14:55,193221,@AmazonHelp I've already told four people in support. Talk to them,AmazonHelp
2060769,2017-10-07 15:15:11,609482,Hey @115858 11.0.2 drains the battery on iPhone 7 really fast.  Should’ve ignored the update like usual.  #thisstinks,AppleSupport
324724,2017-10-07 15:15:55,193361,#Uber as per my last trip driver refused to take me to my destination and you charged me. Why?...and neither you’re replying at App help,Uber_Support
281941,2017-10-07 15:20:45,183167,"@AmazonHelp Yes, I have.",AmazonHelp
318935,2017-10-07 15:26:48,192091,@SpotifyCares YALL CAME THROUGH!!!! https://t.co/5sSlah2XYD,SpotifyCares
324753,2017-10-07 15:29:10,193369,@SouthwestAir It is COLD here. I don’t have my coat. Only a year ago I had to rent a car from DFW to STL to get to a wedding cuz you canceled a flight. 😡,SouthwestAir
324359,2017-10-07 15:29:46,193271,@115830 you have sent me a textbook I ordered where over half of the pages are COMPLETELY BLANK.,AmazonHelp
768251,2017-10-07 15:30:09,303482,@AppleSupport Ive tried ios11.0.2 but still have problems to send messages from contacts. Not every time but quite often.,AppleSupport
2053141,2017-10-07 15:33:03,607185,"@AmericanAir Those moments are a 2-3 min read, a walk down the aisle soliciting, a last minute reminder over the PA. The safety video gets less airtime.",AmericanAir
774118,2017-10-07 15:34:43,304932,@115858 what did you do with these updates?  My phone is lagging or not responding to 2 touch and the iMessage displays with the keyboard and,AppleSupport
323369,2017-10-07 15:39:09,120267,"@AmazonHelp @115850 It was a gift for someone, on their special day. Sadly, you could not deliver, and eventually I could not. This is frustrating",AmazonHelp
324523,2017-10-07 15:42:23,193307,@AppleSupport Thank you!,AppleSupport
334496,2017-10-07 15:48:31,195707,@119356 Any help @115851 @AmazonHelp,AmazonHelp
2060858,2017-10-07 15:50:02,609513,@115858 #itsucks battery mostly #ios11,AppleSupport
326456,2017-10-07 15:53:29,193777,"@Uber_Support when I try to request a ride, it says “There was an error processing your request” I’ve been having to use @115879 for all rides",Uber_Support
326302,2017-10-07 15:55:30,193737,"@115850
Order date
07-Oct-2017
Order #
171-6132696-2878733 but not able to make payment even after inserting right otp",AmazonHelp
330506,2017-10-07 15:56:48,194682,Books international trip to be on same flight as my sister. @Delta moves her to another flight. Grumble Grumble.,Delta
357005,2017-10-07 15:57:34,200769,Why isn’t my internet working....again?! @115900 fuck y’all suck.,comcastcares
331720,2017-10-07 16:00:14,194993,@AppleSupport the new update deleted all my music... thanks,AppleSupport
325817,2017-10-07 16:01:01,193623,"@115821 this morning, a human arrived in my delivery https://t.co/lDtVieWLe7",AmazonHelp
775243,2017-10-07 16:07:14,305229,@AppleSupport last iOS upgrade has slowed down too much my iPhone📱 😡,AppleSupport
324128,2017-10-07 16:09:36,159034,@AmazonHelp By ur side .order is getting returned from chennai every time.Amazon executive can't do anything they are useless#fraudamazon,AmazonHelp
775253,2017-10-07 16:13:11,305232,@AppleSupport It’s the whole phone. I’m following you so you can answer by dm,AppleSupport
772220,2017-10-07 16:15:42,304456,@AmericanAir Supposed arrive last night but flight was cancelled. No one at O’Hare can confirm if it’s in its way. Your agent Gavin was quite rude! #help,AmericanAir
2060493,2017-10-07 16:15:55,362736,@115911 why do I have to resign an EIP agreement that I already signed online!? Guess I won't be seeing my #LGV30 anytime soon! 😠😠😠,TMobileHelp
294252,2017-10-07 16:18:15,185733,@AmazonHelp No u don't get it. i don't have to revert. U have to revert. What details r u talking about? In an earlier tweet u said u hav all my details,AmazonHelp
2071950,2017-10-07 16:21:06,612798,"update on my iPhone: texts are gone, iMessage doesn't work, apps won't open, Snapchat was deleted, &amp; it took 10 mins to tweet this @115858 https://t.co/xdP0fLZxQM",AppleSupport
326698,2017-10-07 16:22:41,193841,@116618 @129773 why is the app crashing on my Samsung? Won't open at all 😭😭😭,AmazonHelp
326293,2017-10-07 16:25:43,193734,"#meuBoxy 
@117086 https://t.co/gKD1y3iyhE",AmazonHelp
321114,2017-10-07 16:32:48,192128,@AmazonHelp When are you going to unblock me?,AmazonHelp
326696,2017-10-07 16:34:58,193841,@AmazonHelp Yes I have! But just comes up with the loading symbol and no further !,AmazonHelp
2064167,2017-10-07 16:35:44,610490,Why is there no @115888 Apple TV app?,SpotifyCares
332503,2017-10-07 16:36:08,195174,"@115858 @AppleSupport My battery on my iphone 7 doesnt last for half a day after your latest update, why??fully charged at 10 today,30% now",AppleSupport
771706,2017-10-07 16:39:34,304318,@115873 I was charged $5 because my Uber driver was lost and never showed up. I had to get another uber to make it to my destination on time.,Uber_Support
327548,2017-10-07 16:39:51,194085,@115850 #AmazonGreatIndianFestival can’t handle the load of the sale 2 of 2,AmazonHelp
2060972,2017-10-07 16:41:58,609546,@DELTA yet again two hour wait.,Delta
327213,2017-10-07 16:44:42,193985,"@SouthwestAir My mother is an hour from missing our wedding because of two sets of mechanical issues. I'm begging you - please, please help",SouthwestAir
326350,2017-10-07 16:45:16,193749,@AmazonHelp How come you guys will mention that product is delivered to the customer without delivering it.@16091 @AmazonHelp @115850,AmazonHelp
332847,2017-10-07 16:47:36,195274,@AppleSupport Please report as bug and attempt to replicate based on info provided. Already using latest software!,AppleSupport
325437,2017-10-07 16:49:52,193519,@AmazonHelp Thanks for prompt response. You can call me now also until midnight (2 hrs from now) if you want.,AmazonHelp
327725,2017-10-07 16:51:05,194132,"@115913 @115911 you guys are are really starting to piss me off. You brick my phone with your shit update, then make me wait 4 fucking days for a replacement? unacceptable.",TMobileHelp
327991,2017-10-07 16:53:34,194202,@115825  @AmazonHelp Irgendeine Idee? Euer Anruf Service funktioniert auch NICHT 😩😩😩 https://t.co/EICcEU8vKo,AmazonHelp
330974,2017-10-07 16:58:08,194801,@Uber_Support I have great ideas and want to discuss about it with your app developer. Do you have New York office?,Uber_Support
325497,2017-10-07 17:00:58,193537,@AppleSupport Contacts disappear https://t.co/aTm4UICg1J is behaving https://t.co/iJcKXGB4XY has become very slow..lot of others issues as well..m unhappy,AppleSupport
327073,2017-10-07 17:03:28,189762,@AmazonHelp AMZL US,AmazonHelp
332812,2017-10-07 17:09:03,195259,"Seriously. IM SO OVER THIS UPDATE. ITS MESSING WITH MY COOKING CHANNEL APP, AND NOW ITS PERSONAL @AppleSupport",AppleSupport
326729,2017-10-07 17:10:15,193847,"@AmazonHelp Oh, okay. sorry for the trouble, it's only been around three hours",AmazonHelp
772721,2017-10-07 17:11:12,304585,"@AmericanAir still sucks.  Mechanical prob with plane,  no est. System still shows ""on time"".",AmericanAir
330976,2017-10-07 17:13:47,194802,@Uber_Support I was charged for a trip that was never started and I cancelled on y’all still charged me the whole trip,Uber_Support
328046,2017-10-07 17:16:21,194207,@AmazonHelp Amazon pay,AmazonHelp
328166,2017-10-07 17:20:31,194236,@SpotifyCares Thanks! Also on my Nexus 5X the app has been dying lately sometimes usually when I hit share on a song,SpotifyCares
333257,2017-10-07 17:23:02,195377,Luv going to bed a my phone halfway charged on the charger and wake up to it dead like thanks #Apple @115858,AppleSupport
328030,2017-10-07 17:25:14,194205,"@AmazonHelp My comment was not about the carrier or the product, but rather spoke in objective terms about the seller's performance re: new vs used",AmazonHelp
316375,2017-10-07 17:26:35,190618,@Uber_Support I need solution within 2 days,Uber_Support
188305,2017-10-07 17:30:35,160185,"@160184 @AppleSupport mines doing the exact same, not just the radio! did you find a solution?",AppleSupport
773127,2017-10-07 17:31:33,210602,"@304694 @115913 @117543 @16160 BTW .@115911 coverage is terrible in #Missoula and generally across the state. Way to go, @117543! #mtpol #mtsen #mthightechjobs",TMobileHelp
773757,2017-10-07 17:36:37,304826,@AmericanAir  Renee in baggage claim at CLE you are amazing! Thx 4 getting my bag back to ORD before they mailed it to the wrong address!,AmericanAir
327990,2017-10-07 17:38:17,194202,"@AmazonHelp Ja, danke! Es gibt einen Totalausfall. 😩😩😩",AmazonHelp
333656,2017-10-07 17:38:37,195492,Hey @115858 i need to permanently delete my iCloud account and i can't do this. Help me please.,AppleSupport
765218,2017-10-07 17:42:55,608940,"@Uber_Support @300680 Address is po box 293.  400 12th st.  Gilcrest, CO  80623.   Plus use po box  or list  both addresses or it will be returned.     Thank you.",Uber_Support
328215,2017-10-07 17:46:21,194250,"@SouthwestAir ""We didn't know this was happening, the pilot didn't even know, he's new. It's only his second flight."" - the Crew.",SouthwestAir
331363,2017-10-07 17:50:27,194891,@115850 gaaand fat gayi kya .Reply nehi kar rahe ho,AmazonHelp
336577,2017-10-07 17:52:46,196303,Some please tell me what the duck this means @AppleSupport @115948 https://t.co/sZrCFvTBdv,AppleSupport
333701,2017-10-07 17:54:02,195507,Building for our future. We are so in love with Delta. #handsonatl #playmatters @Delta https://t.co/JCXuoA7bSE,Delta
330168,2017-10-07 17:56:18,187112,"@AmazonHelp Just had my nextdoor who is a MALE knock on my door saying he had a box pushed in his face when he opened his door by some guy saying ""mate""",AmazonHelp
184060,2017-10-07 18:01:16,159309,"@comcastcares @116136 
Once again internet not working...3rd time in 9 days...and customer service is useless.
#IHateComcast",comcastcares
330936,2017-10-07 18:01:55,194790,Merci @2600 votre livreur a carrément ouvert le paquet ... heureusement que ce n’est qu’un livre ... https://t.co/PwmZ7PhA4M,AmazonHelp
2072412,2017-10-07 18:04:41,612958,My phone hasn’t hit 100% since I updated it to iOS 11. What the fuck y’all doing ova there @115858,AppleSupport
331000,2017-10-07 18:08:23,194809,"@AmericanAir  In case you care, you have lost 2 pieces of luggage and the agent just told me he cannot help me! 😡😤 thanks for nothing",AmericanAir
184048,2017-10-07 18:10:09,159304,@159305 @115725 @115911 🤣🤣🤣 it’s happening,TMobileHelp
778874,2017-10-07 18:12:06,195608,@AppleSupport https://t.co/L0AIM81e3K,AppleSupport
332052,2017-10-07 18:15:09,192400,"If this kind of fraud Amazon done in USA, Gov block the company @115850 @AmazonHelp @115821 @116618",AmazonHelp
332539,2017-10-07 18:18:11,195186,#UberEATS  pathetic service.. we have ordered for veg food and received non veg... This is not acceptable.. order no. 7F984...,Uber_Support
334121,2017-10-07 18:19:04,195604,@AppleSupport my Apple Music app will not work what’s so ever. Wtf do I do???,AppleSupport
331814,2017-10-07 18:19:29,195015,@SouthwestAir just flew on the 737 Max8—great plane!!!,SouthwestAir
331323,2017-10-07 18:21:47,194886,@115821 Your delivery guy left my package at another house (delivery pic proves it!) and the agent said I have to wait mon at 5 to deal. Bs!,AmazonHelp
331610,2017-10-07 18:25:38,194965,"Ugh, @115821. When is my illustrated Prisoner of Azkaban going to ship? It’s been 5 days since release. 😑",AmazonHelp
331763,2017-10-07 18:29:03,195004,@Uber_Support Drivers are canceling short trips to increase earnings. That is not fair to your clients.  Client was cancelled by drivers due to distance.,Uber_Support
331238,2017-10-07 18:29:38,194876,@AmazonHelp I subscribe to prime and use the xbox app,AmazonHelp
246454,2017-10-07 18:32:55,174534,"@AmazonHelp No update from your team, worst service",AmazonHelp
334530,2017-10-07 18:34:33,195717,@115858 @AppleSupport with ios 11 battery drains like water on 4G #batterymanagementissue #iphone6sPlus,AppleSupport
331575,2017-10-07 18:39:26,194958,@AmazonHelp But the others def shouldn't have been late.  Current 1 should have arrived today but won't be till monday,AmazonHelp
331375,2017-10-07 18:42:26,194894,"@AppleSupport Done. For clarification: iPhone charges with USB-A cable, not USB-C cable",AppleSupport
332576,2017-10-07 18:44:06,195199,And one more outstanding checking experience on @AmericanAir-this time from Noe at GDL. Super nice guy!,AmericanAir
332786,2017-10-07 18:45:26,192400,"@115821 @115850 @AmazonHelp Mistake done by Amazon, and custom have to pay,with loss of money not return back by Amazon,even their mistake",AmazonHelp
332093,2017-10-07 18:47:18,195070,"@AppleSupport I did all that.  On both phones.  Took my phone in last night, and they said that it was bent, so I needed a new phone.",AppleSupport
335277,2017-10-07 18:53:07,195920,@797 @AppleSupport guys! right after upgrading iOS 11.0.2 my phone is so messed up! Camera acting funky big time!,AppleSupport
330175,2017-10-07 18:53:42,187112,@AmazonHelp I have clicked on it and it did not give me a choice to verify address?,AmazonHelp
332890,2017-10-07 18:57:40,195289,@Uber_Support You can see both the UBER sticker and license plate info.  This driver is breaking the law.  I have more photos!,Uber_Support
331982,2017-10-07 18:59:12,195053,@AmazonHelp It's not done  anything it went off but then just came back to this screen,AmazonHelp
335017,2017-10-07 19:02:01,195845,"Headed to Boston for #prsaicon from the ATL, and of course I'm flying @Delta. Bring me the Biscoff! https://t.co/6BQpoFAy49",Delta
2064225,2017-10-07 19:04:24,610504,@AppleSupport @115858 ur new update 11.0.2 is draining battery like hell pls fix this asap,AppleSupport
332587,2017-10-07 19:04:43,195202,"@TMobileHelp @195203 @115913 I called T-Mobile 4 help they forwarded me to APPLE, but found out no the xfered me 2 another  tech,not happy w/ svc.",TMobileHelp
333176,2017-10-07 19:05:15,195355,@115850 Prime mmbrs gt guaranteed shipping until a lying email that nobdy ws at home 2cover failings up. Way 2 own up!@115821  @115851,AmazonHelp
2072191,2017-10-07 19:06:31,612885,"@ComcastCares
#mobile_Care Some of my channels aren’t working-they just display color bars-reboot didn’t fix them. Any suggestions?",comcastcares
331594,2017-10-07 19:08:33,194961,"@AmazonHelp It *is* very irritating, tho, that ""we promise it'll be there by 1 tomorrow"" has become ""eh, maybe by 8 again... if we can bother.""",AmazonHelp
334163,2017-10-07 19:11:36,195613,Why am i being charged a fee for just thinking about ordering uninstalled @115873 and @115877,Uber_Support
332947,2017-10-07 19:11:37,195302,"How does @SouthwestAir train their folks to make flying so awesome?  What's stopping UNITED DELTA, etc from emulating them.",SouthwestAir
335253,2017-10-07 19:14:42,195912,"@195913 @115858 My entire phone is glitchy, every now and then it freezes and I can’t even use standby button",AppleSupport
319404,2017-10-07 19:15:36,192169,@AmazonHelp Tried the link same answers all against @2155 regulations. Amazon pay wallet doesn’t allow transfer back to ac,AmazonHelp
333557,2017-10-07 19:22:36,195467,"@115850 
Order no 403-9856306-0082731
No installation yet 
@16298 installation id BA20171006106229
Nthin is done yet
Very poor servic",AmazonHelp
2065151,2017-10-07 19:24:59,610705,Why @115888 took @16444 industry off 🤔,SpotifyCares
335761,2017-10-07 19:25:14,196053,Somethings alittle off here @AppleSupport see the issue?? Playing a song and it doesn’t tell me what minute/seconds I’m at lol https://t.co/86Py3a6QB7,AppleSupport
332538,2017-10-07 19:26:27,195186,@Uber_Support What to DM?? This is a serious issue that has taken place.. a vegetarian has been served a non veg food.. this is gross mistake at your part,Uber_Support
2072254,2017-10-07 19:28:22,612907,"@AmericanAir ; vuelo 989 un desastre salió atrasado 2hs y luego no dieron desayuno 🥞 vergüenza!!!!
Nunca mas viajo con uds",AmericanAir
333146,2017-10-07 19:31:24,195349,@115821 Why are there no contact details for Amazon UK? Such poor service.,AmazonHelp
335735,2017-10-07 19:36:08,196046,"@115858 el iOS11.2 es horrible, está lentisímo y la batería se agota demasiado rapidooooooo 😡😡",AppleSupport
333224,2017-10-07 19:44:00,195368,@AppleSupport iPhone 6s Plus,AppleSupport
334048,2017-10-07 19:46:08,195597,@115821 ich warte immer noch auf mein Paket. Sollte Heute angeblich kommen. :&lt;,AmazonHelp
335304,2017-10-07 19:48:01,195930,Hey @Delta I just missed my flight from ATL to LGA! Can I get on standby for the next flight? HELP!,Delta
782608,2017-10-07 19:53:58,306821,"Asked the @115911 rep to speak with management. Was placed on hold then disconnected. Bad network, bad costumer service.",TMobileHelp
333552,2017-10-07 19:55:23,195465,@AmazonHelp I’m really disappointed 😔,AmazonHelp
782376,2017-10-07 19:56:08,306758,Bugün tam 5 kere şarj oldun be sevgili apple ... @115858,AppleSupport
334166,2017-10-07 20:04:20,195614,@Uber_Support So will you be covering the additional fees I received from my bank and the delay in my travel plans or does your support not cover that?,Uber_Support
782378,2017-10-07 20:04:30,306759,Anyone else have battery issues after 11.0.2 update? @AppleSupport,AppleSupport
334033,2017-10-07 20:04:58,195593,when will I learn that dresses from @115821 made in China will not fit this linebacker body 😂🙄,AmazonHelp
2064052,2017-10-07 20:07:41,610451,#Spotify What's up w/ desktop audio quality? It's clearly better on phone. Customer support no help. #Tidal #YouTubeRed sounding better.,SpotifyCares
334603,2017-10-07 20:09:23,195736,"Well that was a bust. 
Thanks @AmericanAir cancelled flight caused veteran &amp; current military to miss @15116 
#bummed",AmericanAir
334452,2017-10-07 20:13:32,179282,"@AmazonHelp would be arriving to me tomorrow. It's clearly and error since I used the emailed return label for it, wanted to ask to be safe.",AmazonHelp
335405,2017-10-07 20:14:49,195963,@116136 this is how your vendor left our community after they bored through a residential water meter. FIRST CLASS! https://t.co/JHMgHse33U,comcastcares
782362,2017-10-07 20:16:49,306754,"@AppleSupport Hey Thanks for picking this up, sent the details across.",AppleSupport
334644,2017-10-07 20:20:14,195745,"@SouthwestAir Endless mechanically delay from LAX TO LAS which is stressful enough as is, destination wise. No answers. Standby not working.",SouthwestAir
334461,2017-10-07 20:21:20,195701,"@AmazonHelp I received a package I did not order, what do I do?",AmazonHelp
337022,2017-10-07 20:26:49,196410,".@115858 @AppleSupport I am having big problems since installing latest update.  Phone freezing all the time, apps not working, very annoying https://t.co/ZU8oamsWR1",AppleSupport
306578,2017-10-07 20:27:26,189199,"@189198 @AmazonHelp Concordo 100%. Essa semana comprei livros da @AmazonHelp ,  como não estava em casa o entregador me ligou para resolver o problema. 😁",AmazonHelp
334986,2017-10-07 20:28:12,126116,"My @115873 driver dropped me off farther than my designated destination, but the online support is not being helpful. Suggestions?",Uber_Support
336243,2017-10-07 20:29:39,196214,"@Delta I ❤️ U but-on A319 plane, main C 😞(work). I’m 5’4 knees literally hit seat in front of me. No rm to x legs. Sad skymiles customer.",Delta
781430,2017-10-07 20:38:09,306560,"Was just on the phone with a “supervisor” about my bill, was disconnected - no call back either @comcastcares SMH",comcastcares
335831,2017-10-07 20:38:31,196072,"@AmericanAir An outbound connection got attached to inbound flight in PNR, can you make sure no issues?",AmericanAir
337464,2017-10-07 20:39:29,196529,"@115858 tried updating my SE. Failed, had to restore, then reinstall a backup and now, I got a expensive brick that doesn't t install apps",AppleSupport
293770,2017-10-07 20:42:05,183300,"@AmazonHelp Please refer to m attached copy of the investigation report and schedule pickup of the package today.

The package is in a ready condition. https://t.co/TONNjf4SCM",AmazonHelp
337458,2017-10-07 20:43:59,196527,@115858 @AppleSupport The latest update 11.0.1 &amp; 11.0.2 are terrible!! The battery drains as fast as water being flushed down the toilet.,AppleSupport
332548,2017-10-07 20:44:55,195187,"@Uber_Support @195186 Stop acting like a scumbag!If u didnt need their attention,y wld u tweet bout it.Mistakes happen!Ur twitter feed full of hate mongering,jeez",Uber_Support
310554,2017-10-07 20:52:05,190160,@AmazonHelp It still hasn't come in yet and the person i spoke to guaranteed me it by noon. I missed its use and had to go out and buy a different pair.,AmazonHelp
2065218,2017-10-07 20:52:48,610732,"@AppleSupport My iphone 7 plus is getting so warm with the 11.0.2 update, not acceptable? I literally slept with it CHARGING and it burnt me",AppleSupport
338322,2017-10-07 20:55:57,196759,"Hey @128065 and @SpotifyCares, your apps are incompatible and that's super lame.",SpotifyCares
337776,2017-10-07 20:59:33,196620,@AppleSupport Attempting to update iPhone 5S to iOS 11.0.2; downloaded but getting error message on installing w/ no further info. Help?,AppleSupport
335211,2017-10-07 21:03:06,195902,@AmazonHelp The driver was not delivering to me.,AmazonHelp
2064347,2017-10-07 21:03:31,169198,@TMobileHelp why is the TMO store unable to make changes and says I can only call 61?,TMobileHelp
331378,2017-10-07 21:07:59,194894,"@AppleSupport Yes, charging works properly with a USB-A cable",AppleSupport
336154,2017-10-07 21:12:50,196048,@AmazonHelp keeps giving me the wrong fucking code and now I'm out $20. Fuck them,AmazonHelp
338162,2017-10-07 21:13:31,196714,@115858 need to do something about this glitch in this new update... my phone been tripping ever since I updated 😒,AppleSupport
2064156,2017-10-07 21:15:20,610487,"@comcastcares Ok resolve it , I called customer service 5 times and I made sure I reported everything. But still you are cheating and steling",comcastcares
2065384,2017-10-07 21:20:03,610781,"@115877 I ordered my food, you charged me for it, and then the driver is 3 minutes away and it just disappears from my app. What?!",Uber_Support
336156,2017-10-07 21:23:25,196188,"@AmazonHelp Yes I'm on chat with someone right now, thank you:)",AmazonHelp
338927,2017-10-07 21:23:45,184062,iPhone restore from backup @AppleSupport did not resolve #iOS11 battery drain problem. I have had it on for less than 10 min &amp; it's lost 15%,AppleSupport
337810,2017-10-07 21:29:14,196631,"dude @Delta 1 hour on hold trying to give you money and you hung up on me? for real? Also you can ""call me back in an hour and a half""? rly?",Delta
336543,2017-10-07 21:33:01,196295,@120533 je vous kiff mais alors les retards de colis là ...,AmazonHelp
336667,2017-10-07 21:33:30,196315,"@AppleSupport I’m not really seeking help, i just want you to know how miserable #ios11 is, #batteryproblem cannot be solved I guess, my file cannot be restored as well, so there is really no way to make my Saturday great again, thanks for nothing",AppleSupport
336717,2017-10-07 21:38:59,196327,"@AmericanAir The service in the F cabin was also not up to AA service standards, but maybe I'm just spoiled by the consistent service on @Delta",AmericanAir
339486,2017-10-07 21:45:26,197065,"So my iPhone just so happens to not want to charge anymore now that the new one came out, huh? @115858 @AppleSupport",AppleSupport
336977,2017-10-07 21:48:28,196397,The @115821 Firestick is a piece of crap.,AmazonHelp
337491,2017-10-07 21:52:38,196536,@Uber_Support He just did through his account. Thanks.,Uber_Support
337390,2017-10-07 21:56:16,196511,"hair is dead, got a cold, and my amazon delivery didn't arrived today",AmazonHelp
339481,2017-10-07 21:58:12,197064,@115858 I hate iOS 11... its horrible and has made my iphone unusable! Last time i couldn’t use my phone i switched from @11999 to iphon,AppleSupport
337548,2017-10-07 21:59:17,196550,@115911 @TMobileHelp just an FYI. Can't access MyTmo. Keep getting 502 error. https://t.co/xOTUGpilsZ,TMobileHelp
337401,2017-10-07 22:04:36,196513,@AmazonHelp *gave,AmazonHelp
787913,2017-10-07 22:11:17,307932,@AppleSupport I'm having troubles accessing my iTunes Library (I have sent to you a DM),AppleSupport
784897,2017-10-07 22:14:22,307290,"Emergency row seating #allthelegroom AND and an empty middle seat?! I love you, @SouthwestAir - best flight across the country ever.",SouthwestAir
337819,2017-10-07 22:16:25,195930,Wow I just got the #WorstCustomerService EVER foment @Delta I was told I could change the flight I missed for $75... but now it's gone up!,Delta
337385,2017-10-07 22:16:35,196510,@AmazonHelp September 23rd.. I was charged $90 for Amazon Prime as well that I can’t get into my account to cancel and get a refund for.,AmazonHelp
336711,2017-10-07 22:17:11,170351,@AmericanAir @196326 Airport conditions = we don't bother with maintenance until it's unflyable and it's our customers problem.,AmericanAir
338326,2017-10-07 22:18:15,196760,@SpotifyCares Just DM you,SpotifyCares
2065193,2017-10-07 22:21:11,610722,@comcastcares @comcastcares Shouldnt you have an emergency crew for these things???,comcastcares
331683,2017-10-07 22:24:33,194984,@AppleSupport Atall and although I'm given a option to reset my password on iMessage every time I make a new one it won't accept my old or new ☹️,AppleSupport
335703,2017-10-07 22:26:28,196041,@AmazonHelp It wasn't. You can see the price in my first post.,AmazonHelp
338131,2017-10-07 22:36:20,196709,It's so frustrating when @118706 delivers your mail to the wrong address....It makes me never want to order from @115821 again...,AmazonHelp
338199,2017-10-07 22:37:03,196725,@115873 I hate that I can’t get in touch with CS easily. My driver canceled on me and I get billed 5. This is bulshit,Uber_Support
788426,2017-10-07 22:40:21,308037,Ever since I downloaded #iOS11 my battery on my 7 plus is 🚮 @115858 @AppleSupport,AppleSupport
338716,2017-10-07 22:46:44,196860,@SpotifyCares Okay thank you!,SpotifyCares
282236,2017-10-07 22:48:40,183229,"@AmazonHelp Hi, it still hasn't arrived. Saturday midnight. This 6 days after I ordered, on 1-day delivery on Prime. What are my options? Refund? Thanks",AmazonHelp
2064144,2017-10-07 22:49:55,610484,@AppleSupport 11.0.2 (15A421) Thanks.,AppleSupport
338741,2017-10-07 22:54:49,196867,@115911 service sucks when you're in crowded places... No service at all. Horrible. Getting sick of this crap. Plus I have unlimited 4G/LTE..,TMobileHelp
338684,2017-10-07 22:56:58,196853,"@Uber_Support mess was 100% not from the trip I took. I don’t know if there was an error with the driver reporting it, but I am very disappointed because+",Uber_Support
336704,2017-10-07 22:59:55,193562,@AmericanAir I wish I had more time to explore all the amenities. You’ve got SHOWERS up there???!!!! Seriously cool.,AmericanAir
2056881,2017-10-07 23:05:41,554388,@AppleSupport thanks just private messaged!,AppleSupport
336957,2017-10-07 23:05:48,196392,"@AmazonHelp Today, 10/7 https://t.co/VECUUbxwIt",AmazonHelp
2065422,2017-10-07 23:09:09,323821,@SouthwestAir Thanks so much!,SouthwestAir
339185,2017-10-07 23:16:20,196987,@115873 @115873 it should be the same price. Why can't I contact you! Don't be A coward. Please explain this to me. #uberimsayingbye,Uber_Support
260850,2017-10-07 23:22:43,178104,"@AppleSupport The battery does not withstand, please correct",AppleSupport
339144,2017-10-07 23:24:19,196975,@129773 any idea when dowry season 2 will be available to watch?,AmazonHelp
341068,2017-10-07 23:28:36,197485,@Delta How early can I check a bag tomorrow? Flying from YUL to LGA.,Delta
346988,2017-10-07 23:41:29,198627,@AppleSupport No matter how many times I put in the verification code this keeps coming out 😒 @AppleSupport https://t.co/9RibEU4FtO,AppleSupport
339773,2017-10-07 23:42:47,197148,@116136 this company charges its customers $50/month for this internet offer. https://t.co/aiW2O9mE6r,comcastcares
339497,2017-10-07 23:45:54,197069,@Uber_Support Messaging you now!,Uber_Support
787929,2017-10-07 23:48:04,307937,"Two years ago, had a treacherous experience on @AmericanAir. Just want you to know, still telling people and still not flying you!",AmericanAir
339159,2017-10-07 23:51:01,196978,"@AmazonHelp Tuesday, October 10th",AmazonHelp
2065660,2017-10-07 23:53:28,610863,@SpotifyCares I download a playlist but I can't listen my music offline. I don't have wifi where I'm living to download a Playlist again.,SpotifyCares
340191,2017-10-08 00:06:47,197180,@AmazonHelp ...as @115821 does not keep notes on customer calls? You have got to be kidding me.,AmazonHelp
339951,2017-10-08 00:09:15,180183,@AppleSupport  https://t.co/DBjvrR5j3l,AppleSupport
788570,2017-10-08 00:10:42,308046,@AmericanAir Mechanical issues on the way to BOS now issues on the return to COS 1019 from DFW. Loosing faith in AA’s fleet!,AmericanAir
340229,2017-10-08 00:11:33,197253,@115873 need a ride,Uber_Support
340179,2017-10-08 00:18:04,197180,"@AmazonHelp She said ""I already spoke to my supervisor"" when I asked her why I couldn't be transferred.",AmazonHelp
340185,2017-10-08 00:25:45,197180,"@AmazonHelp And more frustrating is that instead of moving me to a DM like most companies have to sort the issue, you have me publicly replying to you",AmazonHelp
789112,2017-10-08 00:26:22,308177,@35039 did you change your name. @115888 https://t.co/H6wiXf2DWk,SpotifyCares
345298,2017-10-08 00:26:46,198161,"@AppleSupport  I have issue with macOS High Sierra Supplemental Update
After update I can’t copy or past any text or files",AppleSupport
2065821,2017-10-08 00:28:23,610906,"Someone else travel with @SouthwestAir this may be our last time using them. We only fly Southwest,they clearly r not about the customers.",SouthwestAir
343188,2017-10-08 00:29:44,197698,@TMobileHelp Your whole website appears to be down. Link didn't appear to do anything either. Just let me know when outages are fixed,TMobileHelp
790810,2017-10-08 00:34:01,197520,Not a single usb plug in this part of terminal D at @122828 works @Delta. In D38-D40 https://t.co/m00bKWQ0lP,Delta
340559,2017-10-08 00:34:16,197341,@115873 pls make a service where 2 drivers can pick you up in the same car and one can take you home and the other can drive ur car home!!,Uber_Support
340497,2017-10-08 00:37:11,197326,@115821 @AmazonHelp I need help ASAP. This is something that needs to be handled over the phone. Is there a contact number?,AmazonHelp
1163211,2017-10-08 00:45:17,393630,"@AppleSupport i can't download free apps or watch any tv shows I bought because there is ""a problem with my billing information""",AppleSupport
344428,2017-10-08 00:47:27,197920,@Uber_Support still can't use my account because its saying i need to pay for fraudulent charges still??!?!!?,Uber_Support
340496,2017-10-08 00:47:40,197326,@AmazonHelp Okay I was talking to this # when you replied. I see the numbers are very different. Is this not associated with you all? https://t.co/GJcExPsTIC,AmazonHelp
331413,2017-10-08 00:54:42,194905,@194904 @AppleSupport oh nope none of that,AppleSupport
341071,2017-10-08 00:54:52,197486,@AmericanAir Haha 😂 I'll show you HOW happy I am once I'm onboard &amp; I'm being taking care of even if it's on such early morning flight out of IAH 👍🏻,AmericanAir
344871,2017-10-08 01:04:40,198051,@16828 is it possible to be able to contact 1 of your assistance to help resolve a very unprofessional experience with your call center,AmazonHelp
345388,2017-10-08 01:08:59,198187,"@ComcastCares
#mobile_Care
What is the best way to determine if a system wide outage or isolated to individual account?  Conflicting codes",comcastcares
344112,2017-10-08 01:14:36,197845,When your @115821 and @501 packages get stolen #blessed #wheresthewine,AmazonHelp
346064,2017-10-08 01:16:40,198364,@AppleSupport please fix this iOS 11 bug that happens on my iPhone 7. Sometimes my last few texts in a thread are hidden under the keyboard. https://t.co/rGR1JxkBii,AppleSupport
343193,2017-10-08 01:20:13,197699,@TMobileHelp Sure! Dm has been sent,TMobileHelp
341274,2017-10-08 01:22:10,197543,@AmazonHelp i got this reply https://t.co/AVx9JvZc9Q,AmazonHelp
344439,2017-10-08 01:23:02,197923,@SpotifyCares “@115888 make it so you can disable this on desktop” -original tweet,SpotifyCares
344898,2017-10-08 01:25:27,198056,"@Uber_Support Ok opened two cases, however I'm now late for my appointment, my time is something that will never be refunded",Uber_Support
324145,2017-10-08 01:31:09,159034,@AmazonHelp Guys see I had posted just few screenshots I am having problem for four times every time they promises they are working on it but,AmazonHelp
323447,2017-10-08 01:33:20,193028,"@applesupport my battery is TRASH &amp; sometimes laggy now, Apple.",AppleSupport
344653,2017-10-08 01:41:25,197988,@115873 I even made my husband go around to the other door rather than slide in after I saw the seat. That's when the driver noticed the spill,Uber_Support
344351,2017-10-08 01:46:21,178615,@197894 @197896 @AmazonHelp Fuck.,AmazonHelp
344667,2017-10-08 01:51:20,197993,@Delta Other routes just say meal requests are not possible in my account page. I should not have to tweet you when considering flying with you.,Delta
2066236,2017-10-08 01:56:16,611025,@115858 explain to me why my WiFi &amp; Bluetooth randomly turns on for no reason &amp; yet doesn’t pick up any recognizable signal til I reset it 😒,AppleSupport
344697,2017-10-08 01:59:49,198001,@AmericanAir no flights from LAX 2 ATL after 10p…then none the next day until 11a…i make this trip every weekend…would like 2 avoid switching airlines,AmericanAir
345154,2017-10-08 02:05:34,198116,Wow @115873 thanks for charging me on a ride I never took because my driver cancelled on me,Uber_Support
345114,2017-10-08 02:07:27,198104,"It'd be nice if packages from amazon actually arrived on their ""guaranteed"" delivery day so I wouldn't waste my Saturday waiting for  them",AmazonHelp
344958,2017-10-08 02:12:52,197870,@comcastcares thanks,comcastcares
2066050,2017-10-08 02:15:27,610971,Had to change our flight out of MSY because of Nate but were charged because we did so before the alert. Can we get a refund? @SouthwestAir,SouthwestAir
345542,2017-10-08 02:17:16,198229,@TMobileHelp @115913 Dropped you a DM. Basic Question. It's a chance to make things right by answering a simple question,TMobileHelp
346759,2017-10-08 02:18:02,198565,@115858 hurry up on the next iOS 11 update and fix the battery drain issue before I switch to the @122986 #pixel2xl,AppleSupport
345101,2017-10-08 02:21:11,192516,".@AmazonHelp After your help person told me my order could not be canceled after it was ordered, the shop I bought it from cancelled it.",AmazonHelp
345364,2017-10-08 02:25:39,198183,@SpotifyCares I'm using a noOk. The version is 6.0  it just stopped working,SpotifyCares
344164,2017-10-08 02:33:04,197852,@Uber_Support Funny. I thought you said you needed my email.,Uber_Support
346994,2017-10-08 02:36:23,198629,"Dear @115858, I still don't understand the headphone insert being the charger insert. Im trying to listen to music but my phones dying... 😐",AppleSupport
345281,2017-10-08 02:39:29,196752,"@AmazonHelp placed a prime order on October 5th, all of the tracking said “arriving today by 8pm” and suddenly it switched to tomorrow. Why?",AmazonHelp
345379,2017-10-08 02:44:50,198186,@comcastcares wht date will this be availble because i dont see it,comcastcares
2066429,2017-10-08 02:49:41,611083,@AppleSupport am I supposed to be experincing glitches with the new ios update?,AppleSupport
345659,2017-10-08 02:52:02,198257,@115850 @133462 @4030 Plz suggest me a smartphone with NO CAMERA or any basic phone with GPRS connectivity shippable to Pune.,AmazonHelp
289813,2017-10-08 02:52:11,170280,@Uber_Support How long could it possibly take for you to access my account and contact your driver? Your process is broken. PLEASE ESCALATE TO NEXT LEVEL,Uber_Support
345656,2017-10-08 03:04:24,198256,偽amazonから架空請求きた。,AmazonHelp
2067564,2017-10-08 03:05:05,611406,ios 11 is shit @AppleSupport,AppleSupport
324150,2017-10-08 03:15:27,159034,"@AmazonHelp Amazon is a big fake company ,if u want ur money and product ordered got cancelled or delieverd  to some other people ,then u can buy from",AmazonHelp
289814,2017-10-08 03:15:57,170280,@Uber_Support I have replied to your email with the detailed descriptions requested. Please contact your driver and get my property returned,Uber_Support
804339,2017-10-08 03:16:50,311673,@AppleSupport  coversheet’s animatation stutters when pulled down on ios 11.1 beta 1 on my 5s 😩,AppleSupport
346226,2017-10-08 03:21:23,198405,@115850 I am so fed up with your services .my fire stick is not working .it's been over a week but I am still awaiting a call from you.,AmazonHelp
2066119,2017-10-08 03:26:16,400333,"@Delta I suggest that every time a plane makes passengers late like flight 1338 did on 10/6 u start passing out airline miles 2 say I’m sorry, not a agent saying nothing we could do about mechanical!",Delta
227984,2017-10-08 03:30:00,170359,@SpotifyCares You’re cool,SpotifyCares
227968,2017-10-08 03:32:21,170353,in total freak out mode.. nervous about flying for the first time ever in the AM!! @AmericanAir i don't think my carry on is small enough😭😭😭,AmericanAir
344618,2017-10-08 03:32:30,197975,@AmazonHelp I don't know how to do the phone option,AmazonHelp
312251,2017-10-08 03:33:33,198869,@190569 @TMobileHelp @115725 Should of just came with me to @ATT,TMobileHelp
346076,2017-10-08 03:39:17,198368,@Uber_Support Done thank you.,Uber_Support
333195,2017-10-08 03:45:41,195361,@AmazonHelp Please help me out. Contact no. 9213232525,AmazonHelp
347487,2017-10-08 03:51:02,198754,@115850 Why should Prime members pay for delivery of Pantry products ? Change of company policy due to achieving the target numbers ?,AmazonHelp
352842,2017-10-08 04:00:14,199888,"@AppleSupport Hi apple I wanted to ask
Can I use apple watch 3 without an Iphone? (I will use my sister Iphone to setup) but for normal use?",AppleSupport
346320,2017-10-08 04:01:46,198436,@Uber_Support Rod sterling please https://t.co/pZsQ0kJA5r,Uber_Support
346734,2017-10-08 04:09:12,198558,@115821 ....my return pickup is cancelled by d courier boy today. Can amazon provide a good customer service any how?,AmazonHelp
346802,2017-10-08 04:19:01,198578,@AmericanAir since when does it take 45 mins to get bags at LAX? Speaking of lacks... you get worse every time I fly,AmericanAir
346780,2017-10-08 04:22:12,198571,@Uber_Support @198570 How can I retrieve my phone?? I'm tweeting from a friend's account,Uber_Support
315294,2017-10-08 04:26:53,191266,@AmazonHelp I had not get any mail by the way tell me one thing are u going to mail me my item which I ordered?,AmazonHelp
337440,2017-10-08 04:27:31,196522,@AppleSupport The newest one,AppleSupport
347949,2017-10-08 04:39:19,198859,@115850 Return scheduled. No. One calls.. Just comes home without informing... And now only msgs r coming. Where is the guy??,AmazonHelp
347205,2017-10-08 04:42:37,198688,@SpotifyCares Spotify 1.0.64.399.g4637b02a; macOS 10.13,SpotifyCares
2066780,2017-10-08 04:49:08,194917,It's all the way right. And I'm willing to bet you won't resolve this b https://t.co/HtPWOz3poM,Uber_Support
183733,2017-10-08 04:51:19,159204,@AmazonHelp cryptography and network security book by William Stalling may be. Checking for offer on that book from August😂 @AmazonHelp,AmazonHelp
353656,2017-10-08 04:59:06,200068,@115858 this is what it looks like when I go to “phone” and try to call people. Ever since iOS 11... but you added echo on messages. Wtf https://t.co/mhEYi7fyvn,AppleSupport
2066884,2017-10-08 05:01:20,611203,"@comcastcares lost all dvr contents, 3 times,does anyone else think Comcast doing it to force people to sign up for xfinity 1. TACKY",comcastcares
346727,2017-10-08 05:04:29,198556,@AmazonHelp Thanks and you too!!,AmazonHelp
347551,2017-10-08 05:12:18,198766,@115873 fuck you for charging $5 for me trying to cancel an uber who just started to do another ride before us. That is complete bs,Uber_Support
354076,2017-10-08 05:18:04,200181,@AppleSupport Why is the Music app on the Apple watch OS4.1 not allowing users to access their iPhone music library? Please re-add! https://t.co/mX7awHbKDv,AppleSupport
346744,2017-10-08 05:21:13,198559,"@AmazonHelp And know three pieces of data about me, my family and more?",AmazonHelp
347584,2017-10-08 05:28:07,198773,"@AmazonHelp Sometimes, the word ""bag"" does actually mean ""bag"" and isn't an offensive word. Really. It's in the dictionary. Anyone can check on this!",AmazonHelp
347608,2017-10-08 05:36:00,198779,@115873 I was wrongly charged for a cancellation. What do I do ?,Uber_Support
354078,2017-10-08 05:37:56,200182,"@AppleSupport Hi, how do I inquire about being double billed for a purchase on Apple TV? #help",AppleSupport
331309,2017-10-08 05:41:11,194885,@AmazonHelp Trying to contact your customer care no and support but no response from you people,AmazonHelp
348633,2017-10-08 05:47:45,198992,@119625 why no Kannada movies and TV shows in prime.what is the use for Karnataka people using prime.This is serious,AmazonHelp
2067325,2017-10-08 05:52:39,611330,"@115913 I'm an IRL Streamer on Twitch, I'm also a TMobile Unlimited customer, I've noticed some slowdowns, can we work out something? 🤔",TMobileHelp
807902,2017-10-08 05:56:12,312519,"@AppleSupport I usually kill the app and start again, Whatsapp is lagging too many apps are lagging.",AppleSupport
347811,2017-10-08 05:57:26,198828,@Uber_Support Not logging in. Can u contact me @ 917299066359,Uber_Support
348787,2017-10-08 06:01:23,199026,Thank you @115850 for delivering law books in time Your services are amazing !!,AmazonHelp
348963,2017-10-08 06:11:42,199063,"@115850 order 408-0591763-9379520
refund rqstd. on 21st Sept. today is 8th Oct..
product was collected after 1 mnth when a rev pickup scd. https://t.co/PRyexirG40",AmazonHelp
241756,2017-10-08 06:12:59,173410,Thank you @Delta for the great service on our flights from Tampa to Maui!,Delta
2066834,2017-10-08 06:15:42,611192,@Uber_Support does the app not work in London anymore? Keeps saying payment method invalid on all my cards / Paypal?,Uber_Support
347936,2017-10-08 06:19:41,198857,@AmazonHelp OID: 171-9246106-3237115. Tracking ID: 921144933491. Just see CC History and ask your station Manager to go fuck himself.,AmazonHelp
2067833,2017-10-08 06:21:48,611502,"@115858 the ios 11 is horrible for iphone 6!! Sooo sloooow, even i have to restart my phone cause it stops working",AppleSupport
347943,2017-10-08 06:24:50,198858,@AmazonHelp Yes I know tht...want to know will I get valid warranty if purchased frm othr e-commerce site?,AmazonHelp
347828,2017-10-08 06:30:30,198833,@AmericanAir How do u check me on then rudely tell me the airport is 24/7 u can stay here until 12:30 p.m for ur next flight. A flight I never discussed https://t.co/QVDln25H3v,AmericanAir
348333,2017-10-08 06:37:27,198928,@AmazonHelp @115851 @115821 please help me with my query,AmazonHelp
351950,2017-10-08 06:39:23,199703,@Uber_Support Update: I made it home alive. And reported.,Uber_Support
345865,2017-10-08 06:46:08,198303,@AmazonHelp Hope you must have solved this issue. Also hope that next time you delivery our order at given address only &amp; to right person.,AmazonHelp
348442,2017-10-08 06:51:29,198948,@SpotifyCares Hello I have a student premium account&amp;I signed up with my nus card which has just expired...,SpotifyCares
348557,2017-10-08 06:54:50,198970,"@115821  You're an awesome site, but your customer services is the WORST.  Always horrible.  Shockingly horrible.  #FixIt",AmazonHelp
356126,2017-10-08 06:57:22,200558,"@115858 Y is iTunes helpline not affiliated?THREE times,ovr an hr. ea. GAVE THEM ACCESS TO CONTROL MY PHONE. End result ""go into the store""",AppleSupport
348351,2017-10-08 07:03:39,198930,"@AmazonHelp Still saying arriving today, it was a birthday present. Had nothing from Amazon to say it'll be late only by me checking my order tracking..",AmazonHelp
348500,2017-10-08 07:11:22,198961,"@AmazonHelp Yes it is Amazon fulfilled, it's got an Amazon fulfilled symbol next to the price",AmazonHelp
348681,2017-10-08 07:17:35,198998,@Uber_Support no thanks for your response,Uber_Support
348519,2017-10-08 07:19:54,198965,"@AmazonHelp Oh I see. Then, could Amazon consider creating some kind of a confirmation button to prevent this from happening?",AmazonHelp
348628,2017-10-08 07:28:27,198991,@AmazonHelp Yes had a chat and reschedule for a later time,AmazonHelp
348182,2017-10-08 07:34:28,198902,@AmazonHelp @118702 @133462 is far far better than @AmazonHelp @115850,AmazonHelp
350161,2017-10-08 07:43:52,199304,Fix my situation rtfn He lied and said he felt threatened and then charged me for a $150 cleaning fee FIX THIS refund me 👿 https://t.co/aUHztEyINq,Uber_Support
1434257,2017-10-08 07:44:08,453003,"@AppleSupport ios 11.0.2 i have problem with battery life and when the screen is closed and i receive sms, the sms sound does not ring",AppleSupport
348346,2017-10-08 07:46:15,198929,@AmazonHelp Done! Hope I receive an update within 3-5 hours!,AmazonHelp
348186,2017-10-08 07:52:55,198902,@AmazonHelp Got a call from head office.i shared all the screen shot of your tweets and share your feed back that u can't help customer,AmazonHelp
332013,2017-10-08 08:03:30,195058,@AmazonHelp Your support person had promised me that my package would be delivered today but there are still no signs.,AmazonHelp
349370,2017-10-08 08:11:15,199158,@AmazonHelp I place 2 order 4__credit_card__ &amp;                         4__credit_card__ I select wrong delivery address by mistake. Fix it,AmazonHelp
356867,2017-10-08 08:16:49,200739,"@AppleSupport after latest update, Bluetooth no longer works. Says connected but sound comes from phone. Same on all household iPhones.",AppleSupport
2067206,2017-10-08 08:19:50,611293,@115888 why do you do this,SpotifyCares
349407,2017-10-08 08:21:56,199165,"@AmazonHelp ordered a game last Tuesday &amp; it still hasnt arrived, its been delayed until the 11th without an explaination. Do you know why?",AmazonHelp
324218,2017-10-08 08:31:18,193233,@AmazonHelp Thank you. Sorted and reordered. Let's hope the watch turns up in the box this time 🤔,AmazonHelp
346548,2017-10-08 08:32:55,198499,@Uber_Support It looks like there were several rides made using my account in Ukraine https://t.co/0UDOhacqWx,Uber_Support
350572,2017-10-08 08:41:33,199407,@115850 hw are u selling a device which is priced @ 1999 on the manufacturers website @ 150% of the MRP? https://t.co/usPJLAtOxi,AmazonHelp
349698,2017-10-08 08:47:15,199209,@AmericanAir Didn't bring devices because of the laptop ban (now lifted I think). But how to charge phones on the plane?,AmericanAir
349610,2017-10-08 08:48:03,199196,@115825 Ghfkrnoffirlenelwkdkekejenwö WAAAASSSSS ICH bin dann mal 3 Tage weg,AmazonHelp
801223,2017-10-08 08:52:21,310927,"@ComcastCares
#mobile_CareXI I’m paying all this money for 75mbps and I only get 15 IF omg lucky ugh and half my house has signal",comcastcares
1434316,2017-10-08 08:53:30,453021,@AppleSupport my camera both rear and front don’t work since the upgrade to 11.1? #failure #flop #bullshit #poorquailty,AppleSupport
348385,2017-10-08 08:55:30,198937,@AmazonHelp I have shared my detail... waiting for your reply.,AmazonHelp
349806,2017-10-08 08:59:15,199231,Yall.....uber tried to charge us $108 for a 25 min ass drive home tonight fuck wrong with y'all @115873,Uber_Support
350095,2017-10-08 09:08:35,199290,@AmazonHelp I had ordered a product which is not yet delivered and customer care said that would refund.I didn't order to get refund.,AmazonHelp
349996,2017-10-08 09:16:01,199272,Amazonギフト券不正請求された😠何がムカつくって自分で使えんのにカードの上限額まで買われたからカード使えん😠もうAmazon一生使わん死ね,AmazonHelp
356847,2017-10-08 09:19:03,200734,@AppleSupport los voy a demandar si no reviven mi iphone.,AppleSupport
349985,2017-10-08 09:26:01,199270,"I'm not too sure but I don't think that my bottom/basement of the case sides are supposed to be bent like this.

@240 @AmazonHelp https://t.co/YXSsk8ag9t",AmazonHelp
350805,2017-10-08 09:32:15,139348,"This is how @115873 @Uber_Support plays you. They show up, don’t call or answer a calls but claim you’re in the car, and take ya money. https://t.co/2RNQdsoHOk",Uber_Support
350794,2017-10-08 09:35:39,199461,@118919 ...There is no rpy or any response from Amazon....From lat 7 days,AmazonHelp
356800,2017-10-08 09:43:55,200721,"@AppleSupport since updating 2 ios11 my phone seems slow and battery draining twice as fast, my partners is doing the same as well, is there a fix coming for this?",AppleSupport
349736,2017-10-08 09:45:41,170769,@AmazonHelp Why was I not left anything through my door to tell me? Second time in the space of a few weeks I've had issues with you. Not good enough.,AmazonHelp
334479,2017-10-08 09:55:45,192128,@AmazonHelp Trying to place my order since 3 days.....today also not working,AmazonHelp
350179,2017-10-08 09:55:58,199308,@Delta @199309 I filed a complaint at the airport and was told I would hear back. 5 days and I am still waiting to hear back.,Delta
331954,2017-10-08 10:04:58,195048,"@120533 Jusqu’à samedi 21h, vous m’indiquiez livraison samedi avant 20h et après la livraison est passée au 11 octobre... une belle arnaque !! 👍🏻",AmazonHelp
350126,2017-10-08 10:13:47,199297,@AmazonHelp Okay.. Finger crossed 🤞. May be some day i wil get lucky 🙃,AmazonHelp
351124,2017-10-08 10:18:50,199539,@AmazonHelp @115850 406-2945792-2405156 order shows as delivered but it was not delivered to me or my security guard. plz look into it,AmazonHelp
365677,2017-10-08 10:21:37,202620,"@applesupport, my new Iphone doesn't give a signal when I receive a phone call or what's app. they say it's caused by IOS11. is that true?",AppleSupport
350515,2017-10-08 10:26:11,171603,"@115911 Hi. Need assistance about 2nd order ⌚️,thanks",TMobileHelp
351830,2017-10-08 10:31:06,199682,@115850 Also will i get 15%cb?,AmazonHelp
289830,2017-10-08 10:32:00,170280,"@Uber_Support I continue to try to log into account but can’t, you ask for a two factor verification sent to the phone that was left in the driver’s car.",Uber_Support
350638,2017-10-08 10:39:48,199426,@AmazonHelp I was not able to access anazon prime and amazon. Had complained however did not get satisfactory resolution,AmazonHelp
810176,2017-10-08 10:43:27,313040,Ffs constantly my iphone is spasming out or just freezes ...doing my head in @AppleSupport any chance you sort the bugs out and do an update,AppleSupport
350695,2017-10-08 10:51:35,199436,@AmericanAir NP. Just wished there were auto updates to mobile pass. (I'm a millennial and was using my phone frequently to make sure flight was on time),AmericanAir
352789,2017-10-08 10:52:10,199876,@115850 Can you please stop with these sales?!! https://t.co/eDdAOerG7f,AmazonHelp
350028,2017-10-08 10:52:58,199277,@SpotifyCares chrome is up to date and it still happens,SpotifyCares
803478,2017-10-08 10:59:18,304339,Ready to go! #VegasStrong @SouthwestAir  (@ Terminal C) on #Yelp https://t.co/e3DXvhVR8F,SouthwestAir
363731,2017-10-08 11:00:02,202197,@115858 MAC Book Pro not Working https://t.co/GfQ1K3eQ63,AppleSupport
352560,2017-10-08 11:02:59,144758,@115850 You have excellent customer service that I know but still cannot provide a replacement for a fire TV stick remote? #disappointed,AmazonHelp
351096,2017-10-08 11:13:44,199535,@AmazonHelp the money is not credited to my account and the time asked by amazon is over. now you asking more time. will amazon credit the loss for time,AmazonHelp
349414,2017-10-08 11:22:16,199166,"@AmazonHelp I have done tht tooo looong back but m not getting any response, you guys has disappointed me badly. Can you check the complete issue pls??",AmazonHelp
349468,2017-10-08 11:26:09,199169,@Uber_Support Having rout map also wrong..thats GPS issue actually. In fact that was the reason 1st payment cancelled from paytm coz it was over charged,Uber_Support
351189,2017-10-08 11:27:44,199551,@Delta So why has NO ONE HERE said that?,Delta
366984,2017-10-08 11:28:11,204096,@202923 @115858 Having the same issues. Not good,AppleSupport
353257,2017-10-08 11:30:00,199979,"@115850 @119625 Moreover, according to the tracking ID. An attempt was made at 12 in the night. Is that really a time to deliver? Honestly disappointed.",AmazonHelp
319447,2017-10-08 11:35:57,192169,@AmazonHelp @115851 I hv received 6-7 apologies frm a dozen Amazon reps all contradicting each others statements n apologising. But 0 resolution.,AmazonHelp
353211,2017-10-08 11:43:56,170803,@115850  why not exchange offer other area pincode.492001,AmazonHelp
350577,2017-10-08 11:50:13,199408,@AmazonHelp I have filled a lot of forms you guyz are just pathetic..,AmazonHelp
2065809,2017-10-08 11:53:00,610903,@AppleSupport I have done a few hours ago,AppleSupport
352578,2017-10-08 11:55:15,199838,Just got my hands on @17247 's Origin. Thanks @115850 for delivering it in under 12H. Lovin this! 😊 https://t.co/rbwbM9PRHL,AmazonHelp
811424,2017-10-08 12:03:55,313318,"Hola @AppleSupport Llevo desde junio de 2016 esperando su respuesta a una incidencia en mi iPad, estoy decepcionada con su servicio técnico",AppleSupport
291344,2017-10-08 12:06:48,185012,@AmazonHelp Not a brilliant picture but you can see the replacement has arrived with the seal intact! Thanks for your help. https://t.co/3plIjKLSUV,AmazonHelp
350032,2017-10-08 12:15:11,199277,@SpotifyCares clearing cache/cookies seems to have worked so far.,SpotifyCares
354023,2017-10-08 12:17:12,200165,@115850 on a single #android tab can't I log into #PrimeVideo and #Kindle with two different IDs?,AmazonHelp
816103,2017-10-08 12:18:49,314335,@Uber_Support why does it take so long for a restaurant to accept an order? I'm still waiting. Calling them defeats the purpose.,Uber_Support
359287,2017-10-08 12:19:32,201085,@115858 @AppleSupport please help. my phone wont update and its been stuck on the iphone updating screen for hours and I cant do anything,AppleSupport
354042,2017-10-08 12:23:23,200170,"@115850 blunder, I have to pay ₹3250 more to give away my Nexus 5 in exchange offer. Instead ₹32,999 I have to pay ₹36,249 + my Nexus 5 😂👌 https://t.co/v6o5a3YRsd",AmazonHelp
352207,2017-10-08 12:28:54,199768,@DELTA trying to cancel a flight. Currently out of the country. Is it possible for someone to do this online for me?,Delta
318658,2017-10-08 12:30:23,192019,@AmazonHelp Pay £75 a year for prime and still not delivered 2 days after it should have been. Twice this has happened now,AmazonHelp
350130,2017-10-08 12:36:19,199297,@AmazonHelp I hope so 😇,AmazonHelp
2068259,2017-10-08 12:38:09,611628,"@AppleSupport pls fix iOs 11, i think it filled with bugs, my phone keep restart and black screen everytime booting.",AppleSupport
355330,2017-10-08 12:44:41,200428,"@115850 hey!
The product that I ordered and the product that I got delivered is not the same. Please look into the matter",AmazonHelp
348064,2017-10-08 12:51:58,198883,@AmazonHelp I've reinstalled still same.A 5yr old can understand by seeing the error that its prblm wid site not app. U keep on denying wll use snapdeal https://t.co/ZHmi1dycIm,AmazonHelp
352408,2017-10-08 12:53:08,199805,@Uber_Support Have done the same.Can you please check,Uber_Support
362500,2017-10-08 12:57:38,201857,"Please @115858 please fix the @318 app. It is impossible to easily see what podcasts I have in my queue
The old version worked fine",AppleSupport
355567,2017-10-08 12:58:10,200474,"@115821 
I was using Amazon for last many years but this time very bad experience when I ordered last product not accept this from Amazon",AmazonHelp
365728,2017-10-08 12:58:34,199810,@AmericanAir how does your pilot not realize he does not have his iPad until we have boarded ... also shouldn’t you have spare at airport?😡😡,AmericanAir
349242,2017-10-08 13:10:22,171435,@AmazonHelp Limited to Non-Prime members because my Brother and one of my friend got their invitation. Both of them don't have Prime (But I Have),AmazonHelp
359836,2017-10-08 13:11:08,201228,@AppleSupport photos are not getting saved in the photo gallery from whatsapp when they are trying to be saved...,AppleSupport
352552,2017-10-08 13:15:24,134059,"@AmazonHelp Several contradictory things. I'm now 34 minutes in, on my second agent, and have zero confidence that faulty product will be collected.",AmazonHelp
356382,2017-10-08 13:22:24,200616,The preparations for Diwali is on its peak with @115850 . https://t.co/cYeNT5gOI6,AmazonHelp
2067894,2017-10-08 13:25:09,517900,@AmericanAir my flight better wait for me or be delayed from Philly to Boston since no one was helpful in changing my connecting flight!!!!,AmericanAir
2067977,2017-10-08 13:26:04,611544,"Whatever you are doing to manage your member accounts and family plan, it's bullocks @115888",SpotifyCares
348056,2017-10-08 13:33:04,201077,"@115850 these type of deals are always available in the market.!!!.
When a customer bought a product of price 1700/- then why pay 150/- delivery.",AmazonHelp
812207,2017-10-08 13:35:25,313539,"Qué onda con este teléfono ?? Se volvió loco. Pone música cuando quiere, se abre Siri, cambia música sola. Etc...@AppleSupport #Iphone7Plus https://t.co/G57OvBodX5",AppleSupport
350657,2017-10-08 13:41:29,173344,@AmazonHelp Thanks. I will wait eagerly.,AmazonHelp
354096,2017-10-08 13:41:37,200190,@Delta thank you Billings MT team for getting me on my flight when you had every right to say no!,Delta
2068476,2017-10-08 13:48:09,159207,Hey @AppleSupport  what’s up with these updates? All it does is make my phone lag and drain my battery?,AppleSupport
350141,2017-10-08 13:49:22,184677,@115850 Resolution to my issue. https://t.co/iykWpgmtr4,AmazonHelp
353671,2017-10-08 13:50:17,200072,@115873 my account is disabled,Uber_Support
807431,2017-10-08 13:50:25,312404,@115911 @TMobileHelp had one of the best customer service experiences ever. Where can I leave a great review.,TMobileHelp
270879,2017-10-08 13:56:41,180619,@SouthwestAir Thank you for always being available and fast to reply on social media!,SouthwestAir
358812,2017-10-08 13:57:26,200979,@115850 my order was to delivered today but it seems the delivery team is also waiting for #karwachauth https://t.co/G7XCwVXrVW,AmazonHelp
806401,2017-10-08 13:57:41,312165,"@AmericanAir I woke up @13452:30, paid for a taxi to JFK, waited for 2 hours, and had my flight cancelled 10 mins before boarding, then was told to go to LGA",AmericanAir
2067797,2017-10-08 14:02:42,176402,@AppleSupport @611488 Just apples way of getting people to upgrade to the new 8 models,AppleSupport
354008,2017-10-08 14:04:35,200163,@AmazonHelp C'est qd mm discriminatoire. J'ai rarement fait d'achats de plus de 50€ et ce n'est que mtn qu'on me dit que je ne peux laisser d'avis.,AmazonHelp
355373,2017-10-08 14:10:44,200440,"@AmericanAir yes,&amp; i left it on my seat flight 3620 to JFK on oct4 &amp; realized that as soon as i got off. wasn’t allowed back on to get them. gone forever",AmericanAir
360649,2017-10-08 14:16:16,193286,@115850 Even after waiting for 48+ hours for what was supposed to be a PRIME delivery i haven't got the product and your support team is useless,AmazonHelp
351229,2017-10-08 14:19:25,199558,@SpotifyCares I've got about 5 different ones saved into one? Anyways forget it thanks for the help,SpotifyCares
351549,2017-10-08 14:19:52,199626,@comcastcares Should put the dm conversation on here public so people can see how games are played.,comcastcares
2068578,2017-10-08 14:24:11,611728,@115858 your new ISO 11.0.2 is literally draining my battery (iPhone 7). Get it fixed or show me how to get back to 10.3.3,AppleSupport
355530,2017-10-08 14:26:37,200470,@117795 suggested resolution was take it back to the post office even after explaining the whole reason for me using your service...,AmazonHelp
349000,2017-10-08 14:32:53,199070,@170351 @AmericanAir Well they charged extra for 6 inches of leg room and then my window shield was stuck and service was horrible so I do feel cheated..,AmericanAir
2067918,2017-10-08 14:34:13,611524,"Increible el servicio de @116875, compré un cable ayer sabado a las 10 pm y hoy domingo a las 9 am ya estaba en mi casa!  👏👏👏",AmazonHelp
356156,2017-10-08 14:35:26,200566,WTF did I do to offend the @115873 deities? https://t.co/IG3HmTvu6H,Uber_Support
2067694,2017-10-08 14:37:21,611451,@Delta I will do it right now!,Delta
320034,2017-10-08 14:42:35,192278,@AmazonHelp Could you please share the ETA,AmazonHelp
2068608,2017-10-08 14:46:43,611740,@115858 @AppleSupport my Garage Band app won’t open up anymore after I did the software update. What to do?,AppleSupport
317932,2017-10-08 14:50:51,191865,"@AmazonHelp It's been 3 weeks now, Amazon lost my products and they still haven't reimbursed me after they lost my products during delivery process.",AmazonHelp
361060,2017-10-08 14:56:21,201494,"@AppleSupport Iphone 7, iOS update. Werkt niet meer, kan ook niet resetten oid. iTunes op macbook herkent hem niet. Toestaan kan niet. help!",AppleSupport
6543,2017-10-08 14:59:40,611727,@117153 @SpotifyCares On the website I have premium but on the app on my phone is still says free. And my bank statement says it went through. I don’t know?,SpotifyCares
809534,2017-10-08 14:59:56,201427,"The hoodie if anything is more offensive because now it looks like I'm not wearing pants but to .@AmericanAir that's ok, just no shorts",AmericanAir
356408,2017-10-08 15:00:24,200624,"@AmazonHelp Le service client ne me sert en rien, vue que quand je demande de l'aide je retourne toujours sur la même page avec les services primes. 1/2",AmazonHelp
2068252,2017-10-08 15:00:51,546930,@Uber_Support can I dm you? Had an issue with a driver this morning,Uber_Support
338138,2017-10-08 15:06:52,196710,@AmazonHelp juste ce mail parlant de l'accès et qu'il n'avait pas pu confirmer mes info de paiement... La livraison sera quand même faite?,AmazonHelp
352772,2017-10-08 15:15:46,199872,"@AmazonHelp #amazonhelp #amazonindia checkout order 
407-1468218-4426738",AmazonHelp
361410,2017-10-08 15:17:07,201583,@201584 @AppleSupport Mine too sis,AppleSupport
358843,2017-10-08 15:21:54,200984,@AmazonHelp Your delivery agents don't read the delivery address and keep calling the customer for address even on Sundays 1/2,AmazonHelp
356840,2017-10-08 15:24:43,200732,"@AppleSupport Done, but I find it crazy. Uk law prohibits using a mobile whilst driving. Yet this move encourages users to do exactly that! #flawed",AppleSupport
357413,2017-10-08 15:27:45,200874,"@115873 , I requested UberX last night, your app decided to request me UberXL, so I cancelled that request. Now you charge me $5?!",Uber_Support
359212,2017-10-08 15:30:01,201074,@115850 I can't find this contest on my phone application nor website @amazonhelp https://t.co/C03LFvuTYX,AmazonHelp
2068120,2017-10-08 15:36:56,611587,"@SouthwestAir Thanks.  Just want to make sure they're assisted. BHM isn't so big, but from the gate in MCO to Disney's Magical Express is quite a haul :)",SouthwestAir
357417,2017-10-08 15:37:06,129645,@Delta Yes. But that’s not the point. You should do upgrades before boarding premium and sky classes.,Delta
336625,2017-10-08 15:37:29,201683,@AppleSupport Apple Pay Not Working in my 8+. Help Plz https://t.co/I05TgvIZYd,AppleSupport
356688,2017-10-08 15:40:11,200695,@AmazonHelp @115830 says dispatched for the past 3 days! Just one book. U've let us down big time! In fact the site says 4th oct delivery?,AmazonHelp
2068117,2017-10-08 15:40:20,313362,"@TMobileHelp Also, please refrain from using exclamation points. I am at this point in extremely frustrated customer.",TMobileHelp
375921,2017-10-08 15:42:22,205156,@SpotifyCares hi. I just wanted to ask is there a chance I can listen to the grayed out songs? https://t.co/w78GIltHo2,SpotifyCares
357432,2017-10-08 15:44:06,200878,@AmericanAir You would think I would learn my lesson as I try once every year or two hoping it will be better. Oh well. Just get me to DFW.,AmericanAir
357345,2017-10-08 15:48:01,200858,"@115850 I hvnt givn any prsnal info. I ordrd produt fr 499 nw its 818, refund me diffrnc of 318 Rs as ordr was cncld from ur side n thts nt my fault",AmazonHelp
810891,2017-10-08 15:50:05,313214,"@AppleSupport Yes i have restarted and it happens on almost every app, I have a 2013 macbook pro",AppleSupport
357377,2017-10-08 15:56:19,200865,@AmazonHelp wait 10 days for a refund or wait around after investigation is done. I NEED PARCEL BY WED hence next day delivery. 😣,AmazonHelp
362528,2017-10-08 15:58:04,195725,"@115873 @Uber_Support That was my third #uber ride and most likely my last. Your companies so called 'customer service', was rather poor.",Uber_Support
358798,2017-10-08 16:02:55,200977,"@AmazonHelp That there’s nothing anyone can do, they can give me more prime extension (which I absolutely don’t want), that they’ll email the depot",AmazonHelp
2068838,2017-10-08 16:03:01,611813,@AppleSupport latest ios11 updates now makes all our business phones near unusable! #niceoneapple #whatareyoudoing,AppleSupport
340527,2017-10-08 16:10:25,197331,@AmazonHelp Got it in time to make a 9 year old happy! Thank you @AmazonHelp,AmazonHelp
351947,2017-10-08 16:13:52,199702,"@AppleSupport Already tried restarting several times..but the screen rotation issue not resolved, also there are frame drops after iOS 11.",AppleSupport
812543,2017-10-08 16:15:46,313603,@115911 @TMobileHelp (2) Now factor yrs on end of dwindling service qlty &amp; constant loss of srvc even @ intersections &amp; barely inside blogs.,TMobileHelp
811883,2017-10-08 16:18:04,201066,"Yo @AmericanAir - I fly first class out of Atlanta. I can't find flights to Havana, Cuba on your web sites. How can I get there?",AmericanAir
808917,2017-10-08 16:19:29,312751,@Uber_Support @199755 how did you get Support? I’m locked out of my acct and can’t get Uber support links to work. Thank u!,Uber_Support
350281,2017-10-08 16:20:44,199332,@AmazonHelp @115850 it doesn’t matter now. You have lost faith of a loyal customer. I made 3 calls to ur cust care and this route. No one cared.,AmazonHelp
362487,2017-10-08 16:23:03,201853,#iOS 11.0.2 is again a fucked up update. Nothing works. The phone keeps vibrating without any notifications. @115858 please fix this.,AppleSupport
359518,2017-10-08 16:28:02,201142,"@AmazonHelp 7873795935
Hope this Helps and let me know what do u mean by this https://t.co/ozwLX3KCOb",AmazonHelp
189855,2017-10-08 16:29:13,202748,@115888 does this work with @17690 Spotify premium? 🙏🏻🤞🏻,SpotifyCares
815249,2017-10-08 16:29:32,314142,@314141 @comcastcares Thats so wierd. Maybe itll still come on at 1....@comcastcares @116136 WYD? 👀,comcastcares
817875,2017-10-08 16:31:39,314798,Aight how do I search for now music with this Apple Music update? @115948 @AppleSupport https://t.co/eVqhbyQo0r,AppleSupport
361487,2017-10-08 16:36:18,201610,@Delta is there a lounge access for Delta Comfort passengers? Thanks,Delta
360711,2017-10-08 16:36:59,201415,@115851 @115850 It's already more than 48 hours to give u all the details....still no response.. Ur 48 hrs is also over @AmazonHelp @115821 @115850,AmazonHelp
356452,2017-10-08 16:37:01,200636,@AppleSupport I’m on vzn network and in one spot I go from 2bar LTE  jumps to 3G down to 1x  repeatedly. When I’m just sitting still.,AppleSupport
359742,2017-10-08 16:44:37,201204,@116618 Told me to phone my bank as there is nothing they can do for me,AmazonHelp
360749,2017-10-08 16:49:19,201421,@118730 How do you see surge pricing in the Uber app? Or is it hidden on purpose?,Uber_Support
368807,2017-10-08 16:50:35,203375,S/o to @115858 for the iPhone update. My phone now freezes at least once a day so that’s super rad. 🙄🙃,AppleSupport
358809,2017-10-08 16:54:14,200978,@AmazonHelp That's true. Selling price is seller decision. But how can u justify showing wrong/different MRP. It's ur platform that is being misused.,AmazonHelp
340554,2017-10-08 16:57:32,197340,@AppleSupport  https://t.co/SaC3aQxkPq,AppleSupport
360824,2017-10-08 16:58:01,201429,"@AmericanAir why did you stop priority boarding for gold? I am a million miler, seems there are no benefits",AmericanAir
360851,2017-10-08 17:00:13,201436,@TMobileHelp Message sent,TMobileHelp
2070039,2017-10-08 17:01:45,612181,"@115888 hi! I really really love my ""time capsule"" but why can't I shuffle it? 🎶 https://t.co/Hx46JNNtey",SpotifyCares
361021,2017-10-08 17:01:55,201484,"@115830 I purchased a Amazon fire from you in August, the screen cracked - literally had a minor scratch &amp; split. Is it under guarantee.",AmazonHelp
296913,2017-10-08 17:06:47,313875,@SouthwestAir I absolutely did not smile on my flight home today.,SouthwestAir
356792,2017-10-08 17:07:57,200718,"@115833 @115821 Error: instead of playing the abc alphabet song, @115833 plays a suicide song named “abc” when saying “Alexa, play abc”",AmazonHelp
363726,2017-10-08 17:11:43,202196,@AppleSupport I pretty sure yesterday it wasn’t connecting to cell service even though it say it was  but today it works fine,AppleSupport
359917,2017-10-08 17:13:25,199009,@comcastcares Why bother? You will just tell me to call in. I've done this so many time now.. None of you are organised.,comcastcares
363297,2017-10-08 17:13:51,202078,@115850  I am very upset with my experience in returning the product and agent rude behaviour.none cares in Amzn pathetic service evr had.,AmazonHelp
367017,2017-10-08 17:19:01,202933,Aaaand our @115877 driver is lost. Can't wait for my cold soggy fries 👍🏼,Uber_Support
360670,2017-10-08 17:20:27,201407,@AmazonHelp  https://t.co/WtZ9FQMdjT,AmazonHelp
361073,2017-10-08 17:21:50,201499,@AppleSupport In News I would like to filter where I get my news from,AppleSupport
348230,2017-10-08 17:27:28,198906,@AmazonHelp Shared all details. No response.,AmazonHelp
362129,2017-10-08 17:30:10,201790,"@AmericanAir 3 flights on 737 s and on the 4th one I am forced to check my bag, why? https://t.co/fWIpHuvEQ5",AmericanAir
183174,2017-10-08 17:33:09,202276,@115850 hopefully it really is nokia 6 not nokia 1100 like my lappy wich wasn't FHD as described !,AmazonHelp
362159,2017-10-08 17:36:33,201798,Well @TMobileHelp I see the update isn't fixing the obnoxious ads when I unlock my phone or search. Deleted every app. Nothing helps.,TMobileHelp
361015,2017-10-08 17:38:43,201483,@AmazonHelp Lady Faire ordered this package September 30th and it just arrived today. Not the first time... https://t.co/aD88PargW9,AmazonHelp
821146,2017-10-08 17:40:13,163656,@AppleSupport Is there to set up a Genius Bar appointment through the Apple Store app? Or is it through the website?,AppleSupport
361345,2017-10-08 17:42:41,195144,@AmazonHelp When you will connect.. Listening same from yesterday,AmazonHelp
364721,2017-10-08 17:47:45,202412,@AppleSupport Thats wat i do but that works not always good...,AppleSupport
334147,2017-10-08 17:52:06,195611,@Uber_Support How long does it take to review. U even take less to fool the customer. I want my money back,Uber_Support
362437,2017-10-08 17:53:12,201841,Word to the wise: don't buy balloons from @115821 !!! Absolutely a terrible experience!!!,AmazonHelp
363450,2017-10-08 17:55:47,202113,@Delta hello i had i flight from new orleans to honolulu i am currently on a cruise ship and wont be able to flight on the date could u help,Delta
2069633,2017-10-08 17:57:59,612054,@AppleSupport fed up of my phone trying to connect to WiFi all the time since the latest iOS update. Thinking of changing to Samsung.,AppleSupport
816776,2017-10-08 17:58:34,314528,@SouthwestAir in air now. how do I access nfl redzone?,SouthwestAir
2069609,2017-10-08 18:04:26,612047,@606168 @115858 Mine has been doing the same thing lately and I haven't even gotten the ios11 update!,AppleSupport
2070260,2017-10-08 18:05:46,372039,@SpotifyCares Activated trial on my laptop. Says 30 days from today it will expire. Why when i opened it via app it says i have only 7 days?,SpotifyCares
362444,2017-10-08 18:11:30,200979,Finally the @83168 is here. Thanks once again to the delivery person who delivered even at 10:30 in the rainy nights @115850 https://t.co/SzNndzYipL,AmazonHelp
366180,2017-10-08 18:12:17,202735,@115858 fix the battery drainage problem. 50% less than ios10.3.3. Wtf is up with that? And people cant even downgrade anymore.,AppleSupport
363367,2017-10-08 18:17:10,202089,@115821 @115850 I have some around 20 kitkat amazon gift vouchers. but ur app or site does nt accept any of them.its really annoying.,AmazonHelp
822269,2017-10-08 18:18:05,315854,@AppleSupport why is my App Store not working on my iPhone 8?,AppleSupport
347395,2017-10-08 18:19:01,198731,@Uber_Support I haven't received any response for over 10hrs noe,Uber_Support
2069371,2017-10-08 18:21:49,201967,"@Delta I'm stuck at PWM for 5 hours, do you have anything heading to NYC area before 7pm?",Delta
818064,2017-10-08 18:22:03,314843,"@comcastcares any place to find more information RE: Crest Hill, IL outage? What it is? ETA?",comcastcares
360659,2017-10-08 18:28:06,201406,@AmazonHelp  https://t.co/9yrys7T8lr,AmazonHelp
817879,2017-10-08 18:31:18,314799,@AppleSupport I've replied. Thank you!! X,AppleSupport
327674,2017-10-08 18:34:38,194120,@170351 @AmericanAir Know any handles of American executives?,AmericanAir
359563,2017-10-08 18:38:48,201154,@AppleSupport The earpods that came in the box you mean?Yeah same issues starting from day 1.,AppleSupport
363371,2017-10-08 18:41:10,185861,Un paquete de @116928  que lleva dos días de retraso... Entro a mirar y pone que no tenía efectivo???  Harto de @137605 https://t.co/PhefzMI3FG,AmazonHelp
363691,2017-10-08 18:50:07,202189,@AmazonHelp maybe you can help?? https://t.co/yUANPVBOcM,AmazonHelp
822690,2017-10-08 18:51:40,315968,"@115858  I was charged over $500 for a subscription that I never signed up for, and you won't refund me.  You don't need to rip people off...",AppleSupport
2069348,2017-10-08 18:55:45,293413,@comcastcares Having internet go up and down really affects people that work from home. Can we get a stable day for once? #comcastoutage,comcastcares
2069322,2017-10-08 18:58:15,611953,"Also, @AmericanAir, the DCA gate agent refused to say why she was checking my bag. I asked multiple times.",AmericanAir
362037,2017-10-08 19:00:17,201762,"@AmazonHelp it's an interesting read. But Can you tell me how someone can obtain my email, 2 last digits of credit card, and know I just made an order?",AmazonHelp
363824,2017-10-08 19:00:51,202225,@TMobileHelp Sent you a DM.,TMobileHelp
364889,2017-10-08 19:05:02,202429,@115873 is an absolute joke now. What is the point in this at all? Ridiculous. https://t.co/wG71NN9LeC,Uber_Support
819364,2017-10-08 19:06:16,315183,Bummer. Now we are down to only two @Delta agents and one them is permanently attached to a problem flight. Sigh.,Delta
2069882,2017-10-08 19:07:01,612135,@AppleSupport My Apple ID seems to have some trouble. My phone asks me to confirm the iPhone passcode and then gets stuck!,AppleSupport
364007,2017-10-08 19:11:54,202271,"@AmazonHelp Ace gentile e tabs dash, non disponibili",AmazonHelp
2069375,2017-10-08 19:16:40,611967,@SouthwestAir can I change a flight booked w/ points &amp; pay the difference w/credit card? Right now it's only showing me the cost in points.,SouthwestAir
366986,2017-10-08 19:18:55,202924,@115858 I was charged for a subscription that I canceled the same day I accepted the free trails why was I charged?,AppleSupport
2069496,2017-10-08 19:19:22,612007,@SpotifyCares HELP!! got a new phone and can't remember my account log in! music is my life!!,SpotifyCares
790766,2017-10-08 19:19:54,308566,@Uber_Support You guys are a joke. I'm never using it again.  Ever. Viva @115879,Uber_Support
364046,2017-10-08 19:22:26,202277,@AmazonHelp I would be great to have GPS tracking for us to check your drivers locations like other couriers have.,AmazonHelp
365361,2017-10-08 19:23:33,202545,"@AmericanAir No one as bad as my mom, but there were people who left their belongings on board, and couldn't get them back.",AmericanAir
364177,2017-10-08 19:24:33,202314,"@ComcastCares
#mobile_CareXI is the internet service down in my area 60645. It’s not connecting to phones tablets etc.",comcastcares
824074,2017-10-08 19:31:14,316299,@AppleSupport I’ve restored from scratch and still battery life is abysmal to say the least.,AppleSupport
365179,2017-10-08 19:32:57,195056,@115850 when is the amazon great diwali sale? Flipkart starting his sale from 14th oct 1/2,AmazonHelp
366618,2017-10-08 19:33:33,202831,"Reviewing some of @Delta 's past slogans. I can see now why you had to change them. ""Ready When You Are""?  Hardly. https://t.co/vegBV698j6",Delta
362068,2017-10-08 19:40:11,201770,"@AppleSupport The problem has been solved 
Thanks @AppleSupport 🙏",AppleSupport
361385,2017-10-08 19:41:15,201577,"@AmazonHelp yes, eventually. Sorry isn’t good enough!Why bother with prime if isn’t next day? But the first time either. Really not happy",AmazonHelp
331451,2017-10-08 19:49:43,194918,@Uber_Support DM means,Uber_Support
366661,2017-10-08 19:50:34,202843,"@116462 @115993 Oops, 4 plus 1 on PayPal.  I expect a refund + refund for any overage charges + free codes for my next flights. #itneverworks @AmericanAir",AmericanAir
365219,2017-10-08 19:51:31,202516,@AmazonHelp Bought a note8 as per the terms and instructions I registered with galaxy app and within 4 days I should have got the coupon to redeem the,AmazonHelp
2069658,2017-10-08 19:56:32,612062,@TMobileHelp how is this LTE speeds on TMo One Plus plan again? https://t.co/29uq9WLN4F,TMobileHelp
367969,2017-10-08 19:59:00,203177,"En serio, el puto iOS 11 me tiene el móvil hecho mierda. Como no me lo arregléis me hago pambisito @AppleSupport",AppleSupport
827516,2017-10-08 19:59:14,317115,"Every day I wonder: @115888, why can’t we sort out playlists alphabetically on desktop? 

CC: @SpotifyCares",SpotifyCares
365625,2017-10-08 20:00:50,202606,"@AmazonHelp Amazon delivery driver speeding &amp; erratic on our no outlet road in Duluth, GA yesterday. Texas plate ending 1880. How to report?",AmazonHelp
365611,2017-10-08 20:07:00,202605,@AmazonHelp Okay. Ich werd ihn/sie nicht zu heiß baden 😅😜,AmazonHelp
365686,2017-10-08 20:09:15,202624,"@AppleSupport That’s the first thing I did. The phone is randomly typing text, opening new pages- even when I’m not touching the screen 🤦🏽‍♀️😒😩",AppleSupport
367557,2017-10-08 20:11:11,203065,".@Delta 40m late bc you overscheduled a flight attendant, why won’t you at least update the departure status to delayed?",Delta
365941,2017-10-08 20:16:51,202703,"@AmazonHelp He did it again. Didn’t trample my lawn, but left the packages in the middle of the walkway and opened the package the way he carried it. https://t.co/YDHQF8kJwt",AmazonHelp
368349,2017-10-08 20:21:13,203277,"@115858 my phone died and uhh it turned back on and all my photos are deleted ?? I had 7,000 wtf",AppleSupport
2069793,2017-10-08 20:27:51,612048,.@americanair J. Rosell at Gate D45 in MIA is an ANGEL in disguise he put a smile on my face ☺️☺️,AmericanAir
825656,2017-10-08 20:33:50,316647,@AppleSupport is Messages on iCloud not supported in sweden?,AppleSupport
366268,2017-10-08 20:34:24,202756,@TMobileHelp I have been told that I mysteriously no longer have insurance on multiple devices.,TMobileHelp
366498,2017-10-08 20:35:14,202807,@AmazonHelp I’d like to undo an accidental cancellation of an order @ can’t find the option. Could you do it if I tell you the order # ?,AmazonHelp
373705,2017-10-08 20:37:15,204562,I ordered @115877 and this bitch is delivering it on a bicycle. I’m not paying $6 for some girl to bike 20 blocks and bring me cold ass food! https://t.co/p3swYQGUkn,Uber_Support
2069845,2017-10-08 20:38:21,612122,"@comcastcares internet is down again. Please assist, this is interrupting my work",comcastcares
368781,2017-10-08 20:42:53,203367,@115858 your update killed my phone,AppleSupport
368373,2017-10-08 20:48:22,203285,@delta DL3826 boarded with no air and no pilots. FA's are great but this is pretty sub optimal. Pilots still not here. #poor #late,Delta
1432707,2017-10-08 20:50:09,411460,@VirginTrains why are tickets so expensive for glasgow-london between Xmas &amp; new year?,VirginTrains
367447,2017-10-08 20:50:47,203040,@115821 #amazonprime so why amazon prime.  9 days 2 wait for an order again.  What’s the point of prime?  #rediculous #worthless,AmazonHelp
368765,2017-10-08 20:51:23,203364,@AppleSupport We've sorted it now. Thank you though.,AppleSupport
2070222,2017-10-08 21:00:11,612234,uh i just noticed ios11 doesn't show the song lyrics in the music app??? fix it @115858,AppleSupport
366937,2017-10-08 21:03:23,202911,@AmazonHelp Sent,AmazonHelp
368407,2017-10-08 21:07:22,175904,"Argh, I hate when airlines don't announce a delay until boarding is supposed to start. @AmericanAir",AmericanAir
367528,2017-10-08 21:07:31,203061,@Uber_Support No problem. Plz call after 12 PM.,Uber_Support
363792,2017-10-08 21:11:55,202216,@Delta Ok I just DM you the flight confirmation,Delta
368074,2017-10-08 21:12:31,203209,Sweet video of @SouthwestAir pilot having us all sing happy birthday to his mom for her birthday. Gave me all the feels 😊 https://t.co/EeGrnjtEsw,SouthwestAir
372213,2017-10-08 21:14:53,204181,"@AppleSupport Hi! I’ve just installed the Splyce app, and now I can’t pair with any Bluetooth device, can you help me?",AppleSupport
364033,2017-10-08 21:16:56,202273,@AmazonHelp I've looked before and haven't been able to submit order issues as easy as with the link you provided.,AmazonHelp
2070539,2017-10-08 21:23:49,612332,@SpotifyCares How long does it take to clear my recommendations of the rubbish that was played when my account was hacked. over 6 months,SpotifyCares
367993,2017-10-08 21:27:27,203063,@Delta Ugh. Thanks,Delta
371135,2017-10-08 21:28:30,203885,Oh and now my iPad has turned to shit. Thanks @115858 #ios11update fails again ...,AppleSupport
366944,2017-10-08 21:29:54,202708,@AmazonHelp Thank you. I will collate the info and send through.,AmazonHelp
368413,2017-10-08 21:37:50,203293,"@AmericanAir So yes, very unfortunate.",AmericanAir
368460,2017-10-08 21:39:12,142748,@comcastcares @comcastcares I order a new modem it doesn't work. Your man on install said the signal out of the LE was low. Yet you fix nothing!,comcastcares
368828,2017-10-08 21:44:31,203382,@115873 You have got to do better.  My son waiting nearly an hour for the ride I sent to him.  wtf!!,Uber_Support
2070409,2017-10-08 21:45:16,612293,@AppleSupport is this a fake email https://t.co/HOdEqNxxyx,AppleSupport
368736,2017-10-08 21:50:12,121110,@AmazonHelp Something definitely wrong with my @117795 order. Both advertised as packs of 7 but only 1 pack of each delivered... 😡 https://t.co/ExmLAA9n4n,AmazonHelp
825666,2017-10-08 21:51:40,316651,@AppleSupport Since I have downloaded IOS 11.0.2 I can’t transfer my phone number to an other one. Are you aware of that problem ?,AppleSupport
369376,2017-10-08 22:00:02,203512,@115911 everything else works tho so im confused,TMobileHelp
827904,2017-10-08 22:03:00,317221,@AppleSupport help I updated to iOS 11 and can’t email videos nor text videos to anything other than iPhone.,AppleSupport
371494,2017-10-08 22:03:20,203989,@Delta delay 7 hr to NY due to weather but other carriers no delay.Change flight and now every flight from Charlotte is delayed. #DeltaFail,Delta
371539,2017-10-08 22:09:01,204000,Thanks @AmericanAir for bring my beautiful mom ❤️,AmericanAir
372225,2017-10-08 22:13:09,204184,@AppleSupport I have an iPhone 6plus that has the multitouch error. What do I do now that stores no longer carry a replacement device?,AppleSupport
826562,2017-10-08 22:13:21,316891,ugh @SouthwestAir you are ruining our trip to @122197 😡😡😡,SouthwestAir
371094,2017-10-08 22:17:22,203876,@AmazonHelp Bonjour ! J'ai un problème avec ma commande la carte bancaire passe pas https://t.co/BHLswYEIHt,AmazonHelp
371272,2017-10-08 22:26:50,203926,@116136. Those are some really spectacular speeds. Time window given has come and passed. Fix your fucking network. https://t.co/oblQfI6XOJ,comcastcares
371163,2017-10-08 22:27:23,203896,"Having a very bad @119720 day... two trips, two disasters.",Uber_Support
367570,2017-10-08 22:28:18,203067,@Delta Now 830. Wow.,Delta
372201,2017-10-08 22:31:43,204178,@AppleSupport why are you failing to respond to your customers?,AppleSupport
371111,2017-10-08 22:43:39,203876,@AmazonHelp Merci de votre réponse ! Une autre question : est t il prévu que PayPal soit un jour compatible avec Amazon ?,AmazonHelp
2070677,2017-10-08 22:47:09,612375,"@SpotifyCares why does my downloaded music keep getting deleted? This isn’t the first time, it takes hours to get all that music back",SpotifyCares
829214,2017-10-08 22:47:48,317463,Not a good day for AA. First flight 1777 delayed 1:45...missed connection. Now 551 delayed...bad day AA!!!! @AmericanAir,AmericanAir
368771,2017-10-08 22:50:28,203366,@AppleSupport It automatically turns on by itself. I know how to toggle on and off manually. It’s a software issues not a personal.,AppleSupport
371645,2017-10-08 22:56:49,204029,@SouthwestAir Who do I contact? Number?,SouthwestAir
829186,2017-10-08 22:57:58,317456,Horrible flight experience @Delta I've taken the Same bag every time and never had to pay for it... But now I do... Bad customer service,Delta
334025,2017-10-08 22:58:09,128425,@AmazonHelp So now you just cancel the order as shipping address undeliverable!  Are you actually joking me amazing,AmazonHelp
827908,2017-10-08 23:05:09,317223,@AppleSupport my music app doesn’t work on the lock screen (iphone 7),AppleSupport
390489,2017-10-08 23:07:43,208446,So @115873  tell me my card is incompatible with their system. The same card that's working fine on my mother Uber account. Fucking BULLSHIT,Uber_Support
826984,2017-10-08 23:09:43,316990,@comcastcares Sent. My neighbor has the same problem talking with friends in AL.  We are 4 sec behind other cable systems.,comcastcares
371431,2017-10-08 23:11:14,203972,@AmazonHelp Solo necesito saber los pasos para que me reembolsen... es en cancelar pedido? O donde,AmazonHelp
373356,2017-10-08 23:12:55,204473,"@AppleSupport iOS 11 is a DISASTER. On 11.0.2 with a 6s+, CONSTANT freezing, battery dies very fast, randomly turns off, reception horrible",AppleSupport
372166,2017-10-08 23:19:58,204170,@AmazonHelp Please assist my mother https://t.co/796UOPqDo0,AmazonHelp
830176,2017-10-08 23:28:57,317682,Tbh thank you @Delta for cancelling my flight to Dallas. If I had to see this in person I would drink myself into oblivion in America,Delta
373673,2017-10-08 23:33:36,204553,"After I updated to iOS 11, all of my safari bookmarks deleted ??? @AppleSupport",AppleSupport
372880,2017-10-08 23:38:44,204360,I was charged for Amazon prime membership but I don't even have Amazon prime. what a way to end things. FUCKING SAVAGE IM SO PISSED 😂,AmazonHelp
829265,2017-10-08 23:39:08,317473,@TMobileHelp @115913 We tried that talked with johns assistant being I don't have an account you guys can't trace the card.,TMobileHelp
373458,2017-10-08 23:44:15,204497,"@AmericanAir Yes. Sadly, this was the final act of a series of events that played out over 2 days for me and 3 colleagues. Feel free to DM me.",AmericanAir
372937,2017-10-08 23:45:15,204379,Hey @115873 my driver was harassing me and wouldn't let me get out of the car :(,Uber_Support
373160,2017-10-08 23:46:08,204423,@SouthwestAir Do I need ID for my 11 year old daughter when we fly together?  (We did NOT purchase a child fare).,SouthwestAir
373992,2017-10-08 23:47:24,204648,"@Delta whoever our flight attendant is  right now on flight 3910 to JFK, she is a DELIGHT! Give her a raise thanks bye 👋🏻",Delta
828356,2017-10-08 23:50:57,317334,@AppleSupport it won't show up at all.. when I click on software update it will keep loading and nothing won't show up. https://t.co/Buagvuupxk,AppleSupport
372852,2017-10-08 23:52:20,204353,Huge let down from @115821 today :/ https://t.co/dU9psJTOLv,AmazonHelp
6657,2017-10-09 00:02:47,117177,@AppleSupport My wife made the mistake of updating to 11. How can we revert back? Her password keeper app is now dead. She can't access her passwords.,AppleSupport
372998,2017-10-09 00:03:32,204393,@AmericanAir So please explain to me how come u don’t have to pay and how come u but a ticjet and u have to pay for ur seat .,AmericanAir
372865,2017-10-09 00:04:05,204355,@AmazonHelp Entendi 🙁,AmazonHelp
6565,2017-10-09 00:11:33,117158,@TMobileHelp What app should I put on my phone to do finger print on my phone,TMobileHelp
2070891,2017-10-09 00:14:58,612441,"@6443 hey spotify me estan cobrando cargos de mas, ya me bajaron 300 en dos dias",SpotifyCares
374314,2017-10-09 00:15:27,204748,.@115900 is this real or phishing?  I don't have acct with you. https://t.co/I6qEcJ2zQa,comcastcares
6928,2017-10-09 00:16:29,117186,@AppleSupport my iPhone is a fully up to date so why does my phone keep freezing 🙃???,AppleSupport
2070683,2017-10-09 00:19:26,612378,"Failed crew management by @AmericanAir keeps hundred-million$ aircraft on the ground! If flight attendants ever show up, AA4145 will depart.",AmericanAir
374235,2017-10-09 00:23:47,204728,@AppleSupport Also Notes has decided to keep crashing,AppleSupport
374183,2017-10-09 00:27:52,204715,@115821 My #alexa just lost internet connection in the middle of a news report. So I couldn’t stop the playback. And no stop button either!,AmazonHelp
375877,2017-10-09 00:28:40,205146,@115873 @Uber_Support someone contact me ASAP,Uber_Support
374773,2017-10-09 00:39:49,204862,@115821 hola I received an item missing a part. How do I contact the seller? Thanks,AmazonHelp
2070820,2017-10-09 00:41:28,325630,@AppleSupport iOS 11.02 drains my battery. And my phone HEATS up so quickly! Now I have to charge my phone multiple times a day 🙄 @115858 UGH,AppleSupport
373720,2017-10-09 00:44:13,204568,@Delta The lack of communication feels disrespectful.,Delta
374274,2017-10-09 00:45:07,203128,@AmericanAir so my flight was supposed to take off @ 7:05 pm tonight but now is delayed until 8:00 am tomorrow because the pilot didnt show!,AmericanAir
371882,2017-10-09 00:54:35,204093,@AppleSupport No,AppleSupport
374295,2017-10-09 00:56:49,204741,"@ComcastCares
#mobile_Care- second outage in two weeks in my area. Looks like problem hasn’t been resolved. Worst service ever!",comcastcares
374238,2017-10-09 01:03:45,204729,@AppleSupport Never mind. I finally figured it out! Thanks though!,AppleSupport
375072,2017-10-09 01:06:46,204935,"Finally, I can control my @118117 from @115833. I’ve been waiting for this.",AmazonHelp
374913,2017-10-09 01:10:33,204904,@SouthwestAir thanks for the birthday email. Actually flew on fl 6192 today on my birthday. 30th flight this year #iflyswa,SouthwestAir
374824,2017-10-09 01:12:15,204878,I like flying w/ @AmericanAir &amp; understand random searches but to have my carry-on bags searched 2x in the same airport is absurd! #Trinidad,AmericanAir
2070948,2017-10-09 01:12:23,612463,I was charged twice and I need the money refunded to my account @SpotifyCares,SpotifyCares
375619,2017-10-09 01:16:17,205079,"@Delta booked with Skymiles. Trying to leave early for an emergency has been impossible. There are seats, it's the same day, WHAT THE HELL??",Delta
832947,2017-10-09 01:21:56,318375,@AppleSupport your iOS 11 is shit. Wifi doesn’t work right. Battery dies quicker.,AppleSupport
375279,2017-10-09 01:25:26,204993,"i'm smad that my amazon order hasn't shipped yet,,,, i want my makeup dammit!",AmazonHelp
392282,2017-10-09 01:29:55,208892,Bye bye @115877 I’m going with @116057 from now on! Horrible experience with the driver and restaurant tonight!,Uber_Support
375275,2017-10-09 01:35:22,204992,"@115850 @115821 @AmazonHelp 
Waooo....you show delivery without the customer getting the goods...is it customer service fast forward😆😆😆 https://t.co/bwnMjuHBzR",AmazonHelp
375129,2017-10-09 01:38:18,204951,"@AmericanAir 2/3 dragged. Impaling a guy’s hand, slamming her hand in a door and showing the damage. Could clearly see from row behind.",AmericanAir
206650,2017-10-09 01:44:37,164944,@AppleSupport No,AppleSupport
375825,2017-10-09 01:45:16,205131,"WHAT IS THIS HELL I’M IN @116618 😡

@36691 @36314 @36692 @AmazonHelp https://t.co/cZ0REJOBq0",AmazonHelp
640473,2017-10-09 01:57:16,271952,"@115821 Seriously, you guys need to fix this problem ASAP. Please. @115821 @AmazonHelp",AmazonHelp
375623,2017-10-09 01:58:16,205080,@Delta will my flight to CVG keep the door open until 15 before the departure time?,Delta
377098,2017-10-09 01:58:34,205478,"FUCK COMCAST! HORRID SO CALLED SERVICE, I PAY FOR HBO &amp; I CAN'T WATCH IT NOW.  IDIOT ON THE PHONE CAN'T FIX IT. THIS GOES ON EVERY MONTH WITH THEIR 'SERVICE'. 😡😡",comcastcares
288494,2017-10-09 01:59:52,184725,@AppleSupport 2 reboots in 2 days since upgrading to 11.0.2. Hoping it’s all in the logs @AppleSupport. How to get fixed please?,AppleSupport
375905,2017-10-09 02:04:42,205153,@AmericanAir Why is Request Special Assistance digital form not working? Filled in but says Our system is having trouble. Please try again.,AmericanAir
320042,2017-10-09 02:10:40,192278,@AmazonHelp Even you least bother When I say I shouldn’t not purchase anything from Amazon. 1/2,AmazonHelp
1782430,2017-10-09 02:16:54,277125,Just another update showing the crappy service @115911. Boo @115913. How about U focus on quality service? Fastest in the nation? Ha! https://t.co/hyyV7xGBTI,TMobileHelp
2071339,2017-10-09 02:18:22,612581,@Uber_Support  you keep on sending promo codes but where to apply on you app ? There is no procedure.,Uber_Support
834634,2017-10-09 02:19:48,318737,hey @115888 i wanna check who’s following one of my playlists thnx,SpotifyCares
834500,2017-10-09 02:21:30,318714,"My iPhone 7 has decided to scroll, toggle, press keys ALL BY ITSELF @AppleSupport good thing we have the screen recording to capture this https://t.co/9T6LbfOM6O",AppleSupport
375964,2017-10-09 02:29:41,205173,@SouthwestAir Brand new plane.  Was surprised that the A/C didn't work.,SouthwestAir
376021,2017-10-09 02:32:18,205190,@AmazonHelp El problema no es ustedes! Es @9129,AmazonHelp
411568,2017-10-09 02:37:03,213183,@Delta you need to seriously take a look into your change fee policy. $200 per change is more than gratuitous.,Delta
361049,2017-10-09 02:37:52,201492,@AppleSupport I can't use my phone because I'd restore it and already update with the new latest version of ios using itunes. See AT&amp;T unlock confirmation https://t.co/HKck0HpBPj,AppleSupport
376370,2017-10-09 02:44:17,159363,Yay for #upgrades @AmericanAir,AmericanAir
377488,2017-10-09 02:45:16,205574,"Hey @115850, here's something interesting: tracking says received and signed personally by me, however i haven't received the product yet https://t.co/PbessXFC37",AmazonHelp
376033,2017-10-09 02:53:44,205194,@Uber_Support No you haven't. You sent me the same copy pasted message from when I tried to DM before my tweet that didn't even address my issue or reply. https://t.co/aqan9KtD0e,Uber_Support
2071314,2017-10-09 02:59:36,118172,@115858 why won’t iOS11 let me pause/play/skip tracks in @115888 from my lock screen?????,AppleSupport
375278,2017-10-09 03:05:18,204993,"@AmazonHelp oh hahaha no, it hasn't even shipped yet... i'm just kind of impatient 😅 thank you for the concern!",AmazonHelp
2071447,2017-10-09 03:08:40,612614,@115888 please put @18128 's new single on your app plzplzplz,SpotifyCares
377835,2017-10-09 03:14:41,164686,"@AmericanAir Delayed twice more since, now 11:55pm",AmericanAir
377727,2017-10-09 03:15:08,165776,@115850 I can't find Applewatch Series 3 on your portal. Isn't it available? When is it going to be available?,AmazonHelp
2071306,2017-10-09 03:17:08,612569,"@AppleSupport I have been using iOS since the version 3.1.2 and have followed all..
The battery is draining on WiFi. May be a bug that must be addressed.",AppleSupport
376916,2017-10-09 03:18:27,205429,@comcastcares Thank you so much!,comcastcares
377539,2017-10-09 03:23:27,205589,Terrible customer care today @Delta #1188 #ewrtodtw another reason why you are so low on my list of airlines,Delta
859422,2017-10-09 03:24:53,115913,@324054 @115911 Do you want to go to tomorrow's @158106 game?? I have 2 tix for you!! @TMobileHelp will grab your info! :) Have fun!,TMobileHelp
377788,2017-10-09 03:29:36,205648,"@Uber_Support Had an issue this weekend, can you DM me?",Uber_Support
2077257,2017-10-09 03:30:22,173909,@AppleSupport  https://t.co/THS1beXdWf,AppleSupport
376017,2017-10-09 03:34:41,205189,"@AmazonHelp Nothing to “investigate” you have vendors that DO NOT keep their end of the deal, (third time now). I’m done. My company done too",AmazonHelp
377032,2017-10-09 03:45:37,205458,"@AmazonHelp cancelled two orders on me, now both unavailable, been waiting months for them and got screwed.",AmazonHelp
386228,2017-10-09 03:50:52,207438,hey @115858 @AppleSupport Why the heck did my iphone 6s just delete ALL of my photos and videos on it's own. I just lost all my memories :(,AppleSupport
355605,2017-10-09 03:56:48,200479,"@AmazonHelp Waiting for your response since long.
Kindly update me at the earliest.",AmazonHelp
378244,2017-10-09 04:04:49,205752,"@SpotifyCares hey guys, how do I recover my account. it kinda got stolen by a script kiddy...",SpotifyCares
377999,2017-10-09 04:05:57,205689,@Delta So I hung up! Not going to use @Delta and going to use @AmericanAir So frustrated right now!! 😡😡,Delta
378038,2017-10-09 04:07:18,205698,@AmericanAir AA2461 left Miami 1 hr late. we waited for the luggage at DCA for another hr.  Never explained reasons. And it's midnight.,AmericanAir
393644,2017-10-09 04:12:28,209244,Fuck @115877 for cancelling our order after we waited for 2 hours! A bitch hungry out here 🙄 #rude,Uber_Support
378444,2017-10-09 04:12:59,205810,@119625 Any plans to add malayalam movies in prime video?,AmazonHelp
824717,2017-10-09 04:14:45,316414,@AppleSupport Can I add “Privacy” to the control center?,AppleSupport
377975,2017-10-09 04:23:23,205686,@AmazonHelp 返事来ません(T_T),AmazonHelp
378693,2017-10-09 04:31:53,205871,@115850 my frnd got an invite for Amazon Echo....can I book echo for me using his invite? Because I cannot book using his invite. Help.,AmazonHelp
850034,2017-10-09 04:33:08,321973,@AppleSupport Same here. Having to charge multiple times/day without any increase in normal usage. https://t.co/YlrCp8Hct6,AppleSupport
255845,2017-10-09 04:34:55,123733,"@SouthwestAir Sure, I’ll send what I have",SouthwestAir
371156,2017-10-09 04:35:12,202739,@Uber_Support @Uber_Support  Can I get a response on my new dm? My problem is not finished with yet.,Uber_Support
378528,2017-10-09 04:48:44,205824,These @115821 messages have been quite frequent this year. Package just sat at the facility since 8am. https://t.co/RW7MyeFhN2 #AMZL_US,AmazonHelp
378561,2017-10-09 04:50:10,205833,My @Delta flight was delayed from #Tokyo but I'm not even upset! I love it here! It's my favorite place in the world so far.,Delta
849517,2017-10-09 04:58:26,614401,@321850 @614402 @AppleSupport I haven't updated mine yet but it still does this. Started about a week ago :/,AppleSupport
838258,2017-10-09 04:59:37,208436,@115911 please help me! My phone was 60% charged &amp; it just randomly shut off &amp; it will not turn back on now. I tried to hard reset it and it doesnt work. I've had it on computer charger for over an hour and it is still not turning on PLEASE HELP ME I AM EXTREMELY STRESSED,TMobileHelp
378369,2017-10-09 05:02:57,205790,@Uber_Support I have about an hour ago. No one has contacted me.,Uber_Support
378050,2017-10-09 05:04:32,205701,@SpotifyCares That worked! Thank you!,SpotifyCares
376592,2017-10-09 05:07:48,205333,@AmazonHelp Yup you guys sent the chat's convo script,AmazonHelp
2071660,2017-10-09 05:24:29,612695,"@115821 rouge delivery guy,  feels thowing packages upstairs is Ok, he needs removed. PM me 4 details. 2nt left box in Apt complex driveway!",AmazonHelp
379050,2017-10-09 05:26:26,205951,@Delta Unable to reach customer assistance about ticket change. I am DM. Is there a way to chat or ask about change options electronically.,Delta
378669,2017-10-09 05:35:11,205867,@115821 Why is check out saying an item registered as Prime will be shipped by Monday 10/16 but standard delivered by 10/13-10/16?,AmazonHelp
378868,2017-10-09 05:35:55,205909,@115873 how is my driver gonna cancel my trip saying he waiting to long then I request a new uber and he picks it up smh and I got charged,Uber_Support
2071077,2017-10-09 05:38:46,612495,@AppleSupport I sent you DMs no reply as of now,AppleSupport
378893,2017-10-09 05:42:33,205916,@AmericanAir girl get off .. would like full refund and hotel paid for record locator pltnde,AmericanAir
378462,2017-10-09 05:46:55,205812,@AmazonHelp Thanks for confirming. Can you also confirm the return policy for echoes. I couldn't find it in the current documentation?,AmazonHelp
378434,2017-10-09 05:53:44,205809,@AmazonHelp The customer care executives are so rude,AmazonHelp
379139,2017-10-09 06:01:42,205969,"People at @115850, why isn't there an option ""Add to Cart"" for kindle ebooks? To purchase multiple items, separate payments are to be made",AmazonHelp
379224,2017-10-09 06:03:10,205988,@SouthwestAir Thank you. That would have been wonderful. Too bad the employees here didn’t understand that.,SouthwestAir
387216,2017-10-09 06:06:59,207659,@AppleSupport what's wrong with ur safari atm bruh?,AppleSupport
373034,2017-10-09 06:09:37,204400,@SpotifyCares I’ve tried that.. 🙄,SpotifyCares
2066232,2017-10-09 06:12:02,609438,@Uber_Support No support in dm also. Worst service by uber,Uber_Support
318403,2017-10-09 06:14:05,191968,@AmazonHelp i have already oredered the phone n its dispatched. Ur link asks for Business ac on amazon which i dont have... solution ??,AmazonHelp
379344,2017-10-09 06:21:30,206015,@Delta I talked to your baggage service @49063 &amp; was told that my luggage was left on the carousel @122122 even though it was rechecked.,Delta
379427,2017-10-09 06:24:36,206024,"@115850 What colours will be available for #Nokia8 on Oct 14th? Polished Blue, yes? 🤔",AmazonHelp
387596,2017-10-09 06:32:37,207740,@AppleSupport how do I stop iOS 11 replacing 2 x - with —? I want type 3x- but I get —,AppleSupport
379643,2017-10-09 06:33:18,206063,@115850 I canceled an order on 5th October but haven't got my refund yet.. Please help,AmazonHelp
313439,2017-10-09 06:42:47,190849,@AmazonHelp Any updates available?,AmazonHelp
315774,2017-10-09 06:46:25,191394,@Uber_Support Thanks my friend got her bonus,Uber_Support
348043,2017-10-09 06:52:17,198882,@AmazonHelp The order got delivered yesterday. Thank you for your concern. 🙏 And I love my product. Keep giving us more reasons to smile @115850 ❤😘,AmazonHelp
348167,2017-10-09 06:59:28,198900,@AmazonHelp I've shared my details. Please do respond on it.,AmazonHelp
380197,2017-10-09 07:06:21,206182,@115821 @115850 And for One product Amazon keeps telling me that I can't order more than two quantity,AmazonHelp
428342,2017-10-09 07:10:36,216876,@AppleSupport IOS11 tries to play music not on my phone. Can you fix it or show me how to roll back to IOS10? Thanks,AppleSupport
189858,2017-10-09 07:11:12,206139,@115888 How long is this going to last im signing up for spring classes later this month,SpotifyCares
379972,2017-10-09 07:14:59,170630,@115850 @115850 they make mistake we suffer. They said pay balance will be goodwill in addition to bank refund. No reply to mails. https://t.co/JWXZ2K6GUg,AmazonHelp
379400,2017-10-09 07:20:36,206022,@AmazonHelp I have lost my pffer right,AmazonHelp
380031,2017-10-09 07:23:15,206152,"@comcastcares After you guys slowly upping the cost of my Internet only account to now $80/month, I wanted you to know I'm considering AT&amp;T.",comcastcares
379729,2017-10-09 07:23:39,206080,"@AmazonHelp ひぃぃぃ！！わざわざありがとうございます！
なんか発売してから在庫がどうので予約が出来るっぽいですね(?)
URLまでありがとうございます！😭🙌
個人的に私は午前中学校があるので発売してから注文しようと思います！☺️",AmazonHelp
379805,2017-10-09 07:34:54,206103,"What is the point of Amazon Prime!? I ordered something yesterday, it GUARANTEED it'd be here today. Now it's saying tomorrow. @AmazonHelp",AmazonHelp
2077684,2017-10-09 07:35:43,614475,"iOS 11 has been one of the worst updates, hate to see small glitches like this. WhatsApp screen gets stuck at the search@Apple @AppleSupport https://t.co/aCfekH5bZb",AppleSupport
393615,2017-10-09 07:37:59,209234,@115877 Okay now that I ate and came back to my senses why the f did waited over one hour for @115877 https://t.co/GWpsbqZOsF,Uber_Support
349426,2017-10-09 07:43:17,158476,@AmazonHelp I have done my bit long back but the response from your end is pathetic. Pls relook and update immediately. Thanks!!!,AmazonHelp
379888,2017-10-09 07:50:25,206121,@AmazonHelp Co.uk site,AmazonHelp
367442,2017-10-09 07:56:18,201487,@AmazonHelp I have 10 products,AmazonHelp
2076448,2017-10-09 08:03:28,614115,@115888 why can’t I figure out how to upgrade to premium smh I’m annoyed already,SpotifyCares
362951,2017-10-09 08:04:17,201981,"@AmazonHelp No, di un rimborso che non arriva 😁",AmazonHelp
841109,2017-10-09 08:05:51,320113,When are @AppleSupport or @115888 going to sort out this issue since the new update? Sick of putting on a song and it skipping ever second,AppleSupport
380942,2017-10-09 08:13:24,206345,@Uber_Support the driver is delaying pickup because he decided it is lunch time for him. Meanwhile you don't let me cancel the ride!,Uber_Support
379384,2017-10-09 08:14:50,206020,@AmazonHelp Done,AmazonHelp
380568,2017-10-09 08:23:01,206272,"Sometimes I love @115850 , they provide one-day delivery even without paying for one.",AmazonHelp
380243,2017-10-09 08:26:55,206189,@AmericanAir does gold status with AA help with checking bags on other one world carriers? air berlin made me pay €90 for my one 23lb bag...,AmericanAir
290417,2017-10-09 08:30:32,185174,@AmazonHelp I don't know why you or your seller are engaged with such a irresponsible courier service...... Which asks you to come n collect 4m der offc,AmazonHelp
2077759,2017-10-09 08:37:37,614504,@AppleSupport Some bugs in 11.0.1. I also cannot swipe left and right when my phone is locked – can’t see updates and use camera easily. https://t.co/vSJnenvk3b,AppleSupport
312974,2017-10-09 08:40:42,190744,@AmazonHelp while i was making the payment.. it was 12 minutes to complete 15 min of lightening deal.. do you really think it must have got over 1/2,AmazonHelp
384786,2017-10-09 08:55:53,198823,@207100 @115850 i am unable to reach to a person..turns out that if you are past the return period they dont pick up calls.,AmazonHelp
841083,2017-10-09 08:58:35,164788,"@320107 @SpotifyCares not talking about recommendations, although that would be nice as an option, talking about playlists.",SpotifyCares
2077903,2017-10-09 09:07:49,614549,@115858 @AppleSupport you may want to chime in here ^^. My iPhone 7 Plus feels like an iPhone 5S and its poor battery duration.,AppleSupport
841372,2017-10-09 09:11:21,320165,朝いきなりAmazon有料サイトてきたあ(＞＜)こわっいぃぃぃ https://t.co/EtCZ6oi0fU,AmazonHelp
381768,2017-10-09 09:20:20,206527,@Uber_Support @3533 @115873 I've been asking for help for the longest time as I'm not being able to book a ride. But so far no help.,Uber_Support
379829,2017-10-09 09:23:21,206109,"@AmazonHelp Dispatching now, arriving Wednesday. Normally arrives on the day. In fact I’ve had previous pre-orders arrive 4 days before",AmazonHelp
813540,2017-10-09 09:28:51,127172,"@SpotifyCares I log in to Spotify thru FB, so changed my FB password but it hasn't worked. Any ideas how can I fix this? Thanks.",SpotifyCares
381739,2017-10-09 09:33:11,206518,Vi leggo che avete appuntamenti a destra e manca e io non riesco ad incrociare nemmeno il corriere di Amazon.,AmazonHelp
852571,2017-10-09 09:35:43,322538,#AppleUpdate @115858 is this new update going to stop my Bluetooth disconnecting? Constant issue with these last 2 updates. #nothappy #ios,AppleSupport
381446,2017-10-09 09:42:21,206456,何か最近Amazonの日時指定が適当で困る!! 指定日とは関係無しで届くんだけど!! でも時間は希望した時間内とか 何故?! お届け日時指定便を選択してるんだから守ろうヨォ💦明日指定なのに今日届いてるッポイ‼ 親が家に居て良かったし!!,AmazonHelp
381516,2017-10-09 09:45:57,158179,"@Delta @206474 That would have been a better first response than ""I understand your frustration"".",Delta
381444,2017-10-09 09:49:30,206455,"@117634 i tried uninstalling the app, i'm archiving the book everytime it crashes to redl it, nothing works. I have latest kindle app",AmazonHelp
381457,2017-10-09 09:50:02,206461,"@Uber_Support Thanks, i hope this problem gets sorted soon",Uber_Support
381441,2017-10-09 09:56:49,206455,"@AmazonHelp i also tried to turn off and on ipad, that didn't work either. And i tried several books, with no issues",AmazonHelp
388547,2017-10-09 09:59:36,207935,@AppleSupport why won’t my bandage app icons show how many notifications I’ve got ?,AppleSupport
381695,2017-10-09 10:06:33,206512,I'm waiting my BTS album since October 4th to be shipped. ¿What's happening? :( @115821 https://t.co/PbVHwyCEM8,AmazonHelp
383370,2017-10-09 10:13:16,206824,I'm having trouble accessing the vehicle marketplace via my profile. Please help @Uber_Support,Uber_Support
384125,2017-10-09 10:15:56,206987,@115850 @AmazonHelp placed an order on 4 didnt recvd it yet spoke to chat suport 4 time no one has an answer. prdct was avlbl n paymt done,AmazonHelp
381709,2017-10-09 10:22:29,206514,@AmazonHelp @115850 @115850  if My baby got allergic using that duplicate powder sold by @115850  who was responsible for that????,AmazonHelp
853162,2017-10-09 10:25:20,322676,@AppleSupport hi could you clarify compatibility of Apple TV  3rd gen with iPhone 5s?,AppleSupport
365239,2017-10-09 10:30:40,202516,@AmazonHelp I AM W A I T I N Ggggggg....,AmazonHelp
382603,2017-10-09 10:35:17,206700,@115850 @115821 u forgot to deliver iphone 7 with the box!! This is utterly rubbish!!,AmazonHelp
2076956,2017-10-09 10:39:55,614267,@116130 my account has been hijacked and the email changed.,SpotifyCares
382597,2017-10-09 10:40:08,206699,@AmazonHelp 了解いたしました。,AmazonHelp
382558,2017-10-09 10:46:40,206695,"@AmazonHelp No. Your support team said it would be delivered Sunday. It wasn't. Supposed to be here today - according to Hermes, not today.",AmazonHelp
389381,2017-10-09 10:48:51,208153,Dear @AppleSupport what should I do if my Bluetooth doesn't work properly on iPhone 7 even after swap for new one?,AppleSupport
379616,2017-10-09 10:51:03,198902,@AmazonHelp @115851 this is last time I am sharing my details. https://t.co/ZR52fXeWh7,AmazonHelp
383404,2017-10-09 10:51:10,206834,if i got a dollar for everytime i got shitty service on @AmericanAir i’d be a millionaire.,AmericanAir
384199,2017-10-09 10:56:05,206996,"Amazonかと思いきや、Amαzonだったww考えるね(´^ω^｀)
スマホのメアド登録してないから騙されないぜ",AmazonHelp
384423,2017-10-09 11:01:55,207033,@115850 @AmazonHelp Disgusting customer service. Ordered One+ 5 on 5th Oct and yet to receive.Purchased prime membership to get it early,AmazonHelp
384488,2017-10-09 11:07:27,207038,@115850  delivered a faulty product and on cancel the order and after pickup of my product u r unable 2 find the whereabout of my product.,AmazonHelp
845194,2017-10-09 11:07:50,320901,"@Uber_Support i need help, i was charged for two rides I didn't have",Uber_Support
384772,2017-10-09 11:13:50,207096,"Amica si è appena innamorata di un fattorino Amazon.
Pare che per trovare l'amore non servano i siti d'incontri basta fare acquisti on line.",AmazonHelp
845585,2017-10-09 11:18:52,320994,My flight this morning is delayed now too 🤗🤗🤗 great job @Delta,Delta
384799,2017-10-09 11:20:51,207102,@118919 @115821 @AmazonHelp @119356 @115850 ordered shoes you people have delivered waste things very disappointed by your service https://t.co/Tt53CAMpHX,AmazonHelp
389356,2017-10-09 11:21:22,208148,"@AppleSupport I updated to iOS 11.1 and now I’m unable to connect to my car’s Bluetooth. Restarted my phone, turned Bluetooth off and on again, and still nothing",AppleSupport
371910,2017-10-09 11:26:13,204099,@Uber_Support I just did,Uber_Support
385095,2017-10-09 11:27:57,207175,Hey @115850 . Delhi main crackers deliver karoge kya??,AmazonHelp
384782,2017-10-09 11:32:39,207099,は？おい、アマゾンは？3万5千円返せオラは？マジでふざけんな,AmazonHelp
384422,2017-10-09 11:36:04,207033,@AmazonHelp Yes you guys missed delivery date. It was suppose to reach me on Saturday. Haven’t reached yet bcoz product was sent to wrong depot,AmazonHelp
384847,2017-10-09 11:41:34,183115,"@AmazonHelp Yes, I got many emails regarding this issue and finally they want me to wait till tomorrow. Hope this will be resolved tomorrow.",AmazonHelp
384899,2017-10-09 11:47:16,207124,@AmericanAir Thank you. This is my 5th flight this week on an @AmericanAir A321 carrying the exact same bag on board. Nothing inconsistent on my end!,AmericanAir
179374,2017-10-09 11:48:15,158262,@AmazonHelp Hye @115850 what are you doing? Another time period for resolution has been passed away now tell what did i do? And u also,AmazonHelp
384499,2017-10-09 11:52:38,206994,@AmazonHelp I would like to manage payments through the same app I purchase. That seems to be something worth looking into creating if doesn’t exist,AmazonHelp
384752,2017-10-09 11:58:52,183446,"@AmazonHelp To print a returns label off and hit the replace button.I printed it off stuck to the package put the slip inside,waiting!",AmazonHelp
401706,2017-10-09 12:00:35,210993,"@115858 since the intro of iOS 11 I’ve noticed several bugs; including difficulty sending/receiving mail, updates not working and it crashes!",AppleSupport
368322,2017-10-09 12:03:01,207239,"@117086 Fundação e Duna, melhores livros de ficção cientifica ever",AmazonHelp
377797,2017-10-09 12:07:20,144556,"@Uber_Support No response till now. It's been 7 hours. Is this ""soon"" by your definitions?",Uber_Support
384745,2017-10-09 12:08:47,207093,"@AmazonHelp Ordered Ash vs Evil Dead seasons 1&amp;2 via browser like you said, with no problems. Thanks for the help and suggestion",AmazonHelp
384501,2017-10-09 12:15:32,206994,@AmazonHelp I’m referring to the Amazon app. My amazon account is with chase bank and that is where I have to make payment.,AmazonHelp
854574,2017-10-09 12:15:47,322960,@115858 @115948 wtf!! Happened to all the songs I @1126 !! Smh!! https://t.co/mgZ4LYLYOL,AppleSupport
385755,2017-10-09 12:17:59,172492,"@SouthwestAir here you go, sunshine peeking over the clouds as flight 702 wings south to ❤️ Field. https://t.co/kqVvScc0aD",SouthwestAir
385655,2017-10-09 12:24:36,207292,"@AmazonHelp It is shipped by Amazon, it says it's been handed over! It hasn't!",AmazonHelp
2077452,2017-10-09 12:25:08,614412,Anyone use Xfinity for Smart Home/Security?  Would love your thoughts.  Re-evaluating all of that now....,comcastcares
2077236,2017-10-09 12:30:31,614349,@TMobileHelp 611 continues to screw up jump on demand orders.,TMobileHelp
388602,2017-10-09 12:30:45,207950,@SpotifyCares I have just DM'ed you about a payment problem,SpotifyCares
385879,2017-10-09 12:33:04,207357,@115821 @AmazonHelp @115850  ORDER # 402-5123088-1378755 . chat service executives are liar #donttrustamazon,AmazonHelp
385721,2017-10-09 12:34:09,207309,@Delta @Delta @824,Delta
386157,2017-10-09 12:40:44,207423,How do I report fake emails like this to @115830?? https://t.co/GgUyJBk9dK,AmazonHelp
241468,2017-10-09 12:41:13,210324,@173329 @115858 iOS 11 is a serious blunder.. apps keep on hanging while switching between apps.. sucking battery like anything,AppleSupport
385412,2017-10-09 12:47:18,207249,@158377 @AmazonHelp @115850 At least time par toh khelo jab hi jeet ka maza hai,AmazonHelp
388612,2017-10-09 12:48:14,207953,"@AmericanAir #SalamiApproach #3. 7:25, 7:45, now 8:30.  AA, delaying one piece of salami at a time.",AmericanAir
386444,2017-10-09 12:52:26,207487,@115850 Can I get the replacement with the zipper pockets??,AmazonHelp
2078164,2017-10-09 12:52:44,614630,@applesupport 3 of 3 - I had planned to return to iPhone within the next few weeks; not now. This is the most horrendous update mess ever.,AppleSupport
386240,2017-10-09 12:54:46,207444,@Uber_Support  https://t.co/59LVcZwbZu,Uber_Support
179385,2017-10-09 12:56:22,158262,@AmazonHelp This is 3rd time u ask me about this form. I'm not feeling this form now. I need to talk on phone. Plz,AmazonHelp
323729,2017-10-09 13:00:35,192923,"@AmazonHelp @AmazonHelp i m so sorry to inform but my prblm isn't solved , the technician called and said i am busy i will visit 2mrw that means today .",AmazonHelp
856353,2017-10-09 13:04:23,323357,@AppleSupport I think trying to update to High Sierra has destroyed my HD with all my uni work,AppleSupport
386763,2017-10-09 13:11:32,207563,"@115850 I was supposed to get this phone today,asked delivery guy to come in eve. he agreed. Now he doesn't answer his phone &amp; I get this https://t.co/JS1vT14Nmd",AmazonHelp
312817,2017-10-09 13:15:06,190705,"@AmazonHelp I have already provided you all the details. Still none contacted. Today, I called your customer executive (Himanshu). (1/2)",AmazonHelp
387257,2017-10-09 13:16:16,207673,@Delta when did the beverage service change to coffee and water only (even in DC+)?,Delta
856369,2017-10-09 13:17:47,323361,"@115858, what is up with this new keyboard? It does work the way it is supposed to. Please fix.",AppleSupport
312820,2017-10-09 13:18:18,190705,@AmazonHelp @115850 I want the full refund as you agreed. If you do not want to refund the amount why are you promising?,AmazonHelp
386425,2017-10-09 13:22:24,207483,@AmazonHelp @115850 @115821 @123765 @188 @126 @126972 Unless you replace the phone I'll put this on @121927 #fb,AmazonHelp
352106,2017-10-09 13:26:10,199742,@AmazonHelp for d last time m telling tat link does not work just give me call back thru a leadership team member e,AmazonHelp
387245,2017-10-09 13:27:42,207670,Hey @115873 my account has been hacked by someone in a foreign country and you guys won't respond to my emails. Little help?!,Uber_Support
387159,2017-10-09 13:31:04,207644,@AmazonHelp Mein #Echo blinkt die ganze Zeit gelb ... wie kann ich das ausstellen? :O,AmazonHelp
386744,2017-10-09 13:35:45,183041,@AmazonHelp Yes I have escalated. They ask me to be patient. I am annoyed because bluedart is rescheduling under the pretext of customer request. Fraud.,AmazonHelp
2078271,2017-10-09 13:36:40,614661,"@AppleSupport fix this iOS 11.3 junk!!  Never again will I hit the update button!  Apps freeze, phone shuts down!  Junk junk junk!!!!",AppleSupport
386906,2017-10-09 13:37:37,207590,"@Delta @Delta Booked this flight a month again, always ask to be put on upgrade list. YOU failed and you don’t care! #loyalfornothing Flt#1757",Delta
189860,2017-10-09 13:37:39,614526,"@115888 Im not a student, however I have Spotify premium (9.99/month). Will I also be subject to this particular deal??",SpotifyCares
388136,2017-10-09 13:38:59,178563,@AmericanAir i need help.getting multiple stories from customer service about using flight credit. #annoyedroadwarrior,AmericanAir
311536,2017-10-09 13:40:28,190398,@AmazonHelp Please do not promise if you can not keep it.,AmazonHelp
387546,2017-10-09 13:45:05,207730,@AmazonHelp I still haven't gotten a refund and I can't find the link to choose the chat or phone option. I just get caught in a loop of refund pages.,AmazonHelp
387572,2017-10-09 13:49:14,207734,@AmazonHelp When will my order get delivered. Please give delivery boy's correct contact details,AmazonHelp
290518,2017-10-09 13:49:37,185186,@AppleSupport I did the latest update and this is still happening... https://t.co/zq5SHR9iBJ,AppleSupport
387923,2017-10-09 13:53:35,207819,"@Uber_Support Can you advise on this? Each time I go to drip details, I'm taking a scrnshot to print. Can you add a print friendly PRINT button?",Uber_Support
388812,2017-10-09 13:57:32,208003,English version on @115850 at https://t.co/Y9hwT16KEi and Tamil version at https://t.co/PZvsv76bQd,AmazonHelp
188997,2017-10-09 13:59:57,322425,@115911 so if I have my iPhone 6 I can jump to iPhone 8 for 300 dollars less?,TMobileHelp
388393,2017-10-09 13:59:59,207911,@115850 @115851 horrible customer service. Been waiting fr my phone for 5days. False promises everydy &amp; still no phone yet. Pathetic!,AmazonHelp
386579,2017-10-09 14:01:48,207518,@Delta Another delay 🙄 did your pilots call out sick this is just beyond acceptable I’ve never had this issue when I use @SouthwestAir 🤦🏽‍♂️,Delta
336645,2017-10-09 14:04:08,614686,@AppleSupport Is there a way to replace entire itunes library song for song using apple music? So replacing downloaded music with the streamed version?,AppleSupport
388337,2017-10-09 14:07:58,207908,"@AmazonHelp Voilà, après plus d'un mois d'attente pour valider un numéro de TVA j'ai décidé de supprimer le compte de mon entreprise.",AmazonHelp
390526,2017-10-09 14:09:29,208457,What should've been &lt; 2 hrs gate to gate on @AmericanAir 5085 CHS -&gt; DCA is now 3+ hrs. No solid cooling and no wifi added insult to injury.,AmericanAir
352108,2017-10-09 14:14:08,199742,@AmazonHelp m now fwdng my complnt to ur top mangmnt for action against each dept of urs as u r not undrstng what m complng abt.....,AmazonHelp
391276,2017-10-09 14:15:53,208644,"@AppleSupport upgraded via Iphone Upgrade program, had phones shipped on 9/26 but got charged for old phones on 9/22, any way to get refund?",AppleSupport
387545,2017-10-09 14:18:53,207730,"@AmazonHelp If the package is ""in transit"" the link doesn't work. UPS tracking shows it delivered it almost a month ago, but it didn't show as received.",AmazonHelp
389013,2017-10-09 14:19:55,208050,hello @115888 can u make almost like a little timeline feature where ur friends can share music/albums,SpotifyCares
858419,2017-10-09 14:25:53,323841,.@115858 why are my phone contacts a little messed up after your updates? Contacts now showing in messages as “Maybe: xxxx” #SortItOut,AppleSupport
387548,2017-10-09 14:26:56,207730,"@AmazonHelp I looked up the number on Google. Rep blamed the issue on UPS, but it ended up Amazon's fault. I'm totally fed up. You've lost a customer.",AmazonHelp
389417,2017-10-09 14:30:04,207944,"@Delta Thanks, that's what I figured out by looking at the radar map. Got a 2nd flight secured in #LGA in case I miss the 1st one. #NateHurricane",Delta
388401,2017-10-09 14:33:31,207913,"@AmazonHelp ... et qu'en cas d'absence, il pouvait déposer un avis de passage ou revenir ultérieurement pour représentation... Mais il a pas aimé :-/",AmazonHelp
389350,2017-10-09 14:38:27,208146,I love how well you hid my parcel it’s not like it’s expensive or anything @AmazonHelp https://t.co/7kyHqdliKB,AmazonHelp
388913,2017-10-09 14:38:38,208026,@AppleSupport Thank you so much! I have the #iPhone7,AppleSupport
388607,2017-10-09 14:39:09,207952,"But you're not planning to #fix the #situation, which will last for next 6 years, @AmericanAir. That means #unequal access &amp; greater burden.",AmericanAir
389628,2017-10-09 14:42:28,208232,@115850 your customer service disappoints me every time.,AmazonHelp
359250,2017-10-09 14:45:25,200473,@AmazonHelp Not any reply this means - fake ????? Can I told everyone that it was fake,AmazonHelp
853970,2017-10-09 14:46:01,322835,This was the rude disgusting driver i had this morning #uber #boycottuber #boycottjose https://t.co/yeSu4Nay3p,Uber_Support
392243,2017-10-09 14:48:07,208877,"What the hell has @115858 done to my phone. This new update is an absolute nightmare, my phone keeps freezing. Are you sorting it out??",AppleSupport
388444,2017-10-09 14:53:16,207922,"@AmazonHelp Vcs podiam fazer essa enquete, seria interessante.",AmazonHelp
289991,2017-10-09 14:56:44,185080,@SpotifyCares that is the first thing i tried and still doesn't work :/,SpotifyCares
423504,2017-10-09 14:57:26,215819,@115830 Hi. Have you stopped next day delivery for Prime customers??? I can’t remember the last time I got it! Getting annoyed with you!,AmazonHelp
388935,2017-10-09 14:57:37,208031,@AppleSupport Up and down volume button,AppleSupport
389309,2017-10-09 15:03:53,208137,@AmazonHelp @115821 your two day prime shipping used to arrive always on time or early. Now it's unreliable. Your same day prime is worse.,AmazonHelp
2078076,2017-10-09 15:04:11,614604,@117543 Im still waiting for service at Las Piedras 00771. 😞,TMobileHelp
393653,2017-10-09 15:05:57,209247,"Not happy with @Delta....phone rep offered hotel, ticket counter said no. https://t.co/fSlmUWbBLs",Delta
860030,2017-10-09 15:07:20,324196,"My keyboard is still soooo slow, even with the iOS 11.02 😐@AppleSupport helppp!",AppleSupport
404691,2017-10-09 15:08:05,211780,@Uber_Support please help i can't book a uber because on my last trip you credited me but it won't let me book this https://t.co/ZZLCR2a7QR,Uber_Support
390031,2017-10-09 15:09:46,208332,@AmazonHelp ordered oil and received like this. The bottle was put in an empty box and not packed. Is this how amazon serves custmrs? https://t.co/0NPEircs9u,AmazonHelp
390123,2017-10-09 15:11:37,208355,The beautiful @AmericanAir #aircal livery at MIA. Always nice to see a piece of the Golden State @37872 https://t.co/p24qn8ntwo,AmericanAir
375157,2017-10-09 15:15:10,204962,@SouthwestAir @204961 😂😎,SouthwestAir
2078610,2017-10-09 15:18:16,614762,@AppleSupport on iOS 11.0.2 Phone keeps freezing. Phone has also shutdown 4x in 12 hours. Phone is used with a medical device. Please fix!,AppleSupport
390781,2017-10-09 15:18:19,208523,@AmazonHelp it was a birthday gift. Even now you don't have a sure delivery date. Why ? https://t.co/yHFKNULxVX,AmazonHelp
389607,2017-10-09 15:25:07,208226,@AmazonHelp Hey Amazon! I have recieved my package! Thanks,AmazonHelp
848268,2017-10-09 15:27:21,321589,@AppleSupport Gracias! Iré donde su representante.-,AppleSupport
404756,2017-10-09 15:29:23,211795,"@SpotifyCares Any chance to in future add the option to sort the playlists one's following? As in: own pl's, spotify's, friends, ...?",SpotifyCares
2078937,2017-10-09 15:31:22,614850,"When you wake up, ready for your trip to find out @Delta cancelled your flight.",Delta
379014,2017-10-09 15:31:54,167356,@AmazonHelp I hope u have checked my reply as well.,AmazonHelp
2078859,2017-10-09 15:33:00,614829,@AppleSupport I’ve had my new iPhone 7 less than a week week and I can no longer receive texts?,AppleSupport
391198,2017-10-09 15:36:32,208516,For the 1st time getting this kind of service from @115850. https://t.co/SukQcl9zVj,AmazonHelp
394106,2017-10-09 15:36:44,209370,"@115873 Forgot glasses, the driver called to give them back and one week after he doesn't want to. Is it this kind of service you providing ?",Uber_Support
390397,2017-10-09 15:40:08,208425,@AmazonHelp und das ist keine antwort auf meine frage gewesen,AmazonHelp
861453,2017-10-09 15:41:12,324546,"Soooo can I like, un-update my phone or something? Because this update has my phone tweaking heavily @AppleSupport",AppleSupport
861439,2017-10-09 15:47:44,324542,"@AppleSupport I forgot my restrictions code, how do I reset it so I can remove it?",AppleSupport
389984,2017-10-09 15:48:19,208323,@AmazonHelp Great but they never ever replied back...i hd complaint lot many times aftr tht tried d call service so u all block tht also....,AmazonHelp
390902,2017-10-09 15:49:23,208549,"Hey @116136 , how about you not lie to your customers about free installation and then charge them for it? 🙄",comcastcares
390886,2017-10-09 15:52:24,208541,@AmericanAir Sitting on the ground more than an hour on 2481 with no word from the pilot. Deiced twice and sat 30 mins in between. Update?,AmericanAir
387614,2017-10-09 15:53:57,207747,@AppleSupport 11.0.2,AppleSupport
391155,2017-10-09 15:54:34,208617,"Starting to get tired of @115821 saying ""prime"" but then taking 4-7 days to get an order. Why pay for services that don't deliver a promise?",AmazonHelp
863120,2017-10-09 15:59:41,324963,@delta desk folks advise caution about rebooking when they invite you to by text. Better to find out what’s happening.,Delta
390747,2017-10-09 15:59:42,200857,@AmazonHelp Already have and your team is the reason I was put through this mess.,AmazonHelp
391817,2017-10-09 16:00:42,208773,"@SpotifyCares I reset my password as soon as I noticed so I'm good, but I don't have my saved music, is there a way to restore the albums I have saved?",SpotifyCares
302732,2017-10-09 16:02:43,188245,@TMobileHelp @115913 Now your billing is handling my account incompetently. I will be forced to seek other actions if you screw up my credit. This is serious.,TMobileHelp
391141,2017-10-09 16:03:41,208613,@AmazonHelp I provided delivery instructions in case I was out but failed to deliver. Needed package urgently.,AmazonHelp
857610,2017-10-09 16:04:08,323669,damn @115873 got me fucked up. how you gonna give out a set price when i'm calling it then take out extra money like i ain't realize ?,Uber_Support
394089,2017-10-09 16:04:58,209364,@AppleSupport POR TODO CELULAR DE VOCES A BATERIA FICA VICIADA RAPIDo E PARA DE FUNCIONAR é o 4º iphone meu que acontece isso,AppleSupport
391629,2017-10-09 16:08:01,208730,@AmazonHelp Safari on MacOS High Sierra doesn't render search results navigation correctly in Safari - displays at very bottom of long page,AmazonHelp
391178,2017-10-09 16:12:10,208622,"@AmazonHelp I ordered yesterday and was told delivery will be thursday and how that is considered ""two day"" with prime.",AmazonHelp
2079130,2017-10-09 16:12:58,397292,@AppleSupport your ios11 update is a joke. bluetooth devices just won’t link any more.  The apps take ages to open and my battery life gone.,AppleSupport
385061,2017-10-09 16:18:43,207162,@AmazonHelp Before ordering i talked to ur exec nd he assured me dat u wil rcv your order before 10th Oct. What benifit i m getting as a prime member?,AmazonHelp
863010,2017-10-09 16:20:55,324929,Yo why none of my messages delivering and why don’t I have service when my phone says LTE with 4 bars @AppleSupport @115858,AppleSupport
392290,2017-10-09 16:23:47,208896,@115873 drive went straight past me and then cancelled as I wasn’t about 😂🙄,Uber_Support
858644,2017-10-09 16:24:14,323874,@AmericanAir The staff were really nasty.  They said it's up to the head flight attendant if she wants to accept it. They whispered in her ears,AmericanAir
395485,2017-10-09 16:25:49,209606,@AmazonHelp you should allow customers to add delivery notes for the driver. it has been a nightmare for deliveries in a new build house.,AmazonHelp
391707,2017-10-09 16:28:32,208747,"@AppleSupport 11.0.2, fresh install, twice,7Plus, re-boots, app crashes, non-responsive screen, poor memory management",AppleSupport
864184,2017-10-09 16:30:46,325235,Free upgrade to @Delta Comfort is soooo clutch!!,Delta
392589,2017-10-09 16:32:57,208975,@AmazonHelp My mom just spent 30 frustrating mins with .in support. Couldn't help my grandmother redeem a Kindle gift code from .com.,AmazonHelp
2078881,2017-10-09 16:34:33,614836,"@115888 how many times am I gonna have to log in to my account today? So far, since 8am, I’ve been logged out 5 times.",SpotifyCares
2079379,2017-10-09 16:34:55,614979,"@AppleSupport @118845 sos help, barely two weeks old after purchasing with my Mac and already broken 🙃🙃🙃 I’m not amused, not a drill. https://t.co/F5eHAOHrfG",AppleSupport
393227,2017-10-09 16:38:22,209136,"If you ever used @115911, check your accounts. They charged me for months after I canceled my account and refuse to return the money.",TMobileHelp
1469452,2017-10-09 16:40:56,461058,@AppleSupport your stupid iOS update has killed my Battery life when’s it being fixed ??,AppleSupport
392168,2017-10-09 16:41:34,208863,@AmazonHelp already report for it,AmazonHelp
395723,2017-10-09 16:41:57,209663,"@AmericanAir ABQ Sup #573043 Deborah put her  "" talk to the hand""   hand up to customer! Disgraceful and rude for not reason!!",AmericanAir
392697,2017-10-09 16:45:10,208998,@Delta - thx for awesome service recovery; rebooking flights at 1am to reticketing again between flights -reminds me y I'm #DiamondMedallion,Delta
391174,2017-10-09 16:46:30,208621,@AmazonHelp The associate already told me I selected two-day shipping; wasn’t too much help after that,AmazonHelp
395518,2017-10-09 16:47:45,209612,@AppleSupport Any chance this might be brought back?,AppleSupport
392578,2017-10-09 16:52:30,208971,"@116928 Nos han bloqueado la cuenta de vendedores sin motivo, no recibimos respuestas a los casos y nadie nos atiende, ¿esto que es?",AmazonHelp
396149,2017-10-09 16:54:54,209799,"Today the driver called, asking me to cancel the trip so he doesn't pay any fee, and then he snapped in anger when I refused @Uber_Support",Uber_Support
392661,2017-10-09 16:57:32,208988,@AppleSupport 11.0.2 just updated the other day 😭,AppleSupport
393550,2017-10-09 16:58:52,209213,@AmazonHelp  I have placed my order as on 24 Sep but till date I have not recd my product and your executive does not support me. What I do. https://t.co/vYxWjehwxr,AmazonHelp
388938,2017-10-09 17:01:31,208031,@AppleSupport  https://t.co/QKNSF65sDW,AppleSupport
365981,2017-10-09 17:02:39,202711,@AmazonHelp Now I can't buy any costly good .. as if any issue appears .. u r not available for after sale service,AmazonHelp
860988,2017-10-09 17:03:40,324448,Loving the new 737 MAX8!   It’s got that “new plane smell!” @SouthwestAir #iflyswa #737MAX8 https://t.co/w4wHO0kLKU,SouthwestAir
393581,2017-10-09 17:07:21,209222,"@117795 @115821 nice to see your employees kicking customers boxes around bc theyre too lazy to pick them up, wtf",AmazonHelp
396097,2017-10-09 17:11:02,209783,@AppleSupport I cannot update any apps on the AppStore and it keeps saying this when I complete my billing information: https://t.co/qc8aVNbVuF,AppleSupport
394026,2017-10-09 17:12:27,209348,"@115821 hi, I ordered one plus 5 phone- delivered on 10/9/17. I have not received cashback of Rs 2000- I used axis bank debit card. Status?",AmazonHelp
396962,2017-10-09 17:17:34,210023,@AppleSupport I https://t.co/c8nwr2VyU8,AppleSupport
393583,2017-10-09 17:19:19,209223,@AmazonHelp I’ve spoken to your customer service team and was asked to give a description of how to get to my house- can’t imagine that’ll help much..,AmazonHelp
2078995,2017-10-09 17:20:23,529603,@115900 stop stealing the internet speeds i'm paying for,comcastcares
398869,2017-10-09 17:21:15,210325,". @Uber_Support @115873 why do you allow the driver to start the trip even before he/she reaches the pickup point? 
btw learn from @1143!",Uber_Support
397068,2017-10-09 17:22:54,210043,.@824 my flight from Zurich was canceled and Now my layover in JFK is extremely long. Would like to request a sky club pass,Delta
396206,2017-10-09 17:23:37,209815,"@SpotifyCares Hi I was wondering when the Recently Played Artists section is going to be fixed? Mine hasn’t updated in months, many thanks",SpotifyCares
392343,2017-10-09 17:24:04,208914,@AmericanAir I'd have to follow you to send DM. That would be an endorsement I won't give your company! MOYIHL on 10/4 should provide info,AmericanAir
2079116,2017-10-09 17:25:47,614898,@TMobileHelp what’s really going on with this data outage?,TMobileHelp
860805,2017-10-09 17:26:52,324395,"@AppleSupport Also, when I am on facetime and take a live picture they still dont show up.",AppleSupport
394064,2017-10-09 17:28:44,209358,@AmazonHelp Me habéis enviado unos amiibo en un embalaje blando y me llegan así de aplastados. Imposible añadirlos a la colección... 😥 https://t.co/DgbBbgPTkl,AmazonHelp
365989,2017-10-09 17:32:51,202711,@AmazonHelp Even your call me now service is Not working. ( I just tried the above Link you sent),AmazonHelp
398841,2017-10-09 17:35:07,210321,"@AppleSupport apple pencil has stopped working despite being charged and connected to ipad, any advice?",AppleSupport
394081,2017-10-09 17:40:42,209362,@AppleSupport @122986 @125607 You lost me with that FaceID crap. All I wanted was TouchID with an OLED screen.,AppleSupport
394496,2017-10-09 17:43:03,209465,Soo... @115821 tried to deliver my order today even though everyone knows the post office is closed for Columbus Day. 😂,AmazonHelp
394146,2017-10-09 17:46:13,209386,@Delta @Delta @824 #worstcustomerservice,Delta
394418,2017-10-09 17:47:29,209457,Hey @115821 could you maybe notify a person BEFORE you charge them for a year of Prime?,AmazonHelp
397108,2017-10-09 17:47:37,210049,"@SpotifyCares Webplayer been stuck on this ad even after refresh, restart, re-log in and trying on different computer, it's chrome on win 10 https://t.co/OOyAtWYkWi",SpotifyCares
868119,2017-10-09 17:48:54,326122,@218193 @Uber_Support AND THEN DRIVE OFF WITH A STARTED RIDE AND WHEN YOU CANCEL YOU STILL GET CHARGED.,Uber_Support
396038,2017-10-09 17:50:55,209763,@115850 e.g. 404-4498967-3732341,AmazonHelp
2078923,2017-10-09 17:53:45,614846,@AppleSupport Hope youd fix all the bugs in the next ios update.,AppleSupport
395423,2017-10-09 17:56:29,209593,"@AmazonHelp bonjour, commande passée le 10/08, prévue pour le 08/09 et toujours rien, le vendeur ne répond pas à mes messages....",AmazonHelp
396872,2017-10-09 18:01:30,210006,"@115850 had ordered for two Mac Ruby Woo lipsticks but received only one and update said delivered both.this is crazy,can you please check",AmazonHelp
399927,2017-10-09 18:03:11,210560,@AppleSupport are FaceTime will be able for all user who buy iPhone without FaceTime??,AppleSupport
394399,2017-10-09 18:05:20,209454,"@AmazonHelp thank you team for the quick revert. i tried for chat option and it says, the service is busy, hence has sent an email (1/2)",AmazonHelp
402275,2017-10-09 18:06:17,211155,@115873 @Uber_Support I don't really speak Arabic... #wtf #DigitalMarketing #gonewrong #StrangerThings https://t.co/YEKuHduc8B,Uber_Support
394402,2017-10-09 18:08:21,209454,@AmazonHelp CC - @115850,AmazonHelp
400448,2017-10-09 18:09:08,210701,@delta would it be possible to change my flight to an earlier flight this week without having to cancel my return flight? Please help!,Delta
396306,2017-10-09 18:10:04,209843,@115911 @115858 I’m sick of y’all bs https://t.co/55zuJP9LkA,TMobileHelp
394460,2017-10-09 18:11:08,209459,@AmazonHelp No - the driver didn't attempt delivery- but updated tracking to say so. I don't appreciate being lied to by @122232 multiple times.,AmazonHelp
399923,2017-10-09 18:12:03,210559,@AppleSupport trying to stream Netflix on my iPhone 7plus and it kicks kicking me out to the home screen is it apple or Netflix app?,AppleSupport
399570,2017-10-09 18:12:21,210462,@AmericanAir with the major L this weekend. Absolute trash service,AmericanAir
385889,2017-10-09 18:15:40,207359,@207358 @AmazonHelp I'm selling Twitter accounts @18846  if you like DM,AmazonHelp
393781,2017-10-09 18:15:42,209270,@SouthwestAir One other question - Just found out my DL is going to expire while I'm traveling.  Who should I contact?,SouthwestAir
2079490,2017-10-09 18:21:31,615018,@AppleSupport please reply !!,AppleSupport
399905,2017-10-09 18:22:56,210554,@115850 your service is very bakwas Because maine ek order kiya tha jo book ho gya .Aur kuch samaya baad order apne aap cancel ho gya why,AmazonHelp
399542,2017-10-09 18:23:33,210457,@spotifycares @115888 stopped appearing on my lock screen so I have to manually go into the app on my phone to change songs is there a fix?,SpotifyCares
2079637,2017-10-09 18:26:18,615056,iPhone battery keeps getting worse with updates. Died at 4% yesterday smh @AppleSupport,AppleSupport
399866,2017-10-09 18:27:21,210544,@115850 the diagnostic test identifies my phone as one plus 3 and gives me less discount while it actually is a OnePlus 3T 128GB variant https://t.co/vu4VpbVM7h,AmazonHelp
400944,2017-10-09 18:32:09,210830,When your 40 min flight JFK to BOS turns into 3 hours on the runway @122122 @125872 @Delta  this is UNACCEPTABLE!! FIX IT!!,Delta
398805,2017-10-09 18:36:01,210312,Still waiting on that call from Amazon..,AmazonHelp
401676,2017-10-09 18:37:29,210985,"@AppleSupport hey instead of walking to class without music because your streaming service can’t load, I’m switching to Spotify.",AppleSupport
2079377,2017-10-09 18:40:41,614978,Absolutely done with @Uber_Support. Only used it for 1 ride and this....all the time! #security # yourdataisntsafe https://t.co/0nZ9PNmbMX,Uber_Support
396197,2017-10-09 18:40:52,209815,"@SpotifyCares I’m at uni right now, so I’m with their ISP, it’s been the same back home with my ISP, so yes I’ve been on different networks.",SpotifyCares
400333,2017-10-09 18:42:04,210668,@119625 Prime search is insane. Can't search of any movies. Whn i search for vantage point it says movie nt listed. WTH? https://t.co/Kg2tdcYGKQ,AmazonHelp
2079602,2017-10-09 18:43:05,615049,@115858 #iOS11 sucks balls. Phone has never crashed so many times of the two years owning it.,AppleSupport
397016,2017-10-09 18:43:57,183975,@Delta Already boarding. Doesn't matter at this point.,Delta
869747,2017-10-09 18:44:12,326519,Thank you! @AmericanAir for refunding our honeymoon tickets to st barts even though it wasn’t required. You have a new regular customer.,AmericanAir
399586,2017-10-09 18:46:03,210466,"Hey @comcastcares, I just got off the phone with an agent that was unable to provide me with any information and said to call back tomorrow?",comcastcares
398795,2017-10-09 18:48:45,210310,@AmazonHelp Why does not help from Amazon team,AmazonHelp
868811,2017-10-09 18:50:38,326292,@AppleSupport is this legit?? https://t.co/VyVkN2fPZa,AppleSupport
867671,2017-10-09 18:51:14,326027,"@TMobileHelp I'm trying to log into, My TMobile, and I keep getting redirected to metropcs website.",TMobileHelp
2079418,2017-10-09 18:52:03,614992,When @SouthwestAir cancels your flight for no reason. Leaving us in the middle of nowhere for another day...thanks for nothing.,SouthwestAir
403572,2017-10-09 18:57:28,211520,@AppleSupport Do you know why I am unable to see the software on iPhone 8plus? I have my old phone 6s on 11.0.2 and I can’t use my backup https://t.co/wFY6NUTxQU,AppleSupport
396893,2017-10-09 18:57:58,210013,"@AmazonHelp De hecho tengo uno pendiente y otro que está prevista entrega el miércoles (pero este no cuenta, de momento).",AmazonHelp
387598,2017-10-09 19:01:33,207741,"@AppleSupport iPhone 7. It doesn’t record and freezes my phone. Also, I can only make/accept calls about 25% of the time and my phone keeps restarting.",AppleSupport
398904,2017-10-09 19:05:14,209807,"@Delta @210335 @Delta left me at the airport for 12hrs before cancel the flight. no transport, hotel or water",Delta
400351,2017-10-09 19:05:21,210672,"Help me tell @115821 to drop LaserShip, sign the petition now! https://t.co/4XCtaWy8nh #LaserShit",AmazonHelp
2079687,2017-10-09 19:07:39,615072,"Dear @AppleSupport can you please do an update to update the update that’s fucked my phone up? Thanks in advance, a pissed off customer.",AppleSupport
393567,2017-10-09 19:12:33,209218,"@AmazonHelp Still nothing. Prime, my arse! 😠",AmazonHelp
867597,2017-10-09 19:13:50,326013,"@SpotifyCares ah sorted, thank you",SpotifyCares
400045,2017-10-09 19:14:52,210590,@AmericanAir I had to cancel my flight because San Juan airport isn't functional. The island has no power.,AmericanAir
2079835,2017-10-09 19:17:40,615112,@AppleSupport how come my iphone7 battery is dying after the last software upgrade. It was perfectly fine before...?,AppleSupport
400818,2017-10-09 19:18:07,210806,@115850 pathetic service and wrong update no delivery but u guys posted i rescheduled which i never https://t.co/iyvTFY1zAv,AmazonHelp
2077536,2017-10-09 19:18:54,614438,"@Delta @207516 Oh, uh okay...",Delta
401708,2017-10-09 19:20:38,210994,@115873 y’all gotta chill on your prices it’s just a 7min ride and charging me $12 at least pass a promo code,Uber_Support
400577,2017-10-09 19:21:51,210738,Ok @115911 Why can not I access my account on your website? Keep sending me to another company instead to open my account,TMobileHelp
394487,2017-10-09 19:24:45,209464,@AmazonHelp La fecha era hoy pero no ha llegado.,AmazonHelp
2079983,2017-10-09 19:25:46,244611,"@AppleSupport 3. phone will not restart! Apple logo shows, tries to start, a couple of beeps and screen blank and phone is stuck on a restart loop!",AppleSupport
396957,2017-10-09 19:30:10,210022,@AppleSupport Rang apple care and got it sorted - just needed to completely sign out of apple cloud and sign back in - sorted - thanks,AppleSupport
400482,2017-10-09 19:34:13,210712,@AmericanAir Work harder you’re five years behind everyone else.,AmericanAir
401612,2017-10-09 19:35:46,210972,@136314  any idea why the amazon music app on my phone doesn't play the album Tusk by Fleetwood Mac even though I own the album?,AmazonHelp
400444,2017-10-09 19:37:41,210700,@Delta Thank you!,Delta
871042,2017-10-09 19:38:39,326815,"So updated my phone to I.O.S.11.0.2 ,ear phones&amp;alarms don’t work, brand new iPhone 8+, are you serious! Yet it costs how much? @115858 👎🏻 https://t.co/1jz39v0Bpp",AppleSupport
401581,2017-10-09 19:40:00,133240,Unhappy with @115830 Prime. Order failed to be delivered today. What's the point paying for prime if the order doesn't arrive!,AmazonHelp
872983,2017-10-09 19:43:54,327257,@SpotifyCares What is your number to get help. Your customer service is the worst.,SpotifyCares
401900,2017-10-09 19:45:31,211050,@SouthwestAir is there a way to follow up on a complaint I filed I never heard back on if I have a reference number?,SouthwestAir
398844,2017-10-09 19:46:08,210322,"@AppleSupport 2/ If I go to Photos, Collections, all said “missing” photos seem to be there.",AppleSupport
401575,2017-10-09 19:48:31,210963,"E mais, os correios deveriam ser privatizado. Sem contar que a @117086 tá deixando a desejar demais enviando por eles.",AmazonHelp
869753,2017-10-09 19:53:40,196074,@115913 still nothing being blown off again,TMobileHelp
402239,2017-10-09 19:56:09,211141,@115825 seit 4 Tagen startet die Prime Video App auf der XBOX nicht mehr. Nicht nur bei mir wie Ihr den Rezensionen entnehmen könnt. https://t.co/ZRDgDHTivz,AmazonHelp
403602,2017-10-09 19:56:59,211527,@AppleSupport On WiFi,AppleSupport
349668,2017-10-09 19:58:30,199207,@Uber_Support It’s day 2 . I have been following up for past 4days no call assistance.,Uber_Support
402197,2017-10-09 20:00:49,211132,@AmazonHelp Hermes Courier breakables thrown over Garden fence. Package left in front of house in full view of street. Delivery insx ignored,AmazonHelp
403590,2017-10-09 20:02:36,211525,@AppleSupport Happy Monday! New wrinkle with my iPhone 8+:  stuck on vibrate. Cannot get it to ring. Ever since I used Do Not Disturb. Once,AppleSupport
401805,2017-10-09 20:04:23,210043,@AmericanAir I'll also pay you if it's a reasonable fare of course,AmericanAir
394639,2017-10-09 20:05:34,209506,@Delta DELTA has been worthless!!!,Delta
403068,2017-10-09 20:07:42,145372,"Dear @AmazonHelp, why am I “Prime” on @115830 but not on @116316? I have a valid #Prime membership on .co.uk.",AmazonHelp
402248,2017-10-09 20:14:59,176402,@AppleSupport @211145 They really sucked on this one,AppleSupport
403212,2017-10-09 20:15:03,211409,@comcastcares Why is it that streaming anything via Xfinity is worse than having teeth pulled?,comcastcares
403050,2017-10-09 20:15:26,211365,Getting really fed up with @115821 and @115817 rn😡😡😡,AmazonHelp
873884,2017-10-09 20:19:11,327466,"We boarded, got kicked off, &amp; now I’m boarding a different plane. 😑😑y’all knew something was wrong with the plane 2 hours ago @AmericanAir",AmericanAir
404705,2017-10-09 20:21:04,199106,@Delta my flight keeps getting delay from JFK to DTW. Why?? DL4073,Delta
260826,2017-10-09 20:21:59,178097,"@AmazonHelp Thanks, that link tells me the delivery date had been rescheduled. I'll keep an eye out over the next few days...",AmazonHelp
406640,2017-10-09 20:24:32,211919,You should be able to drag the print screen from the bottom left corner into a text message or WhatsApp etc. @115858 @AppleSupport,AppleSupport
404694,2017-10-09 20:24:35,211781,"@115877 trying to sign up in UK and insurance cert keeps getting rejected with no reason given, need help please",Uber_Support
402631,2017-10-09 20:30:45,211251,"@AppleSupport And yes, 11.0.2 :)",AppleSupport
403062,2017-10-09 20:35:54,211367,@AmazonHelp It's an amazon.es account. The link you provided shows no orders 😖,AmazonHelp
403097,2017-10-09 20:36:23,211376,@AppleSupport Thanks! I thought it was another icon before and wasn't sure if it had changed.,AppleSupport
403262,2017-10-09 20:38:23,211425,@SouthwestAir great trip to Chicago for the @160513 ! Thanks and love the new planes!,SouthwestAir
406706,2017-10-09 20:40:30,211935,Hey @AmericanAir how about you guys get air conditioning on flights? Just flew from Houston to Dallas on a sweltering plane. Terrible!,AmericanAir
404652,2017-10-09 20:41:55,211771,@115858 @AppleSupport ever since I got ios 11 and up my phone has gone from perfectly fine to barely functional.,AppleSupport
2081517,2017-10-09 20:44:39,615562,"@115888 why is my credit card getting charged for you guys, yet I keep getting emails saying I haven’t 🙄🙄",SpotifyCares
403234,2017-10-09 20:45:07,171831,"@TMobileHelp What was ""UP""had to be addressed through the FCC and BBB. I tried to take care of it through T-mobile but your customer service stinks! Sad!",TMobileHelp
404073,2017-10-09 20:48:41,211643,"@115850 ,
If required I'll provide u d screenshot of d mesgs , take immediate actions .
Order no. : 171-6244770-6462737
Hope u will update https://t.co/vnHlAHgvcy",AmazonHelp
401673,2017-10-09 20:49:48,210984,@AppleSupport It won’t switch on by the side button so I have to reset the whole thing by holding the home and Power button until the Apple logo appears,AppleSupport
411515,2017-10-09 20:53:21,140062,Today @115877 redefined what fast food is as I waited outside of a hotel for a few McDonald's burgers for an hour. Very stressful.,Uber_Support
2079359,2017-10-09 20:56:31,614972,@AppleSupport I finally fixed it. Had to reset the calibration data.,AppleSupport
408040,2017-10-09 20:57:36,212271,@Delta hi we’re waiting to board flight 401 MCO-JFK with infants and keep seeing unexplained delays with no clear answer. What is going on?,Delta
407057,2017-10-09 20:58:54,212019,"@115821 getting on my last nerve taking money from me whenever they please , 👌🏼this close to losing my shit",AmazonHelp
404130,2017-10-09 21:04:36,211656,@AppleSupport Will update overnight and then report if it continues,AppleSupport
404183,2017-10-09 21:05:20,211670,@Uber_Support It says my email is not a user. But then if o try and resign up it says my email is already in use.,Uber_Support
404056,2017-10-09 21:09:36,211639,@AmazonHelp He did it yesterday too he came In and made my 9 year old sign for 2 parcels  I’m disgusted to say the least my kids are in my room tonight,AmazonHelp
404224,2017-10-09 21:12:37,211678,@AmericanAir just dmed u,AmericanAir
2080975,2017-10-09 21:13:16,615391,Dear @115858 maybe you can add a duration of how long ive been working out? https://t.co/aGeXP6WN8B,AppleSupport
2080234,2017-10-09 21:17:35,433694,@Delta Did you get my DM? Now sat on tarmac at JFK on DL483 and being told it’ll be another 50mins so I may also miss my connection in Boston...,Delta
2080351,2017-10-09 21:18:35,212072,@SouthwestAir Please advise of best way to confirm I was charged once at most?  Thank you. 3/3,SouthwestAir
409455,2017-10-09 21:20:04,212631,"@SpotifyCares I have premium,why are there some songs/albums not available to hear anymore? @212632 @19106 @19107",SpotifyCares
876726,2017-10-09 21:23:36,328146,Sameeee I just updated to iOS 11.2 😡@AppleSupport https://t.co/43udMdeVBL,AppleSupport
410131,2017-10-09 21:25:11,212828,"@Uber_Support Submitted a tkt thru app, UberPool stopped showing up on my app for 3 weeks now. Haven't heard back, please help!",Uber_Support
407631,2017-10-09 21:28:00,193661,@AmericanAir  upgrade list for my flight to dca tonight has me #1 and my companion (same pnr) #16.  Any way to fix this before reaching clt?,AmericanAir
406612,2017-10-09 21:28:40,211912,"@AmazonHelp are so poor. Order placed for next day delivery, still not here 3 days later despite being out for delivery 3 times. #greatstuff",AmazonHelp
2080740,2017-10-09 21:31:37,553906,@115913 @188044 My family is scared they can't communicate with police or medical staff Puerto Rico needs help with comunications ASAP,TMobileHelp
877393,2017-10-09 21:31:55,328287,iOS 11.0.2 installed. My iPad Air battery draining fast.  Plz sort it out @AppleSupport,AppleSupport
385136,2017-10-09 21:37:59,207186,@Delta Thank you for this. Will I receive an email when this is finalized?,Delta
403574,2017-10-09 21:41:44,211521,@AppleSupport No don’t use low power mode it’s an iPhone 5s,AppleSupport
392340,2017-10-09 21:43:55,208913,"@AmericanAir For $130,000,000 you think they'd afford another exit door! 😂",AmericanAir
2080927,2017-10-09 21:46:54,615368,Hey @116136. Is it common practice for you to ask prospective customers for an SSN before giving them a quote?! That's not OK.,comcastcares
409371,2017-10-09 21:48:28,212604,@AppleSupport just received this email. I don't even have a apple/iTunes account. What should I do? https://t.co/5y5vJHKRkZ,AppleSupport
878023,2017-10-09 21:49:04,203527,"@Delta I bkd last Nov, upgraded to comfort and 13 hours before my flight you change me to a middle seat. This is unacceptable and must be  fixed",Delta
407452,2017-10-09 21:50:53,212124,"An @115821 ""prime item"" should never take 1 week to be delivered.  What is the point of the membership? And the customer svc rep was a joke",AmazonHelp
876807,2017-10-09 21:56:18,328167,"Security is important, @spotifycares. We'd like it if you supported two factor auth. https://t.co/PzahRoFjRI #SupportTwoFactorAuth",SpotifyCares
407244,2017-10-09 21:58:05,212067,"Flying @SouthwestAir in @196746 has made me forget what leaving on time means; sloppy, rude. My @AmericanAir flt is about to leave on time!",SouthwestAir
407916,2017-10-09 21:59:49,212241,Thank you @115821 for sending me the wrong product inside the original box and guess what I need to pay for sending the product back!,AmazonHelp
407561,2017-10-09 22:01:54,212145,@AppleSupport Yes it has been happening now for a number of months,AppleSupport
406661,2017-10-09 22:02:08,211925,"@Uber_Support Hi! The info you are sending me is for getting the ticket, but I need to get an invoice. Please help me!",Uber_Support
407492,2017-10-09 22:08:39,212130,@AmazonHelp AMZL US,AmazonHelp
410199,2017-10-09 22:10:48,212847,I need @AmericanAir help tracking lost luggage #AmericanAirlines,AmericanAir
410618,2017-10-09 22:13:56,187689,Even “baby” planes must wait their turn... @Delta #diamondmedallion https://t.co/lLIuxdgB6H,Delta
408832,2017-10-09 22:14:37,212465,"hey @AppleSupport, so my screen doesn't turn on, so I can't put in my passcode to unlock my phone and back it up onto my computer. what now?",AppleSupport
878538,2017-10-09 22:24:20,212470,@328575 @AppleSupport Thank you xx,AppleSupport
395476,2017-10-09 22:24:32,206064,"@AmazonHelp They were not able to help, it was only for amazon fulfillment jobs. They could not direct me to person who handles US @83606",AmazonHelp
408234,2017-10-09 22:25:02,212303,"@212304 @115911 Oh no, I want the same thing. I have Tmboile and I was just gonna switch to AT&amp;T since they don't hate their customers",TMobileHelp
2081215,2017-10-09 22:28:32,399056,@116136 @comcastcares Lol a tech was supposed to look at the cabling outside my apartment yesterday and never showed up. Your move.,comcastcares
872148,2017-10-09 22:30:11,214432,"@Uber_Support If ur driver is running more than 5 mins behind the provided ETA, you can cancel the ride request without incurring a cancellation fee.",Uber_Support
410633,2017-10-09 22:33:09,212945,@Delta and now we're waiting to board because a crew member is missing??!? ARE YOU KIDDING!?!? What kind of operation are you running?!,Delta
2081288,2017-10-09 22:33:14,207740,"@AppleSupport Personal Hotspot on iPhone 7 running iOS 11, zoomed view. In music or podcasts, album / podcast name unselectable. https://t.co/D9wbHkc2d1",AppleSupport
407623,2017-10-09 22:37:01,185020,"@AmericanAir @212165 Wait, are you actually seeing SYD-LAX-DCA Award 
flights?!?!?",AmericanAir
407529,2017-10-09 22:39:48,196809,@AppleSupport Yay!,AppleSupport
408431,2017-10-09 22:40:14,212355,@AmazonHelp I did that three times and keep getting a message saying I have no order linked to that seller.  Can we take this to DM please?,AmazonHelp
408921,2017-10-09 22:47:13,212488,@SpotifyCares how do you save albums on the new format,SpotifyCares
882425,2017-10-09 22:49:39,329532,Hey @AppleSupport  if I wanted a phone that didn’t work I would of bought an android.,AppleSupport
410142,2017-10-09 22:51:56,212832,"@Delta ok. But you missed my point. App not sending push notifications.
Plus. Sales area of app still shows flight in time.",Delta
411591,2017-10-09 22:54:52,213191,"2nd flight in 2 trips where the air didn’t work. Hope this isn’t a trend, @AmericanAir - grateful this time I wasn’t in a suit...",AmericanAir
390022,2017-10-09 22:56:53,208330,@AmazonHelp Wife covered it from her end.  Picture feature was cool - wouldn't have known it went to wrong house otherwise.,AmazonHelp
2072688,2017-10-09 23:02:29,375784,"So @Uber_Support lied to me. When you don't take the route the app suggests, it doesn't recalculate the fee.",Uber_Support
409395,2017-10-09 23:05:56,212610,@AppleSupport Just the wifi option getting stuck on verifying update... Tried now 3 times still same issue,AppleSupport
879970,2017-10-09 23:07:12,328914,@SouthwestAir Boarding gave her an earful the whole time.  I'm sorry but I didn't get a chance to get her name,SouthwestAir
409853,2017-10-09 23:09:05,212742,@116136 Could you deliver on the service i pay for? Speed tests show that you dont. Like ever,comcastcares
409758,2017-10-09 23:15:09,212715,@Delta Sent a DM of my skymiles number,Delta
409308,2017-10-09 23:16:16,152461,@AmazonHelp I don't see any respect shown to me. I also see  to have been lied to and treated like dirt.,AmazonHelp
2081306,2017-10-09 23:17:21,615493,@AppleSupport I did. You aren’t responding. 😹,AppleSupport
409719,2017-10-09 23:26:03,212703,"@115873 a Russian hacker just broke into my Uber account and changed the setting. The Russian cyber crime is out if control. 
#PutinSux https://t.co/uYTgIHNks2",Uber_Support
410540,2017-10-09 23:26:32,212928,@115858 this new iOS is 💩 always crashing and buggy af,AppleSupport
409350,2017-10-09 23:27:45,212597,@AmazonHelp It was supposed to be delivered Sep 29. That was pushed back to Oct 5. I'm in contact with @83365 who have no idea where it is,AmazonHelp
410189,2017-10-09 23:28:25,121138,#CanyonFire2 as seen after take off from @212844 on @AmericanAir Flt. 1248 https://t.co/e9MIf8kFUR,AmericanAir
410765,2017-10-09 23:37:41,181112,@115911 MagentaCapes are truly #ManufacturedAuthenticity #VirtueSignaling devices. Sad to see Tmo bend/sway that way. #ineffective #phony,TMobileHelp
410508,2017-10-09 23:39:14,212921,Why my phone getting slow using the latest update ios 11.0.2. Moreover the touchscreen isn’t that sensitive than before and somehow the display was stuck and i need end forcefully the app. @AppleSupport,AppleSupport
881129,2017-10-09 23:39:19,329222,@SouthwestAir Very disappointed with your early bird registration. not sure why I paid extra for it. It is a numbering system; it shouldn't be a problem to limit the number to accommodate people.,SouthwestAir
2081510,2017-10-09 23:44:12,615560,@SpotifyCares please help!,SpotifyCares
411548,2017-10-09 23:46:31,213177,Being delayed 7 hours at LGA has really opened up my day for #MLBplayoff baseball.  Thanks @Delta,Delta
407459,2017-10-09 23:48:14,212125,"@AmazonHelp Esto fue el día sábado, como a las 15:17 horas",AmazonHelp
407633,2017-10-09 23:50:38,193661,@AmericanAir @Americanair talked to airport team.  Agent says that the companion gets no priority and doesn’t share mine.  Why don’t they know new rule?,AmericanAir
410087,2017-10-09 23:55:04,212815,"@AppleSupport That worked, thanks!",AppleSupport
411637,2017-10-09 23:55:37,213199,@115900 😩 https://t.co/9DW5V28ehc,comcastcares
410623,2017-10-09 23:57:30,212944,@Delta Actually the gate agents were told that the pilots were on board and they were not. Passengers went down the jetway and had to come back,Delta
411463,2017-10-10 00:07:16,213149,"@AppleSupport Hi. I’m trying to approve a Family Sharing request, but clicking on the notification hangs: https://t.co/9oTmjowAd1",AppleSupport
411447,2017-10-10 00:07:30,213144,@115786 @115821 how to access Amazon prime video on Xbox one,AmazonHelp
411916,2017-10-10 00:15:27,164459,@115873 just disable s my account while I was trying to order @115877 😂😂😂 this the dumb shit I'm talking about,Uber_Support
411863,2017-10-10 00:17:04,213251,@AmericanAir You were right! Great experience so far. https://t.co/CsYrI7jyz2,AmericanAir
412388,2017-10-10 00:18:38,213395,C'mon @Delta. Enough of delays in 10-min increments. I'm tired of leaving &amp; entering the #SkyClub. Say 3 hours &amp; amaze me w/2. #honesty,Delta
411434,2017-10-10 00:19:07,213141,Amazon be lying talm bout they can’t get in my gate they be lying bc it’s broke and you can just walk thru deliver my shit! @115821,AmazonHelp
412507,2017-10-10 00:23:48,213428,On a @SouthwestAir flight and the flight attendant just said “if you’re caught smoking or vaping we are going to go all United on you” DEAD,SouthwestAir
882578,2017-10-10 00:25:11,213293,Hey @115911 can I get some help?,TMobileHelp
415197,2017-10-10 00:26:04,214005,Why would I expect anything other than horrible customer service from @AmericanAir ? #neveragain,AmericanAir
2072701,2017-10-10 00:28:10,613052,"@115858 iOS 11 sucks, I get black screens out of nowhere and games such as Boom Beach crash and leave a black screen",AppleSupport
411627,2017-10-10 00:30:54,213197,@comcastcares 230 a mont 30 min on hold. You all really value the customer.  Terrible!,comcastcares
412795,2017-10-10 00:39:33,213529,".@115888: founded 11y ago (06), launched 9y ago (08)…
…and yet there's no equalizer, that can be coded by a teenager.
@SpotifyCares not.",SpotifyCares
412293,2017-10-10 00:39:34,213372,Did Alexa go boom? @115833 https://t.co/6i8V5AKlcX,AmazonHelp
415172,2017-10-10 00:43:37,214000,We Need @115877 in West Palm Beach 😪,Uber_Support
883401,2017-10-10 00:44:43,329774,"@Delta Unnacceptable. Horrible communication, if you can say any, @ gate by desk workers. Urging us to stay &amp; that flight would not be cancelled.",Delta
412739,2017-10-10 00:48:36,213511,@115858 bruv when you gonna fix this IOS 11.0.2 software. Everybody is crashing all apps crash it’s bloody nightmare.,AppleSupport
407636,2017-10-10 00:53:39,193661,@AmericanAir Any way to fix the upgrade list issue?,AmericanAir
412726,2017-10-10 00:55:53,213507,@117086 muito descolado #meuBoxy ✌🏼📚 https://t.co/Ozy8T86PyM,AmazonHelp
413150,2017-10-10 00:57:01,213615,@Delta hi weird question but my friend is on an international flight on a 747 and can't figure out how to turn on the lights - pls help? 🤗,Delta
413121,2017-10-10 01:00:45,213603,Hey @115858 @AppleSupport my iPhone is constantly freezing since updating to iOS11. Fix the issue and give us a version that works!,AppleSupport
412842,2017-10-10 01:05:45,213539,@TMobileHelp @115913 In result if that y'all have actually cost me money but y'all just say oops we are sorry you were lied to about your coverage area..,TMobileHelp
401614,2017-10-10 01:07:40,210972,@AmazonHelp I have only just discovered this issue. I get a message about 'song no longer available in Amazon catalog' but it is saved on my device,AmazonHelp
885281,2017-10-10 01:17:14,330218,A week ago I broke down and picked an airline. I chose @Delta,Delta
413310,2017-10-10 01:17:17,213643,"This is.@SouthwestAir #PixarCoco themed jet, and I really want to fly in a jet that bears my name https://t.co/GfVKld4DA4",SouthwestAir
416770,2017-10-10 01:18:25,214427,@Uber_Support how can I contact someone about multiple issues I've had today and Friday with trips? The app contact doesn't work.,Uber_Support
414011,2017-10-10 01:21:56,213792,Amazonで頼んだやつかれこれ２週間待ってる(  ˙-˙  )←遅いなぁ....,AmazonHelp
885794,2017-10-10 01:25:28,330327,@AppleSupport https://t.co/2ZomKd6w8n,AppleSupport
417933,2017-10-10 01:29:51,214715,@115888 why can't we add an entire playlist to queue yet?,SpotifyCares
415572,2017-10-10 01:30:25,205485,yeah here is the proof wish I could switch to @115911 right now https://t.co/4iHUO70J92,TMobileHelp
415839,2017-10-10 01:30:52,214173,@AmericanAir Just sent it. Thank you!,AmericanAir
415149,2017-10-10 01:33:39,213992,"@AmazonHelp Hi, my order was supposed to be shipped on October 4th and it's already the 9th...what's going on? https://t.co/tNdtVdw6ns",AmazonHelp
825106,2017-10-10 01:34:41,316510,Hey @AppleSupport : why are all sorts of apps disappearing with my watch and phone updates?! Most of my social media apps have disappeared!,AppleSupport
2073173,2017-10-10 01:46:56,566635,@115858 the software updates have made my phone a lovely paperweight. Phone won’t even charge though it’s plugged in and shows it is charging,AppleSupport
415084,2017-10-10 01:47:17,213979,"AmazonでCD予約したんだけど
払込番号が送られてこない😭",AmazonHelp
885907,2017-10-10 01:48:41,330348,@Delta I've sent my confirmation code,Delta
415212,2017-10-10 01:48:58,214009,@AmericanAir I'm about to get a real one. 😥,AmericanAir
412485,2017-10-10 01:55:15,213424,@115913 @19373 @115911 How much time is wasted and still no resolution https://t.co/VkDmAUX1yX,TMobileHelp
415447,2017-10-10 01:55:35,214063,@AmazonHelp are you guys ever going to fix your app where I can actually scroll down the today's deals without the images going away,AmazonHelp
886592,2017-10-10 02:04:27,330504,@AppleSupport Says ringer as if there are no headphones in... these are Beats headphones that work just fine in other devices https://t.co/YSzKcT4ab4,AppleSupport
415074,2017-10-10 02:04:56,213978,"@AmazonHelp It was supposed to be delivered by UPS today.  And someone in my area has been stealing packages, so I stated home all day to receive it. https://t.co/5o5Dlbse4d",AmazonHelp
2073573,2017-10-10 02:08:55,613293,Every damn time I try to watch #RAW on the @115900 Stream App.  #Frustrating https://t.co/B5mbSwyf7G,comcastcares
2073290,2017-10-10 02:12:52,613207,please @115888 I want to be able to add a song to my library right from the lock screen or control center,SpotifyCares
415111,2017-10-10 02:14:55,213985,@AmazonHelp It's says China post,AmazonHelp
415831,2017-10-10 02:15:03,214171,Finally on .@AmericanAir flight to YUL after my 3:25pm flight was canceled! Getting in at midnight instead of 5pm! No dinner downtown :-(,AmericanAir
416427,2017-10-10 02:18:12,214329,"Hey @AppleSupport, why can I no longer update or download apps? Great new iOS you’ve got here.",AppleSupport
416114,2017-10-10 02:22:55,214237,Yo @AmazonHelp 👍🏽 for hanging up on my mom 3xs &amp; charging her account..... you’re customer service is worse that Big Ben’s game last night 🙄,AmazonHelp
419661,2017-10-10 02:26:00,215072,@120788 @Uber_Support what to do when the driver takes 10 minutes because he is unable to start the ride. No helpline either !!!,Uber_Support
411926,2017-10-10 02:26:31,213266,@Delta How do you reschedule a flight and not have any crew to get a full flight of people back?? @Delta,Delta
416756,2017-10-10 02:30:16,214423,"Hey @115858, do you wanna explain why an album I downloaded from my iTunes account got deleted after I updated to iOS 11",AppleSupport
415079,2017-10-10 02:31:05,213978,@AmazonHelp I don't know what the point of saying it's arriving at a certain time is when you can't keep within DAYS of that ETA.  It's inconsiderate,AmazonHelp
223101,2017-10-10 02:41:32,214275,"@115911 @117159 I already have 2 lines , can I still buy a Note 8 and get one free ?",TMobileHelp
416551,2017-10-10 02:43:15,181762,"Once again, thank you @SouthwestAir for getting us back home so quickly and safely!",SouthwestAir
403093,2017-10-10 02:43:56,211374,"@AppleSupport Not at all helpful to anyone who is 100% colorblind. While the keyboard is now harder to use, the text size is a bigger problem.",AppleSupport
416975,2017-10-10 02:44:39,214482,@115850 is the echo dot available in India first generation or second? If I already have a prime... Will the free subscription still work?,AmazonHelp
417092,2017-10-10 02:52:17,214511,@AmericanAir Hello American Airlines. My name is David Morales-Bello i was in a flight #1005 from DCA-MIA and u guys lost my bag.,AmericanAir
416668,2017-10-10 02:55:27,214404,@AppleSupport Yes. But Even after I turn it off in settings it comes back on the next day. I NEVER USE WIFI ON PHONE. I have to turn it off every morning!,AppleSupport
388443,2017-10-10 02:57:47,207923,@207922 @AmazonHelp Saramago 😍😊,AmazonHelp
907459,2017-10-10 03:00:48,147243,@Uber_Support Not able to understand.  There is no message option.,Uber_Support
416498,2017-10-10 03:03:16,214355,@SpotifyCares armV7,SpotifyCares
415102,2017-10-10 03:08:25,124471,@AmazonHelp so you can place a request for new airtel connection and get the offer. But no option if you are already a customer. cc: @169873,AmazonHelp
426405,2017-10-10 03:08:43,216420,@AppleSupport Can’t figure out how to update stickers in iOS 11 and the number keeps growing. Help! https://t.co/ViD9GUq1BO,AppleSupport
417250,2017-10-10 03:12:28,214552,@14249 @115821 I am very upset with your customer service. I have not had any problems until now!,AmazonHelp
416794,2017-10-10 03:14:02,214433,@Delta Thank you! I do love a good champagne 💋,Delta
417537,2017-10-10 03:21:16,214626,@115850 order 408-5438761-9813923 is not delivered past 15 days and multiple followups.,AmazonHelp
902813,2017-10-10 03:25:31,334319,"WHERE IS SHE, GIVE ME ACCESS TO THE BITCH!!!!!!! @115858 https://t.co/1TN1PTGdEP",AppleSupport
416969,2017-10-10 03:29:00,150583,"@AmazonHelp Don’t worry. I checked over, says it is. Reset my Xbox and it’s working now :)",AmazonHelp
417089,2017-10-10 03:30:33,214511,@AmericanAir I need mu things and you team is not helping at all!!!!,AmericanAir
415795,2017-10-10 03:34:28,214162,"@Uber_Support Uber they have my email, i sent them the complain already via the Uber App",Uber_Support
819733,2017-10-10 03:36:20,315267,"@comcastcares I have had no Internet today and I'm in the middle of a forest fire and I'm quite upset about it. 2580 Athena Court, 95401",comcastcares
2073593,2017-10-10 03:39:26,613299,最近買い物したから一瞬ビビったけど、アマゾンジャパン(株)は詐欺メールだな。 https://t.co/muOafs28WH,AmazonHelp
398851,2017-10-10 03:43:05,183386,"@AppleSupport iOS 11.0.2, 7Plus (GSM), I installed it a couple days after the release of the update.",AppleSupport
890849,2017-10-10 03:44:26,331524,Flying home @SouthwestAir first class https://t.co/rzFFHAqYjX,SouthwestAir
410768,2017-10-10 03:48:03,181112,@TMobileHelp @115911 has sucked up to corporate incompetence and pawned off its customers to overseas call ctrs who cannot suffice. #HugeMistake,TMobileHelp
413109,2017-10-10 03:48:56,213599,@AmazonHelp One is a famous film director and one is a prize-winning author. Mn directed the movie based on JL's book. But they are different people,AmazonHelp
892396,2017-10-10 03:54:39,331887,My husband walked 500 miles on the Camino and @AmericanAir wouldn't hold a gate open for 3 extra minutes? #getjohnhome,AmericanAir
426416,2017-10-10 03:55:13,138361,"@116333 Hi. I’m trying out iOS 11, but I am seeing a lot of lagging. When I try to select a text in other apps, it freezes for a moment.",AppleSupport
417771,2017-10-10 03:59:20,214691,"@AmazonHelp mails, talking to customer care etc, all over now, you know issue and solve asap. No further communication entertained (3/4).",AmazonHelp
892299,2017-10-10 04:09:56,143228,Hey @Delta is the site down?,Delta
379913,2017-10-10 04:12:12,206127,"@AmazonHelp But ""soon"" takes a long time now...",AmazonHelp
427101,2017-10-10 04:14:51,216587,"@AppleSupport On iOS 11, at the bottom of the iTunes app, it says I have $0 credit. But when I view my account, it shows the actual balance.",AppleSupport
418258,2017-10-10 04:19:12,214788,@115911 Pur 4 MotoZ2Force phone w/BOGO.U assoc the 2 rebate subs 2gether as dup &amp; sent 1 rebate. Im stuck on calls trying 2 get 2nd BOGOs.,TMobileHelp
418419,2017-10-10 04:20:37,214830,"@AmazonHelp already got it resolved with chat support, thanks though",AmazonHelp
417875,2017-10-10 04:30:08,214700,@AmazonHelp Yep just sent the latest report in.,AmazonHelp
427427,2017-10-10 04:38:08,216657,@AppleSupport How do I make a green screen video on IPhone’s IMovie,AppleSupport
419220,2017-10-10 04:40:12,214982,I have worst experience with #AmazonIndia #amazone,AmazonHelp
424385,2017-10-10 04:41:02,216005,@216006 really... I'm really trying... Anyone else getting this after today's update? #groovemusic #spotify @SpotifyCares https://t.co/Ueez9GIJBC,SpotifyCares
878131,2017-10-10 04:43:23,328456,@328453 @328454 @comcastcares Per Comcast outtage when you log in,comcastcares
416186,2017-10-10 04:43:36,214261,@AmericanAir Also your stewardess just made my girlfriend chug a soda in front of her so she “wouldn’t have to come back to clean up her mess”,AmericanAir
383260,2017-10-10 04:44:37,182810,@AmazonHelp Just a link to my 1st tweet. 21 aug and we are at 10th oct today.,AmazonHelp
894039,2017-10-10 04:45:16,332271,"@115873 
Very bad service...
Take Charges very high ...
No customer care support",Uber_Support
418799,2017-10-10 04:51:38,214887,@AmazonHelp ok let me check with my bank!,AmazonHelp
419530,2017-10-10 04:54:25,159540,737 say hello...@SouthwestAir #lovemesomeluv #flybirds #southwestrules #31Lclearedtoland https://t.co/tGIiup62Eh,SouthwestAir
264711,2017-10-10 05:02:14,165815,@AmazonHelp provide us accurate link to check mail also notify us where you sent mail us?on gmail or amazon?,AmazonHelp
419519,2017-10-10 05:04:21,215043,@TMobileHelp what can you do about getting me off @115725 ? They keep telling me they can’t do anything about my week old defective ip8+,TMobileHelp
306360,2017-10-10 05:07:10,214995,@AmericanAir we have lots of donations for PUERTO RICO stuck in Texas without any resources to ship it to PR.  Could you help us out?!,AmericanAir
419579,2017-10-10 05:12:57,215059,"@115850 disappointing Self Return service at Amazon Seller Services, Pune Chakan  #badservice",AmazonHelp
418805,2017-10-10 05:17:05,214888,"@AmazonHelp sorry, i can't contact you because i'm from Indonesia XD",AmazonHelp
419420,2017-10-10 05:23:47,215023,@115850 how come my package was delivered saying that I recieved it? This is scary. Please explain this  tracking I'd 210166006765,AmazonHelp
427857,2017-10-10 05:29:19,216748,Can't believe @115858 delivery can be so crap!!! @AppleSupport I am just so disappointed I think I should take my hard earned money elsewhere,AppleSupport
285618,2017-10-10 05:29:46,183935,"@AmazonHelp Getting really frustrating now, feeling sorry for shopping with you guys",AmazonHelp
419033,2017-10-10 05:35:27,214944,@AmazonHelp It is given as 14th Oct. I have ordered it on 8th Oct.,AmazonHelp
423584,2017-10-10 05:39:54,215840,Thanks for the Shakespeare seat @Delta 😻 @122986 still does not know what that is - lol @206528 @136892 @119024 https://t.co/aIJMbiG1MS,Delta
420234,2017-10-10 05:43:08,215178,"7 years now with U &amp; prime cust.1 phone ,6 days,12 chats &amp; calls, waiting for order. Anniversary gift for tom. Pls deliver today.@115850",AmazonHelp
427859,2017-10-10 05:48:43,216749,@AppleSupport the App Store down? Can’t update or download any apps on WiFi or cellular data,AppleSupport
420439,2017-10-10 05:49:22,215067,"@115851 Amazon India is neither delivering goods that was ordered neither they are returning my Time, Money and Energy that was lost",AmazonHelp
419663,2017-10-10 05:54:38,215073,@SpotifyCares I have done that numerous times before. It happens regardless. The only way I can access Spotify back is by opening the app again which sux,SpotifyCares
419900,2017-10-10 05:59:05,215106,@2600 bonjour concerne commande #406-2541840-1733118 merci https://t.co/SD6wiJT0yc,AmazonHelp
420031,2017-10-10 06:06:59,215024,@115850 i placed order on 4th but still not able to rcvd my order pls help or call me.,AmazonHelp
2075636,2017-10-10 06:09:54,613864,"@115873 @Uber_Support 
 what is your customer care number. I was charged double wrongly and needs clarification",Uber_Support
427833,2017-10-10 06:10:09,216741,@AppleSupport @115858 the battery life of my 6S is horrendous after iOS https://t.co/t4CyQ5ZBMd REALLY need to address this ASAP,AppleSupport
420271,2017-10-10 06:14:36,159044,@115850 @AmazonHelp Can you please provide a faster delivery of my ORDER # 406-5598065-5799506 than that of the expected delivery date.,AmazonHelp
420093,2017-10-10 06:18:31,215024,@AmazonHelp Order #402-8177424-6580361,AmazonHelp
281180,2017-10-10 06:27:31,133894,@182999 @AmazonHelp @182998 @AmazonHelp @115850 why unsatisfied customer when you guys are committed to serve best? Plz look into this matter asap.,AmazonHelp
420588,2017-10-10 06:29:43,215242,Ty all for joining the stream today!! I'm sorry @116136 was trash again &lt;3 I appreciate those of you who refreshed to stay around despite the fail plays. I'm excited for more #cosplay tomorrow! :D https://t.co/ExLdHOJNhH,comcastcares
876728,2017-10-10 06:31:35,328147,"@AppleSupport Not referring to my special issue, but to the reports all over the web. Many people are having lots of issues (with cars, peripherals, etc.)",AppleSupport
420284,2017-10-10 06:35:14,215183,@AmazonHelp No mail received.,AmazonHelp
409349,2017-10-10 06:41:53,212597,"@AmazonHelp Got a refund. Fail delivery to biz pickup point open 8am-9pm, 7 days. Your shit local distributors: @83365 + https://t.co/WjKSgrZDPY",AmazonHelp
264673,2017-10-10 06:47:01,179062,@AmazonHelp Refund,AmazonHelp
905233,2017-10-10 06:51:17,334903,@AppleSupport @115858 why can’t sierra be downloaded now that high sierra was released?,AppleSupport
419018,2017-10-10 06:54:08,214943,@AmazonHelp Have already been shared several times over... Some response will help,AmazonHelp
895936,2017-10-10 07:00:18,332767,"@SpotifyCares Why I Cannot skip the song on Spotify free??
The support say 6 times per hour but I never can skip songs, never",SpotifyCares
437468,2017-10-10 07:03:14,218891,"wth @115873 paid with Android Pay at Munich airport last night, now I need Uber from my hotel and it says Android Pay is not supported!",Uber_Support
407044,2017-10-10 07:03:19,212017,@AmazonHelp That your technical team will escalate it and get back to me. That was at least 10 days ago,AmazonHelp
420676,2017-10-10 07:12:39,215263,"シティオブゴッド観てたら動かなくなった
@118500 https://t.co/lqgpyOrs8g",AmazonHelp
2076308,2017-10-10 07:13:43,614070,The weird crackling sound within the #iphone8Plus #ios11 with the speakers during #FaceTime @115858 @AppleSupport 😒,AppleSupport
416999,2017-10-10 07:21:14,215300,@214486 @AmazonHelp I love when the checkout screen says “2 day shipping” and the guarantee date is 6 days away.,AmazonHelp
420470,2017-10-10 07:28:18,215205,"@AmazonHelp You told that it was bcoz of limited stock, u should check stick b4 payment",AmazonHelp
2076312,2017-10-10 07:28:52,614072,Hey @AppleSupport can you fix the Apple Pay bug so when I get on a @19742 bus my debit card doesn’t pop up? 😑,AppleSupport
420562,2017-10-10 07:37:40,215237,@115850 In normal days the price is low but in amazone great india sell the price is high. So as a cutomer we.have to purcase in normal days😯,AmazonHelp
421021,2017-10-10 07:46:55,215336,@AmazonHelp Thank you team,AmazonHelp
421024,2017-10-10 07:51:18,215337,Transatlantic flight with about 30 passengers in total; lovely crew; plus Silicon Valley as in-flight entertainment. Fist bump for @Delta. https://t.co/jce4UKhEsR,Delta
422778,2017-10-10 07:51:58,215672,£12 pound for a ride you told me would cost £6 When I booked on Sunday. @Uber_Support why rip customers off @132908 sort this out,Uber_Support
428737,2017-10-10 07:53:45,216973,Quand tu veux @115858 pour corriger le bug du dock qui disparaît sur iPad 12 »...,AppleSupport
421244,2017-10-10 07:54:04,215376,@115850 Really disappointed with your service .Contacted customer care service multiple times for a cashback issue. Will return the item.,AmazonHelp
420922,2017-10-10 08:01:01,215321,@AmazonHelp I'm not going to pay the extra charges for delivery now! Please connect me with a CRM executive,AmazonHelp
420769,2017-10-10 08:06:09,215288,"@AmazonHelp And, despite a strong BIG internet connection, it keeps freezing, and then when I ‘retry’, it starts alllllll over again. I hate digital.",AmazonHelp
421429,2017-10-10 08:14:33,215412,2/2 @AmericanAir is there an e-mail address I could forward the complaint to? Thanks in advance!,AmericanAir
279890,2017-10-10 08:14:43,182716,@AmazonHelp Everytime i tweet i get a link and i filled the details but there is not any solution given to me till date.,AmazonHelp
420772,2017-10-10 08:20:31,215288,"@AmazonHelp I called. Was on the phone for about 25 minutes, between being on hold with someone who wasn’t in Video and a Video person who knew nothing.",AmazonHelp
421355,2017-10-10 08:26:21,215402,@AmazonHelp I have replied to email. I have got no resolution other than that amazon is sorry. I will keep posting here to make sure people know fraud,AmazonHelp
2075541,2017-10-10 08:26:59,215463,"Take your $$$ elsewhere, @115911 doesn’t care about their paying customers. I promise you. Keep an eye out for the blog coming soon. #TMo",TMobileHelp
428698,2017-10-10 08:27:45,216963,Dearest @AppleSupport — after downloading the iOS update and the 2nd update I now cant hear people when they phone me - great job 👍🏼,AppleSupport
428392,2017-10-10 08:30:34,216892,@Uber_Support substandard quality of responses from #uber #support #India,Uber_Support
421332,2017-10-10 08:33:42,215400,"@AmazonHelp Normalement aujourd'hui, normalement.... mais je prends ce colis en exemple, Colisprive n'est pas un bon livreur, très souvent en retard",AmazonHelp
421523,2017-10-10 08:43:51,215432,@AmazonHelp ok..sure.,AmazonHelp
421889,2017-10-10 08:46:47,215499,@115850 I am complain Amazon customerexecutive Telling me return &amp; refund request pickup schedule but 18 day completed but my pickup is notcomplete,AmazonHelp
906420,2017-10-10 08:49:25,335208,@115858 really? Ive not had one thing wrong with my phone and update to IOS 11 and I’ve not stopped having problems! Is it going to be fixed? https://t.co/NZx2SG2zbC,AppleSupport
419025,2017-10-10 08:53:53,214943,@AmazonHelp I don't consider order id personal information,AmazonHelp
398755,2017-10-10 08:59:36,210304,@AmazonHelp Hi Team any update? I have already provided the asked details,AmazonHelp
421490,2017-10-10 09:05:41,215427,@AmazonHelp If that’s the case then I would rather cancel my order and buy somewhere else so I don’t get spoilers.,AmazonHelp
429158,2017-10-10 09:05:57,217057,"@AppleSupport Have iOS 11.1 on my 7, and iOS 11.021 on my new 8. Cant sync. Swedish support tell me to wait for new update for 8. NOT OK!",AppleSupport
422082,2017-10-10 09:06:30,215542,"@SpotifyCares hi, subscribed to spotify family,sent an invitation to my sis but it says 'error 3 oops,something went wrong' pls help. thanks",SpotifyCares
422229,2017-10-10 09:10:14,215576,@19812 @115850 thanks for telling me that my was not my money. Made a online payment from PNB debit card for amazon..,AmazonHelp
281768,2017-10-10 09:12:25,183128,@Uber_Support email :__email__,Uber_Support
422049,2017-10-10 09:19:09,215532,Hey @115830 just to say well done- I've had over 56 orders in the last month and all were delivered on time. Keep this up :),AmazonHelp
422518,2017-10-10 09:25:06,215628,@115850 it's not worth buying prime service non prime customers get the order deliver before prime.... G8 work amazon,AmazonHelp
422007,2017-10-10 09:29:28,215524,@AmazonHelp Am i getting my product delivered today?,AmazonHelp
429576,2017-10-10 09:30:25,217169,Does anyone else’s cell service repeatedly cut in and out since the last update? Wtf @115858 😤,AppleSupport
422528,2017-10-10 09:34:48,215632,J’ai fais l’erreur de commander mon lit et la commode pour mon bébé chez @120533 https://t.co/IqxIA9tFyj,AmazonHelp
422466,2017-10-10 09:46:07,214948,"@AmazonHelp Also, episodes 01 and 03 don't have English subtitles, but episodes 02 and 04 do. What's up?",AmazonHelp
416687,2017-10-10 09:53:03,214409,@AmazonHelp You’re welcome!,AmazonHelp
429565,2017-10-10 09:59:28,217165,@AppleSupport why can’t I check for an iOS update?? #iphone7 https://t.co/7xXjSmartg,AppleSupport
418810,2017-10-10 10:02:49,214890,@AmazonHelp 960071223,AmazonHelp
436540,2017-10-10 10:02:54,218671,@218672 @115877 The delivery range is rubbish!! What’s the point in even having it,Uber_Support
422754,2017-10-10 10:08:02,209770,"@AmazonHelp Thankyou , it's done!😍",AmazonHelp
423261,2017-10-10 10:12:06,215770,"@AmazonHelp-received drenched, damaged fridge.Late delivery on Mon 9 Oct.Wasted 2 leaves on recieving &amp; pickup.Will amazon pay 4 my leaves? https://t.co/E5Pn7e8URM",AmazonHelp
423521,2017-10-10 10:18:30,215822,@119625 something looks off here https://t.co/Re62FfCegq,AmazonHelp
900049,2017-10-10 10:20:14,333669,.@SpotifyCares srsly Spotify you support French operators I've never heard of but not the 12 million plus subscribers to Free Mobile?! https://t.co/myCUzgjGZP,SpotifyCares
422912,2017-10-10 10:24:36,215708,Why is it that now I cannot order items to be shipped to #PuertoRico  @115821 @AmazonHelp ;prime member since 2011 &amp; never had issues.,AmazonHelp
2076374,2017-10-10 10:27:55,332843,"It’s raining; so, naturally my @127249 Services for Internet are out again. @comcastcares are you listening? #comcastsucks",comcastcares
422708,2017-10-10 10:29:59,215662,@AmazonHelp I did shopping. Its pending in app. Sachdeep from care saying n hold. Not clear whether sd take it frm other app or what,AmazonHelp
2075771,2017-10-10 10:31:29,613905,Up early &amp; waiting to board flight 1 of 2 in route to Baltimore. Looking forward to those @Delta cookies! #ttot #travel,Delta
423232,2017-10-10 10:34:15,215767,@AmazonHelp ich warte seit Samstag auf meine Bestellung. Seit Freitag hat es sich - laut Verfolgung - nicht bewegt. Was ist da los? #prime https://t.co/ZxKdXIagjP,AmazonHelp
422305,2017-10-10 10:38:10,215586,@AmazonHelp Each time I search or want to place an order I get an error message saying the mobile app is exp CS2 error and I shld Try again ...,AmazonHelp
366047,2017-10-10 10:43:13,217277,@AppleSupport I lost 3% just opening and sending this tweet. The battery drain is horrific.  #fixiOS11,AppleSupport
280913,2017-10-10 10:44:44,182936,@AmazonHelp @182935 他の方の話を聞くと、対処を検討の連絡を受けて、暫くすると返金処理がされたとの多数の報告を耳にしています。一月前から予約支払いをしているのにも関わらず、キャンセル扱い。金を叩きつけ返金。その後連絡なし。一企業として消費者に対し、どうお考えなのでしょう？金さえ返せばいいのがアマゾン？,AmazonHelp
380767,2017-10-10 10:50:58,206313,@AmazonHelp Is there a way one of you can call me? I’ve just received another one &amp; they couldn’t take the faulty one back even like promised,AmazonHelp
424383,2017-10-10 10:56:04,216004,"That moment when the flight attendant @AmericanAir 2235 says ""Didn't you fly with us yesterday? I remember seeing you..."" Yep I sure did.",AmericanAir
419869,2017-10-10 10:56:12,215102,"@AmazonHelp Then give me the product at the same price, as that order.",AmazonHelp
426183,2017-10-10 11:00:42,216371,"@Uber_Support Plz active my account, Emil I'd 
__email__ 
My mobile no is 8564015556 
Plz active my account 
My name is Sani Singh",Uber_Support
2095395,2017-10-10 11:04:09,546900,2.. @AppleSupport @115858 Is there a diagnostic or something you can do on it to work out what’s wrong? Tia. Heidi,AppleSupport
386857,2017-10-10 11:04:44,207577,"@AmazonHelp Ah cest pour ça, merci",AmazonHelp
422718,2017-10-10 11:09:38,215662,@AmazonHelp I should appeal to all customers then dont go with amazon.in as they are unable to deliver . Unable to solve. Unable yo amswer,AmazonHelp
901312,2017-10-10 11:17:25,302994,Half-full flight to Midway this morning on @SouthwestAir - everyone gets their own row! #PaxEx #windowseat #TravelTuesday https://t.co/2pN3pZdVX5,SouthwestAir
421643,2017-10-10 11:20:06,215455,@SpotifyCares It’s also had some upper EQ or Spectralizer added during the mix to push the high freqs I think. Quite like it.,SpotifyCares
424010,2017-10-10 11:20:09,215939,@AmazonHelp Hi I have just DM'd you re. a security issue with my account,AmazonHelp
430145,2017-10-10 11:21:24,217275,I wish @115858 didn’t break my phone deliberately with the new update🙃,AppleSupport
426767,2017-10-10 11:23:48,216500,@Uber_Support App downloaded in Canada. Won’t accept US payment source after ride. Tried multiple cards &amp; PayPal. Any fix?,Uber_Support
424292,2017-10-10 11:26:22,215990,@AmazonHelp look at the difference b/w what i have received and what is shown on your website that too it’s a prime product,AmazonHelp
901252,2017-10-10 11:27:15,215724,"@Delta Fair enough - but I wasn't using wifi, I wasn't sitting in the lounge.  I was just sitting in the chairs right by the agents waiting for him",Delta
423243,2017-10-10 11:33:31,215768,"@AmazonHelp Il s'agit d'une commande passée le 19 Septembre, prévu pour livraison le 21 Septembre.",AmazonHelp
426380,2017-10-10 11:39:58,199873,"When you get your stuff in 1 day, even when you are a non prime member. Great service by @115850 https://t.co/0dn4TAGSZQ",AmazonHelp
435213,2017-10-10 11:46:39,218380,@AppleSupport What should we do when the latest software update means the call function on an iPhone no longer works? Won't connect outgoing,AppleSupport
426374,2017-10-10 11:49:05,167356,@AmazonHelp wats d date today? Coz my order not yet received. @120781  need ur help to receive my order @216412 LOL on my situation https://t.co/VO4t0Wt1ci,AmazonHelp
425928,2017-10-10 11:52:56,216306,@AmericanAir How soon do I have to? I'm running late for a new flight I had to book and can't right now. Can I when I get home next week?,AmericanAir
425415,2017-10-10 11:54:22,216202,@AmazonHelp I have already post screenshot kindly check &amp;crecerte,AmazonHelp
409321,2017-10-10 12:00:33,152461,@AmazonHelp It was a promo voucher so I won't.,AmazonHelp
430727,2017-10-10 12:02:17,217424,@116333 @115858 @AppleSupport This may be in breach of consumer laws relating to misleading advertising.,AppleSupport
2076028,2017-10-10 12:05:45,613980,"@TMobileHelp, @115913  is the #TMobileTuesdays offer for @233595 good at @343744 as well?",TMobileHelp
1856044,2017-10-10 12:06:03,555160,"@VirginTrains hi, when will advance singles be released for Christmas week. Website says 12 weeks, 11 away and nothing up.27/12/17 date in q",VirginTrains
424042,2017-10-10 12:07:04,215944,"@AmazonHelp Très bien, donc je choisis quelle option? https://t.co/hYuaD8kd2g",AmazonHelp
2076285,2017-10-10 12:07:06,614062,@115888 will you be enabling multi room play over #Alexa or do I need to jump ship to amazon music ????,SpotifyCares
426758,2017-10-10 12:13:45,216497,"@Delta Are you unable to send for security reasons or what? United emails you a link to the mobile boarding passes, so the ability exists.",Delta
426304,2017-10-10 12:14:23,216398,"@115850 wtf is wrong with Amazon?
Product not delivered and the staff doesn't even know where the product is",AmazonHelp
905362,2017-10-10 12:20:57,334935,"@Uber_Support My friend past away and I asked Uber for help, no help at all, he loved Uber and used it and you guys ignored me, shame on you",Uber_Support
431388,2017-10-10 12:22:11,217555,@AppleSupport Hi. My Apple Music doesn’t have personalised playlist as advertised. How to fix it?,AppleSupport
389962,2017-10-10 12:23:38,208321,@AmazonHelp @115851 Your staff Manab and Siri commited it'll be done today - It's 6PM already !!,AmazonHelp
319800,2017-10-10 12:32:37,192231,@AmazonHelp yes i have provided all the detail but still no resolution,AmazonHelp
426165,2017-10-10 12:35:30,216365,@AppleSupport My pictures keep restoring and I can't save them to iCloud 😭😭,AppleSupport
394474,2017-10-10 12:36:57,209088,@AmazonHelp It gives me no indication 😕,AmazonHelp
423054,2017-10-10 12:40:22,215731,@Uber_Support The link seems to send me to the page where I can call my driver. I've already tried several times but unfortunately he's not answering,Uber_Support
378329,2017-10-10 12:43:34,205782,"@AmazonHelp Along with delivery, even support give lie. Each support guy says it has been escalated &amp; nothing happens until you contact them again.",AmazonHelp
2069945,2017-10-10 12:48:01,609178,@AppleSupport Common guys please don’t pretend as if you don’t know anything. This issue is because of ios11 update. Kindly fix the bugs.,AppleSupport
425497,2017-10-10 12:48:29,216206,"@AmazonHelp In one case it was the same, in another it wasn't. I just don't understand in general why preordered items take so long to be dispatched?",AmazonHelp
26351,2017-10-10 12:52:35,216684,@SouthwestAir I LOVE my nonstops from BDL to LAS!@120863 @141317,SouthwestAir
427464,2017-10-10 12:53:11,199587,"fabulous night @118541 Atl Airport-thx Vaughan, Alicia (&amp; @118916 for upgrade) now headed home via ORD with @AmericanAir",AmericanAir
426982,2017-10-10 12:54:39,216557,@116928 need help,AmazonHelp
2095716,2017-10-10 12:57:30,619142,"@AppleSupport hey guys I just listened to a vmail, answered 2 texts and checked some scores. Watched my battery go from 100 to 91%. FIX THIS",AppleSupport
426753,2017-10-10 12:58:44,216496,"@Delta After a long wait, i waited for the call back, they again tried to transfer me and again was hung up on.",Delta
426984,2017-10-10 13:00:38,216558,@AmazonHelp I just spent an hr on phone now you'd like me to type and exodus? If you'd like to discuss please DM me or phone call. Thank you.,AmazonHelp
425392,2017-10-10 13:05:07,164241,@AmazonHelp What kind of staff are you hiring for your in house team and what kind of training - he just asked me if I'd be ok if he came tomorrow. WTF,AmazonHelp
427327,2017-10-10 13:07:11,216557,@116928 My order was due to be delivered today,AmazonHelp
422722,2017-10-10 13:11:11,215662,@AmazonHelp Tell me why it is require... no answer ????,AmazonHelp
908586,2017-10-10 13:15:24,335788,Synced #iPhone to #mac &amp; now music app crashes!?! Wouldn't happen if #SteveJobs was still in charge! Fix in 11.1? @115948 @AppleSupport,AppleSupport
912936,2017-10-10 13:15:46,336801,"@336802 @115888 maybe, who knows, it’s confusing though.",SpotifyCares
2076299,2017-10-10 13:16:03,614067,@115911 @10568 this t-mobile Tuesday's been pretty lame latley 😧😧😧😧,TMobileHelp
426641,2017-10-10 13:19:33,216472,@AmazonHelp Im not sure? https://t.co/7uQpYq53Us,AmazonHelp
427797,2017-10-10 13:23:55,216731,"@AmazonHelp Thanks, but amazon payment methods does not show any such payment options?? Plz guide me",AmazonHelp
307389,2017-10-10 13:26:32,217835,@AppleSupport @AppleSupport have y’all finished working out those bugs on the newest update. This iOS 11.0.2 is piss poor ...,AppleSupport
428323,2017-10-10 13:28:16,216871,@AmazonHelp and now treating me for being an Indian customer by sending fraud emails from Amazon UK is really hurtful and somewhat absurd,AmazonHelp
429185,2017-10-10 13:30:35,217060,@Uber_Support Hey - looking to stop being a driver. Can you help with that?,Uber_Support
409325,2017-10-10 13:31:11,152461,"@AmazonHelp I've checked, I've got it, but like I ssid it's not about the money, it was about the experience.",AmazonHelp
432386,2017-10-10 13:32:35,217837,Alo @115858 tá tendo um bug na câmera que os ícones estão apagados https://t.co/OPsiAEz02O,AppleSupport
428274,2017-10-10 13:34:51,216863,Me dice @116928 que mi Digibook de #WonderWoman ya está en camino. No llega hasta el viernes. https://t.co/J2d3QhXCyp,AmazonHelp
428593,2017-10-10 13:38:57,216940,Je vous aime @120533,AmazonHelp
425425,2017-10-10 13:43:54,216204,@AmazonHelp How long it will take can you please deliver it now.,AmazonHelp
429236,2017-10-10 13:43:58,217075,Nå har jeg fått «Rune Rudberg - Ut mot havet» på hjernen. Takk til @SpotifyCares for ukens «Discover weekly» der altså 😭,SpotifyCares
2076328,2017-10-10 13:44:28,614079,@115858 #apple #ios11update #11.0.2 so many issues! #fixit @116333,AppleSupport
428434,2017-10-10 13:49:52,216902,@TMobileHelp Just did,TMobileHelp
429522,2017-10-10 13:52:08,217152,".@115850 Recd a msg for attempted product delivery but I didn't get anyone trying.  

Now suggests delivery today but I have no call/msg",AmazonHelp
2095933,2017-10-10 13:55:11,204122,"Looking up self-repair guides, since when @AppleSupport had my laptop in, half the screws and pads went missing ....",AppleSupport
428978,2017-10-10 13:55:55,217028,@AmazonHelp I didn't get any update on this .,AmazonHelp
431191,2017-10-10 13:58:06,201982,@AmazonHelp being a prime member i am enjoying services like poor delivery. Best no on time delivery. Best poor product to name a few.,AmazonHelp
430213,2017-10-10 13:59:15,217292,@Uber_Support please attention https://t.co/YOGyJXtXHq,Uber_Support
433244,2017-10-10 14:02:04,213809,@Delta still NO ANSWER!,Delta
905824,2017-10-10 14:03:27,335045,"@AppleSupport I’ve restarted my watch multiple times but it just constantly drops frames everyday, making even the simplest animations look really chunky.",AppleSupport
426301,2017-10-10 14:04:49,216398,@AmazonHelp Than simply track the order id and get delivered to the given address.,AmazonHelp
420578,2017-10-10 14:05:30,309781,@215239 @AmericanAir Why wouldn't they let you carry it anyway?,AmericanAir
429524,2017-10-10 14:11:03,217153,@AmazonHelp I am not able to return my Order. Even though it was ordered with returned policy. Please help.,AmazonHelp
910692,2017-10-10 14:13:09,213776,@AppleSupport thousands of developers affected by this bug: 31975116 - can you post any status update? NFS breaks since Sierra...,AppleSupport
429754,2017-10-10 14:15:21,217207,".@SouthwestAir flight 298, @126119 (BWI) to @202544 (ORF) in Canyon Blue https://t.co/QTbMyfjbUg",SouthwestAir
430119,2017-10-10 14:16:48,216871,@AmazonHelp your words speak your actions,AmazonHelp
910685,2017-10-10 14:20:31,336293,"After upgrading my phone my batteries are going down to an alarming rate, can @AppleSupport tell me why?",AppleSupport
438143,2017-10-10 14:20:41,219093,great to wake up and find out I got charged for food that never came to my house @115877 https://t.co/w7MjxdI89f,Uber_Support
417780,2017-10-10 14:22:30,214691,"@AmazonHelp now telling so many things like 30 days limit, seller items etc...why didn't advise to return the product within 30 days",AmazonHelp
429250,2017-10-10 14:27:18,217078,@SpotifyCares Yeah I’ve been back and fourth taking to customer service. They have told me they would email me back on those such occasions,SpotifyCares
430226,2017-10-10 14:27:29,217295,@Delta @AmericanAir @143417 why can’t y’all just be like @SouthwestAir and sell refundable and changeable tickets? 😕😕😕,Delta
428643,2017-10-10 14:31:32,216952,@AmazonHelp Already done 4 times no luck still waiting for 1of ur agents to pick up the return it’s like a punishment order from @171152,AmazonHelp
2095338,2017-10-10 14:32:02,395966,@AppleSupport Why thank you,AppleSupport
430222,2017-10-10 14:34:11,217294,@AmericanAir That's why I only fly with your carrier.,AmericanAir
429088,2017-10-10 14:38:36,217041,@AmazonHelp Your work is sell and forgot,AmazonHelp
912033,2017-10-10 14:41:14,336599,"@applesupport 11.0.2
I updated last night and now I cannot make phone calls - get an engaged tone.  What do I do?😡",AppleSupport
431433,2017-10-10 14:42:18,217070,"@SpotifyCares It's the heading for the ""browse"" section. It's in both Chinese and English because HK is bilingual. But it should be in Traditional Chinese",SpotifyCares
430909,2017-10-10 14:43:00,217466,@TMobileHelp Tmobile Tuesday app makes me log in every time I open it. Also says I redeemed my Vudu code but there is no credit on my accnt.,TMobileHelp
429932,2017-10-10 14:44:55,217247,@AmazonHelp I'm a member of Amazon prime and I'm looking forward to some good regional content . . .,AmazonHelp
378852,2017-10-10 14:45:09,205905,@Uber_Support Resolve my issue here on public platform,Uber_Support
430706,2017-10-10 14:48:45,217419,"@AmazonHelp Good strategy @115850,just to close the issue, delivery date extended after my tweet. Atleast @118702 don’t do this, they try to close https://t.co/NUoT0GOl17",AmazonHelp
400836,2017-10-10 14:49:22,190290,@AppleSupport @210809 The best shortcuts are Galaxy https://t.co/K83U3PAnbM,AppleSupport
380769,2017-10-10 14:53:29,206313,@AmazonHelp That’s what I mean about your customer service as they told me something different,AmazonHelp
713351,2017-10-10 14:55:49,290620,@AppleSupport I have to turn the brightness up every time I turn it on. Where is auto bright ? And please understand I am not complaining. Just dumb. Lol,AppleSupport
428964,2017-10-10 14:58:21,217027,"@AmazonHelp Der Concierge hat sich telefonisch auch schon bei Amazon beschwert 

Der Concierge bekommt nicht immer die Pakete
sondern auch Hausbewohner",AmazonHelp
908267,2017-10-10 14:59:41,335691,@comcastcares I just called your customer service number and the CSR suggested I make it a legal matter - I'll be filing a police report later today,comcastcares
434668,2017-10-10 15:02:03,218261,dear @115858 why won’t this update let me save contacts that were deleted when i updated? 🤔,AppleSupport
430822,2017-10-10 15:02:11,217448,"@AmericanAir I was just forced to check a bag of medical items because ""there wasn't room in the overhead"" - and I'm looking at an empty bin above me!",AmericanAir
430606,2017-10-10 15:02:53,217402,"@AmazonHelp Dispatching now
Delivery estimate: Tuesday, 10 October 2017 by 8:00pm
Delivery speed
One-Day Delivery",AmazonHelp
422786,2017-10-10 15:05:44,215674,@Uber_Support I sent another please reply,Uber_Support
431107,2017-10-10 15:07:47,217511,"@AmazonHelp Non , c'est ma première commande sur Amazon, je ne sais pas comment faire (:",AmazonHelp
433215,2017-10-10 15:10:46,218032,@Delta Turkey stopped issuing visas to American citizens.Please send a memo 2 your agents. Many like me will need to change their itinerary,Delta
391591,2017-10-10 15:11:07,208723,@AmazonHelp Four times over phone,AmazonHelp
431528,2017-10-10 15:14:22,217593,Hey @119625 please support Chromecast before raising prime price.,AmazonHelp
435183,2017-10-10 15:15:28,218372,"@AppleSupport not night shift. The red light, press the home button 3x &amp; it turns the screen to red. iPhone 6s+, 11.0.2",AppleSupport
237797,2017-10-10 15:17:56,158284,@AmazonHelp Please don't say sorry. Sorry does not mean that you will not resolve my query. Share the SLA with me,AmazonHelp
431566,2017-10-10 15:20:50,178691,"And the delivery notification said it was handed directly to a resident, which is incorrect. @115821",AmazonHelp
433020,2017-10-10 15:22:56,217988,"#AmazonIndia i’ve recieved shoes today which i ordered few days back but the size is wrong, on app not getting option of exchange. Help!",AmazonHelp
426704,2017-10-10 15:24:35,216479,"@AppleSupport I don’t see it, which is upsetting because I just switched over to an iPhone 8. Did a full backup of my old iPhone but",AppleSupport
432325,2017-10-10 15:27:47,217822,@116928 cómo es que la entrega garantizada de algo el día del lanzamiento no llega el día del lanzamiento?,AmazonHelp
910010,2017-10-10 15:28:58,336159,I need @SouthwestAir to start serving fruit bowls and hot dogs damn it something,SouthwestAir
432561,2017-10-10 15:29:50,217882,"@115911 Hey, just updated the tuesdays app - it's horribly buggy &amp; unusable. Rollback requested.",TMobileHelp
415237,2017-10-10 15:32:00,214012,@AmericanAir You're letting my miles expire because of two weeks. I called to get an extension and your person would not allow it and hung up on me.,AmericanAir
432329,2017-10-10 15:32:19,217823,"@AmazonHelp To be honest, I don’t need anything else. It’s too late now and it’ll probably come tomorrow. My moaning won’t change this constant issue.",AmazonHelp
926436,2017-10-10 15:32:45,339823,@115873 why amount should be debited when a trio is cancelled by driver ? New way of cheating customers During festive season ? @83683 https://t.co/vzcKQjTXIJ,Uber_Support
912806,2017-10-10 15:34:29,336765,@115858 just a few weeks ago my phone was working nice and smooth and fast .Y’all release a new phone and my phone start crashing . Do better,AppleSupport
432343,2017-10-10 15:36:03,206017,@AmazonHelp Why is there so many delays? And we have to take these pains?,AmazonHelp
910933,2017-10-10 15:38:30,336354,"@SpotifyCares  I’ve deleted, changed settings... I STILL can’t get into my acct so that it would have ended at the trial.",SpotifyCares
432965,2017-10-10 15:39:26,217977,".@115830 Clear instructions to leave items with concierge but “you were out” email. Been home all day, no call on entry system.",AmazonHelp
422009,2017-10-10 15:42:00,215524,@AmazonHelp Its done,AmazonHelp
2063721,2017-10-10 15:42:11,186246,"@Delta Sorry for the delay, but I cannot located my confirmation number - only my ticket number. Can you point me in the right direction?",Delta
432256,2017-10-10 15:46:17,146143,"@AmazonHelp Er hatte erstens keine Lust und hatte auch keine Lösung. Er sagte, dass es noch kommt obwohl DPD hat nicht mehr ausgeliefert.",AmazonHelp
734925,2017-10-10 15:48:59,295828,@189526 @AppleSupport It was OK for a couple of days and now it’s back. It freezes &amp; if you tap on the clock app it clears up. See the dif in times in the photo. https://t.co/AdQWJvf1v9,AppleSupport
427303,2017-10-10 15:50:50,216638,"@AmazonHelp Started 2 weeks ago. Parcels are going to neighbours, or not being delivered - no attempted del cards. Del instructions have not changed.",AmazonHelp
433339,2017-10-10 15:53:55,213816,"@AmericanAir ...You sound like the info ""WE"" provided was not good enough. I am sorry you could't find your own document issue by AA agent.",AmericanAir
432969,2017-10-10 15:55:59,217820,@AmazonHelp it was amazonuk I ordered from,AmazonHelp
2081821,2017-10-10 15:56:44,615662,"@AppleSupport my Apple Music payment charged a day early and I needed that money on my account, is there any way to reverse it?",AppleSupport
2096192,2017-10-10 15:57:13,619288,"This is highly disappointing, not at all expected from @115873 . Sad part is pathetic replies from @Uber_Support https://t.co/RzXvcZstLm",Uber_Support
431161,2017-10-10 16:00:29,217522,"@AmazonHelp Have done this process 20 times in 15 days, no one calls. Its big fraud. Get someone to https://t.co/9KB3YJXyo9 7744012286",AmazonHelp
437009,2017-10-10 16:04:21,218780,@AppleSupport I don't see my iMac in the list. Wifi and Bluetooth are on,AppleSupport
434551,2017-10-10 16:07:16,218246,@AmazonHelp https://t.co/oVBJi47ZQK,AmazonHelp
434509,2017-10-10 16:12:45,218241,Bonjour @120533 est-il normal que les colis déposé dans les boîtes au lettres soit ouvert ?,AmazonHelp
433109,2017-10-10 16:13:13,218009,"@AppleSupport Hello, I’m on 11.0.2",AppleSupport
435985,2017-10-10 16:14:39,218558,Here I am again @115911 . Something is wrong with your systems. Still want to go line by line?? https://t.co/GdIYDIL1Vk,TMobileHelp
412283,2017-10-10 16:16:25,213368,@AmazonHelp Thank you!,AmazonHelp
436969,2017-10-10 16:18:17,218769,Updated to the new iOS cause @115858 gave me no choice if I wanted to use voicemail &amp; now I have zero idea how to use it. I hate technology.,AppleSupport
434476,2017-10-10 16:20:23,218237,"@AmazonHelp Thank you so much, just wanted to make sure wasn't scam",AmazonHelp
435320,2017-10-10 16:23:31,218404,"@SpotifyCares trying to use the Spotify student + Hulu, however Spotify has the wrong email listed and I've updated it on FB and still fails",SpotifyCares
912896,2017-10-10 16:24:57,336790,@Uber_Support why is it that I've NEVER used uber but yet just by looking at the app I've just been charged money by one of your drivers🙄,Uber_Support
435116,2017-10-10 16:25:28,218357,@AmazonHelp I'm trying to download apps on a fireTV and it says I have an invalid billing address even tho I changed it to the right one.,AmazonHelp
434734,2017-10-10 16:27:39,218282,@AmericanAir You do not. You owe me $80.00 paid for 500 mile credits at check in could not get checked in because of glitch but no refund?,AmericanAir
437416,2017-10-10 16:28:38,218879,"@AppleSupport could you help me regarding why I have 2 additional user accounts when I reboot the computer? I’m on High Sierra, MB Air https://t.co/4QuAXthJcg",AppleSupport
434447,2017-10-10 16:29:35,218232,"@AmazonHelp Didn't get package, offered refund on gift card but got returned to card so now it's waiting game. Went thru 3 agents in process",AmazonHelp
435852,2017-10-10 16:30:00,218532,Thanks for the upgrade to first class @Delta !,Delta
434459,2017-10-10 16:33:50,218235,"@AmazonHelp No, en la web no tengo la opción de ""reclamación"" desde Mis pedidos una vez localizado el pedido",AmazonHelp
435702,2017-10-10 16:36:08,218497,@83621 @115830 @AmazonHelp I have a letterbox. Why did your a**hole delivery driver force my door breaking it to leave a card? https://t.co/MXwqYxFBcN,AmazonHelp
432379,2017-10-10 16:36:27,217835,"@AppleSupport 6s and the apps open slow as hell, and it’s freezing constantly! Y’all messed up a good thing!",AppleSupport
2081606,2017-10-10 16:37:27,615592,@615591 @TMobileHelp Ohh. Ok.,TMobileHelp
435695,2017-10-10 16:41:05,218496,@117804 Uma dúvida sobre o Prêmio Kindle de Literatura - 2ª edição... E-books publicados tanto em inglês quanto em português podem?,AmazonHelp
435093,2017-10-10 16:44:41,218354,@AmazonHelp Taille trop petite,AmazonHelp
434756,2017-10-10 16:46:32,159292,@SpotifyCares Followed these directions and reinstalled. Still not working.,SpotifyCares
409423,2017-10-10 16:47:09,212621,@Uber_Support @212620 I am a driver there is no line for tip on the payment detail for meal delivery,Uber_Support
435708,2017-10-10 16:48:52,218500,Hey @115830 ur choice of packaging for this heavy box is very poor. I’d B surprised to see if the contents R all present and I undamaged,AmazonHelp
2082009,2017-10-10 16:51:05,615731,Hey @115858 #wtf why has your update made my #iphone become so bleeding slow.,AppleSupport
434870,2017-10-10 16:52:16,219134,@115911 @11612 So I have to have a Twitter acct to play the T-mobile games now?,TMobileHelp
430656,2017-10-10 16:55:07,217413,"@AmazonHelp Donc toujours nickel, hein @217414 - réponse appropriée ... silence.",AmazonHelp
1806654,2017-10-10 16:56:16,542788,My phone is garbage now thanks to the update I’m literally soooo mad. Thanks @115858,AppleSupport
434441,2017-10-10 17:00:36,218231,"@AmazonHelp No , they want me to response by replaying to the e-mail they sent to me , can i forward the e-mail to you ? so you can see it",AmazonHelp
434559,2017-10-10 17:05:42,218248,"@AmazonHelp Sorry, but should I be expecting further assistance or was that it? I still would like my items...",AmazonHelp
440808,2017-10-10 17:06:01,219588,@AppleSupport Yes https://t.co/DZO2zMc435,AppleSupport
436569,2017-10-10 17:06:52,218402,@218682 @AmericanAir You'd think.,AmericanAir
433164,2017-10-10 17:08:11,218022,"@Delta Hi, just followed you. Looking forward to your DM.",Delta
436309,2017-10-10 17:12:07,178573,@AmazonHelp I was trying to get my account activated right away so our web developers can get started integrating our e-commerce site with AWS.,AmazonHelp
2082050,2017-10-10 17:16:30,615742,"Dear @AppleSupport,Since the upgrade I cannot change songs on pandora from my car using bluetooth.  Before the upgrade, this was no problem",AppleSupport
436957,2017-10-10 17:16:45,218765,"@115821, I DON’T like that you have your own delivery guys now. They can’t get into my building so I HAVE to be home. Pain in the ass.",AmazonHelp
438133,2017-10-10 17:18:19,219088,"Can't believe I wasted 40 minutes of my life waiting for an @115873 and the best part, #Uber still said 4 minutes away!",Uber_Support
436895,2017-10-10 17:20:34,218758,"@AmazonHelp @137605 Efectivamente, me informan de que no va a llegar hoy, dada la hora que es. ¿Cómo debo proceder si, finalmente, no recibo mi paquete hoy?",AmazonHelp
917303,2017-10-10 17:21:19,337774,"@SpotifyCares It's multiple songs in this Mixtape.... 
https://t.co/1FEH4qARFS",SpotifyCares
436324,2017-10-10 17:23:32,218634,@AmazonHelp sûrement un vendeur tiers il se nomme NGWolrd,AmazonHelp
2082116,2017-10-10 17:25:00,615764,Thanks @115858 for making my phone practically useless. #iOShite,AppleSupport
367695,2017-10-10 17:25:30,195404,@203100 @comcastcares I willing to bet they have the worst rated customer service out of any company.,comcastcares
431714,2017-10-10 17:25:34,217639,@AmericanAir it's too late. The damage has already been done. Unacceptable,AmericanAir
431100,2017-10-10 17:28:17,217510,"@AmazonHelp If I pay for a service, I expect it to be fulfilled. I don’t expect to be pissed about like this. Where is my parcel.",AmazonHelp
2081980,2017-10-10 17:29:47,615721,@115913 Like Pixel2 deal. BUT what about the families who already have 4 members &amp; 4 lines and want PIXEL 2! CANT ADD ANYMORE LINES!,TMobileHelp
389967,2017-10-10 17:30:49,208321,@AmazonHelp @115851 so intelligent of u .. query goes to multiple agents and each one has a way to respond .. talk to each other instead of asking me,AmazonHelp
438334,2017-10-10 17:32:51,219138,Copped 3 one way flights for $160. Thanks @SouthwestAir,SouthwestAir
714301,2017-10-10 17:34:11,290870,"@Delta Buying 2 tkts 2 SJU online, clicked buy &amp; it said ""fare has gone up $320/tkt, u still want 2 buy?"" No, I want the price u promised!",Delta
917890,2017-10-10 17:35:29,337911,@AppleSupport Thank you I’ve found a fix now,AppleSupport
436921,2017-10-10 17:35:55,218761,"@AmazonHelp Shall do, thanks!",AmazonHelp
436860,2017-10-10 17:38:11,218751,@AmazonHelp Bought from Amazon https://t.co/Gif0n6d6CQ,AmazonHelp
2082187,2017-10-10 17:40:36,615784,"Hey @115858 now that your new update turned my iPhone 6 into a slow piece of garbage, I’d like a new one 😉",AppleSupport
437484,2017-10-10 17:44:06,218896,"@AmericanAir Which is fine — but if I get told to the contrary specifically (oneworld Sapphire), that’s kinda crummy right?",AmericanAir
436936,2017-10-10 17:44:17,218763,@AmazonHelp gracias¡¡¡¡ Lo hare https://t.co/LbJNaGigfD,AmazonHelp
691216,2017-10-10 17:48:08,285169,How the fuck is Apple about to not let me change the song on my lock screen 🤔 @115948 @115858,AppleSupport
2082440,2017-10-10 17:48:28,615864,Spotify My account is suddenly missing all of my saved music and seems to have reset to a very old state. via benz145,SpotifyCares
707920,2017-10-10 17:49:07,289233,"@115851 Order #
408-1741199-2395514 wrong product delivered, pls ask team to get in touch,unable to reach them.Have mailed u details",AmazonHelp
436941,2017-10-10 17:52:40,218762,"@AmazonHelp Online stores are built on trust, blatant lies to customer would shatter your reputation. Resolve the issue ASAP... @115850 @115821",AmazonHelp
438044,2017-10-10 17:54:58,123498,@AppleSupport It is in the Maps app.,AppleSupport
438093,2017-10-10 17:55:34,219081,@Delta can you at least tell me if flight 3837 is leaving LGA today?  I need to make other arrangements if it isn’t.,Delta
437302,2017-10-10 17:59:10,218856,@137605 @AmazonHelp MP enviado!!,AmazonHelp
435665,2017-10-10 18:02:21,218491,@AmazonHelp We are not demand any wrong thing. But your side not done anything.,AmazonHelp
434637,2017-10-10 18:03:27,218253,@AppleSupport Yes.,AppleSupport
410570,2017-10-10 18:06:51,151763,"@Delta And I'm not trying to suggest a/he exists, but also would've thought the bottle woulda made its way to lost &amp; found by now",Delta
438738,2017-10-10 18:07:33,164741,@AmazonHelp They are not responding ... Amazon should make chargeback into merchant account and give the money refunded to victim like us....,AmazonHelp
831594,2017-10-10 18:09:25,318041,@Uber_Support - How do I reach customer service? I was charged wrong on a ride.,Uber_Support
707917,2017-10-10 18:12:28,218491,@40827 sir today I received delivery of dell laptop from you through Amazon India.,AmazonHelp
708659,2017-10-10 18:15:29,289410,@AppleSupport why can't I update my phone ?,AppleSupport
442571,2017-10-10 18:16:51,392009,@115911 @11612 I cant find my vudu credits on vudu app. It says i have got it but it wont let me rent the movie! It keeps asking for the code!!,TMobileHelp
438630,2017-10-10 18:17:22,219232,"@AmazonHelp No, you haven't missed the estimates. In fact, you guys have never missed one for any of our orders. We just found it interesting to share.",AmazonHelp
436594,2017-10-10 18:17:55,218686,"@SpotifyCares Yeah, pretty much.",SpotifyCares
664063,2017-10-10 18:20:33,278260,@americanair In an EXIT ROW being told neither of my bags can go overhead although they don’t fit under the seat. Safety concern maybe?! https://t.co/THN2tRFRrb,AmericanAir
651686,2017-10-10 18:23:12,274975,@116618 What happened to the download option in the iOS app? The button is completely gone.,AmazonHelp
910581,2017-10-10 18:25:50,336277,"@AppleSupport Yes, old Apple Watch, now replaced with a Series 3.",AppleSupport
691138,2017-10-10 18:28:31,285151,@AmazonHelp any chance to get my refund once I never got the product?,AmazonHelp
652203,2017-10-10 18:31:53,275090,@AppleSupport It’s 4 years old but according to the spec on the new os it should be fine on my system. Apparently not.,AppleSupport
226173,2017-10-10 18:34:44,286509,@115850 Increase the exchange phone prise after checking condition,AmazonHelp
438742,2017-10-10 18:39:40,164741,@AmazonHelp Then why you promote these people's.  I done as Amazon big brand was promoting.... Don't you have charge back policy on merchant account,AmazonHelp
710701,2017-10-10 18:40:18,289952,"Wow @115877 is AWFUL. We waited 2 hours for food that never came &amp; after 4 refund requests, I'm still being charged $7. Seriously!?",Uber_Support
2082529,2017-10-10 18:41:08,615884,Why have I been having THE toughest since iOS 11 @AppleSupport phone has been dyyyyyin fam,AppleSupport
698150,2017-10-10 18:41:59,286550,I will NEVER ever book a flight with @AmericanAir again. Been at the airport since 5:00 am been on two planes none has taken off. #Never,AmericanAir
440842,2017-10-10 18:42:28,218662,@Delta Thank you,Delta
717027,2017-10-10 18:45:12,291654,I ordered something on @115821 10/1/17 &amp; still haven't seen it.,AmazonHelp
2082527,2017-10-10 18:46:09,615883,Hey @115858. Just wanted to let you know your update sucks. Thank you for not letting me listen to Spotify while I try to use other apps.,AppleSupport
697298,2017-10-10 18:49:45,286372,"@AmazonHelp Para que? si lo tengo que ir a buscar igual. No entiendo por que mandáis las cosas prime por correos, si sabéis perfectamente como trabajan.",AmazonHelp
434543,2017-10-10 18:53:20,218243,@AmazonHelp #Amazon  this is worst ever experience i had with ny ecommerce cmpmy .fooling customers n harrasing them,AmazonHelp
434859,2017-10-10 18:55:16,210475,"@115911 @11612 #TMobileTuesdays #Contest Caramel Apples, for sure!",TMobileHelp
717131,2017-10-10 18:56:51,291686,@SpotifyCares It's been 7 Months why should I believe you guys are doing anything about it?,SpotifyCares
709528,2017-10-10 18:57:09,289654,"@115858 

iOS 11.x

The animation which happens when an icon is 3D-touched, is buggy and slow and fragmented on iPh-6s

Kindly resolve it !!",AppleSupport
426954,2017-10-10 18:59:33,216552,@AmazonHelp You have been misleading me all day. No email has sent to me. I am writing everything to amazon's managers in US. You gotta wake up now.,AmazonHelp
697495,2017-10-10 19:01:11,286406,@SouthwestAir used to be so fun and friendly. I’ve been flying @americanAir for the last year and gave SW another go. Not a good experience.,SouthwestAir
2082662,2017-10-10 19:05:35,615917,@AppleSupport my iPhone 7 keeps glitching and freezing after I did the latest update. Pls halp,AppleSupport
698221,2017-10-10 19:05:35,286565,Is anyone else in the Rockville/Olney Maryland area having @116136 internet issues?,comcastcares
717109,2017-10-10 19:05:44,291680,@AmericanAir officially been traveling from Chicago to Burlington for 24 hours! Seriously figure it out,AmericanAir
438697,2017-10-10 19:06:37,219241,"@AmazonHelp on my computer it says shipping today and on my phone says shipping now, i can provide order number through DM if needed",AmazonHelp
708000,2017-10-10 19:14:16,289250,@AppleSupport Can I watch iTunes movies in 4k on Mac or PC?,AppleSupport
697855,2017-10-10 19:15:19,286494,"@AmazonHelp Pas de problème 😊
J'ai jamais eu de problème avec Amazon depuis que je commande dessus 😙",AmazonHelp
707977,2017-10-10 19:18:31,289244,@AppleSupport I can't update my phone it shows this again and again https://t.co/mSEzKm8ytB,AppleSupport
920600,2017-10-10 19:23:04,338524,@SpotifyCares Okay. The app shuts down when I try to share a track. Is that a issue that is known? I have a Sony XZ1 and latest updates.,SpotifyCares
1775866,2017-10-10 19:25:49,448831,@Uber_Support why do you show one fare and then update it as per your convenience. That's so cheap,Uber_Support
708687,2017-10-10 19:26:14,289418,"I want to thank @Delta for there Awesome help in getting our men’s golf team to and from Atlanta, Georgia under trying conditions. Gr8 svc.",Delta
707398,2017-10-10 19:28:14,60163,"Hey, @AmazonHelp I think a touch of overkill on the packaging here. https://t.co/W26KmXXYH3",AmazonHelp
708638,2017-10-10 19:29:33,289406,Hey @115858 can you fix this battery issue please? My phone dies twice as fast as it did before the update🙄,AppleSupport
706805,2017-10-10 19:33:17,288985,@AmazonHelp Coupon for this product is only taking off $15 instead of the stated 15% https://t.co/Vo6oPGPvKo #Amazon.,AmazonHelp
698121,2017-10-10 19:33:38,286543,@AmericanAir Well thank..I shall be flying with you next week..😎😎,AmericanAir
708642,2017-10-10 19:36:20,289408,"Someone reincarnate Steve Jobs, my iPads just been frozen for two full minutes, wtf @115858",AppleSupport
425475,2017-10-10 19:38:40,205804,"@AmazonHelp i have filled the details, lets see what you guys have got https://t.co/rCkr88b8pn",AmazonHelp
2082409,2017-10-10 19:39:27,338653,@336665 @TMobileHelp @115913 Well that’s not what I was told when i picked up service and they collected the phone from me so,TMobileHelp
706787,2017-10-10 19:45:43,286488,@AmazonHelp obviously.. thank you,AmazonHelp
708612,2017-10-10 19:46:57,289400,@AppleSupport Why does Spotify not work through the control panel/headphones on iOS 11?,AppleSupport
2082703,2017-10-10 19:47:07,306341,@SouthwestAir any word on when flights to Hawaii will start?,SouthwestAir
401697,2017-10-10 19:54:32,210991,@AppleSupport can you help?,AppleSupport
707872,2017-10-10 19:55:06,289226,@AmazonHelp Hello! Thanks for your reply. I just received it; Yodel delivery man mistakenly wrote the neighbour's house number.,AmazonHelp
708705,2017-10-10 19:55:26,289424,"I do love @115888 on Android Auto but the interface is crying out for a shuffle button for playlists, especially on long journeys!",SpotifyCares
708090,2017-10-10 19:57:19,289265,@AmericanAir I heard WiFi is going to be free on AA flights of more than 2 hrs. Is there a date that takes affect?,AmericanAir
707419,2017-10-10 20:00:51,289121,@AppleSupport @289120 I’m running 11.0.0 because my phone is “unable to check for update” to get 11.0.2 😩,AppleSupport
707885,2017-10-10 20:02:54,289228,@AmazonHelp my package never came so i requested a replacement and a refund and i couldn’t get either sooo what am i supposed to do,AmazonHelp
434872,2017-10-10 20:07:36,289276,@115911 @11612 #TMobileTuesdays #contest Reese's! Always!!!!!!!,TMobileHelp
709557,2017-10-10 20:08:32,289660,Walked up to gate as they were offering $1100 @Delta x 3 but just a few ticks too late.,Delta
714823,2017-10-10 20:09:18,290997,@Uber_Support I've been charged for a cancelled trip that I didn't cancel.  How do I get my money back?,Uber_Support
707850,2017-10-10 20:09:53,289221,@116928 me parece increíble que pague 6€ para que el envío me llegue hoy y no lo tenga... Mis 6€ por favor? Gracias,AmazonHelp
2082476,2017-10-10 20:11:53,615878,@AppleSupport Thank you I have sent information to begin,AppleSupport
709042,2017-10-10 20:16:57,289528,@AmazonHelp Was soll das. https://t.co/yMq2BhqsRx,AmazonHelp
710093,2017-10-10 20:21:14,289796,@AppleSupport Wifi,AppleSupport
708566,2017-10-10 20:23:32,289386,"@AmazonHelp You’re doing a great job.
I was complimenting you on your easy process of returning products.",AmazonHelp
709248,2017-10-10 20:24:53,289581,"I called @SouthwestAir today and the customer support gent was also named Israel❗️

 🙆🏽‍♂️MG, what are the chances! https://t.co/YxfDbHWgpT",SouthwestAir
711806,2017-10-10 20:28:27,290231,@115911 @11612 My T-Mobile app didn’t let me do a Fun game today 😭,TMobileHelp
709464,2017-10-10 20:29:49,289640,"@AmazonHelp I'm unable to control the volume while using the FireStick, it affects normal TV functions like turning it on and off, &amp; the apps lag",AmazonHelp
709647,2017-10-10 20:30:14,289670,@AmericanAir flight 4412 will now be delayed over 3 hours for a tire that needs changed. Flight voucher or baggage fee refund at the least?,AmericanAir
710069,2017-10-10 20:32:10,289788,"@289789 @115858 You add in the awful upgrade known as iOS 11 that’s really hurt my phone, it may be time to switch to the dark side....",AppleSupport
709226,2017-10-10 20:36:03,289576,@comcastcares I enjoy your companies service. I added cable to my 70 dollar per month gigabit internet plan for my mother who is not fond of streaming,comcastcares
716104,2017-10-10 20:36:38,291361,@Uber_Support how do I sign in bypassing the authentication? My mom lost her phone in an uber but can’t contact support,Uber_Support
709025,2017-10-10 20:38:43,157581,@AmazonHelp I called yesterday to get redelivered today And I had to call again because it wasn’t delivered today. Hopefully it doesnt fail again today.,AmazonHelp
2083172,2017-10-10 20:39:51,616082,@115888 Any chance of supporting daytime/nighttime UIs in the future? People think I'm crazy but I'm an @115948 user strictly because of the lighter interface (used to be a @80796 user).,SpotifyCares
709935,2017-10-10 20:44:33,289762,@Delta no thanks,Delta
708530,2017-10-10 20:45:19,289379,@AmazonHelp the Equality Act 2010.,AmazonHelp
710272,2017-10-10 20:51:30,289834,About to spend a week in L.A. but it's going to be hard to beat shaking a WWII vet's hand on way off the plane. Thanks! @SouthwestAir FL185,SouthwestAir
709446,2017-10-10 20:52:53,289635,"@117086 fiz uma compra, mas quero editar ela e aparece a mensagem que não posso editar que é pra entrar em contato com o vendedor",AmazonHelp
711188,2017-10-10 20:53:05,290081,C’est normal de ne plus pouvoir télécharger d’application ni même les mettre à jour ? @115858  #iOS11 #mabatterievamal #iphone6S,AppleSupport
712124,2017-10-10 20:59:25,290305,@Delta soo you ask me to enter your contest but then I'm not eligible? #fail https://t.co/Z5SK1iqVKz,Delta
709445,2017-10-10 21:00:28,289635,@AmazonHelp blz.,AmazonHelp
708651,2017-10-10 21:00:50,289410,@AppleSupport This is what shows up usually and I just got my first error message https://t.co/HQBWh7odNo,AppleSupport
2083081,2017-10-10 21:04:17,217579,@TMobileHelp @115913 Why not let the world see I was just attacked by your employee and did this Malicious activity,TMobileHelp
711264,2017-10-10 21:05:16,212498,"And rather than respond to customer complaints, @AmericanAir decided it would be easier to just block my wife on Instagram.",AmericanAir
709994,2017-10-10 21:06:23,289772,Hoy me enamoré del servicio al cliente de @AmazonHelp  qué Mexicano tan buena onda!!! Chaleeeeeeee,AmazonHelp
918476,2017-10-10 21:09:15,338050,"@AppleSupport @115858 @AppleSupport I’m concerned about the security of my cellphone, should I get a different one or is it network based?",AppleSupport
710683,2017-10-10 21:13:21,277065,"Dear @115873-not only did my ride end early, I was charged a booking fee not part of the fare. And it was MORE than if I had the entire ride?!",Uber_Support
710780,2017-10-10 21:16:52,289970,"@ComcastCares
#mobile_Care respond to my DM",comcastcares
925783,2017-10-10 21:17:22,339682,@SpotifyCares &lt;3,SpotifyCares
710632,2017-10-10 21:19:19,289933,@AmazonHelp they said I'd get a refund. By I want a refund and my jersey since it's been so long,AmazonHelp
928278,2017-10-10 21:20:11,340251,@Delta care to explain why this? https://t.co/9oCaLWDWYG,Delta
712071,2017-10-10 21:23:14,204825,"@AppleSupport The latest. But actually a bigger issue is when listening to podcasts or Spotify. When I refresh a Twitter or IG timeline, it pauses music",AppleSupport
711229,2017-10-10 21:25:03,198047,@AmericanAir sent me to the wrong desk. Nothing like holding for 30m to find this out. Weak,AmericanAir
710630,2017-10-10 21:26:39,289932,"@115821 Today it was @81 , the gear I got yesterday was @115817",AmazonHelp
710791,2017-10-10 21:29:49,289973,@SouthwestAir Sondra ross was the passenger,SouthwestAir
710615,2017-10-10 21:34:27,289927,@AmazonHelp Pilot Delivers. They’ve had it since fri morning,AmazonHelp
708017,2017-10-10 21:37:35,289254,@AppleSupport Well from an UX standpoint that’s just horrible…,AppleSupport
711110,2017-10-10 21:41:19,290062,@AmazonHelp Yes this has happened TWICE now!!! I’m FURIOUS!!,AmazonHelp
712169,2017-10-10 21:42:08,290314,@SpotifyCares Thank you but I think this is the one I am voting for :) https://t.co/8z2o25Wcsh,SpotifyCares
719987,2017-10-10 21:44:36,292316,@Uber_Support 2 Times tonight did a driver say I was in his car and I wasn’t and I’ve been charged. No response on app,Uber_Support
711666,2017-10-10 21:48:21,200233,"@AppleSupport Like i’ll be watching youtube and every 5 minuets it freezes my phone and i have to turn lock the phone again, for it to take another 2 minuets for the lockscreen to work and let me on the phone. it’s never happened before so i don’t think it’s a problem with the phone. :|",AppleSupport
930959,2017-10-10 21:49:38,340834,"@Delta your crew was very disrespectful to me today, flight DL5415 from Montreal to Laguardia. I was taken from the plane based on a false alegation of one of your crew members. I am defenitely not flying @Delta anymore.",Delta
711127,2017-10-10 21:52:25,290065,"@AmazonHelp Ya me he puesto dos veces por teléfono con @80, su respuesta: Es culpa de Amazon",AmazonHelp
711854,2017-10-10 21:53:40,290238,@comcastcares If Comcast cares they would answer the phone,comcastcares
927683,2017-10-10 21:53:52,340107,"@TMobileHelp called and asked for an update on my rebate card, said you guys texted me it but I never received it.. help",TMobileHelp
711746,2017-10-10 22:02:08,290217,"@AmericanAir And last week, Oct 3, flight 1485 out of IAH?  Another S80, another mech issue (bad R engine starter) and 6 hours delayed. #nowords",AmericanAir
721849,2017-10-10 22:05:55,292799,@Uber_Support A reminder of why I don’t ever use @115873  anymore,Uber_Support
713397,2017-10-10 22:05:59,290632,"@Delta Understandable, thanks! If I cancel the whole thing do I have the credit for a year to use for another flight?",Delta
712486,2017-10-10 22:06:09,290389,"@115821  
can i return my order",AmazonHelp
711180,2017-10-10 22:06:23,290079,@AppleSupport I do not but the app has updated itself now. Thank you for your time. :),AppleSupport
711131,2017-10-10 22:14:41,290065,@AmazonHelp  https://t.co/PfUNu87g6Y,AmazonHelp
432366,2017-10-10 22:18:19,217831,@AppleSupport I don’t mean to sound rude but it’s not going to resolve things? My battery is healthy! It’s ever since ios11 update and it’s a joke,AppleSupport
1775522,2017-10-10 22:21:51,533537,Is there any way to sort @115888 playlists by release date?,SpotifyCares
713283,2017-10-10 22:24:52,290607,"身に覚えの無いメールが届いた。

amazonじゃない！詐欺メールか？！
気をつけましょう！ https://t.co/y96U5t6gcX",AmazonHelp
738131,2017-10-10 22:29:26,296536,@AmericanAir We’ve been successfully corralled like cattle. #NeverFlyAmerican,AmericanAir
930938,2017-10-10 22:31:27,340828,@AppleSupport @115948 @115858 I'm listening to music but why can't I control it outside of the AM app https://t.co/Os2UGskOUs,AppleSupport
713003,2017-10-10 22:33:15,290527,"@115877  I have never been so unsatisfied with the service! My driver was very rude, and never gave me my food!",Uber_Support
713035,2017-10-10 22:33:58,290539,@115913 @115911 Can't wait for service at my house to be restored.,TMobileHelp
713755,2017-10-10 22:37:43,290723,#meuBoxy @117086 https://t.co/eDSWhowte3,AmazonHelp
929530,2017-10-10 22:39:28,340539,@SouthwestAir What hppns when u have an abusive employee ruin your disney vacation and Southwest won't return your call? 2198633430667,SouthwestAir
714204,2017-10-10 22:45:45,290846,@AppleSupport Ok thank you. I’ll get in touch soon,AppleSupport
317441,2017-10-10 22:51:29,127178,@AmazonHelp Stills waiting for the refund,AmazonHelp
1775587,2017-10-10 22:52:09,533560,@115888 why am I still being charged when I cancelled two months ago!! No number to even call. You are basically stealing money,SpotifyCares
714789,2017-10-10 22:55:28,290988,"@115858 very disappointed with iOS 11. Even w/ 11.0.1 and 11.0.2, 6s plus extremely slow with frequent hesitations. Awful!",AppleSupport
713404,2017-10-10 22:55:40,290634,@Delta Wonderful!!,Delta
713761,2017-10-10 23:00:15,290724,"@116928 Hola, me bloquearon la cuenta con una compra en curso. Intento mandar Fax físico (no web) y el nunero no responde. Help!",AmazonHelp
713911,2017-10-10 23:04:42,290761,"@comcastcares Making myself look like an ass in the process, just to put it out there how badly you all suck",comcastcares
714825,2017-10-10 23:06:56,290998,"@115877 I'm trying to register, but it won't let me add my number. I've tried 5 times.",Uber_Support
715492,2017-10-10 23:09:58,291199,@AppleSupport I think there might be something wrong with my iPhone 7 Plus battery. It's dying quickly. Possible to run remote diagnostic?,AppleSupport
714899,2017-10-10 23:10:50,183273,"@TMobileHelp I know you have the legal stuff there and cashstar has got you covered with their wording, I just don’t want ppl getting angry at you.",TMobileHelp
718077,2017-10-10 23:19:21,291949,"@AmazonHelp お返事ありがとうございます
返金されても注文はまだ残っていると考えてもいいのですね。とりあえずなんらかの連絡をいただきたいです。何もこちらには通知されずに一方的にキャンセル返金メールだけと言うのはありえなくないでしょうか？",AmazonHelp
714476,2017-10-10 23:21:19,132802,Shew rescheduled my diving trip for 2 weeks from now.....was about to cry. Thanks @SouthwestAir for dropping those prices 👌,SouthwestAir
714841,2017-10-10 23:22:38,291005,I bought a plane ticket today. 😏Where in the world is @AmericanAir taking me? ✈️ #travel,AmericanAir
714830,2017-10-10 23:28:27,291000,1 of 2: It took @115873 4 insistent emails and over 24 hrs to respond to our complaint that our driver made us feel threatened &amp; unsafe. https://t.co/5gy9tVZHxn,Uber_Support
714722,2017-10-10 23:29:00,290976,"Hey @AmazonHelp &amp; @115821 Reached my max for archiving, need help. Delete somehow? Your phone support in India is horrid,  asked same ? 6x.",AmazonHelp
716622,2017-10-10 23:30:07,213387,"@AppleSupport Interesting. The problem doesn't occur on other sites. However, it does happen in @9242 as well. Just eBay.",AppleSupport
715532,2017-10-10 23:34:52,291208,@Delta you know this is true when you see lots of customers arguing and having complaints for the agents. where's the love and hospitality delta?,Delta
715678,2017-10-10 23:37:27,291247,"@ComcastCares
#mobile_Care stuck in error code rdk 03004. Help please. I’ve rebooted several times.",comcastcares
713757,2017-10-10 23:38:11,290723,@AmazonHelp É o primeiro! 😊,AmazonHelp
714738,2017-10-10 23:41:19,221652,"@AmazonHelp since the item is being returned, am I going to receive my money back because it seems like there was a glitch within the system or",AmazonHelp
715686,2017-10-10 23:45:17,291250,"I sincerely regret flying @AmericanAir this week instead of @SouthwestAir, against my better judgement.",AmericanAir
715473,2017-10-10 23:47:46,291193,@AmazonHelp @118706 if y'all could avoid cramming larger packages into my mailbox and just leave them at the door that would be GREAT https://t.co/E6ca394JKW,AmazonHelp
717221,2017-10-10 23:50:01,152082,@115858 @AppleSupport #iOS11 is awful my iPhone 7+ has crashed a good 30 times since installing it. Steve Jobs is rolling over in his grave,AppleSupport
715603,2017-10-10 23:53:05,291225,@115913 @32274 @115725 @115911 Hmm. I don't know you guys kinda dropped the ball on me &amp; I went on deployment  for 10 months &amp; didn't militarily suspend my account as req,TMobileHelp
724050,2017-10-10 23:55:59,293399,@Uber_Support It's currently October 10 at 7:55pm... Your email says it expires at October 10 at 11:59pm though... https://t.co/HETTEHLtrV,Uber_Support
715590,2017-10-11 00:01:29,291223,"@SpotifyCares for sure around 3,000",SpotifyCares
718112,2017-10-11 00:03:17,291960,My watch face just popped off my watch!? That’s NOT supposed to happen!!!?!?! @115858 @AppleSupport https://t.co/AMA59yjVwR,AppleSupport
716041,2017-10-11 00:04:21,291343,@AmazonHelp The android app on my Galaxy S5 2015 isn't loading anything! Neither does my browser when I try login to https://t.co/7be47frdXs,AmazonHelp
716706,2017-10-11 00:06:52,291540,"@ComcastCares: #mobile_Care
Why is the broadcast fee so high?",comcastcares
712266,2017-10-11 00:10:09,290334,@SouthwestAir Is there a way to make the layover time frame in between longer to give more flight options?,SouthwestAir
716679,2017-10-11 00:10:28,291533,Dear @AmericanAir my buddy has a message for you and how you treat people stuck in a tragedy. #fires #yousuck https://t.co/YhfYGkwPTC,AmericanAir
714810,2017-10-11 00:12:48,290994,@Delta It’s  DL 0775 to JFK - being a diamonds for the day u starred the program- I want my airline to be better than this. It’s stressful,Delta
936211,2017-10-11 00:16:53,341952,".@AppleSupport, @81 shipped my replacement part to someone else. They can't find it. I'm trying to contact you but I get this: https://t.co/h2k7MogRLq",AppleSupport
367475,2017-10-11 00:18:27,203044,@AmazonHelp The product finally came in today. Had already asked for a refund which can't be cancelled. Currently double charged waiting for refund.,AmazonHelp
417953,2017-10-11 00:20:00,214720,"@214721 @TMobileHelp @115913 Trifecta of financial problems that lead to me moving and losing my car after already having paid $19,500 $390× 50 payments made. How I had",TMobileHelp
717262,2017-10-11 00:31:34,291720,@163676 @AmericanAir Hope you get things figured out. I would be booking that hotel room on line while in the air! Good luck!,AmericanAir
1782543,2017-10-11 00:32:03,535552,"Amazonプライム会員の私が、未納してるけなかろう。
そもそも、そんな大事なことをSMSでさらっと送ってこないで下さい。 https://t.co/XKxeo3Bvim",AmazonHelp
719923,2017-10-11 00:36:51,292299,@AppleSupport can you guys provide an iOS 11 update that doesn’t mess with our service because yea this sucks,AppleSupport
1782205,2017-10-11 00:40:10,535459,@comcastcares Sent ... Now what???,comcastcares
716569,2017-10-11 00:40:34,291506,@AmazonHelp I was refunded for the lost items. I love Amazon but it is frustrating as these problems have happened all in the last week!,AmazonHelp
937712,2017-10-11 00:41:27,342281,@TMobileHelp,TMobileHelp
934283,2017-10-11 00:45:31,341634,@Delta Sure thing. Done.,Delta
717185,2017-10-11 00:47:36,291701,"@AmazonHelp Ok, thank you!!!!",AmazonHelp
717749,2017-10-11 00:48:32,291865,@Uber_Support Her language when I answered the phone was straight ignorant,Uber_Support
723697,2017-10-11 00:48:42,293304,@293305 @AppleSupport @41337 I also have this in Australia @AppleSupport,AppleSupport
936305,2017-10-11 00:54:49,129742,@AmericanAir Was there anything else you all needed?,AmericanAir
717641,2017-10-11 01:02:04,291837,@AmazonHelp Thank you for replying! I researched and apparently I had a free trial that ended for prime that i totally forgot about! Sorry!,AmazonHelp
721805,2017-10-11 01:02:41,292790,Okay...I hate you IOS11 @AppleSupport   Where is my f'n keyboard?  I am an actress I do self tape auditions. I can't do my submissions! WTF?,AppleSupport
717771,2017-10-11 01:06:03,291873,@TMobileHelp And if i have a down payment I won’t be buying from you,TMobileHelp
717638,2017-10-11 01:13:23,291836,"@AmazonHelp Thanks but I purchased the device back in Jan 2017, not covered by the standard return policy. #canaryscam",AmazonHelp
718429,2017-10-11 01:13:32,292013,"@SpotifyCares Hey /LO. Chrome(book), WiFi.",SpotifyCares
724289,2017-10-11 01:16:04,205874,@Uber_Support is this an appropriate response from customer support? I would be disappointed if that's the case. https://t.co/eC0SKSTsKF,Uber_Support
719502,2017-10-11 01:18:43,292195,"@SouthwestAir Love you guys, but wish you would fix boarding a-list. Get trampled by pushy families all the time and agents do nothing.",SouthwestAir
719340,2017-10-11 01:21:08,292143,@115850 I got a promotional copy marked not for sale when I paid for it. Please see the back cover of book,AmazonHelp
1782975,2017-10-11 01:23:26,535697,"Honestly I’m sick of @115858 , they make me pay for a new phone , send me a fucked up one , then say it’s fixed when it’s not . Fuck you",AppleSupport
713286,2017-10-11 01:26:52,290608,"@AmazonHelp It is actually on my to-do list for tomorrow, I'm thinking it's the area I live in unfortunately. Thank you!",AmazonHelp
937599,2017-10-11 01:28:11,342261,is there ever a time to call @Delta when the hold time isnt 2 hours?,Delta
1782754,2017-10-11 01:30:13,294715,"@comcastcares Don't know how to do that, since I still don't have internet, over a month now, it's hard for me to get a tweet out",comcastcares
719862,2017-10-11 01:35:33,217503,@AmazonHelp Done,AmazonHelp
720003,2017-10-11 01:36:28,292323,@AmericanAir Is there a number you can provide?,AmericanAir
942060,2017-10-11 01:42:42,343322,This is like the fifth person I’ve seen say this @AppleSupport https://t.co/bMhokGgj2a,AppleSupport
430060,2017-10-11 01:48:05,216871,"@AmazonHelp no, i am not going to share the details with you otherwise you will loose a customer, now do you want to loose a customer?",AmazonHelp
938222,2017-10-11 01:50:39,342408,@delta Please consider putting a #glutenfree option on your menu... #CantEatAnythingOnHere https://t.co/qqWDBTyNFs,Delta
721869,2017-10-11 01:52:36,292804,Awful @AmericanAir with the tragic fires in Napa our hotel cancelled but AA has penalty to cancel flight! #napafire,AmericanAir
312114,2017-10-11 01:56:34,190339,"@AmazonHelp I am tired to keep you ""Posted"" about what your company is doing to delivery my order. Shouldn't it be the other way round? Not everytime :(",AmazonHelp
720960,2017-10-11 02:02:12,292565,@SpotifyCares 😍,SpotifyCares
726650,2017-10-11 02:02:25,294061,"@Uber_Support Hey, I have subscribed for Uber Eats as a driver, but still there has not been a confirmation message. Can you help me? Thanks",Uber_Support
430067,2017-10-11 02:02:49,216871,"@AmazonHelp shame on you amazon, doing fraud with indian customers, are you diing this to me because i am a brown indian?",AmazonHelp
723322,2017-10-11 02:05:48,293204,"Siri just told me tomorrow (10/11) is November 11. Really @115858 ? I expect bugs early on, but that’s nuts.",AppleSupport
722514,2017-10-11 02:09:51,292990,"@116618 i rented a movie with perfect wifi, and it wont even play past 3 secs. Not super mad at you i just wanna watch Barry Lyndon :/",AmazonHelp
1783045,2017-10-11 02:11:41,535720,@TMobileHelp hey I dm ed you all I really need assistance with my cell reception when you have a chance.,TMobileHelp
722310,2017-10-11 02:11:56,292814,@292928 @SouthwestAir Yessir https://t.co/H7qANPhNSV,SouthwestAir
941500,2017-10-11 02:17:37,343197,@AppleSupport come on Apple what going on here? https://t.co/AdNy3vYily,AppleSupport
722653,2017-10-11 02:20:06,293032,"Shoutout to the Best #SocialMediaTeam ever!
@AmericanAir: Our babies say thanks for the help! ✈️ to 🇫🇷 in 80 days! #OMemories @71209 https://t.co/AF72ujFb98",AmericanAir
722488,2017-10-11 02:20:14,292983,"@117795 @115821 @AmazonHelp Basically I’m canceling this shit. Had a whole surprise that was supposed to be here, I should have just paid for regular shipping",AmazonHelp
724701,2017-10-11 02:26:01,293580,"@ComcastCares
#mobile_Care I was told when I returned my equipment my balance would be $0. I still have balance???",comcastcares
722180,2017-10-11 02:26:53,292890,"So @Delta, some reason a woman claiming to be an FA out of the Orlando crew base falsely accused me of stealing her phone?",Delta
271367,2017-10-11 02:30:30,180752,@Uber_Support Your driver doesn't reach to pick up place when I called his mobile was busy after trying 10 mints he picked up phone and said it's 10 mint,Uber_Support
723276,2017-10-11 02:31:55,293194,@117093 Is there a way to know what item dropped off the shopping list when it goes out of stock?,AmazonHelp
942057,2017-10-11 02:33:28,343320,"@AppleSupport if this issue doesn’t get fixed, I’m leaving apple after 7 years, for @125607 https://t.co/g42WQpBjZR",AppleSupport
367426,2017-10-11 02:40:40,203038,@AmazonHelp @AmazonHelp thank you for kind gesture to make things whole.,AmazonHelp
723022,2017-10-11 02:46:18,293126,I just got smashed between boarding and takeoff lol @AmericanAir you are amazing. #1stclass #5drinks,AmericanAir
723372,2017-10-11 02:49:42,293221,"Okay @115888 if I shuffle my playlist don't play me only ""suggested songs,"" I want my songs. Thanks",SpotifyCares
723273,2017-10-11 02:54:07,293193,アマゾン詳しい人誰かいない？？😫,AmazonHelp
723003,2017-10-11 02:54:42,293119,@Uber_Support I thought I'll be getting a full free ride.. Really Saddened..,Uber_Support
724939,2017-10-11 03:00:57,293639,Ever since the update my phone freezes at least twice a day 🙃🙃 @115858,AppleSupport
723336,2017-10-11 03:01:05,293211,"@DELTA flight DL84 from ATL to CDG is an absolute dump. Come on DAL, ur comps are lapping u w/ fleet upgrades! Stay away until DAL upgrades",Delta
723663,2017-10-11 03:01:57,293295,That day @115821 says they attempted delivery but playback of @5356 front door shows no attempt made. #BUSTED,AmazonHelp
941589,2017-10-11 03:03:39,280680,Just got my new #note8 and I love it! Thanks @TMobileHelp,TMobileHelp
723965,2017-10-11 03:13:15,293294,@115850 Hi. My order Delivery Rejected: Shopkooky water bottle... was refused at the time of delivery. This is untrue.,AmazonHelp
723728,2017-10-11 03:14:22,293314,@115873 need help with adding PayPal account to my Uber account,Uber_Support
723808,2017-10-11 03:16:31,293329,"@SouthwestAir hello I got charged twice for early bird checkin, is there a way to get refunded please?",SouthwestAir
1783443,2017-10-11 03:17:15,535848,@115900 I want to know if you have any known issues in the 88001 area. Las Cruces NM. Specifically 2241 Entrada Del Sol,comcastcares
724928,2017-10-11 03:18:44,293636,@AppleSupport I don’t appreciate my brightness going up and down by itself,AppleSupport
723949,2017-10-11 03:21:29,293371,@115850 FROM 10 DAYS FOLLOWING @115850 AND NOBLE SKIODO BUT NO ONE IS RESPONDING. I THINK WORK IS OVER AFTER SELLING. TO HELL WITH CUSTOMER,AmazonHelp
723737,2017-10-11 03:29:19,293316,@AmericanAir Customer service told me I was gonna be able to get my checked bag at my first arrival because of my delay I was gonna miss my connecting,AmericanAir
724218,2017-10-11 03:34:19,283496,"@115821 Just because I look at an item ONE FUCKING TIME on your website, does not mean I then want 16 emails about it and 'similar' items!",AmazonHelp
922112,2017-10-11 03:36:04,338900,@AppleSupport iPhone 6S just sign 10.3.3 again so I can downgrade :-),AppleSupport
727395,2017-10-11 03:36:50,134685,"With a 4.96 rating with @Uber_Support @115873 my account has been ""waitlisted"" without warning or contact due to yearly background. SMH!",Uber_Support
1783274,2017-10-11 03:39:55,195173,@117168 any chance spotify app for apple watch coming soon?,SpotifyCares
374531,2017-10-11 03:41:01,204806,@AmazonHelp Third party,AmazonHelp
347371,2017-10-11 03:50:08,190746,@AmazonHelp Hope this time my order has been cancelled officially after 18 days &amp; I will be compensated with interest for keeping my Money for 20 days,AmazonHelp
738044,2017-10-11 03:53:59,296511,Yo @115858 I don't have access to the number on my account. I tried sending it to my husbands and nothing. It's been over 24 hrs please help,AppleSupport
712988,2017-10-11 03:56:36,290522,@Delta @AmericanAir Any news?,Delta
725608,2017-10-11 03:57:01,293806,"The worst vegan meal iv ever hard with NO other meat free options. Pasta, plain bagel and pancakes receipt for a heart attack! @AmericanAir",AmericanAir
724916,2017-10-11 04:01:25,293633,"Amazonの有料サイト？？？か知らんけど・・・
何の有料サイトなのか記載は無し、いくら？未納なのか料金記載も無し
社名、住所の記載も無くて？？？連絡無いと本日中に法的処置って
逆にやって欲しいなｗｗｗｗｗ",AmazonHelp
753001,2017-10-11 04:07:05,151455,@AppleSupport why does my Bluetooth turn on by itself now since I updated iOS? ☹️,AppleSupport
724585,2017-10-11 04:07:31,293547,@AmazonHelp I mean I would return it if I could but https://t.co/tYZcugMGiT,AmazonHelp
727939,2017-10-11 04:10:46,198731,"@Uber_Support Now you are not allowing me to make payment apart from cash. Wow, excellent service!",Uber_Support
292272,2017-10-11 04:15:58,185611,@AmazonHelp I only prefer cod and now I don't buy any amazon products when cod is available then I buy amazon products,AmazonHelp
725035,2017-10-11 04:16:19,293670,@comcastcares We're all good now. You got it switched over before the game started! NBCSN blacked out in CHI during 'Hawks game.,comcastcares
1784893,2017-10-11 04:20:46,536274,How to use #applemaps ? I can’t find direction button! #help @115858 https://t.co/sposvmKxCy,AppleSupport
725276,2017-10-11 04:26:50,293722,やってみようの買い方がわからないって先輩に言われてAmazonで購入する押したら支払い方法とか確認画面とかなしに買えちゃった😡😡もうauので入ってるからいらない😡😡キャンセルもできない😡😡誰か助けてAmazonの人〜😭,AmazonHelp
724895,2017-10-11 04:38:33,215142,@AmazonHelp No it hasn't been! And your guys have no clue who will deliver and when,AmazonHelp
725584,2017-10-11 04:40:59,293800,Onboard @Delta flight no 4784. Aborted landing in #SDF. Had to go around. At no point did the pilots or crew inform pax #concerning #airline,Delta
725637,2017-10-11 04:42:23,293816,@TMobileHelp Assurant is refusing my claim. Even though t mobile said I should be covered.  I have four devices covered in my family and not happy.,TMobileHelp
738515,2017-10-11 04:42:58,296628,the concert was so good my phone broke lmfao @115858 please send new one I am currently using my mac ashdjafgha,AppleSupport
1783727,2017-10-11 04:44:27,535938,@Uber_Support   Do you have a corporate email. I can only find an address to write to,Uber_Support
725902,2017-10-11 04:48:05,293892,@115850 @115821 order after order ur logistics team put fraudulent comment that delivery delayed as customer requested.same for my tv yday,AmazonHelp
724984,2017-10-11 04:50:44,293651,"@AmericanAir Yeah, I'll be able to keep talking w u, now my cellphone low battery prevents me to do so 👎🏻👋🏻",AmericanAir
323309,2017-10-11 04:53:49,192996,"@AmazonHelp #AmazonShameOnYou this is 5th time in a row pickup has been reschedule any proper reason or intimation ,u guys cant handle 1small task .thu",AmazonHelp
1783495,2017-10-11 04:59:15,535859,@SouthwestAir we need to chat. This isn't cool.,SouthwestAir
725919,2017-10-11 05:03:26,293894,"Package that I needed from @115821 “out for delivery 9:34 am” me at 12:02 am the next day, packageless..it’s not like I pay extra for 2 day",AmazonHelp
652257,2017-10-11 05:04:16,275100,@AppleSupport @275099 hmm ok. kib. bye,AppleSupport
424089,2017-10-11 05:13:45,215879,@AmazonHelp Hi I haven’t heard back from anyone on this yet!,AmazonHelp
728369,2017-10-11 05:17:15,294497,"@Uber_Support 
Having some serious issues receiving support via email. Can someone please call me? I'd like to get online ASAP!",Uber_Support
2512765,2017-10-11 05:18:10,716128,@115858 you guys need to fix the battery like come on bro in like two minutes 20% of my battery is gone,AppleSupport
726376,2017-10-11 05:20:02,293995,i'm so mad that my hank shirt didn't come in today heck u @115821,AmazonHelp
726221,2017-10-11 05:24:54,293959,Starting a petition to put It's So Easy by GNR back on Spotify because this sucks https://t.co/yNA7EXK6xE,SpotifyCares
1148894,2017-10-11 05:25:58,390370,@comcastcares I am filing every single complaint I can i will get my money back for paying for services I have not received. FOR A YEAR.,comcastcares
383270,2017-10-11 05:27:47,182810,@AmazonHelp https://t.co/Fh4HF9z3Cf,AmazonHelp
726339,2017-10-11 05:32:06,293991,@115821 je viens de payer (très cher) pour une livraison le 12/10 mais DHL l’annonce pour le 13. Merci d’accélérer ou de me rembourser,AmazonHelp
739106,2017-10-11 05:38:54,272720,@AppleSupport Muchas gracias,AppleSupport
726325,2017-10-11 05:39:34,293987,@AmazonHelp I’m not trying to return the book though. Any way to get a new book that isn’t damaged? It’s also a signed copy..,AmazonHelp
726770,2017-10-11 05:48:18,127180,"Now that I have ordered my #AmazonEcho, delivery is 26days from now Waiting😥😩 #hyped
@121284 how can I activate my prime membership https://t.co/qREaY7Fggs",AmazonHelp
948038,2017-10-11 05:49:02,344831,@115877 @Uber_Support @115873 where my food at,Uber_Support
439614,2017-10-11 05:55:53,219367,@AmazonHelp @115821 https://t.co/gyrRi6W5Z0 gives a 404. This is urgent!!!,AmazonHelp
727102,2017-10-11 06:05:24,294168,@115850 @AmazonHelp @115821 Pathetic service 4m Amazon &amp; delivery! Product got out of stock &amp; u blame customer sayin it was refused. Shame https://t.co/TpsUByEOCO,AmazonHelp
957797,2017-10-11 06:11:48,347266,"@AppleSupport @32627 I don’t have the option to attach a photo to a text, where do I find and add that option to my messaging?",AppleSupport
727356,2017-10-11 06:13:53,294240,@115850 @AmazonHelp I am an individual seller and Had got a customer via u guys and due to delay the customer denied order. I am waiting,AmazonHelp
727277,2017-10-11 06:20:47,294218,@115850 have still no received my order. No attempt for delivery was made. What's going on. It's been over ten days.,AmazonHelp
726968,2017-10-11 06:28:45,184652,"@AmazonHelp commande d'un ami, 27/09. on veut lui faire payer le retour en angleterre, je gere ça avec lui. pour l'instant Amazon est de mauvaise foi.",AmazonHelp
727016,2017-10-11 06:36:12,294148,@SpotifyCares Nevermind.  I cancelled my subscription.  I’ll renew it if you give it back.,SpotifyCares
1783828,2017-10-11 06:36:12,535968,@Uber_Support I just denied a trip request that was too far away and it sent me the same request 3 more times. Can't this be fixed?,Uber_Support
422458,2017-10-11 06:36:55,215618,@AmazonHelp Still no resolution Amazon has really stooped low. Smruti from customer support really did her best in calming me but product still bad,AmazonHelp
366127,2017-10-11 06:40:29,347263,@AppleSupport When IPhone X Avaible ?,AppleSupport
417856,2017-10-11 06:44:47,214626,@AmazonHelp Where is customer obsession my dear @115850 @AmazonHelp,AmazonHelp
975964,2017-10-11 06:45:24,351461,@TMobileHelp bill is $500 I have one line your employees messed up my account,TMobileHelp
727897,2017-10-11 06:52:02,294375,hi @115850  plz get pay later option #KeepItSimpl,AmazonHelp
440147,2017-10-11 07:05:58,219458,Bon sinon je viens de réagir que je suis fait niquer de 50€ par @120533 cette année 🙃🙃🙃,AmazonHelp
440144,2017-10-11 07:13:04,219458,"@AmazonHelp Bonjour, au mois de juillet j'ai fais une commande à travers le compte de mon frère, nous n'avons jamais reçu le colis ni aucune nouvelle-",AmazonHelp
958693,2017-10-11 07:13:37,347473,@AppleSupport I get this error when i try to put in the purchase date... i have tried this many time but same result. @115858 https://t.co/0kRa3f10Mw,AppleSupport
429536,2017-10-11 07:20:43,217156,@AmazonHelp There’s a lot of room for improvement. Estimation of 2 weeks for delivery within same city is ridiculously long,AmazonHelp
440139,2017-10-11 07:24:54,219458,@AmazonHelp Ça peut modifier quelque chose ? 🤔😊,AmazonHelp
728143,2017-10-11 07:32:13,294430,@115873 please remove the 1k charge on my account. The driver never showed up and I didn't take the ride. Thanks,Uber_Support
288176,2017-10-11 07:33:29,184652,@AmazonHelp tiers. je l'ai acheté sur Amazon donc peu importe. votre com est mensongere puisque vous refusez de prendre en charge le retour.,AmazonHelp
728354,2017-10-11 07:40:09,294494,"Also @116316 Prime ist auch nicht mehr, was es mal war. https://t.co/PhlWWRplsH",AmazonHelp
728334,2017-10-11 07:45:38,294489,"@AmazonHelp It was sold by &amp; being fulfilled by Amazon. Looks like they will try to deliver today, as they were meant to",AmazonHelp
728098,2017-10-11 07:51:46,294421,@AmazonHelp Done. Expecting a call now.,AmazonHelp
728088,2017-10-11 07:59:37,294419,@AmazonHelp The price of the hat is worth maybe someone seeing this tweet and finding out why the quality of shipping has taken such a hit. Take care.,AmazonHelp
958682,2017-10-11 08:02:39,347470,@AppleSupport my 6s is performing very slow post iOS 11.0.2. Kindly advice if I shall roll back to iOS 10.,AppleSupport
728813,2017-10-11 08:06:38,171144,Merci @120533 @AmazonHelp je vous aimes 💙💙💙 #Fati https://t.co/amTtmlvc8M,AmazonHelp
728521,2017-10-11 08:11:43,119319,@AmazonHelp Won't be keeping @17141  after that and certainly avoiding @115821  from now on. #Rethink my shopping habits,AmazonHelp
728525,2017-10-11 08:18:16,119319,@AmazonHelp I just went online it said I could return books. So assuming that refund works within 10days I shouldn't have to call them.,AmazonHelp
717753,2017-10-11 08:22:29,291865,@Uber_Support Again I do not have a Uber account this is amazing,Uber_Support
439754,2017-10-11 08:25:21,219391,"@115850 its been 5 days since i returned an item, but your team is yet to acknowledge receipt of the same. Weird.",AmazonHelp
948056,2017-10-11 08:28:22,344835,@SpotifyCares Well that was fast! thank you,SpotifyCares
947842,2017-10-11 08:32:01,344780,"@AmericanAir having a nightmare booking tickets with you,  is been 4 hrs on call and still not completed.  Worst experience ever.  :(",AmericanAir
732511,2017-10-11 08:33:02,295334,@VirginTrains going to the dogs here aren't we. Twice this week have had to ask for cereal. Also no drinks offered during 1h delay last week,VirginTrains
729098,2017-10-11 08:35:55,297999,"@294637 @116136 Yup, love those. Let's get some work done aaaaand #ShEdUleDmAiNteNaNcE",comcastcares
728104,2017-10-11 08:36:59,132743,"@132742 @AmazonHelp Pour que je puisse vous aider, pouvez vous m'indiquer votre code postal en DM svp ? 2/2",AmazonHelp
741024,2017-10-11 08:40:11,297224,@115858 @AppleSupport my phone can't download iOS 11.2. It can't get service. It won't work after restarting the phone or the network #help,AppleSupport
427049,2017-10-11 08:44:50,216573,@AmazonHelp Please please please... do something to fix this issue once and for all.,AmazonHelp
729244,2017-10-11 08:49:32,127254,@AmazonHelp Message saying we need to confirm who you are ?????? But you haven’t sent the code to my email ????,AmazonHelp
729542,2017-10-11 08:57:09,294735,#AmazonIndia https://t.co/wMCuh27ONl,AmazonHelp
441853,2017-10-11 09:01:51,219784,@AmazonHelp Where were you when I filed complaint with ur customer service on Friday thn on Tuesday?? All details n proofs r provided here on Twitter.,AmazonHelp
718126,2017-10-11 09:02:27,291965,@Delta @291964 Yes she's very loyal to your airlines and tells everyone about how great Delta is,Delta
741028,2017-10-11 09:02:55,297225,"@AppleSupport got major issues with my 6, calls going straight to voicemail, phone locking up, camera not working, phone resetting itself",AppleSupport
729227,2017-10-11 09:05:10,294663,"@AmazonHelp J'y ai pensé dès le début, mais impossible si on ne peut pas se connecter...",AmazonHelp
439129,2017-10-11 09:10:54,184090,@AmazonHelp @115850 I never received a call from delivery personnel and yet this says 'delay delivery on customer request'. Pathetic. https://t.co/0NRTuSEawH,AmazonHelp
948430,2017-10-11 09:17:47,344921,頼んだ覚えもないし注文履歴にも何もないんですけど、アマゾンからなんか届いたっぽくて不在票入ってた 着払いでもないし何これ,AmazonHelp
438899,2017-10-11 09:23:46,219263,@AmazonHelp I ordered a Micromax mobile on Sunday and received it yesterday but the 15% Cashback which was part of the deal had not been credited.,AmazonHelp
439798,2017-10-11 09:30:03,219398,@AmazonHelp La semaine dernière après l’échéance,AmazonHelp
1785470,2017-10-11 09:30:28,536439,"@AppleSupport hi, so I updated my iPhone 7 Plus to iOS 11 &amp; the battery dies in 8h but before that it lasted for 12h (I use Low power mood)",AppleSupport
729704,2017-10-11 09:35:38,294771,"@AmazonHelp Sí, pero si me llega después de que me vaya me voy a llevar un chasco D:",AmazonHelp
738561,2017-10-11 09:37:14,296640,@115877 Where do I complain? A 30 minute order took over an hour and 20. When he arrived he called to say he couldn't park and cancelled!!,Uber_Support
288232,2017-10-11 09:44:32,184658,Obrigado @115821 por garantir que eu tenha uma overdose. Que cheiro maravilhoso de livros novos! 😍 https://t.co/bckoFBRCGx,AmazonHelp
732377,2017-10-11 09:48:13,295309,"@VirginTrains I know you can’t do much, but a refund won’t let me make my interview. And at the moment we are stopped. This is so stressful",VirginTrains
288002,2017-10-11 09:48:38,184638,"@115850 pick up of return package was on 9 October.
No one cares about return.
Why are u guys doing this.
Pls help",AmazonHelp
1784124,2017-10-11 09:51:03,536056,@116130 @SpotifyCares,SpotifyCares
949456,2017-10-11 09:54:19,345179,Amazonのコンビニ支払いのメールかれこれ1ヶ月来ないんだけど🙄,AmazonHelp
439283,2017-10-11 09:59:19,219327,"@AmazonHelp We need your help!Our vendor account was disabled 
we asked to specify what violations were found. But no answer already 3 weeks",AmazonHelp
1784049,2017-10-11 10:00:06,536035,@TMobileHelp Are your severs down? Trying to pay my bill on app or website won't connect. Phone is also running extra slow on LTE,TMobileHelp
741643,2017-10-11 10:05:08,297370,@AppleSupport I am not able to download any this fro app store. Why?,AppleSupport
439722,2017-10-11 10:07:20,219382,Amazonマケプレで頼んでたやつ全然届かないけどこれは詐欺られたぞ,AmazonHelp
355586,2017-10-11 10:12:08,200476,"@AmazonHelp Les deux, puis j'ai supprimé celle sur amazon.it pour ne recevoir l'article qu'en France. Mais il m'a été envoyé 2x",AmazonHelp
439132,2017-10-11 10:17:34,206029,@AmazonHelp Have already done it... #amazonisworst,AmazonHelp
734195,2017-10-11 10:20:57,295669,@Uber_Support 42 inr deducted ..this will be my last uber ride,Uber_Support
439653,2017-10-11 10:23:17,219376,"@AmazonHelp Sí,luego iré a recogerlo y pondré una reclamación a @132703, ya q los d Albal, están siempre dando problemas.Por vuestra parte todo Ok",AmazonHelp
440088,2017-10-11 10:27:35,152493,@AmazonHelp Arriving Ikazen Jali i6 HollowThinTPU Back Case will b delivered by AmzAgent(8128293924) num in msg is saying wrong number,AmazonHelp
439687,2017-10-11 10:32:01,215662,@AmazonHelp I bought 4 RBL cards and not activated till now. Following youfirst and amazon but no one is helping. 5 days lapsed,AmazonHelp
441821,2017-10-11 10:37:42,219779,"@AmazonHelp ORDER # 405-7142481-2009119 ,, your courier person fucked my brain.. now what?",AmazonHelp
960664,2017-10-11 10:40:20,347970,Yesterday I learned that @115858 and @118721 are NOT the same thing. ESP when it comes to fraudulent act. chargers. #TheMoreYouKnow,AppleSupport
741100,2017-10-11 10:42:40,297242,"I will never order from @115877 again and I will pass this message on.
Food never delivered drivers phone switched off.
#willkeepposting",Uber_Support
440038,2017-10-11 10:43:52,219443,@AmazonHelp No problem will do!,AmazonHelp
438892,2017-10-11 10:48:27,183363,@AmazonHelp @115937 @20502 Service denial letter's copy attached once again. At lease open your eyes and read the same. What is wrong with you Amazon???? https://t.co/QtAm5wXACR,AmazonHelp
441811,2017-10-11 10:52:09,219776,@219777 @115830 What galls me is that the Amazon Logistics bloke must have known it was smashed from the sound the box made. But he delivered it anyway.,AmazonHelp
732296,2017-10-11 10:53:12,295296,"@VirginTrains It’s ok, I’m just waiting for the 12:00 from MKC to EUS today 😊 it’s a windy day 😞",VirginTrains
729256,2017-10-11 10:59:01,294667,@AmazonHelp All sorted. Shame I had to find out from my statements. You should do something to avoid charging  cancelled memberships.,AmazonHelp
430657,2017-10-11 11:04:12,217414,@217413 @AmazonHelp Toujours aucune réponse…,AmazonHelp
734125,2017-10-11 11:09:05,295651,"@AmazonHelp what happen? I can't acces my acount, ask me for a code and never arrive to my mail, I tried 10 times ....",AmazonHelp
734217,2017-10-11 11:11:24,295673,"I shouldn't have to say this but if my flight doesn't make it back home in time 4 @3276, we gonna have a problem @AmericanAir",AmericanAir
1785607,2017-10-11 11:13:57,536475,Bugs in #ios11.0.2 #iOS11 @AppleSupport https://t.co/Kq3pVmBMlV,AppleSupport
734122,2017-10-11 11:15:17,295650,@AmazonHelp He estado hablando antes por chat en el soporte y no me han mandado la copia a mi email ¿como la recupero?,AmazonHelp
1073330,2017-10-11 11:17:14,142008,.@Delta reports Q3 $1.8 billion GAAP profit &amp; $1.7 billion adjusted pre-tax profit https://t.co/8Uwu5zE0Cm  … (1/2) https://t.co/jy0yUH6Kuh,Delta
952961,2017-10-11 11:20:10,346102,Cool sunrise colors behind that @SouthwestAir wing! https://t.co/521pCWa8lQ,SouthwestAir
354497,2017-10-11 11:20:39,200264,@AmazonHelp I have lost patience. And i believe you folks @115850  don't care about it,AmazonHelp
955232,2017-10-11 11:23:34,346631,@115888 Can we expect the Hi-Fi service to be available by the end of the year?,SpotifyCares
734575,2017-10-11 11:25:48,295761,More than 3 1/2 hours on phone today trying to ask you to stop conducting illegal activities at my grandmothers house. @AmazonHelp @115830,AmazonHelp
752432,2017-10-11 11:30:10,299837,"@115858 it would be very much appreciated if i could make a phone call on my phone successfully, sort it the fuck oot mannnn",AppleSupport
734039,2017-10-11 11:32:57,295644,@AmazonHelp sent all the details as required from your end.,AmazonHelp
734738,2017-10-11 11:40:30,295792,@115873 my account is blocked and no one is helping to regain it #poor #service #need #urgent support,Uber_Support
439695,2017-10-11 11:41:01,215662,@AmazonHelp Sir tell me one reason why i should share. Also why it want from fax. If very necessary then i can share by email only. I have no fax nearby,AmazonHelp
737589,2017-10-11 11:43:37,296411,"@VirginTrains seat number wrong, repeatedly telling him to ""try again"" and showing the ticket to other passengers asking them to read out the number.",VirginTrains
735282,2017-10-11 11:49:22,295895,いつの間にかアマゾンプライム会員になっていて、いつの間にか年会費が落とされてることに今さっき気付いた😭,AmazonHelp
734580,2017-10-11 11:55:14,295763,@AmazonHelp i ordered one plus 5 on 7th and change address after 5 min of ordered. today is 11 and delivery boy is reached old add. i call cus no respon,AmazonHelp
961454,2017-10-11 11:56:17,348156,"Hey @AppleSupport , I need help with installing macOS on my formatted hard drive on my MacBook Pro mid 2010 model. I've sent a DM",AppleSupport
429988,2017-10-11 12:00:16,217260,@AmazonHelp @156129 A specialist? You have a specialist that looks into if an item should have been sent in an envelope and not a box? 😂😂😂,AmazonHelp
737116,2017-10-11 12:04:16,219633,"@AmazonHelp I made an order over an hour ago, and still haven't received my confirmation email?",AmazonHelp
737199,2017-10-11 12:07:45,296321,@118919 Garbage quality services given by Amazon,AmazonHelp
739184,2017-10-11 12:14:47,296786,"@116130 I recently tried to cancel my premium account but found I could not because you are telling me I am on your free service, explain",SpotifyCares
753024,2017-10-11 12:14:56,299972,New iOS 11 Podcast App is terrible.. Can’t go back to last listened and doesn’t start next episode… @AppleSupport,AppleSupport
737359,2017-10-11 12:15:19,296355,Grateful for surprise #FirstClass upgrade @AmericanAir departing Myrtle Beach today. You guys are great! ✈️🇺🇸,AmericanAir
729902,2017-10-11 12:15:32,294828,@AmazonHelp Danke! ❤,AmazonHelp
737319,2017-10-11 12:16:43,296349,"@115873 app to windows 10 mobile isn't working. Error in payment method, in this case the credit card. What's happening? 😒",Uber_Support
738467,2017-10-11 12:22:21,296317,"@115850 
I am not able to print invoice for given below order number 
#406 -9135379-0518722",AmazonHelp
937571,2017-10-11 12:23:45,342257,@Delta @219402 Is there anyway to wave this? Maybe @SouthwestAir can do something to help if y’all can’t. #disability,Delta
738003,2017-10-11 12:27:28,296499,"@116928 Tengo un problema con un pedido en la web, si podeis abrirme privado, os lo agradeceria. Un saludo",AmazonHelp
743457,2017-10-11 12:30:24,128489,@AppleSupport Since iOS 11 my new playlists (added through the latest iTunes) won't sync with my iOS 11 device (iPhone 7). What's the deal?,AppleSupport
429038,2017-10-11 12:34:01,217033,@AmazonHelp @119356 amazed to see arrogant tweets of your staff.are you guys get #stoned while working.its my mistake to chose @115821 over @118702,AmazonHelp
738106,2017-10-11 12:36:14,296530,@Uber_Support __email__,Uber_Support
739585,2017-10-11 12:38:41,296884,@VirginTrains Help! Eticket bought on line 24hrs ago &amp; visible with reference in my account but no confirmation by email and no eticket,VirginTrains
1785781,2017-10-11 12:44:06,536534,@AppleSupport iOS 11.0.2 is crashing apps on iPhone 7 plus. Pls fix this.,AppleSupport
279403,2017-10-11 12:44:08,182606,@AmazonHelp Are you people going to refund my money ????,AmazonHelp
739204,2017-10-11 12:46:04,171603,"@TMobileHelp Hi. Just want to ask again, provisioning messages will be fix/set? Not able to send/rec msgs in cellular,good thing 3m free",TMobileHelp
726836,2017-10-11 12:47:34,238331,@comcastcares I definitely!,comcastcares
738388,2017-10-11 12:48:19,296604,@115850 I have been waiting for more than 20mins to add Amazon Pay balance but despite successful payment nothing has been credited.,AmazonHelp
739177,2017-10-11 12:49:30,296783,@AmericanAir really needs to figure out its crew issues. This is the ninth time I’ve been delayed this year because they can’t get a crew.,AmericanAir
738369,2017-10-11 12:54:20,296600,@AmazonHelp Needed my items specifically for today and the Hermes driver has completely failed to do so.,AmazonHelp
956365,2017-10-11 12:54:23,300268,"@AppleSupport Also, why do I receive two messages at the same time? One is a regular text and the other is iMessage? I never had this problem with...",AppleSupport
739228,2017-10-11 12:59:07,296795,@SouthwestAir  Book a flight from UK on SWA from Vegas but cannot log into my account because I am being blocked.  Error 403100000.  Help?,SouthwestAir
430666,2017-10-11 12:59:09,217415,@AmazonHelp I did. Got an email from your rep. But I'm looking for action.,AmazonHelp
427881,2017-10-11 13:01:02,216755,@Uber_Support Go to hell MOFU!!! This is how you treat a premium customer. I think @1143 is much better than you. #Olaisthewinner #UberGoBack,Uber_Support
735268,2017-10-11 13:03:38,150360,"@AmazonHelp It said today but that's not next day delivery is it, amazon prime is next day and you get it next day",AmazonHelp
739666,2017-10-11 13:07:09,120401,"@AppleSupport Besides the autosave cock-up, the Server component no longer supports share management and privileges are messed up after the update! 1/2",AppleSupport
727887,2017-10-11 13:08:14,294374,"@AmazonHelp I calld up customer care, who said they will deliver it within next 48 hours and suddenly I was refunded the amount.",AmazonHelp
739072,2017-10-11 13:13:50,296761,@AmazonHelp Somewhere out there is a turtle lying on its back and yall trying to have a convo. Smh 🤦🏻‍♂️,AmazonHelp
1785138,2017-10-11 13:17:31,536346,@115873 @133311 Why is it so difficult to reset password on the app? Can't change verified # on the site too.,Uber_Support
726366,2017-10-11 13:20:48,293994,@AmazonHelp Yes I am.,AmazonHelp
741296,2017-10-11 13:21:31,297288,@VirginTrains London Euston to Chester - Said on the train it was due to staff not flooding,VirginTrains
740496,2017-10-11 13:26:14,138462,@AmericanAir #ep #millionmiler https://t.co/4BU6tR8JkW,AmericanAir
754185,2017-10-11 13:27:03,258362,I’ve only used my phone for ten minute and it’s already 5000 degrees. Any fix anytime soon @115858 #iOS11,AppleSupport
420665,2017-10-11 13:28:01,215262,"@AmazonHelp It says that courier person tried to deliver and no one was available at place which is not true, I am asking for solution",AmazonHelp
738433,2017-10-11 13:31:31,296609,"@AmazonHelp @115851 Hey Jeff , would you help me out here ? Amazon is doing business malpractice in India",AmazonHelp
740375,2017-10-11 13:35:48,297066,"@115850 is run by delivery agents, though clarified my issues twice. Orders #402-7595500-1828366
# 408-5217731-2088352",AmazonHelp
964929,2017-10-11 13:37:46,177339,@SpotifyCares y'all did great addressing our payment issue. Thanks. Also your Mac app and High Sierra have...issues. Freezing everything. https://t.co/U8z8NfdYbW,SpotifyCares
740932,2017-10-11 13:39:44,297205,@AmazonHelp got dis defective addidas shoe #worst quality https://t.co/fiiSRAUrjp,AmazonHelp
759159,2017-10-11 13:40:46,301396,@115873 @Uber_Support @116288 Your drivers are crooks and cheats...the service level sucks... https://t.co/MKPuLcebpa,Uber_Support
741141,2017-10-11 13:41:16,297256,@TMobileHelp DM sent and yes I'm connected to Wi-Fi,TMobileHelp
706942,2017-10-11 13:42:24,289014,"@Delta Ok, would you be able to send that to me via email or DM?",Delta
1785453,2017-10-11 13:42:52,159580,"@AppleSupport, good morning! A client emailed two files to me through my iCloud account. He showed me a screenshot of delivery. It is not",AppleSupport
279412,2017-10-11 13:45:44,182606,"@AmazonHelp Writing back is not helping me at all, I need my refund, that all I want - they total amount is Rs. - 54000/-",AmazonHelp
740374,2017-10-11 13:49:53,297066,@AmazonHelp Please check order nos. I have mentioned &amp; get trail of conversation with CS. Deli.Agent cancelled ordr twice w/o consent! #AgentCentric !!,AmazonHelp
741186,2017-10-11 13:53:27,297264,@SouthwestAir Trust I would literally be purchasing flights for 3 different trips. But I'm stationed overseas currently #Army,SouthwestAir
741576,2017-10-11 13:57:25,297358,@AmazonHelp @115850 My Recharge Order no. #402-7027866-9103503 is pending for some time. But I need the recharge now. Please help.,AmazonHelp
1786839,2017-10-11 14:01:48,536816,@Uber_Support I applied to drive for ubereats at the end of August - still no word - can you help?,Uber_Support
390085,2017-10-11 14:02:51,208344,"@AppleSupport Here it is again. And yes, it happens with all the apps. Thx! https://t.co/oRZbgm1K6z",AppleSupport
741527,2017-10-11 14:03:52,297346,@115830 why am i not getting an email confirmation of my order? plus i sent myself a gift card and that has also not been received. please advise,AmazonHelp
752844,2017-10-11 14:04:58,299935,So the 14.58 @VirginTrains  train from Haymarket to Euston is “delayed”. We have no idea by how long or why. 😳#communicationfail,VirginTrains
1785429,2017-10-11 14:05:33,536429,@AmericanAir But no upgrade route to get there. Convoluted and ridiculous.,AmericanAir
752405,2017-10-11 14:08:15,256808,"Thank you @115830 for delivering my package to a ""secure location"". Front door, 10 feet from main road. https://t.co/eV9vPfKIfs",AmazonHelp
741570,2017-10-11 14:11:42,297356,"@AmazonHelp Se ha retrasado un pedido en 3 ocasiones,he llamado para preguntar y no solo no me han solucionado sino que me han hablado de malas maneras.",AmazonHelp
964046,2017-10-11 14:13:32,348821,@AppleSupport Is it possible to go back to iOS 11.0.1 after updating to 11.0.2? Battery drain is real bad.,AppleSupport
1785743,2017-10-11 14:14:11,536519,@SpotifyCares if you guys keep charging me $9.99 while I’m on a student account I’ll be going to Apple Music. This is the 3rd instance,SpotifyCares
752887,2017-10-11 14:15:42,299943,"Dear @115821 @AmazonHelp is this what passes for delivery from you now?! Package just thrown on my lawn?! Would love a response, thanks. https://t.co/DwuWeXxIOp",AmazonHelp
752932,2017-10-11 14:20:12,299954,"@115850  dlivry srvics dgrading day-by-day ref-16241121156
Lrn smthing frm yr rival, this is 4th time, courier boy falsely updating status",AmazonHelp
741624,2017-10-11 14:23:29,297367,@AmazonHelp (2/2) delivery guy s contact doesn't get reach. Says number is wrong. What to do now?,AmazonHelp
747857,2017-10-11 14:24:35,291362,"@Uber_Support  please quit trying to act like your helping, I have dm'd you again, the link you sent is not the correct help.",Uber_Support
752904,2017-10-11 14:26:20,299947,@116090 Someone made #fraud with my #debit_card. VISA DEBIT RETAIL PURCHASE Amazon.ca Prime 727831280489,AmazonHelp
752392,2017-10-11 14:31:17,299824,"@AmazonHelp @80 mi producto ya no se puede recuperar, ya que acaba de entrar en vuestros centros de distribución. (3/3)",AmazonHelp
742531,2017-10-11 14:34:02,297541,"@AppleSupport-iOS 11.02 updated apps iPhone keeps using cellular data while on wifi. Need an IMMEDIATE fix, please!
#ios1102",AppleSupport
752969,2017-10-11 14:35:56,299947,@AmazonHelp I've never bought anything on Amazon Prime.,AmazonHelp
962273,2017-10-11 14:39:21,348337,@SpotifyCares Music will play on app but not on desktop? Help?,SpotifyCares
753494,2017-10-11 14:41:07,299950,@AmazonHelp I don't really know how I can give more detail as to my address. This is the first time that this has happened. https://t.co/T8G6MuJGrx,AmazonHelp
742516,2017-10-11 14:42:43,297538,@AppleSupport any reason why my iPhone battery has been considerably worse since I downloaded iOS 11?,AppleSupport
739684,2017-10-11 14:46:10,296901,@AmazonHelp Done deal. Thanks.,AmazonHelp
743487,2017-10-11 14:48:35,297769,@AppleSupport 11.0.2,AppleSupport
962247,2017-10-11 14:49:44,144970,"@115873 what the F!! While booking the ride showed bill will be ₹120, but I was billed ₹238, care to explain why? 1/n https://t.co/kmeXtkBalX",Uber_Support
747767,2017-10-11 14:50:43,298749,@115850 providing fake updates regarding delivery of product. No transparency as why product is not delivered or when it will be delivered,AmazonHelp
962278,2017-10-11 14:53:43,348338,@AmericanAir Here is an idea. Have a fee for good customer service. Help me check in and tag my bag. That I would pay for.,AmericanAir
366905,2017-10-11 14:56:45,202906,@AmazonHelp  https://t.co/Kl6mfqJto7,AmazonHelp
745150,2017-10-11 14:58:33,298134,The back of the plane to myself! @Delta Stewardess have great energy and a can do attitude. Great job! https://t.co/TPa8flQKR1,Delta
1786364,2017-10-11 15:01:39,536696,"@AppleSupport Sent phone for repair. Apple lost it on Oct 2. I call Customer Relations every day, no resolution. How do I get this resolved?",AppleSupport
741983,2017-10-11 15:02:39,297450,"It cannot be easy for @VirginTrains staff, but train manager Lynn is doing an amazing job for the people stuck at Penrith. 5* Customer Care https://t.co/KME9srG1EX",VirginTrains
746027,2017-10-11 15:03:27,298343,@AmazonHelp  https://t.co/hFZ54m6zvN,AmazonHelp
742491,2017-10-11 15:06:42,297529,@115830 @AmazonHelp WWE 2K18 releases on Friday and my order still hasnt been dispatched.if i put it on 1 day delivery will i get it 2moro,AmazonHelp
795340,2017-10-11 15:08:18,309630,@TMobileHelp Yea.... about that. Y’all aren’t ANSWERING! https://t.co/LKFMH2f8fu,TMobileHelp
754250,2017-10-11 15:09:34,233895,"@SouthwestAir Feel free to respond to me with ""UGH your last tweet was terribly unfunny and inconvenienced me. Please give me a $50 voucher.""",SouthwestAir
742456,2017-10-11 15:11:40,297522,@AmazonHelp eu queria calcular o frete dessa oferta https://t.co/OX9ffYOVP3,AmazonHelp
965707,2017-10-11 15:12:54,349168,@118845 riddle me this https://t.co/NksyCsdppU,AppleSupport
742589,2017-10-11 15:14:59,297559,@SpotifyCares Doesn’t help. https://t.co/vowhQaLSwy,SpotifyCares
354446,2017-10-11 15:16:00,200258,@AmazonHelp 2/2 as everything work on the system@then whats the point wasting your money puting so many executie #Apnidukaan my foot #fraud #pathetic,AmazonHelp
977662,2017-10-11 15:23:17,271802,"Daily reminder that iOS 11 is still trash. 30 sec wait to open apps, keyboards crashing, display bugs in many apps. @115858 @AppleSupport",AppleSupport
754831,2017-10-11 15:24:42,300447,@VirginTrains WHY does the 16.25pm to London have first class carriages that are FILTHY w/ TRASH and toilets that are FOUL with stale pee?,VirginTrains
742382,2017-10-11 15:24:53,297511,17 ans que je suis chez @120533 et jamais un soucis. Mais depuis 3 mois les livraisons sont en retard en prime 😐,AmazonHelp
1779101,2017-10-11 15:27:50,171375,@Uber_Support Not able to cancel a cab even when it is 10 min away and is completing an earlier trip because THE CAB IS ALREADY ON ITS WAY? https://t.co/IvZFAL0ciF,Uber_Support
742452,2017-10-11 15:29:50,297522,@AmazonHelp Serio que não aceitam HiperCard?,AmazonHelp
743581,2017-10-11 15:30:20,297795,@AmericanAir old pros at 5 and 2 years old. DFW-CVG https://t.co/QLEpDq8S8t,AmericanAir
752435,2017-10-11 15:33:00,299838,@AppleSupport Hi! I don’t believe it’s a problem with the content on me end.  It appears to be an issue with your API.,AppleSupport
735276,2017-10-11 15:34:06,150360,@AmazonHelp You're missing the point I paid for next day delivery and here we are 2 days later and I still haven't got it,AmazonHelp
742470,2017-10-11 15:37:53,297525,"@AmazonHelp Buenas tardes. Ok, muchas gracias por su amable gestión. @132703",AmazonHelp
742642,2017-10-11 15:39:58,297568,"@115911 I have three phones under my account, will this work for all of them?",TMobileHelp
381399,2017-10-11 15:44:29,206450,@AmazonHelp Absolutely useless spend 30 mins on the phone to be told they are to busy and they will call me back. 48 hours later nothing @115851,AmazonHelp
744436,2017-10-11 15:46:28,297998,"@ComcastCares
#mobile_Care why don't you text or email to let me know there is an outage? I almost destroyed my router, blaming it!",comcastcares
1786804,2017-10-11 15:47:49,536806,@AppleSupport why can’t I update any apps. I’ve only had this phone 2 weeks and it doesn’t work.,AppleSupport
746036,2017-10-11 15:48:42,298346,"@115850 So much fake promises, fake assurance..You are beating our politicians in this fake game",AmazonHelp
743722,2017-10-11 15:52:53,297830,@SouthwestAir Thanks for following up @SouthwestAir @127663  It's a sign I'm suppose to be where I am at this moment 😉,SouthwestAir
743309,2017-10-11 15:54:37,297351,@AmazonHelp @115850 OK. Will wait for your tweet. Hope you would reply sooner than later,AmazonHelp
967128,2017-10-11 15:55:11,349546,@AppleSupport is it possible to recover photos from a bricked iPhone? These are very important to me.,AppleSupport
440897,2017-10-11 15:57:21,219607,@AmericanAir 3393 to ORD,AmericanAir
747872,2017-10-11 15:57:55,298775,@115877 why can’t I use someone’s code? https://t.co/itanIn1VRp,Uber_Support
429549,2017-10-11 16:01:04,217160,"@AmazonHelp Luckily all items present and correct, surprisingly since many items were small.",AmazonHelp
745564,2017-10-11 16:04:57,247324,@VirginTrains Thanks for making this really clear to everyone when you changed it!,VirginTrains
743301,2017-10-11 16:05:23,297076,@AmazonHelp All sorted! Thanks guys.,AmazonHelp
1786930,2017-10-11 16:06:40,536843,"@116333 
I don’t know why my iphone becomes so bad since a month, no one could deal with this until now from Apple
#Applethebest
#iPhoneX",AppleSupport
758538,2017-10-11 16:09:24,301256,I'd love for @115888 to start having gamer sponsors/partners. I use it in my stream and use it almost everyday. 🎧🎶🎵🎶,SpotifyCares
969765,2017-10-11 16:09:56,350159,#tb Thank you to @Delta airlines for being so generous and upgrading our tickets to first class for my grandpas birthday. You made his day❤️ https://t.co/9DUc4eXyp0,Delta
294263,2017-10-11 16:10:27,185733,@AmazonHelp My friend there is nothing to respond in that mail. Mail from SMS team dated 7 Oct simply asks me to wait for 24-48 hrs but now it's 96 hrs,AmazonHelp
968707,2017-10-11 16:14:58,349956,"My iPhone constantly crashes since I installed #iOS11 had to hard reset at least 15 times in the last 2 weeks.

Sort it out @AppleSupport",AppleSupport
745050,2017-10-11 16:16:50,298107,"@AmazonHelp It's the Kindle app from Windows store, there is no browser.",AmazonHelp
744339,2017-10-11 16:20:11,297972,@Uber_Support Please check your tickets.,Uber_Support
745295,2017-10-11 16:21:25,168089,@115913 @115911 How? I just switched and would like to know how to access this benefit,TMobileHelp
745059,2017-10-11 16:21:32,298109,seriously the two days my home camera isn't working i have an amazon package stolen off the doorstep. Have fun with the dog toy I bought...,AmazonHelp
744259,2017-10-11 16:23:56,297948,"@AppleSupport iPad MIni 3, iOS 11.0.1.",AppleSupport
743844,2017-10-11 16:26:58,245048,@VirginTrains How much wood would a woodchuck chuck if a woodchuck could chuck wood?,VirginTrains
746023,2017-10-11 16:27:02,298342,@AmazonHelp amazon pfvr qual o seu 0800? O 0800 03 707 17 não tá completando. Vocês têm a ferramenta de chat? Obrigada!,AmazonHelp
745340,2017-10-11 16:29:02,298180,@SouthwestAir Oh man. . . Me and Credit don’t get along too well 🙀 I’ll just hope by Friday the prices don’t jump too much! (Which they haven’t tbh) 🙃👏🏽,SouthwestAir
745996,2017-10-11 16:34:16,255609,Starting to lose faith in Amazon Prime.3 orders on the spin have taken 2 days.What am I forking out £8pcm for exactly?#poorshow @AmazonHelp,AmazonHelp
748831,2017-10-11 16:37:16,299009,@AppleSupport Case number 100315720813,AppleSupport
758490,2017-10-11 16:37:48,301249,@Uber_Support where can I locate a copy of the safety inspection form on the website? I’m already signed up as a driver. Thanks,Uber_Support
975091,2017-10-11 16:38:59,351238,Why can't @116136 customer service be more like @115821 ?!?!   Amazon customer service is seriously like top 5 in my book.,comcastcares
746954,2017-10-11 16:40:23,298568,Brought to you by #tmobilewingman ...   we 💙 inflight WiFi thank you @115911 and @AmericanAir #travel #traveltribe #ThisIsLife #selfie https://t.co/Fv5TNne9PR,AmericanAir
746733,2017-10-11 16:40:39,201000,@AmazonHelp is there a way if you could tell me if I qualify for a trial for amazon prime? I remember signing up for it before prime video was launched in Canada I think? I’m just not sure I wanna make that $100 dive for the 12 months.,AmazonHelp
747280,2017-10-11 16:44:30,298641,@VirginTrains please turn the heating up on the 16:15 Piccadilly to Euston in Coach A. It's like an igloo!!,VirginTrains
746771,2017-10-11 16:44:48,298522,No compréis más @116928 sistema de reembolso malísimo. Y me dicen que no me pueden ayudar.,AmazonHelp
1787364,2017-10-11 16:49:48,536968,WHY DOES MY PHONE KEEP LOSING SERVICE FOR NO REASON @115858,AppleSupport
747270,2017-10-11 16:51:04,298636,"In addition to the usual @VirginTrains woes (no window, smell bad), wifi is useless and the tannoy system far too quiet on (delayed) train.",VirginTrains
746721,2017-10-11 16:51:11,298512,"Une commande Amazon, trois transporteurs Colis Privé, Chronopost et le troisième Amazon Logistics qui s'est perdu youpi 😅 quel bordel https://t.co/NwruNpAvYW",AmazonHelp
759935,2017-10-11 16:53:34,301573,@Uber_Support trying to access my account and was able to update password but correct phone # is not on file cannot rec code ???,Uber_Support
750290,2017-10-11 16:55:51,299342,@Delta do I need a birth certificate to fly with an infant in arms? Because I leave today and I don't have one for my 4 month old😬,Delta
747747,2017-10-11 16:56:05,298748,@116316 I have been incorrectly charged € 69 for a Prime Subscription that I did not want. Please help me with a refund!,AmazonHelp
751787,2017-10-11 16:59:30,299682,@AppleSupport iPhone 7plus Data has just decided to stop working after installing 11.0.2 LTE to 3G/1X loop. Nothing will load/send @115858,AppleSupport
747724,2017-10-11 16:59:54,298744,@AmazonHelp My contact details: 9555321315,AmazonHelp
747236,2017-10-11 17:01:41,232035,"@VirginTrains Any idea how long? Is it a trespasser or a ""trespasser"" go back to work long.",VirginTrains
753101,2017-10-11 17:05:21,299032,@TMobileHelp How much is it going to cost?,TMobileHelp
1787084,2017-10-11 17:05:46,138057,"I wish @SouthwestAir had deals to Tucson, AZ. #Bummer",SouthwestAir
971699,2017-10-11 17:08:14,350511,"Hey @115858, wanna fix iOS 11? My phone keeps freezing because of it 🙄🙄🙄",AppleSupport
746687,2017-10-11 17:08:44,298509,@AmazonHelp And each agent has no clue and adds unto the lies the last one told. I spend too much to deal with the lies,AmazonHelp
980265,2017-10-11 17:10:16,352424,@SpotifyCares I didn't opt-in to concert news emails and now I need a presale code for First Aid Kit tickets in Seattle. I haz sad.,SpotifyCares
751842,2017-10-11 17:10:27,169880,"@AmericanAir because of the fires,so what can I do? is the airline going to reschedule the flight or give us option of another airport?",AmericanAir
747697,2017-10-11 17:14:02,298742,@AmazonHelp Le transporteur était La Poste je viens d’aller vérifier.,AmazonHelp
747861,2017-10-11 17:14:48,291362,"@Uber_Support Yes you did, but it was wrong, you are not seeing the issue, you send out fake Computer Generated responses and are not really getting it",Uber_Support
229203,2017-10-11 17:17:16,170660,@AppleSupport I just did the update and I can’t find the AirDrop button anywhere. Where can I find it?,AppleSupport
748684,2017-10-11 17:18:45,298982,"@115821 Uhm, I ordered an Xbox One Elite Controller &amp; you sent me a Turtle Beach Elite Pro headset... https://t.co/xPzKmPn9sE",AmazonHelp
749152,2017-10-11 17:19:15,299077,"Come on @VirginTrains I know  flooding &amp; trespassers is out of your control, but serving me a second glass of wine on a 2 hour delay wasn’t",VirginTrains
748709,2017-10-11 17:22:40,298984,Ordered an @137524 biography and @115830 send this. Erm... https://t.co/iKND4ILi14,AmazonHelp
229190,2017-10-11 17:25:32,170658,Is it just me or does the map app not work as well with this update?! @115858,AppleSupport
749690,2017-10-11 17:27:24,299201,"@115850 order id 406-1733459-2438713...
Used product sold.... https://t.co/hXK6H5Vjut",AmazonHelp
755823,2017-10-11 17:31:38,300656,"The @Delta @116462 wifi has been absolutely awful lately, today 100% unusable on DL4029...who can help me out? #FrustratedMedallion",Delta
973433,2017-10-11 17:32:14,350865,@115888 guys fix your stuff unable to play any off the albums from kendrick lamar on both my computer or smartphone.. All other song are ok,SpotifyCares
746691,2017-10-11 17:32:35,298509,@AmazonHelp I want a managers number that I can contact this evening when I get off and it's convenient for me,AmazonHelp
751580,2017-10-11 17:36:57,299634,"@VirginTrains @120576 They announced tix acceptance at the station so I assumed it was ok, hence I’m on the train now 🙃",VirginTrains
338126,2017-10-11 17:37:28,196707,@AmazonHelp Still was not delivered today. This was the latest my updates said it would be.,AmazonHelp
761938,2017-10-11 17:37:56,302043,@AppleSupport as i sent a text the iMessage app crashed and now all of my conversations are gone. Is there an explanation for this???,AppleSupport
755155,2017-10-11 17:40:18,300494,Perfect time to be in the @AmericanAir #AdmiralsClub. #terminald. @151271 https://t.co/2hX9Hf8aYU,AmericanAir
822726,2017-10-11 17:43:05,300801,@315977 Tienes que escribir a @AppleSupport y decirlo es lo que está haciendo todo el mundo para que lo arreglen,AppleSupport
759897,2017-10-11 17:45:01,301562,@Uber_Support Messaged 12h ago on a disgusting stuff in my @115877 delivery. No one replied? look at this ridiculous potsponge piece... https://t.co/iV9np1phL3,Uber_Support
747702,2017-10-11 17:45:23,298742,@AmazonHelp Oui il est sorti hier donc vois l’avez toujours en stock et oui c’est vendu par vos services.,AmazonHelp
1787622,2017-10-11 17:49:12,537027,.@SouthwestAir has a terrible policy for those affected in #LasVegasShooting and unable to fly the next day. Terrible customer service!,SouthwestAir
755742,2017-10-11 17:49:29,300636,"@AppleSupport I had already updated both devices to iOS 11 once it released, switching over from the beta. I deleted the beta profile. Now what?",AppleSupport
751689,2017-10-11 17:53:15,299657,@AmazonHelp my package got sent to the wrong address smh,AmazonHelp
751621,2017-10-11 17:53:19,299080,@VirginTrains @299081 @120576 and what first class menu does your lot offer ?,VirginTrains
756559,2017-10-11 17:57:38,300806,@DELTA I need to know my known traveler number. Please help!,Delta
749696,2017-10-11 18:00:46,299203,"@AmazonHelp Ordene por su web el martes! Y no me han hecho el cargo a mi tarjeta, y mi pedido sigue pendiente!",AmazonHelp
757251,2017-10-11 18:01:35,118754,"@SpotifyCares Never mind, my kid pranked me. Lowered the volume in the Xbox home #HesGrounded",SpotifyCares
976929,2017-10-11 18:05:50,351699,"So @116136 cancels my tech appointment without informing me, BUT have no problem reminding me that my bill is due soon 😒@comcastcares",comcastcares
756446,2017-10-11 18:05:55,300070,"@115858 When are service providers, other than EE, going to support the Apple Watch 3 in the UK?",AppleSupport
756387,2017-10-11 18:08:31,285152,"@115850 @AmazonHelp 
2nd time in a row.  
How pathetic is this behaviour!? https://t.co/8ssqZasgLl",AmazonHelp
762605,2017-10-11 18:08:50,302209,"@Uber_Support See my questions in blue. From my perspective, it should just be enabling local riders to select uberSELECT. Want to understand the process. https://t.co/P1N2jX97Xu",Uber_Support
751624,2017-10-11 18:10:36,299643,@VirginTrains They haven’t opened it. Still and I can’t get any water until we get in to London at 8.15pm. It’s ridiculous. Paid £150 for my ticket.,VirginTrains
754988,2017-10-11 18:13:54,300476,@AmazonHelp Os he dejado un privado,AmazonHelp
756432,2017-10-11 18:15:24,300790,"@AppleSupport please stop making my messages disappear, I’m trying to win at cup pong &amp; 8ball. Thx(:",AppleSupport
708543,2017-10-11 18:20:19,195315,@AmazonHelp Sooooo......?,AmazonHelp
751755,2017-10-11 18:22:25,299676,@AppleSupport iOS 11.0.2,AppleSupport
755098,2017-10-11 18:26:22,299660,"@AmazonHelp Encima, no es la primera vez .",AmazonHelp
756579,2017-10-11 18:26:32,300812,"@AmericanAir Am I allowed to take this water bottle, emptied, on a plane? https://t.co/oX8T2FDRoY",AmericanAir
1779374,2017-10-11 18:32:27,534620,@AppleSupport is there a way to have a family Apple Music package without having my family members able to make purchases using my card?!,AppleSupport
756342,2017-10-11 18:33:51,300779,"@AmazonHelp I ordered @13365 #147Things book and haven’t got it yet. Neighbors haven’t, unless they taken it. I’m not happy!!",AmazonHelp
383137,2017-10-11 18:37:38,206782,@Uber_Support I’ve been trying to get in contact since Monday and I am not satisfied with the compensation,Uber_Support
748887,2017-10-11 18:39:35,299024,@SpotifyCares Nothing specific. The app itself just doesn't look good (as Groove did).  Maybe I'm just not use to it yet. idk what to do.,SpotifyCares
757347,2017-10-11 18:40:19,266720,"Stuck in Tampa, not a bad thing! Right? 🌴🤔Flight 1247 @SouthwestAir",SouthwestAir
757712,2017-10-11 18:40:33,301081,"@AmazonHelp Yes, but it's Regular item. It should be delivery within 1 or 2 days .  I m ur prime member... If i m not getting order within 1 or 2 days.",AmazonHelp
328965,2017-10-11 18:41:30,194429,@115913 That’s why I’m 99% done switching from T-Mobile to Verizon.,TMobileHelp
755799,2017-10-11 18:43:32,300646,"@AppleSupport i dont🤷🏻‍♀️ i was on my phone, texting, and it restarted and all my pictures were deleted. same with my music(i have apple music)",AppleSupport
758472,2017-10-11 18:46:12,301243,@Delta AF682 Late 45 min;GLVWOY with TRENCK&amp;ELDER DL 109 to AUS Delta 0109 Dp 1447,Delta
757692,2017-10-11 18:47:50,300935,Duping customers with Exchange scheme. Never dlvrd my order and now initiated the refund. asking to re-order in 5k more @115851 @115821,AmazonHelp
755696,2017-10-11 18:49:43,300629,@VirginTrains Thanks for the reply (not) 😕 Poor customer service from train crew. 70 mins late so far and still crawling slowly. No announcements either.,VirginTrains
748761,2017-10-11 18:54:07,298994,"@AmazonHelp @115850  I need my product today as any cost, i don't know,how you will do but you will",AmazonHelp
756520,2017-10-11 18:56:03,300798,@AppleSupport Phone. Only able to change track through Apple Music page. https://t.co/gsDETqF0Dl,AppleSupport
757089,2017-10-11 18:57:40,213163,@AmazonHelp  https://t.co/87hkjC1xPB,AmazonHelp
757964,2017-10-11 18:59:39,301131,@115911 cannot login and pay money for more than hour. 502 Bad Gateway,TMobileHelp
1780686,2017-10-11 18:59:46,534994,Pretty sure @115877 is either trolling me or more incompetent than I initially thought… in either case not helpful and never using again,Uber_Support
367680,2017-10-11 19:02:12,203094,"@comcastcares Sweet, just DM’ed you",comcastcares
976846,2017-10-11 19:02:46,351682,@SpotifyCares Email associated with fb account is no longer active but is on file with my subscription. How do I fix?,SpotifyCares
706836,2017-10-11 19:06:59,288990,@AmazonHelp I was meant to have a callback this evening. Given that we're now in British rude-to-call time I'm not holding out much hope.,AmazonHelp
759075,2017-10-11 19:07:18,301379,I hate  iOS 11. It dies so fast! WTF @115858?,AppleSupport
757806,2017-10-11 19:11:56,301089,@AmazonHelp This is through USPS. I'm on the phone with someone now. An order that was 'out for delivery' on Sunday still hasn't arrived at my home.,AmazonHelp
748830,2017-10-11 19:12:57,299009,"@AppleSupport I delete the apps and every time I update one of the apps remained on the phone, all the deleted apps are coming back. No music or movies.",AppleSupport
747212,2017-10-11 19:15:05,232540,@VirginTrains Does the 30 minutes delay auto refund apply to delay on departure or arrival at your destination station?,VirginTrains
759193,2017-10-11 19:16:38,301407,#terriblecustomerservice @AmericanAir #wasteoftime,AmericanAir
756418,2017-10-11 19:17:28,300787,@AmazonHelp I had her information but it needed second verification and she's out of the country. I was able to get it but bc it's not my account,AmazonHelp
976701,2017-10-11 19:19:50,351654,@AppleSupport Thanks for your speedy response! I have 11.0.2. I’m downloading .3 tonight after class.,AppleSupport
759823,2017-10-11 19:21:40,215375,"@115850 u ppl r cheating wid customers,not gvng Clear T&amp;C of casback wid amazon pay and making loss to customers.hpnd wid me dis tym.worst",AmazonHelp
747839,2017-10-11 19:22:36,298770,@Delta I relayed my dissatisfaction in your survey. I'd rather not re-hash the nonsense and stress @delta put me and my young family thru again.,Delta
1779669,2017-10-11 19:26:46,534704,@AppleSupport I am going to to reset and try one more time,AppleSupport
759021,2017-10-11 19:27:05,301371,@115830 prime registration useless. Just ordered something after starting a free trial and being charged £9 for delivery,AmazonHelp
758379,2017-10-11 19:30:48,214143,@AmazonHelp Okay thank you,AmazonHelp
759719,2017-10-11 19:34:33,301530,"@AmazonHelp What about now @AmazonHelp
We are in mid October
FFS",AmazonHelp
760034,2017-10-11 19:34:44,301592,My plane ticket to DC was 76$😩😩rountrip with bags included @SouthwestAir 💪🏾💪🏾,SouthwestAir
759633,2017-10-11 19:36:35,301507,@VirginTrains Hope you plan on fixing this soon ??! It's quite difficult having to scroll through all the expired tickets!,VirginTrains
741027,2017-10-11 19:37:23,297225,@AppleSupport 11.0.2,AppleSupport
759162,2017-10-11 19:37:52,301397,Shout-out to the @115873 driver who just cancelled before arriving and left me stood out in this 😒 https://t.co/YVCgYcktPF,Uber_Support
758983,2017-10-11 19:38:09,301364,"@AmazonHelp Yes, the item was crushed as well although it’s packaging saved it from real harm.  But it’s a gift that looks like a used piñata.",AmazonHelp
726801,2017-10-11 19:42:25,294097,@AmazonHelp Problem not solved after speaking to ur executive .. my One thousand rs Gift voucher went in vain 👎,AmazonHelp
759065,2017-10-11 19:47:23,275090,@AppleSupport I’ve done all that. It says it’s all fine but I’m stuck in an infuriating infinite start up loop after attempting to go from Yosemite to Sierra. I’d rather just factory reset and accept the loss. As I don’t have any back ups as I couldn’t get that to work.,AppleSupport
756399,2017-10-11 19:47:55,218235,"@AmazonHelp Ya lo he hecho, ademas de gestionar la devolución, he presentado la correspondiente reclamación. Gracias por vuestra atención.",AmazonHelp
758521,2017-10-11 19:50:01,301255,"@SpotifyCares I've done that countless times...I was schooled long ago, ""when all else fails....REBOOT!""",SpotifyCares
760011,2017-10-11 19:51:21,301588,"@115911 why is it so slow down in Jamaica, NY? It used to be fast enough then now it turned to slow down. 🤔 https://t.co/1gKM6ckGB8",TMobileHelp
923786,2017-10-11 19:54:28,339225,@289025 @AmericanAir Let em know girl!!!!!,AmericanAir
760490,2017-10-11 19:55:29,301709,@AppleSupport hi - ever since i downloaded the last software update my phone has been freezing and playing up. Is this a known issue?thanks,AppleSupport
1780077,2017-10-11 19:56:54,534815,Why is it so hard to get in contact with @115873?? It is honestly ridiculous given that I use them as a my means for daily transportation!!,Uber_Support
759760,2017-10-11 19:59:59,301537,@AmazonHelp submitted.,AmazonHelp
761269,2017-10-11 20:05:40,191547,@AmazonHelp what causes a “carrier delay” for a 2 days late package being delivered by Amazon Logistics?,AmazonHelp
761317,2017-10-11 20:06:14,301902,Hey @Delta guess what I’m doing. Here’s a hint: it doesn’t involve an airplane,Delta
760508,2017-10-11 20:08:00,301714,"@AppleSupport Great, thanks, I shall DM now.",AppleSupport
760662,2017-10-11 20:08:13,301762,"@SouthwestAir ...now that I’m looking, I guess I’m having the same issue with my account profile on the desktop site, too.",SouthwestAir
761090,2017-10-11 20:11:45,301856,@VirginTrains Which departed at approx 2100,VirginTrains
761279,2017-10-11 20:11:52,301891,@115821 Huns what is the point in same day delivery if you’re not going to deliver on the same day??????,AmazonHelp
751705,2017-10-11 20:16:05,299661,"@AmazonHelp This says someone will contact me within 12 business hours, by then my package will be late again if no one dispatches the driver. :0(",AmazonHelp
761940,2017-10-11 20:16:35,259476,@AppleSupport iTunes won’t show up my iPhone so I can’t sync it? Help! :(,AppleSupport
760578,2017-10-11 20:16:56,301739,@Uber_Support Gave up. Called @115879 for the first time https://t.co/vSn98Pfvxn,Uber_Support
439224,2017-10-11 20:20:53,219317,"@AmazonHelp Compré el primer volumen de “Poesía de la Edad de Oro. Renacimiento”. ¡Tiene muy buena pinta! Y, como siempre, ¡en perfectas condiciones!",AmazonHelp
759948,2017-10-11 20:22:48,301576,@SpotifyCares Yes but the only song on it is loser. Other songs like Pay No Mind and Beercan aren't there!,SpotifyCares
749796,2017-10-11 20:24:41,299226,@AppleSupport nope!,AppleSupport
762628,2017-10-11 20:26:37,302215,If your flying @AmericanAir  from DFW plan some extra time. Screening line is super slow! #citrt,AmericanAir
425479,2017-10-11 20:29:53,205804,"@AmazonHelp i have already reverted back, but still no updates on delivery. stop playing woth customer via asking him to fill forms.",AmazonHelp
762045,2017-10-11 20:31:35,302082,@115900 @comcastcares @116136 Not a good start to this new relationship!,comcastcares
738017,2017-10-11 20:34:44,296504,@AppleSupport I'm waiting for an answer from you,AppleSupport
328976,2017-10-11 20:37:20,534874,"@115913 Spoke w/ T-Mobile rep who was unsure if the iPhone $300 trade-in credit applied to iPhone X. Want to switch to T-Mobile, any info? Free X? 😇",TMobileHelp
983382,2017-10-11 20:39:47,353135,.@Delta Thanks to your cabin crew aboard DL947 (BDL-MSP) for their attentive and pleasant service!,Delta
761846,2017-10-11 20:41:05,302022,Nota mental: no comprar nunca productos en @116928 que no sean Prime.,AmazonHelp
762432,2017-10-11 20:47:26,157765,"@AmazonHelp Siempre lo mismo , es lamentable",AmazonHelp
762601,2017-10-11 20:48:22,302207,"Me: my Uber driver sexually harassed me

@115873 : Our drivers agree to be professional. Just so you know. That solves that! https://t.co/TOMxl5870y",Uber_Support
762564,2017-10-11 20:49:16,302196,@AppleSupport Will they come back I have important stuff saved in messages,AppleSupport
762876,2017-10-11 20:52:13,302294,"Feel like the girl who used the car instead of the train in the @VirginTrains ad, trying to make a delay claim against @120576",VirginTrains
763186,2017-10-11 20:52:59,302373,Just booked our flights to Mexico using our RR points! Only with @SouthwestAir can u get 2 international roundtrip tix for $150🙌🏼,SouthwestAir
763747,2017-10-11 20:56:58,302520,Yo @AmericanAir why is the flight I’m on just landing at IAD without notice when it was supposed to land at DCA?,AmericanAir
961385,2017-10-11 20:57:27,348142,@AppleSupport My phone is not even a month old and this is what i am phasing 😕,AppleSupport
762444,2017-10-11 20:57:49,192913,"@AmazonHelp yes, ordered Sunday with Prime, given delivery date for Monday 9th, still waiting now.",AmazonHelp
794617,2017-10-11 21:06:09,309455,@AppleSupport With versions prior to 11.0.2 we could still use the app despite the update warning.,AppleSupport
981737,2017-10-11 21:08:53,352769,@SpotifyCares Yep just sent you a DM! Thanks!,SpotifyCares
770132,2017-10-11 21:12:55,303904,@Uber_Support Already did that!!,Uber_Support
763605,2017-10-11 21:13:24,302484,@115821 Why hasn't my order been shipped yet? https://t.co/Wp7b99koff,AmazonHelp
763627,2017-10-11 21:13:36,302490,@AppleSupport I got an iphone 6 with straight talk just like my 5....erased all content and tried inserting my sim card but it is saying the carriers dont match. how do i fix this,AppleSupport
976916,2017-10-11 21:16:13,341305,@comcastcares I've got no NY Rangers after paying 185 for NHL center Ice-Unprofessional Install has been uncovered now that leaves are off trees- help??,comcastcares
763048,2017-10-11 21:20:39,302334,@AmazonHelp But it said it was due for delivery on Wednesday 11th and it was not a late order,AmazonHelp
753045,2017-10-11 21:22:38,299980,@AppleSupport Yes ☹️ https://t.co/nkoWk1PRPU,AppleSupport
763617,2017-10-11 21:27:34,302488,@AmazonHelp that's what i mean - the single 3ft USB cable is the same price as the 3-pack (linked here: https://t.co/T37HdEaNmR),AmazonHelp
746937,2017-10-11 21:30:15,298562,@Uber_Support There is no trouble. I just need an answer. Nevermind.,Uber_Support
984929,2017-10-11 21:31:56,205155,@AmericanAir That's enough for what? About 1/3 of a one-way flight? If I'm lucky? Unbelievable.,AmericanAir
759122,2017-10-11 21:32:18,301392,@Delta Thank you,Delta
764866,2017-10-11 21:35:53,302808,"@AppleSupport I have the 6S, if I 📱 a 7 and can’t hear them but I can hear my keynotes when pressing the #’s, is that the 7 flaw B4 1103 UD",AppleSupport
764173,2017-10-11 21:35:59,125135,@AmazonHelp No printer!,AmazonHelp
764852,2017-10-11 21:42:47,302805,@AppleSupport 11.0.2. I know there’s an 11.0.3 Out but it won’t let me update yet,AppleSupport
983980,2017-10-11 21:46:02,353279,@SpotifyCares Yup! I just restarted it and it worked! Thanks!,SpotifyCares
764960,2017-10-11 21:46:41,302831,@Uber_Support promo code that i received on email not working? Could i dm about this,Uber_Support
755118,2017-10-11 21:49:16,187264,@AmazonHelp This time was USPS.,AmazonHelp
1780880,2017-10-11 21:49:57,309352,"@115911 Also can't check my useage details when I can get in. ""Unable to process the request at the moment. Try after some time."" Going on 3 days.",TMobileHelp
765481,2017-10-11 21:51:26,302957,@115858 your latest update has killed my Mac 💻!,AppleSupport
764762,2017-10-11 21:52:45,302783,"@115823 why is this happening: ""Your session has expired. Please sign in again by clicking on the Amazon Pay Button.""",AmazonHelp
765652,2017-10-11 21:57:07,302988,"@SpotifyCares Also, I no longer get that mini screen on the push notifications screen on my phone where I can change songs without changing apps,",SpotifyCares
765480,2017-10-11 22:00:56,302957,@AppleSupport So so slow,AppleSupport
764750,2017-10-11 22:01:01,302781,@AmazonHelp Vou! =D,AmazonHelp
767021,2017-10-11 22:03:53,303314,@AmericanAir figure your shit out. Last minute gate changes with no notice is unacceptable.,AmericanAir
758249,2017-10-11 22:04:05,243449,@VirginTrains Please could you send me the link for claiming a refund? We are just getting into London now. Thank you.,VirginTrains
764754,2017-10-11 22:08:23,302781,@AmazonHelp Não conheço ainda. Os guias deverão ajudar nessa tarefa. :),AmazonHelp
766318,2017-10-11 22:10:37,303144,I need sum free rides my gee @115873,Uber_Support
1780853,2017-10-11 22:13:02,535058,@AppleSupport Thanks replied with all the details,AppleSupport
766443,2017-10-11 22:19:59,303167,Awesome @SouthwestAir deal here!!! Just sharing ✈️ https://t.co/H9vmjZvQm3 https://t.co/VPKVcQYVHp,SouthwestAir
986198,2017-10-11 22:23:03,238552,@AppleSupport How do you know if the battery needs to be replaced? It's just a coincidence this happened after the update?,AppleSupport
778191,2017-10-11 22:24:24,305805,Wo bleibt unsere Umsatzsteuer? Bei @115821 gibts nur Nettorechnungen ohne ausgewiesene 19% #Mehrwertsteuer. Nicht nur #MarioBarthdecktauf (: https://t.co/HJNA4ZCaIO,AmazonHelp
769734,2017-10-11 22:26:36,202945,We’ve been waiting on a replacement pilot 👩‍✈️ for this @americanair #flight.  @127663 2 @122524 #flightdelay https://t.co/szN1WnTEWm https://t.co/BIu6QRi7Ru,AmericanAir
1781017,2017-10-11 22:27:22,535104,@comcastcares Just sent over,comcastcares
753573,2017-10-11 22:32:42,300099,"@AppleSupport No problem I write English. Why does my iPhone 6, since last update 11.0.1, launches automatically WiFi and Bluetooth?",AppleSupport
766915,2017-10-11 22:33:35,303290,@AmazonHelp bjr cmt puis-je annuler une pré-commande de livre numérique? J'ai commandé par inadvertance un livre qui ne sort qu'en janvier,AmazonHelp
767047,2017-10-11 22:44:04,303318,"@TMobileHelp Hi Melinda, nothing more to add. You can search your messages for my Twitter handle. No disrespect to you but I'm tired of DMing you guys.",TMobileHelp
366945,2017-10-11 22:44:22,202708,@AmazonHelp Hi @AmazonHelp :update my issue has finally been updated. Thanks for replies.,AmazonHelp
987872,2017-10-11 22:47:48,354068,@115858 hey screenshots from FaceTime on iPhone 7 don’t save anywhere. Please fix,AppleSupport
766989,2017-10-11 22:49:32,187573,@Uber_Support I’m tired of sending you guys notes. Stop hiring rude drivers who purposefully take long routes so that the customer gets charged more,Uber_Support
770981,2017-10-11 22:51:40,304130,"@Delta agent tried to be helpful, ended up messing up our entire flight from Nairobi to Atlanta to the point other agents can't undo damage",Delta
987513,2017-10-11 22:54:34,353995,@SpotifyCares Latest update of Spotify and on pixel xl,SpotifyCares
205744,2017-10-11 22:57:31,164747,@AmazonHelp Amzl US,AmazonHelp
764982,2017-10-11 22:58:30,302838,@AmericanAir 🤷🏻‍♀️,AmericanAir
228312,2017-10-11 23:05:09,170428,"@AppleSupport That's ok, there was another update this morning. So hopefully it's a glitch fixer.",AppleSupport
769596,2017-10-11 23:08:19,303759,@AmazonHelp You could start by shipping when you say you would or not doing preorders for items you won’t have to ship,AmazonHelp
773559,2017-10-11 23:08:28,304778,@115877 order over 45 mins late then get message canceled. Call-  uber's solution? We wont charge you!?!?!? - never using uber eats again.,Uber_Support
770562,2017-10-11 23:10:58,304013,@AmericanAir rebooked our flight from 1 1/2 hr layover to ~40 min. Sitting on runway in Chicago. Connection not looking good - thx American!,AmericanAir
770918,2017-10-11 23:18:19,304115,"Still waiting on a package from Amazon that was supposed to arrive several hours ago. Wtf, USPS?",AmazonHelp
340936,2017-10-11 23:22:29,197449,@AppleSupport Thanks. Very frustrating 😾,AppleSupport
771483,2017-10-11 23:31:01,304260,.@SouthwestAir I need a ride out of SFO! United cancelled our flight and we are stuck here with our 1 year old!,SouthwestAir
769620,2017-10-11 23:33:40,303762,"@AmazonHelp Hoping, you'll resolve my problem asap and we'll free me from ds stress",AmazonHelp
991160,2017-10-11 23:34:01,354783,@Delta Hello. I’m booked on a flight from Cincinnati to Fort Worth on Friday. Is it possible to check in 4 bags if I need to and would pay?,Delta
755143,2017-10-11 23:34:30,300491,@Uber_Support By *5 meant 10,Uber_Support
771025,2017-10-11 23:40:39,304141,"2 delays, 1 added flight, a near death experience, ran out of gas, turned plane around, trapped on runway, no information. Yay @AmericanAir",AmericanAir
1781498,2017-10-11 23:43:03,535251,@AppleSupport Some is making fake calls saying ‘Your Apple iCloud account has been breached / hacked’ and further they ask for PC details.,AppleSupport
771062,2017-10-11 23:46:02,304155,@TMobileHelp @115913 Ok,TMobileHelp
804103,2017-10-11 23:55:23,311627,@AppleSupport Done,AppleSupport
770994,2017-10-11 23:59:21,304134,@Uber_Support i changed my number and and i have to establish a new account under the new number.,Uber_Support
771343,2017-10-12 00:01:04,304223,@AmazonHelp @115821 I hv ordrd one phn on oct 6 .nd they cancelled it on 12..nd when i cld them thy say it ws cancld by seller. poor service,AmazonHelp
771487,2017-10-12 00:06:10,285329,@SouthwestAir @304261 what side of plane do I sit on to see D.C. from MDW? Left? Coming back it's always right side.,SouthwestAir
771435,2017-10-12 00:06:34,304242,"Sooo @AmericanAir , what is yalls plan to fix my friends' honeymoon you ruined? #GetOnThat #ShameOnAA #DontFlyAmericanAirlines 👎🏼✈️ https://t.co/ZQrsmrfdkB",AmericanAir
771469,2017-10-12 00:09:16,304254,@115900 has the dumbest tech support. I give them problems A and B but they give me solutions for problem C and D 😒,comcastcares
879657,2017-10-12 00:09:35,328850,"@AppleSupport Thanks for the great support, got my airpods replaced. Thanks!",AppleSupport
761361,2017-10-12 00:13:56,301915,@Delta Through private message. Thank you.,Delta
189901,2017-10-12 00:16:52,535339,@115888 Yeah that would be cool if all students got a discount I attend penn foster and I guess my school isn’t good enough bc I got denied,SpotifyCares
771714,2017-10-12 00:19:28,304321,We do stories about this all of the time and it's really not fun to come home to this. Let's be better. Thank you @115821 for the help. https://t.co/B3aavQfx8g,AmazonHelp
785180,2017-10-12 00:20:38,307362,Anyone know of a direct line for @115877 ? The wrong food was delivered and the restaurant was no help,Uber_Support
1781780,2017-10-12 00:21:43,535334,@115858 there is a bug when it comes to music. I can not pause or skip when I swipe up. Fix it,AppleSupport
205725,2017-10-12 00:33:25,164744,@AmazonHelp that's real nice and all but my book is still damaged 🙃,AmazonHelp
991104,2017-10-12 00:33:50,354766,@AppleSupport I rented LIFE and i have 21 hours to watch but my apple tv is having a hard time loading the movie. please help,AppleSupport
772403,2017-10-12 00:38:14,304509,"My view tonight from 30,000 feet... catching @304510 on @AmericanAir WiFi. https://t.co/VkkCuSkcAz",AmericanAir
772786,2017-10-12 00:43:44,304602,"@115858 your new update has TOTALLY messed my phone up, and I’m not the only one! https://t.co/0JVFVZ4SpR",AppleSupport
786190,2017-10-12 00:43:59,307548,@115877 Why no way to call the driver? Food never delivered and no recourse to call or check on it but I still paid? Never again.,Uber_Support
772425,2017-10-12 00:46:03,185768,"@115911 when preordering the X on Oct 27, will I have to pay the full amount or anything for that matter?",TMobileHelp
773077,2017-10-12 00:53:02,304685,@Delta Captain coming through the captain to shake everyone's hand a say hello before the flight MSP-SNA. Cool to see the passion for people https://t.co/NBWUijR47a,Delta
772775,2017-10-12 00:53:44,304601,I am not a happy amazon prime customer. Been waiting on a package all day only for them to dates after 8pm,AmazonHelp
772039,2017-10-12 00:54:15,304407,@SpotifyCares #Word.,SpotifyCares
1781923,2017-10-12 00:56:20,535373,@AppleSupport why was my Apple disabled just because I deleted my debit card as payment due to fraudulent charges I wasn’t able to report?🤔,AppleSupport
354456,2017-10-12 01:03:26,200261,"@115850  Where d hell is my package, it's showing as it is in Chennai frm day1. Plz stop fooling around Amazon. https://t.co/Y3uP7e66kA",AmazonHelp
992656,2017-10-12 01:07:15,355129,@AppleSupport ifeel very worst with your latest update. Could u plz help me to resolve. My hubby's mobile fully struck. @115858,AppleSupport
773640,2017-10-12 01:12:01,304802,@116136 is hot garbage,comcastcares
354440,2017-10-12 01:12:07,200258,@AmazonHelp I did but i got your robotic response which dosnt make sense to pursude this furthure i will not buy from amazon in future #Fraud #cheaters,AmazonHelp
773091,2017-10-12 01:13:40,304688,@AmericanAir And flight #5529 joins#2323 on this trip with seatback garbage. The American Way not making good impressions.,AmericanAir
354538,2017-10-12 01:17:00,175349,Never answered this morning so I had to drive in to check repair status. Promised a call back today n nothing @AppleSupport Still no answer.,AppleSupport
769201,2017-10-12 01:17:04,303662,@115873 why is my account disabled? I got a ride to work but I get off soon and have to get home): my coworkers aren’t very kind,Uber_Support
354406,2017-10-12 01:26:02,143739,@AmazonHelp Gracias,AmazonHelp
1792686,2017-10-12 01:28:17,305273,@AppleSupport how do i get in contact with someone very high up in apple for support? senior support is useless,AppleSupport
773585,2017-10-12 01:38:29,304787,@AmericanAir gate agent calling me to come up to the desk! Unable to walk unaided! Why else would I need a wheelchair? Notafashionaccessory,AmericanAir
773193,2017-10-12 01:39:28,304704,@SouthwestAir Yes you can! Already got my tickets to Florida in February!,SouthwestAir
773513,2017-10-12 01:39:41,304772,@AmazonHelp Even if it says it was already delivered? Also frustrating that I ordered it a week ago and it was supposed to be 2 day shipping,AmazonHelp
994147,2017-10-12 01:40:02,355504,@115873 Why don't you have a contact section? Need to refund a cancellation as the app lost connection and no driver details were sent to me,Uber_Support
773859,2017-10-12 01:40:41,304865,Is there a way to print directly from my iPhone via USB? I don't have an AirPrinter. @AppleSupport,AppleSupport
773934,2017-10-12 01:41:56,220913,@TMobileHelp I just learned kick back was never enabled on my accounts can I get any credits for past months where I went under the 2 gigs,TMobileHelp
777269,2017-10-12 01:43:33,305559,Is it just me or is @Delta website and app not working? #cantlogin #serverissues https://t.co/8BtxIEUs1D,Delta
773905,2017-10-12 01:54:20,304875,@AmericanAir And you’re missing the point.,AmericanAir
774647,2017-10-12 01:54:26,305068,"@AmazonHelp Tech support calls are hard enough in English, speaking to people in the Philippines about a fire stick in nearly impossible.",AmazonHelp
773858,2017-10-12 01:58:58,304865,@AppleSupport Ok how stupid. So what's the point of having USB printers and a phone with a USB charger?,AppleSupport
773114,2017-10-12 02:03:48,304689,@SpotifyCares but there is no option for debit card https://t.co/zH08wdiW6U,SpotifyCares
774204,2017-10-12 02:09:37,304954,"@AmazonHelp @AmazonHelp @115821 @115850 That's my experience with you ... Order
05-Oct-2017
Order #
405-5458210-7905964
Order total
   15,999.00",AmazonHelp
762604,2017-10-12 02:15:48,302209,@Uber_Support Check your DMs. The link you provided doesn’t answer the question.,Uber_Support
995319,2017-10-12 02:18:53,355773,@SouthwestAir I've been on hold for a while. Mind hurrying it up? I gotta get up early tomorrow and teach! #teacherlife,SouthwestAir
778301,2017-10-12 02:19:18,305850,@115900 sent from t-mobile LTE,comcastcares
994716,2017-10-12 02:19:54,355621,@AppleSupport 11.0.3 https://t.co/fA0jKR3IMS,AppleSupport
781317,2017-10-12 02:21:21,306537,@306536 @AmericanAir That’s not ok.,AmericanAir
774755,2017-10-12 02:27:05,305099,@TMobileHelp Just did,TMobileHelp
771354,2017-10-12 02:28:07,304223,@AmazonHelp order : 171 - 5209495 -9794724..  please help to deliver by today.it is assured by amazon and they can deliver this..by today..  please help,AmazonHelp
777259,2017-10-12 02:31:31,305556,@Delta Yes. Tried to log into the site and that’s also down.,Delta
1794413,2017-10-12 02:36:18,539225,@115877 are driver able to see what customers order that way they can verify they have everything?🤔,Uber_Support
995754,2017-10-12 02:38:30,355862,Why has my phone been glitching like no other since this update??!? @115858 😒,AppleSupport
775356,2017-10-12 02:39:48,305262,"Pathetic srvc @AmazonHelp @115850  @119625 ,they don't do what they say.
The msg was recd on 22nd and still no refund initiated.1/2 https://t.co/rv00ZJpur2",AmazonHelp
775500,2017-10-12 02:46:58,159536,@AmericanAir Does my complimentary upgrade to first class eligibility carry over?,AmericanAir
775404,2017-10-12 02:47:24,305268,"El servicio de @116875 y @178440 estuvo de lujo, mis pedidos llegaron en menos de 24 hrs con el envío estándar.",AmazonHelp
1793182,2017-10-12 02:51:11,538864,quick question @115858 @AppleSupport why does the emoji keyboard cover the typing field in the iOS update https://t.co/wQlpeoKi1C,AppleSupport
776086,2017-10-12 02:55:52,305440,@115850 borosil salad cutter price hiked by 20% in 3 days .... Really you guys are preparing for big diwali sale ... All the best,AmazonHelp
996589,2017-10-12 02:59:54,355983,Just landed in Denver for @34518 @34519 concert tomorrow and they are playing Babylon.. well played @delta ✈️,Delta
252321,2017-10-12 03:07:03,175990,@TMobileHelp @115913 ?,TMobileHelp
777156,2017-10-12 03:07:09,305539,"今来たんだけど何これ
Amazon使ったことないんだけど https://t.co/xaxy4o1kcx",AmazonHelp
775847,2017-10-12 03:08:26,305387,"My #luv for @SouthwestAir is never ending. Tonight, their amazing customer service took it up another notch. 💜",SouthwestAir
776155,2017-10-12 03:11:09,305455,@AmericanAir penta penta chesav kada ra daridruda,AmericanAir
774672,2017-10-12 03:11:24,305074,@AppleSupport I was not aware of the new iOS. I will install and get back to you.,AppleSupport
776035,2017-10-12 03:11:59,305429,"@115850 selling CRAP #Awfulservice #extremelybadexperience, selling Sadak Chaap maal. sent defective mobile to my sis on her birthday",AmazonHelp
776778,2017-10-12 03:15:24,305487,@SouthwestAir HE TWEETED THAT IN 2008. IT'S BEEN NINE YEARS. THIS IS AMAZING WOW CONGRATS DAVID,SouthwestAir
776168,2017-10-12 03:17:26,305458,@SpotifyCares I have had your premium service included with my @5167 services for a long time. I was suddenly shut down to free. They say it’s you,SpotifyCares
777596,2017-10-12 03:20:11,305637,"@115850   order  4__credit_card__ not delivered,even after updating  right phone nr.False assurances from customer service from 3 days",AmazonHelp
999846,2017-10-12 03:20:23,356746,@SouthwestAir I would definitely hop on this sale but theres no flights to Los Angeles from NY 😭,SouthwestAir
776142,2017-10-12 03:22:49,305452,@Uber_Support I received a message but the issue is not being addreessed... your driver says that we left her car wet (they told us this 2 hours after),Uber_Support
776212,2017-10-12 03:29:18,538574,@SouthwestAir This is excellent news! Can’t wait to recreate our honeymoon by flying @SouthwestAir to Hawaii soon! #ThankYou,SouthwestAir
776150,2017-10-12 03:30:02,305454,"@AmericanAir A 30 minute flight from Philly and an hour wait for a small, checked bag. And, rude AA staff when trying to figure out what's going on.",AmericanAir
775747,2017-10-12 03:30:16,305362,@AmazonHelp Ok- will do.,AmazonHelp
728571,2017-10-12 03:36:08,294531,"@AmazonHelp How'd I know that my feedback has been worked on, @AmazonHelp?

Thoughts, @219399.

@43750 @115850",AmazonHelp
775776,2017-10-12 03:38:57,286907,@AppleSupport Yes it’s automatically deleting once enter.,AppleSupport
777628,2017-10-12 03:39:36,305645,"Dear @115873, I live in a rural area and want to find out if there are any local Uber drivers and when they work. How can I do this? Thanks.",Uber_Support
776932,2017-10-12 03:42:26,305477,@305479 @SouthwestAir @305476 @305480 AO party in Hawaii. Margaritas for days (🔥 take - pina coladas are gross),SouthwestAir
1793404,2017-10-12 03:45:33,538936,@115913 When your supervisors give their word I expect that callback! @115913 they are representing you!!!!,TMobileHelp
777148,2017-10-12 03:48:15,135162,@AmazonHelp Kindle Paperwhite.,AmazonHelp
1012689,2017-10-12 03:51:16,359626,"@AppleSupport If iphone like this, how should i do? While the phone number was not there, forget it too. Is there another way not? https://t.co/Esn2xyeLRx",AppleSupport
776255,2017-10-12 03:54:17,538596,@SouthwestAir I just a booked my flight to Hawaii a week ago! Ugh would have been so convenient to fly @SouthwestAir .  Next time! 🐠🌸🌺,SouthwestAir
239745,2017-10-12 03:58:03,121657,@AmazonHelp  https://t.co/HMwF8Ktnk9,AmazonHelp
776341,2017-10-12 04:04:20,356927,@SouthwestAir WHAT!? That is FANTASTIC! Im SO EXCITED!!! ✈️,SouthwestAir
777210,2017-10-12 04:07:14,305548,@AmazonHelp Still awaiting for money which suppose to be credited one month back,AmazonHelp
777905,2017-10-12 04:08:56,305721,@SpotifyCares Thanks! Hope it's fixed 💚,SpotifyCares
1794936,2017-10-12 04:09:20,539371,"The new software update is the biggest disappoint @115858 , I’ve had to restart my phone 7 times in the past two days &amp; can’t access my cloud",AppleSupport
999059,2017-10-12 04:16:45,356558,Amazing picture quality. Bravo @115900 @comcastcares https://t.co/wNxkkSI4td,comcastcares
778197,2017-10-12 04:18:17,293987,Got my copy of @127390’s new book but @115821 has decided to damage the hardcover of it. Signed copy is now damaged 😭😭,AmazonHelp
1003260,2017-10-12 04:23:26,357480,@Delta flew yyz-mco my bags did not make it got it damaged the next day macbook missing no-one wants to help #THIEF #poorcustomerservice 😪,Delta
1794975,2017-10-12 04:26:55,527135,@115858 your iOS 11 is a piece of junk! It drains my battery from 100% to 73% in less than 18 f****ng minutes 😡😤👎🏼👎🏼👎🏼,AppleSupport
778516,2017-10-12 04:27:24,305909,@AmericanAir you are the best. I usually fly Southwest but 2day a rep rebooked my flight abroad after a 3rd party canceled my flight! 🙏🏽🙏🏽,AmericanAir
776271,2017-10-12 04:27:47,538608,@SouthwestAir Very exciting! Just received a Save The Date for a Maui wedding and was bummed I wouldn’t be able to utilize my SW Points!,SouthwestAir
778473,2017-10-12 04:28:49,305896,Received my package from Amazon today....only to find out that I had a empty box. 😢😢😭😔,AmazonHelp
790722,2017-10-12 04:33:51,308555,@Uber_Support is there an option to change the default credit card on the app?,Uber_Support
779980,2017-10-12 04:38:21,169609,"@AmazonHelp 
This is my second issue with Amazon within 2 week.",AmazonHelp
777213,2017-10-12 04:44:20,305548,"@AmazonHelp This what my app is showing, can see any mail https://t.co/N8KyhG92R3",AmazonHelp
776304,2017-10-12 04:49:07,306047,@SouthwestAir Maui! Maui! Maui! Maui!,SouthwestAir
777565,2017-10-12 04:52:44,193562,"@AmazonHelp It says ""This item cannot be shipped to the selected address. Please choose a different address."" How do I find that?",AmazonHelp
776112,2017-10-12 05:00:25,305445,@AmazonHelp Btw Amazon logistics AMZL US was the carrier,AmazonHelp
1794344,2017-10-12 05:02:22,539203,@115913 disappointed in mobile w/o border change. Ok with a cap but 5gb is not roam like home like your promised. Consider 15gb like VZW,TMobileHelp
779316,2017-10-12 05:08:03,306116,@115873 Driver didn’t show. Uber charged my card. Then sent another driver to exact location. In Vegas uber sign for pick up!!!!!,Uber_Support
1013180,2017-10-12 05:11:00,359746,@115948 @AppleSupport why am I being charged R16 for a R10 track,AppleSupport
779545,2017-10-12 05:12:13,306105,@115821 I had ordered on 5th oct and the delivery supooa d to be done on 9th but still no update after several calls still no reply,AmazonHelp
776704,2017-10-12 05:19:10,538820,@SouthwestAir @SouthwestAir How exciting! It will make our trips to Hawaii to visit our family so much easier and cheaper and absolutely more pleasant!,SouthwestAir
779541,2017-10-12 05:20:29,306105,@AmazonHelp You can trace with my order detail,AmazonHelp
779536,2017-10-12 05:29:50,306169,"@AmazonHelp I was supposed to receive my package by 9th Oct, instead got a delivery notification but no product.#AmazonIndia#amazon https://t.co/0FoTkdhxS7",AmazonHelp
780606,2017-10-12 05:33:48,214890,@115850 Fuck ur service u are stealing money from the customers.,AmazonHelp
915282,2017-10-12 05:36:08,337332,"@Uber_Support I keep checking, I’ve signed up for the emails:(",Uber_Support
762507,2017-10-12 05:36:11,302186,@AppleSupport  https://t.co/hcnqAInEMO,AppleSupport
231866,2017-10-12 05:40:09,171207,@AmazonHelp I was contacted by siri.. who promised me a call back yesterday still waiting for the same,AmazonHelp
780311,2017-10-12 05:47:37,229483,@115850 can you give me the list of Note 8 winners,AmazonHelp
780348,2017-10-12 05:52:11,306312,@AmazonHelp Delayed primedelivery+10 e-mails + 4 chats+7 customer care calls later&gt;I have a washing machine delivered upside down n remains uninstalled,AmazonHelp
780661,2017-10-12 05:56:04,306386,Not impressed with @AmericanAir today. Not impressed by their hospitality. You've lost my business.,AmericanAir
780335,2017-10-12 05:57:05,306309,@AmazonHelp It's regarding thus product https://t.co/leVth4hTNv,AmazonHelp
757749,2017-10-12 06:00:11,301084,@AmazonHelp Good to hear that you are positive but as per my past experience I will not agree with that. Any way still not received any update,AmazonHelp
781224,2017-10-12 06:05:18,306514,そういや、アマゾンで注文したのどうなってるかなーと確認したら、10月9日に配達予定のがまだ配達中だった…まあ別に急ぐものじゃないのでいいんだけど。どうせ作業は来週末にしかできないし。,AmazonHelp
780322,2017-10-12 06:13:41,306308,"@AmazonHelp ありがとうございます。
Amazonさんは何一つ悪くありませんので謝らないで下さい。
破損状況を確認する為、中身を出しているので返品するのは心が引けます。
折り曲げ品は日本郵便さんで対応して頂けると思いますが、市販品の商品なので良品交換で済みますが、",AmazonHelp
785170,2017-10-12 06:14:32,307359,"@Delta Sitting on tarmac over 3 hours @13221, no updates, defective plane, only comp was $100 and a car who hung up on me. i feel I'm indanger",Delta
1793836,2017-10-12 06:16:22,166756,@115888 won’t let me upgrade...,SpotifyCares
780923,2017-10-12 06:17:40,290877,@115873 is experiencing a major hack by Russians. Multi ole messages going out to many people about entering a code in your app. #hacked,Uber_Support
780332,2017-10-12 06:18:31,306309,@AmazonHelp Thanks for the Info...would take care..,AmazonHelp
2351400,2017-10-12 06:18:40,138605,@115858 I have downloaded new software to my phone and my battery is lasting a lot less???#reallyannoying,AppleSupport
781220,2017-10-12 06:24:29,306513,@115850 thanks for not supplying the order.ORDER # 407-7659284-5711538,AmazonHelp
780959,2017-10-12 06:27:04,294184,@comcastcares Service came back this morning and now it’s out again. Using Att data because they have being Helio g is here with all the fire emergency,comcastcares
430017,2017-10-12 06:33:39,184668,@AmazonHelp I've sent the email. Kindly do the needful.,AmazonHelp
776356,2017-10-12 06:34:59,538654,@SouthwestAir @SouthwestAir Now you just need to come to Alaska!!!!!!,SouthwestAir
792760,2017-10-12 06:38:05,309038,"@AppleSupport ever since I updated my iPhone 6, my calendar app has not worked properly and my alarm has been glitching out https://t.co/XG8bza9frz",AppleSupport
781955,2017-10-12 06:44:43,306676,@115821 and I don't know who is concerned about their valuable customers. No proper reply for our queries my Order# 405-7143301-1425949,AmazonHelp
781974,2017-10-12 06:49:33,306679,@115821 @AmazonHelp please stop cheating #prime members with delivery promises you can fulfill. Worst service among all e-tailor.,AmazonHelp
782023,2017-10-12 06:54:44,306685,"えっこわ…
登録した覚えないのにクレカの支払いにAmazonプライムあっては？？？？ってなったけどこれまさか前時計買った時に…？？？",AmazonHelp
782466,2017-10-12 06:58:04,306781,@115850 dont follow the spam way of calling people with no other information n asking them for registration of business accounts.,AmazonHelp
782198,2017-10-12 07:02:11,306726,@VirginTrains You too!,VirginTrains
1795208,2017-10-12 07:04:02,539448,@115858 I’m really traumatized by my sudden iphone death. how does a pristine phone just stop working?,AppleSupport
781984,2017-10-12 07:04:03,306680,"AAAHHHRG! Arbeiten bei @116316 eigentlich irgendwo auch echte Menschen? Ne Kundenservice-Nummer?Irgendwas? Hilfe, mein Kindle ist 1 Arsch.",AmazonHelp
781998,2017-10-12 07:08:00,306682,@AmazonHelp the January date is the expected arrival date from the order tracking. I'm sure I haven't had an email.,AmazonHelp
781945,2017-10-12 07:15:04,306675,@AmazonHelp Contacted... They have been giving false assurances and unhelpful,AmazonHelp
782391,2017-10-12 07:23:22,306763,@AmazonHelp Its the classic 6inch e-ink with just the buttons no touch screen... just got it out and I have this on screen... not usual or normal... https://t.co/tARa9qMp7y,AmazonHelp
782029,2017-10-12 07:26:52,306686,"@AmazonHelp It's the same unfortunately, not a huge issue just wondered if it's a bug or something :) https://t.co/G42gcWN5ls",AmazonHelp
793996,2017-10-12 07:29:41,309317,@AppleSupport have had a text from you saying my purchase will be delivered by 16/10 then an email saying it will be on 20/10-not the best?,AppleSupport
1004415,2017-10-12 07:32:27,357732,"@TMobileHelp I'm getting a ""502 Bad GatewayThe server returned an invalid or incomplete response""on your website. Should I worry?",TMobileHelp
783838,2017-10-12 07:32:38,307086,@115873 my driver has been “on the way” for the past 20 minutes dropping someone else 😤 am I really getting charged if I cancel ?,Uber_Support
782423,2017-10-12 07:33:23,306775,"@306773 @AmazonHelp @115850 @306774 @123288 @115850 U already losing battle against @118702 in sale and now u losing customers faith in support also.
#SayByetoAmazon",AmazonHelp
783793,2017-10-12 07:42:15,307071,"@AmazonHelp Wow,really?I pay;product doesn't reach;you don't compensate,&amp; then you tell me to pay again?To repeat the cycle again?
#badcustomerservice",AmazonHelp
785467,2017-10-12 07:50:49,296909,"@115851 sir can u please help me to solve a seller case,Its been 20 days and no results. @115850 @118919,i will be thankful to u https://t.co/SCIVyRlPjS",AmazonHelp
1004406,2017-10-12 07:58:26,357729,@SpotifyCares @SpotifyCares running latest versions of both,SpotifyCares
756346,2017-10-12 07:59:07,215662,@AmazonHelp No one is updating to me on this order so cancelled and placed on other sites..,AmazonHelp
784351,2017-10-12 08:04:37,307191,@115850 is #AmazonMusic is coming to India anytime soon?,AmazonHelp
784521,2017-10-12 08:06:19,307227,@VirginTrains That’s a no then.,VirginTrains
375871,2017-10-12 08:08:36,205145,@Uber_Support @205142 thank you so much guys,Uber_Support
1005185,2017-10-12 08:13:56,357912,だから！Amazonさん！箱が！箱が！でかいんだよおおおおお！w https://t.co/OuEgmW6ilx,AmazonHelp
784809,2017-10-12 08:18:25,307277,hey @SouthwestAir . Flying 2 LA ths wkend. What are the chances ill get TWO packs of pretzels? Asking for a friend. :),SouthwestAir
785460,2017-10-12 08:21:33,158235,@AmazonHelp concerned person is not reachable,AmazonHelp
780847,2017-10-12 08:29:23,306428,@AmazonHelp Already got in touch but not getting proper response...,AmazonHelp
793986,2017-10-12 08:30:07,309314,@AppleSupport i though iOS 11.0.3 should fix bugs? I never received issues until now!! Fix it!!,AppleSupport
785189,2017-10-12 08:33:43,307365,"@AmericanAir It’s the lack of response I’m not happy with. They said they would be happy to provide compensation, then... nothing.",AmericanAir
722914,2017-10-12 08:37:02,183299,@AmazonHelp Hope you will be able to get the job done this time after 3 cancellations from your end. :),AmazonHelp
784719,2017-10-12 08:45:19,307261,@AmazonHelp I followed link off Gary Barlows tweet-,AmazonHelp
785835,2017-10-12 08:53:08,307486,先日Amazonで携帯決済が承認されなかったの、システム障害だったらしい。支払い方法を変更しようとしたんだけど、クレカ選べないし代引きかコンビニ決済かで、ギフト券チャージした上で代引きにしてみたら、ギフト券残高で支払い終わるのに代引き手数料も取られるという悲しいことになった,AmazonHelp
785934,2017-10-12 08:59:18,307498,@SpotifyCares Have also tried clearing all my cookies but it made no difference.,SpotifyCares
806457,2017-10-12 09:00:36,312175,"Dear #Apple, what the hell have you done to the #PodcastApp? Just want to play ’em all. @AppleSupport #iphone #os11
#ios11",AppleSupport
784759,2017-10-12 09:00:51,307269,@AmazonHelp Ok. Par contre j'ai commandé sur Amazon.de. ça change qqch?,AmazonHelp
796645,2017-10-12 09:01:28,309966,@Uber_Support I recently changed my phone. The app is not allowing me to re login with the same number. Can you please help,Uber_Support
779877,2017-10-12 09:06:24,306221,"@AmazonHelp That link goes to the same page that i have used several times to track the order, to absolutely no avail!",AmazonHelp
785701,2017-10-12 09:07:15,307464,@VirginTrains I was only delayed for an hour so not applicable,VirginTrains
785458,2017-10-12 09:13:21,307417,@AmazonHelp The problem with late orders is combating porch pirates. We try to get thing delivered when we are home.,AmazonHelp
737955,2017-10-12 09:21:41,296489,@AmazonHelp Ok,AmazonHelp
794611,2017-10-12 09:26:32,309455,@AppleSupport  https://t.co/yJPSNbbqgE,AppleSupport
786525,2017-10-12 09:28:04,197542,"@119625 
@116618
@AmazonHelp
As #Arjunreddy uncensored will be available tmrw
Can I knw the time of release nd runtime of movie?",AmazonHelp
1794266,2017-10-12 09:29:23,307561,"@comcastcares Hey Chad, lets get something straight, we use your service because you've eaten all the other companies we could choose from in our area.",comcastcares
786796,2017-10-12 09:32:48,307638,@115830 desperately need to speak to customer services but cant find a number,AmazonHelp
779250,2017-10-12 09:37:30,306104,@AmazonHelp Ok Sure !,AmazonHelp
786528,2017-10-12 09:41:18,307626,@130293 cuando estará disponible la T3 de @34949 ?,AmazonHelp
786803,2017-10-12 09:46:58,307694,@AmazonHelp 後ほど調べたいと思います,AmazonHelp
786124,2017-10-12 09:53:21,307537,@AmazonHelp vous n'avez pas un numero de téléphone ?,AmazonHelp
786771,2017-10-12 09:58:41,299209,"@AmazonHelp Ok will do,hope it gets dispatched during the day",AmazonHelp
794548,2017-10-12 09:59:35,309445,"My iPhone 6 ain’t coping with iOS 11- constant freezing, apps shutting down &amp; volume buttons now not working. @115858 what have you done 😭",AppleSupport
787636,2017-10-12 10:07:48,307868,"@115850 having trouble finding ""satisfaction"" from your ""services""",AmazonHelp
798925,2017-10-12 10:09:09,310450,@Uber_Support ride cancelled on me on Sunday in #boston. Money refunded to account. Can this go to card as won't be using again.,Uber_Support
787504,2017-10-12 10:10:47,307853,@115830 is this spam? https://t.co/R99wpjMUCq,AmazonHelp
787680,2017-10-12 10:16:54,307876,"@Delta Why is a flight to CHI, IL with a stop at DTW, MI chraper than a flight to just DTW? From LHR circa Dec22-Jan6? Can I leave at DTW?",Delta
787510,2017-10-12 10:19:28,307855,"@AmazonHelp unacceptable service from your agents....not helpful, rude and dismissive...hope you can actually help me",AmazonHelp
789115,2017-10-12 10:19:41,308178,"Hey @115888. My app is up to date, my payment is there. If you can allow me to continue to listen to @308179 now, that'd be great.",SpotifyCares
787622,2017-10-12 10:23:21,307860,"@AmazonHelp My mp3 cart is not displaying properly in any browser on my computer, and the person I chatted with said he couldn't pull it up,",AmazonHelp
787591,2017-10-12 10:26:53,307863,"@AmazonHelp Hi @Amazonhelp, I ordered  on Amazon.fr I can send you my contact infos in DM.",AmazonHelp
795852,2017-10-12 10:27:35,309758,@AppleSupport think I’ve been spammed just for a email receipt from Apple. Didn’t order anything. Is it dodgy?,AppleSupport
757702,2017-10-12 10:32:57,300935,@AmazonHelp Okay! I will deactivate my account and make sure many other people do the same. YOU GUYS ARE CHEATING CONSUMERS @115851 @12934,AmazonHelp
786207,2017-10-12 10:34:22,307553,@AmericanAir Yeah unfortunately that means I'm stuck in DC for 5 hours... just fantastic,AmericanAir
787520,2017-10-12 10:38:01,296764,@AmazonHelp I replied.,AmazonHelp
322920,2017-10-12 10:44:58,192922,"@AmazonHelp I need the link, where without creating an account I can post my complaints.",AmazonHelp
1794459,2017-10-12 10:49:15,539238,@Delta I did! Hence my frustration.,Delta
787535,2017-10-12 10:49:44,307857,"@AmazonHelp Apartado intentos de entrega menciona q se deja un aviso de intento de entrega,A.L. no deja nada,no llama,no sms, NADA!Un desastre",AmazonHelp
788204,2017-10-12 10:55:51,307997,@AmazonHelp Want an urgent resolution  to this issue  team... I can't spoil my festival because of mismanagement  of the delivery team.,AmazonHelp
265285,2017-10-12 10:57:01,179208,@VirginTrains hello again! Quiet coach not quiet at all! Recent improvement as passengers were reminded on boarding - no reminder today 😡🙉,VirginTrains
786144,2017-10-12 11:02:43,176386,@121284 Awaiting my delivery.,AmazonHelp
795878,2017-10-12 11:06:20,309761,My touch screen is too sensitive. Is it because of screen protector? How do I fix this? @AppleSupport,AppleSupport
789305,2017-10-12 11:10:05,308221,@AmazonHelp @115850 worst delivery experience..till now product not delivered full of false promises https://t.co/awKz5SonhM,AmazonHelp
788704,2017-10-12 11:11:13,308078,@115873 your service is the worst. Driver 3 minutes away cancels and now new driver is 30 minutes away and I can't cancel,Uber_Support
788988,2017-10-12 11:14:19,308150,That moment when you ask for something to be delivered from @115830 same day using your #Prime and it doesn't arrive same day! #Fail,AmazonHelp
790781,2017-10-12 11:17:33,308571,"@118266 halo, kenapa pembelian premium bulanan dengan pulsa indosat tidak bisa ya? Pinnya tidak dikirimkan..",SpotifyCares
776712,2017-10-12 11:20:18,308187,@SouthwestAir Just tweeted yesterday that I wished I was 50 pina coladas deep in HI right now... with this news I could be sooner rather than later!! Aloha!,SouthwestAir
789252,2017-10-12 11:23:05,308216,"@115830 1/2 It’s one thing to have to return a faulty item and wait for a refund, it’s quite another thing to have to wait for a refund when",AmazonHelp
788992,2017-10-12 11:29:49,308151,@AmazonHelp what is my mistake on it,AmazonHelp
1017802,2017-10-12 11:31:40,360812,Why are there no wired apple keyboard with numeric keypad available any more? @AppleSupport,AppleSupport
436359,2017-10-12 11:33:31,218635,@AmazonHelp @115850 Few mins before received out for delivery.its update turely or Fakely??its 4th time this week.End of the close order status Fakely,AmazonHelp
789324,2017-10-12 11:35:26,308225,"@Delta -had to cancel Vegas flight and rebook--your team's professionalism only outdone by it's courtesy. Thx to Rachel, Monique, and Eric!",Delta
729710,2017-10-12 11:39:09,308328,@115825 Dieser Eurodingends geht ja nicht mal daher ne ich finde schon einen Stream wo ich guggen kann.,AmazonHelp
788751,2017-10-12 11:39:40,308087,@AmericanAir Too unreliable to wait. Want to be reimbursed for this flight and travel expenses to charlotte,AmericanAir
789379,2017-10-12 11:43:26,308245,@SouthwestAir oh you will!  Saturday lol,SouthwestAir
789268,2017-10-12 11:45:16,308218,"@AmazonHelp ご丁寧にありがとうございます。
「この時代に何を言ってるんだ」と言われそうですが、ネット購入は登録した事ありません。
Amazon様は充分な対策を講じておられるでしょうが、ネットの怖さは完全に払拭できかねますので…。
添付されているＵＲＬは参考にされてみて下さい‼",AmazonHelp
786150,2017-10-12 11:50:53,183287,"@AmazonHelp It's frustrating to go through the link with no head ways, hence escalated",AmazonHelp
795771,2017-10-12 11:52:51,309735,Preordered my iPhone 8 on the 19/9 received an empty package. Still unresolved! Come on guys what is happening? @115858 #whatcustomerservice,AppleSupport
789790,2017-10-12 11:56:12,308345,@115873 I left my phone in my uber and I don't see information for help. #help,Uber_Support
759026,2017-10-12 11:57:35,301372,@AmazonHelp The day b/4. He assured me the carrier was not far and he’d put a note in to expedite delivery.,AmazonHelp
755061,2017-10-12 12:02:17,272837,@AmazonHelp Keeping a person waiting for 1-2 hrs can be called patience. But of it is 15-20 hrs what do you call? @115851 @1840,AmazonHelp
790225,2017-10-12 12:08:37,308436,"@AmazonHelp Already tried that twice. Even they can't contact him. The word ""escalation"" is the only thing I remember from those calls. Equally futile",AmazonHelp
790422,2017-10-12 12:09:42,300208,@VirginTrains hi HP PA is now better,VirginTrains
779694,2017-10-12 12:12:06,306209,"@AmazonHelp Was for my dad's wedding, now missed. Tracking says out for delivery in Enfield for 4 days. No way to get more more info in 'help' onsite.",AmazonHelp
790284,2017-10-12 12:13:48,308451,@Delta Flight Delta 1370 leaving Detroit 8:26 pm today. Worried about delays due to smoke in SAN Francisco.,Delta
795788,2017-10-12 12:14:32,309740,"Dear @AppleSupport since the iOS updates, the battery life on my phone is awful. Sort it out.",AppleSupport
792234,2017-10-12 12:16:58,308913,@117153  parayı çekiyorsunuz hesabı yükseltmiyosunuz bu mu hizmet?,SpotifyCares
741537,2017-10-12 12:20:00,308739,@119625 @33622 @33623 @33624 @182851 @33625 @33626 Time ?,AmazonHelp
779353,2017-10-12 12:23:37,306129,@SouthwestAir I'll just have to book them all 😁😁😁😁😁😁,SouthwestAir
779867,2017-10-12 12:26:06,306221,"@AmazonHelp Yes. Got this reply: Your message has been sent. We will contact you within 12 business hours, 7 days a week 10:00 to 19:00 IST. Wait more?",AmazonHelp
791050,2017-10-12 12:30:04,308628,"Bon, @AmazonHelp ! Je ne veux pas avoir l'air pressant mais ça galère un peu au niveau du fameux ""dernier kilomètre"", dirait-on 😏 https://t.co/HPuiSwqOUh",AmazonHelp
803580,2017-10-12 12:33:13,311505,When you get charged for an uber that never showed up👀 @115873,Uber_Support
790663,2017-10-12 12:33:26,308539,"@AppleSupport I just upgraded to 11.0.3 and I think that fixed it. If not, I'll be sure to let you guys know.",AppleSupport
292802,2017-10-12 12:35:37,183225,@AmazonHelp @115850 I re-ordered the book. It reached my office building but the delivery boy didn't drop it off bcoZ he didn't get parking.,AmazonHelp
803598,2017-10-12 12:37:36,196573,@AmericanAir: Taking the dreaded red eye tonight ;) Submitted for a 500 mi upgrade. Does checking in early hurt my chances for the upgrade?,AmericanAir
789235,2017-10-12 12:41:14,308212,@AmazonHelp I've reported it twice there already.. Not resolved still..,AmazonHelp
796606,2017-10-12 12:45:07,309954,@AppleSupport why do I not have the option to update my iPad to iOS 11?,AppleSupport
791522,2017-10-12 12:45:40,216940,"@AmazonHelp Il est parfait, c'est ma maman qui va être contente héhé :P",AmazonHelp
776897,2017-10-12 12:45:51,308927,@SouthwestAir Great news...especially as a family man when bags fly free!! If you can now add a gate or two at ORD you'd make this guy one happy traveler!,SouthwestAir
1795074,2017-10-12 12:51:22,539411,ayaw na mag renew ng spotify ko huhu,SpotifyCares
792099,2017-10-12 12:52:08,308871,When I click on the @115821 shopping cart I get this screen for the last 2 months. What's up? https://t.co/i5uWjaWlHu,AmazonHelp
792249,2017-10-12 12:54:12,308915,@115913 I have always had a prepaid T-Mobile and now I am facing that T-Mobile has put an outstanding bill on my Credit Report.,TMobileHelp
798912,2017-10-12 12:55:52,310446,"Never ordering from @115877 again. Sent the wrong order, have proof of it, called FOUR times and still not giving a refund. Robbers.",Uber_Support
790219,2017-10-12 12:58:05,308435,"@AmazonHelp I order from eBay &amp; arrives as free gift from Amazon. eBay seller is ripping Amazon off, easy to see why if impossible to report!",AmazonHelp
796531,2017-10-12 13:00:08,309935,@115858 @AppleSupport I and many other users are very annoyed with the constant iCloud storage notifications enlighten us on how to stop it,AppleSupport
787743,2017-10-12 13:01:36,307891,"@Delta @Delta your customer service team and ultimately the gate agents did a phenomenal job, we are setting back out here shortly!",Delta
776908,2017-10-12 13:04:13,305465,@SouthwestAir @305464 Cute but...looks like a gun (touchy subject). Could GIF be made with confetti  blasted straight up. You'd see it better too. (Public Health),SouthwestAir
792743,2017-10-12 13:04:21,309033,Still waiting for a response to a non-delivery of item query I have had since 9/10/17 Any chance @AmazonHelp can step in and sort it? ta.,AmazonHelp
792709,2017-10-12 13:11:47,309027,@119625 Arjun Reddy release update please? Time?,AmazonHelp
792855,2017-10-12 13:12:33,308902,"Waiting @122128 to board my @AmericanAir flight. Taking @35139 to Italy!
#ItalyBound 
#LVTravels",AmericanAir
776078,2017-10-12 13:17:35,305438,"@AmazonHelp OH never mind, I found it, it’s from amazon.ca",AmazonHelp
791598,2017-10-12 13:18:33,308752,@AppleSupport And now since the update to iOS 11 my phone won’t take screen shots,AppleSupport
792835,2017-10-12 13:22:05,309054,@Uber_Support Got many emails from you. Told this is unforeseen circumstance and I am responsible for charges. Driver mess up and I pay. #newlyftcustomer,Uber_Support
1795166,2017-10-12 13:22:47,539439,"@delta agent at E16 flt to ATL ORD could use way less tude. Asked a simple question got MAJOR tude. I fly you for a reason, this isn't it.",Delta
793392,2017-10-12 13:23:50,309172,"Just spent a whole 12 seconds buying my kids Halloween costume. #momwin
Thanks @115821 !",AmazonHelp
792931,2017-10-12 13:28:31,309071,"@SouthwestAir OK., do I hold-off and wait for you?  I am currently shopping around  to book a trip for June",SouthwestAir
797552,2017-10-12 13:31:17,310146,@AppleSupport It was slow to respond to clicking of the mouse.,AppleSupport
793373,2017-10-12 13:32:02,309168,"@115830, thanks for sending the batteries I ordered. I assume you ran out of smaller boxes, or an envelope?! #packaging #waste https://t.co/j7JBEmZsO8",AmazonHelp
799737,2017-10-12 13:36:40,310583,@comcastcares Our waiting room tv does not show a picture. Will show guide and play audio - but no picture on any channel,comcastcares
793302,2017-10-12 13:37:35,309162,"@115850 delivered used product, return was expected today but delivery guy refused to come. His number-7892915136. Let me see how u help.",AmazonHelp
1015386,2017-10-12 13:40:36,360244,@115913 Disappointed in ETA for Apple Watch 3 from @115911 December?! Even @116062 has in stock &amp; Verizon. 3 month free serv worth it?,TMobileHelp
793935,2017-10-12 13:41:27,309302,"@115850
disheartened to see unattractive poor pre-Diwali deals
#AmazonGreatIndianFestival
14 to 17 Oct.
U surrendered to #Flipkart ?",AmazonHelp
1015962,2017-10-12 13:42:39,360383,topped up and the Spotify premium should have kicked in by now alas nothing on my phone argh,SpotifyCares
794038,2017-10-12 13:43:00,309330,@115873 I have an outstanding issue and I'm not receiving any help. How can I reach out to support outside of the app?,Uber_Support
1795314,2017-10-12 13:43:26,304120,@AppleSupport @539476 @AppleSupport you don’t know the resolution. You people haven’t resolved yet even iOS updated to 11.0.3,AppleSupport
794508,2017-10-12 13:45:09,309435,@115850 I have bought one+5 in No Cost Emi through @17629 credit card but now i got message that bank would leive interest of 1.08% .. https://t.co/MCO7DWCA6p,AmazonHelp
1015950,2017-10-12 13:46:34,190303,@AmericanAir Please don't waste my time as you have already @AmericanAir .  My information has already been sent to you a number of times.,AmericanAir
793326,2017-10-12 13:52:12,309164,@AmazonHelp Colissimo mais je ne vois pas ce que cela change ! plus de 25euros les frais de port sont gratuits.... içi les deux articles font bien plus,AmazonHelp
794187,2017-10-12 13:53:55,309371,@VirginTrains 😢 You two should plan something out to make them learn that they shouldn't leave it a mess! ^KF,VirginTrains
741619,2017-10-12 13:55:56,297366,"@AmazonHelp Finally did it, no need to follow up.",AmazonHelp
776747,2017-10-12 13:58:39,538837,@SouthwestAir You've got my business! I've been planning a surprise anniversary trip for my wife out of KPHX and there's nobody I'd rather fly with than y'all! 👍👍👍 https://t.co/mQGlDBFDlT,SouthwestAir
793915,2017-10-12 14:00:04,215662,@AmazonHelp Same is writing on ur senior mgt wall. Mab b m heared and my issue get resolve,AmazonHelp
798877,2017-10-12 14:00:47,310434,@AppleSupport Yeah I’ve tried everything that I’ve came up in google.. is it an os problem or java problem?,AppleSupport
792785,2017-10-12 14:03:27,309044,"@Delta ok, sent via DM",Delta
794454,2017-10-12 14:04:53,309424,@AmazonHelp I haven't received anything. I checked my account before and after the transaction and I was 80 dollars short on a 40 dollar order. Then I cancelled it and I still don't have my money.,AmazonHelp
754981,2017-10-12 14:09:21,300475,"@AmazonHelp .. I will sue you guys it's your fault of not delivering and sending refund.
@118702  was way much better than @115850  
Within 2 days",AmazonHelp
794551,2017-10-12 14:11:31,309446,"@AppleSupport not as far as i remember it just comes up as a notification, and sometimes i have to unlock my account cause i get locked out",AppleSupport
794712,2017-10-12 14:12:28,291023,"@309481 @291022 @115911 Yeah, we have a promo too. Our issue has been getting it applied consistently.",TMobileHelp
795925,2017-10-12 14:15:03,309773,@Uber_Support 😧😧😧 really?,Uber_Support
795715,2017-10-12 14:15:38,171648,@115850 the cheater Company Delivery me the Cheated Damage bag. https://t.co/IRN2DSxxbM,AmazonHelp
794682,2017-10-12 14:17:01,309472,@SpotifyCares Tried both at the gym on 4g and at home on WiFi and both the same... 🤔,SpotifyCares
776443,2017-10-12 14:17:50,538690,@SouthwestAir YASSS! SJC ➡️ Hawaii? 🤞 @35260,SouthwestAir
795307,2017-10-12 14:19:53,309621,@AmericanAir #Americanview #GrandCanyon https://t.co/SFaXPP5ZG6,AmericanAir
798849,2017-10-12 14:20:32,310431,@115858 @AppleSupport on  calls  I can Not hear the caller and they can not hear me  but works when I use FaceTime perfectly!!??,AppleSupport
756372,2017-10-12 14:24:08,215662,@AmazonHelp When,AmazonHelp
1789204,2017-10-12 14:27:07,537458,Hi! When I enter my phone in the app it says that my account has been disable and I need to now why?Could you please help me? @Uber_Support,Uber_Support
796408,2017-10-12 14:31:08,309906,"Dear @115850 , Uhave worst Pathetic Customer Care. Representative are Spreading Misinformation, Wrong procedure and Have Lack of Knowledge",AmazonHelp
791622,2017-10-12 14:31:40,169453,@AppleSupport And considering that I’m planning to buy an iphone x you’re not being very helpful.,AppleSupport
793369,2017-10-12 14:33:56,309167,@AmazonHelp package has just arrived. I find it bad that I paid extra for it to be delivered before 1pm on the 11th and it's a day late...,AmazonHelp
1020152,2017-10-12 14:40:00,361394,.@SouthwestAir begins flying to Hawaii next year. No indication yet whether we'd see any nonstops between the Aloha State and @141317,SouthwestAir
787515,2017-10-12 14:40:45,307693,@115850 How can i replace my order that i talk about it?,AmazonHelp
801082,2017-10-12 14:40:50,310890,"@AppleSupport Open support case 100235300197, haven't heard anything in almost 2 months, last 2 emails I sent ignored. Very frustrated.",AppleSupport
795714,2017-10-12 14:45:01,171648,@AmazonHelp So Amazon deal means all duplicate product,AmazonHelp
439784,2017-10-12 14:48:41,219394,@AmazonHelp @81 @171328 2nd day it’s on the delivery vehicle and no sign of it as yet. @81 aka FakeEx @171328 is surely run by a$$holes!! https://t.co/jyd7GOVHlu,AmazonHelp
1795845,2017-10-12 14:50:02,381151,So @SpotifyCares do subscribers get the pre-sale codes to Jhene Aiko's concerts or nah? https://t.co/KIncoTnqi5,SpotifyCares
1742001,2017-10-12 14:51:13,126267,"@AppleSupport since WatchOS 4, I receive notifications like this (pic) from a handful of apps like Snapchat, Twitter, IFTTT, etc. Thoughts? https://t.co/KztejbDzqh",AppleSupport
758993,2017-10-12 14:52:19,301366,@AmazonHelp I just did give you the details. You have 24 hrs before I dispute this charge on my credit card. Your driver delivered to the WRONG address!,AmazonHelp
1019320,2017-10-12 14:55:02,361189,Why is #Uber service so much crap in LA. Had 6 drivers cancel trip last night. Wasting my time.,Uber_Support
801090,2017-10-12 14:59:51,265110,J'ai programmé un appel avec @AppleSupport j'ai été appelée dans la seconde. Mise en attente 3 min. Puis la conversation a été coupée. LOL,AppleSupport
797495,2017-10-12 15:00:29,310138,"@117086 estou tentando recuperar senha mas além do email pedem CEP, que não tem ni cadastro. Como faço?",AmazonHelp
796730,2017-10-12 15:00:52,309991,@SouthwestAir I called and took care of my issue since my gate attendant was sitting in a chair for half an hour talking while I stood at the counter,SouthwestAir
1796106,2017-10-12 15:02:07,440152,@115911 @TMobileHelp I had zero service in DC at concerts all weekend. Two nights the concert was outdoors not even inside. Unacceptable!,TMobileHelp
797638,2017-10-12 15:02:40,310168,"@Delta I've had FOUR failed callbacks this morning! Why can't I seem to talk to anyone?! Get your system together, pls!",Delta
797444,2017-10-12 15:05:56,310131,@AmazonHelp thanks for screwing up my new door.. https://t.co/W53n4CnY57,AmazonHelp
797922,2017-10-12 15:08:11,310232,@VirginTrains 14:30 London kingsx to Newcastle such lovely staff 👍🏻,VirginTrains
356128,2017-10-12 15:09:02,200559,@AppleSupport My music app isn’t working https://t.co/vlwPNkePG5,AppleSupport
435727,2017-10-12 15:10:26,218501,@AmazonHelp I have reverted on email also aa you advised.  No reply from  them too. I think this should not be standard practice in Amazon. @71968,AmazonHelp
791594,2017-10-12 15:15:00,308751,@AppleSupport Thank you because I'm tired of this. About to switch to @116439,AppleSupport
798704,2017-10-12 15:16:36,310404,"@310405 @147613 @115830 Probably! Just annoyed that they said they attempted delivery &amp; we rearranged delivery,which is a blatant lie-reflects badly on Amazon too",AmazonHelp
802622,2017-10-12 15:19:42,154194,@SouthwestAir glad to hear about HI. Going in November but with AK.  Maybe next year with you.,SouthwestAir
791489,2017-10-12 15:21:28,201415,@AmazonHelp Ya....bt now new order need to be placed,AmazonHelp
801193,2017-10-12 15:22:45,310916,gUSTO KO NA PAKINGGAN WALA PA BA SA SPOTIFY,SpotifyCares
797757,2017-10-12 15:25:32,310196,@comcastcares Please bring it back. Your on-screen solution is unacceptable. This service is VITAL to us.,comcastcares
793843,2017-10-12 15:25:52,243942,"@AmazonHelp Not upset bro but irritated, items ain't delivered. delivery boy is such a...  call me up. Twitter shall get flooded if resolution not done",AmazonHelp
1796108,2017-10-12 15:25:56,539696,@AmericanAir It was already denied and customer service refused to accept them when we followed up to the online claim.,AmericanAir
798831,2017-10-12 15:28:25,310426,"@AppleSupport i’m on ios 11.0.3 and i am not receiving any message notifications, i have to go to messages to realize i received a text",AppleSupport
795227,2017-10-12 15:28:40,309592,@AmazonHelp Thanks will do,AmazonHelp
800362,2017-10-12 15:32:34,310711,@AmazonHelp hey!Ich habe um 17:08 Uhr bei euch angerufen (anrufen lassen über Page ging nicht). Ansage: bekomme RR binnen 5 min. Bisher nix…,AmazonHelp
800439,2017-10-12 15:37:37,310732,"@Uber_Support Awaiting response, thx",Uber_Support
1020868,2017-10-12 15:38:57,361575,@AppleSupport Leave me alone and stop trying to take our money,AppleSupport
802410,2017-10-12 15:39:26,311204,@115821 Dear buyers beware of such buttering. You may be the next victim. Dear Amazon can you clarity plz.,AmazonHelp
816536,2017-10-12 15:40:13,218130,Boarding passes for our @SouthwestAir flights to @3333 are all ready to go! Less than 24hrs till surprise for Angelica! Can't wait!,SouthwestAir
794433,2017-10-12 15:44:04,219794,@AmazonHelp No mail received,AmazonHelp
802603,2017-10-12 15:44:24,311249,"Yo @115888, wtf. It's a cruel joke to ask me to login, then when I do, send me back to login again.",SpotifyCares
1787914,2017-10-12 15:46:09,412333,@TMobileHelp just received a update on my S8+ Which is updated automatically but I was wondering if I could see what updates did I receive,TMobileHelp
798734,2017-10-12 15:48:25,310411,"@AmazonHelp NO ME GANO NADA NO ME HA RESPONDIDO NADA, ANTES ERAN MUY SERIOS EN SUS VENTAS, QUE PENA QUE BAJEN SU CALIDAD.",AmazonHelp
802480,2017-10-12 15:50:30,311215,@115858  o que vocês acham de solucionar o problema da bateria após a atualização do iOS 11?,AppleSupport
801116,2017-10-12 15:52:00,310900,Hey @Delta/@824 you guys gotta solve the bulkhead row 10 riddle on Airbus A320's. No seat pocket for middle-seaters? Not ideal. https://t.co/mcLMt8GWfR,Delta
226174,2017-10-12 15:52:23,296494,@115850 I think I got gift for my big brother.. 🤘🤘 just at right time.,AmazonHelp
802583,2017-10-12 15:52:51,260735,Had 17c for my SNA to ORD then @AmericanAir randomly puts be in 9b. Square it away in the AClub now in 18c. 17b is empty #platinumPro 🤷🏼‍♂️,AmericanAir
1023993,2017-10-12 15:53:23,362324,"What the fuck am I paying you 10 quid a month for, @115888 https://t.co/lAQUXbMd7n",SpotifyCares
1788148,2017-10-12 15:56:16,537139,@AppleSupport I’ve spent hours and days on the phone and in store - never have my products been repaired. This is just another poor experience @115858,AppleSupport
801787,2017-10-12 16:00:10,311056,@115873 support is the worst customer service I have ever experienced.  They don’t read the trouble tickets well. What a waste of time.,Uber_Support
803012,2017-10-12 16:00:46,310418,@AmazonHelp Why i should pay 10000 more for the same product,AmazonHelp
801826,2017-10-12 16:04:28,311067,Just in time @SouthwestAir wedding coming in Apr 2018. I'll fly TN-LA-HI on SW air!♡♡♡,SouthwestAir
796614,2017-10-12 16:04:39,309955,"@AppleSupport And I can’t move off that screen, when it moves “cancel” into the status bar, except by force quitting app.",AppleSupport
802434,2017-10-12 16:07:33,230836,"@115850 
Best service.only Amazon deserves the crown of online shopping.completely satisfied with purchase.",AmazonHelp
786765,2017-10-12 16:12:17,307685,@AmazonHelp Pathetic service...No help from amazon customer support service...emailed alot but no response....amazon sucks,AmazonHelp
814966,2017-10-12 16:13:34,314079,"@Uber_Support 
Can't seem to upload my registration. Aaron Moses",Uber_Support
803135,2017-10-12 16:13:39,311376,@Delta AM I eligible for a refund if my original booking was changed and it causes me to miss a meeting rendering my ticket useless.,Delta
816401,2017-10-12 16:15:34,314418,@AppleSupport if one of my devices won't turn on like it's just sitting on the apple what are some ways to get it to turn on?,AppleSupport
802419,2017-10-12 16:17:49,311205,"@116316, ihr solltet im Ruhrgebiet wieder @124285 oder @122924 die Arbeit machen lassen: war zuverlässiger. 😒",AmazonHelp
795129,2017-10-12 16:20:11,309582,@AmazonHelp This is on an iPhone 7 running iOS 11.1.,AmazonHelp
1023366,2017-10-12 16:21:15,362179,@TMobileHelp  I have Simple Choice plan with 4 lines. Can I still apply for UNLEASH #Pixel2 offer to receive master card for $325 ?,TMobileHelp
803079,2017-10-12 16:23:44,311361,ok i accidently signed up for amazon prime like the monthly subscription. can i cancel this?,AmazonHelp
1788900,2017-10-12 16:23:44,194766,Got my ticket fm Nashville to Dallas $98 &amp; from Detroit to Nash $75 all thanks to this @SouthwestAir sale. All i need now is dallas to flint,SouthwestAir
803428,2017-10-12 16:25:05,311463,@VirginTrains can u make the plug sockets in coach D on the London to Glasgow train work plz,VirginTrains
809618,2017-10-12 16:25:16,312917,@SpotifyCares Ideally I would like to keep my profile and all my playlists,SpotifyCares
804097,2017-10-12 16:26:17,311626,"1/2 Dear @115858, since the release of iOs 11 &amp; subsequent ""fixes,"" my iPhone 7 battery expires a crazy rate-up to 40% while I'm sleeping!",AppleSupport
797528,2017-10-12 16:26:49,310141,@AmazonHelp Okz so amazon deliver after 8:30 pm (night) as well 9:55pm now let’s see,AmazonHelp
802989,2017-10-12 16:29:56,311346,"Shut your office #AmazonIndia  ,
You are cheater. https://t.co/EHQQVArGsI",AmazonHelp
803049,2017-10-12 16:33:53,194202,"@amazonhelp @115825 Tag 6 „Videofehler“. Wie viele Anrufe und Formulare muss ich ausfüllen, bis SICH JEMAND UM DAS kümmert? 😡",AmazonHelp
803113,2017-10-12 16:33:54,311371,@AppleSupport I updated iOS using my laptop as recommended then also it is giving a lot of problems,AppleSupport
803047,2017-10-12 16:38:48,194202,@AmazonHelp Ich schmeiß bald die Nerven weg!,AmazonHelp
1023863,2017-10-12 16:39:28,362290,"@Delta I love Delta, but they have a problem EVERY time they fly with you 😔",Delta
1788139,2017-10-12 16:40:47,537139,@AppleSupport I’ve spent thousands of dollars on products and in time lost trying to work with @115858 @AppleSupport - my expectations aren’t unrealistic,AppleSupport
802556,2017-10-12 16:42:19,311237,@AmericanAir Please tell Doug Parker the Cohen's from PV said Happy Birthday.,AmericanAir
776684,2017-10-12 16:42:38,312020,@SouthwestAir I can’t wait for that purple pin to show up in the middle of all that blue! Maybe around my anniversary! 🐠🐚🐓🏝🏖🌋 https://t.co/JWmGrFwxEY,SouthwestAir
802280,2017-10-12 16:42:46,205353,"@AmazonHelp Yes, obviously.",AmazonHelp
1788617,2017-10-12 16:43:07,537291,@115877 - This is what I get when I tried ordering from your app!? Any explanation to this? https://t.co/of8EcV3qPM,Uber_Support
801614,2017-10-12 16:46:44,311012,@AmazonHelp Thanks for the link - figured out its not available in Ireland for the foreseeable,AmazonHelp
1788663,2017-10-12 16:47:46,537304,"@AppleSupport Hi, why would my iPhone have deleted a load of my downloaded music?",AppleSupport
808423,2017-10-12 16:47:49,312632,"@115900 when you pay your bill, the money comes out, and Comcast says they didn't get the payment. Unreal.",comcastcares
1024761,2017-10-12 16:52:00,362491,"@SpotifyCares You doll, thanks! 🌟",SpotifyCares
797440,2017-10-12 16:55:28,310131,@AmazonHelp Done..you may call me now if you want..,AmazonHelp
1789109,2017-10-12 16:56:49,537433,@115858 #worst #experience with you guys,AppleSupport
1024033,2017-10-12 16:58:14,362338,@TMobileHelp Hi yes my trade in iPhone 7 was returned at store and now still showing in my bill,TMobileHelp
1026751,2017-10-12 16:59:31,362948,@115873 really needs a customer service e-mail address. My credits have disappeared after signing up for their Visa promo and I'm not happy.,Uber_Support
804043,2017-10-12 16:59:41,198853,@119625  Why no download option for Daddy??,AmazonHelp
1027423,2017-10-12 17:04:11,195566,"Hey, @115858! I realize it’s a small thing, but what’s with the random capitalization of letters while typing on the #iPhone with #iOS11? #keyboardfail #pleasefixit",AppleSupport
780030,2017-10-12 17:05:30,232612,"@AmazonHelp Mail me on my id check my order , trace it or do something , i have to register a case among you now since my problem is not solved",AmazonHelp
803979,2017-10-12 17:10:10,311606,@AmazonHelp Already checked no reason given by you,AmazonHelp
806486,2017-10-12 17:10:20,312183,❤️new #iPhone updates @115858 but now you’ve shut off my CALLER ID permanently again ?!? What’s up .... 🐞 need some #debugging please!!,AppleSupport
1789279,2017-10-12 17:10:36,537483,how annoying is it when some1 else is trying to listen to ur spotify at the same time nd it keeps stopping and playing on their phone &gt;:-(,SpotifyCares
804938,2017-10-12 17:11:04,311824,@Delta What if I just don’t show up for the flight? no-show fees? Allegiant has a very affordable flight tomorrow and just seems easier.  😂,Delta
1788988,2017-10-12 17:13:46,537393,Nothing beats the @southwestair experience! This flight attendant 👩‍✈️ was amazing + so funny! #SouthwestHeart https://t.co/i1rEVBLttg,SouthwestAir
804838,2017-10-12 17:14:56,311805,My parcel still hasn't arrived but it says it's due today :( @115821,AmazonHelp
805735,2017-10-12 17:15:56,312002,"@AmericanAir Um, reread my tweet? You didn’t lose my bag, you made me listen to terrible music while plane was loading.",AmericanAir
804477,2017-10-12 17:19:17,311717,@VirginTrains Service is sooo sloow,VirginTrains
802456,2017-10-12 17:19:27,311210,@AppleSupport Ok. Thanks.,AppleSupport
803064,2017-10-12 17:21:04,158378,@AmazonHelp Gestern morgen hat er gesagt es kommt gestern oder heute und wenn nicht soll ich mich noch mal melden ... Und dann hab ich es getan und 1/2,AmazonHelp
801598,2017-10-12 17:25:49,272837,@AmazonHelp No need to reinitiate. Tell me what is that unspecified reason. @115851 @1840 Even if you don't know the reason. Accept openly.,AmazonHelp
805792,2017-10-12 17:25:58,312023,@TMobileHelp Do you have the prices for the iPhone X JOD?,TMobileHelp
279440,2017-10-12 17:30:18,182608,@AmazonHelp @182606 @182607  @AmazonHelp  @115850 i am facing a similar issue. My 6000 rs blocked and prime membershipship also gone. Please help,AmazonHelp
807385,2017-10-12 17:30:20,312390,@AppleSupport Time &amp; date etc disappearing on home screen after raise to wake. Have to reboot the get it back. 3rd update iOS did’nt fix it,AppleSupport
801036,2017-10-12 17:33:54,310881,"@AmazonHelp Thanks for you reply! such a shame, being world's largest online retailer, basic customer satisfaction and needs are not provided by you!",AmazonHelp
806525,2017-10-12 17:35:20,312193,"@115873. I just got charged for a ride &amp; I wasn’t even picked up. I’m travelling, no cell.. can’t log in to log a complaint. Help?",Uber_Support
806291,2017-10-12 17:36:28,312145,Still waiting for Mr. Robot Season 3 @119625 https://t.co/JSRvLH2D6O,AmazonHelp
794567,2017-10-12 17:38:19,309447,"@AppleSupport I cannot make calls out i cant get calls in  and my phone says no service constantly.
My sons phone keeps flickering out of apps and then wont do anything",AppleSupport
804129,2017-10-12 17:38:21,311633,"@Delta I did do an odd sort of DM to TJF .... GBNSZA am willing to use any local Bay Area airport. Flexible on Friday to fly out, earlyish Sunday.",Delta
806360,2017-10-12 17:39:50,312157,Quality shipping @115821 👍🏻 it’s a good thing I don’t like collecting stuff mint or anything. 10” item in a 25” box and one flimsy paper. https://t.co/rma1Rqlmd3,AmazonHelp
808320,2017-10-12 17:40:43,312605,"@SpotifyCares If I click back button, then click 'x' to clear search input, jumps me to Recent Searches again.",SpotifyCares
806602,2017-10-12 17:45:01,312209,"@AmericanAir .@americanair Yea, if you can fly out next week. I have a job, and schedule vacations around that. How can you not give a refund?",AmericanAir
806488,2017-10-12 17:46:19,312184,@AppleSupport 11.0,AppleSupport
805571,2017-10-12 17:46:26,311960,@AmazonHelp Not camaflouged but complimentary hence unexpected and almost went unnoticed. Thanks again. :),AmazonHelp
1046768,2017-10-12 17:52:37,336228,先週Amazonで購入した商品が未だに発送されないだが、マケプレの商品発送ってこんな遅いのか…？,AmazonHelp
804958,2017-10-12 17:54:37,306179,@Delta All I can do is sit still with my arms folded tightly my legs to the side when it's for the person on the window side,Delta
1791118,2017-10-12 17:57:01,538022,"@uber_support is horrible!! This is the 5th time I have requested pool &amp; the driver never showed, no way to enter complaint!",Uber_Support
1073175,2017-10-12 17:57:38,312185,@373234 @115858 @AppleSupport همون alarmy واسه من كار نميكنه :/ صفت لاك بود؟,AppleSupport
807259,2017-10-12 17:57:41,312361,"@115830 Won't talk to us cos my mum is the account holder. Going in circles.
Help please.",AmazonHelp
1031566,2017-10-12 18:00:17,364091,"@SpotifyCares Getting ""This song is not available"" on a bunch of spotify playlists today. Macklemore, Ed Sheeran, Of Monsters and Men.",SpotifyCares
807481,2017-10-12 18:01:09,312424,"I'm at American Airlines Admirals Club - @americanair in Chicago, IL https://t.co/kRf0HxyYoc",AmericanAir
807505,2017-10-12 18:06:24,312429,@SouthwestAir You absolutely will,SouthwestAir
806332,2017-10-12 18:06:56,297531,@AmazonHelp It was shipped by you,AmazonHelp
804877,2017-10-12 18:08:05,311808,@AppleSupport  https://t.co/6vq7n1mD2n,AppleSupport
806301,2017-10-12 18:11:14,312147,@AmazonHelp Nope! I've called up twice and talked to someone on chat once too,AmazonHelp
807695,2017-10-12 18:11:23,312464,Despite taking on folk from a cancelled train &amp;  2 extra stops staff on 18:07 @VirginTrains to Liverpool are as wonderful &amp; helpful as ever,VirginTrains
786233,2017-10-12 18:11:34,307563,@comcastcares Problem solved. Thanks,comcastcares
1030598,2017-10-12 18:13:25,363839,"@Uber_Support My account shows up as disabled, just filled out the form, but need to use Uber asap. Been a customer for 3 years + now!",Uber_Support
1031556,2017-10-12 18:17:04,131457,@SpotifyCares you guys should release Spotify in India!,SpotifyCares
809460,2017-10-12 18:17:47,312881,This is very naughty @115821 look at the size of the box compared to the batteries! 😒 Silly! https://t.co/N2aiCjyryX,AmazonHelp
1789289,2017-10-12 18:18:26,537487,First my phone said no service all day now it's been cutting off and on since this morning. Wtfis going on @115858 @115714,AppleSupport
1032433,2017-10-12 18:20:22,364278,@AmericanAir for a flight 6 hours after my original and I cant even get any upgrades... i have been waiting in philly airport for 6 hours,AmericanAir
808908,2017-10-12 18:25:41,312748,"Ok Apple, I’m so sorry for talking shit please forgive me but my iPhone 6s Plus works perfectly fine with iOS 11.0.3 😍🙌🏽 @AppleSupport",AppleSupport
809465,2017-10-12 18:25:45,281058,@AmazonHelp initiated return but your system cancels the return.I faced it twice.Why is this issue.#amazon#Order 4__credit_card__.,AmazonHelp
807514,2017-10-12 18:27:13,312431,@TMobileHelp I've been hearing that for more than. 2 years now,TMobileHelp
821252,2017-10-12 18:29:46,315615,@Uber_Support i paid money...it got debited in my account still ur app showing outstanding and not allowing to book. No one is responding,Uber_Support
809494,2017-10-12 18:33:34,167615,"Than she, I resolved it! @AppleSupport",AppleSupport
808879,2017-10-12 18:34:06,312743,Commandé sur @120533 et reçu aujourd'hui 😊 @18319 #GoVegan https://t.co/9hunANAyXH,AmazonHelp
810447,2017-10-12 18:36:56,313100,And now my flight is delayed. Thank you @AmericanAir.,AmericanAir
813402,2017-10-12 18:38:56,313826,Hey @Delta if I fly basic economy and have a 3 year old w/2 parents will the 3 YO be seated next to at least one of the parents?,Delta
808868,2017-10-12 18:39:12,312739,"Not only was this supposed to be delivered on Monday, but it’s completely ripped open on the side.. @115821 https://t.co/dsVm2iQ6g3",AmazonHelp
810424,2017-10-12 18:41:58,313092,"@115888 Hey, some of your ads are extremely vulgar.",SpotifyCares
811717,2017-10-12 18:43:02,313404,@SouthwestAir,SouthwestAir
1789423,2017-10-12 18:43:37,537523,#Apple wtf?! #iOS 11 and #iPhone se is so bad: usage time down to &lt;3hours! 30mim safari=30%battery gone! #ripbattery @AppleSupport,AppleSupport
810885,2017-10-12 18:47:05,313211,When your @115873 driver is doing cocaine at stop lights you really fear for your safety! #uberdriver,Uber_Support
808076,2017-10-12 18:48:44,312552,@AmazonHelp Thank you!! Very helpful as always 😁,AmazonHelp
808218,2017-10-12 18:50:56,312578,@AppleSupport I’ll give it a try! Won’t maintain a solid connection to my Bluetooth speaker either as of recently. I was frozen there for about 15 secs.,AppleSupport
809559,2017-10-12 18:56:45,312901,@115877 can you make it easier to cancel orders? Or just change your entire app/interface so it is more user friendly?,Uber_Support
1016430,2017-10-12 18:57:09,360490,@AppleSupport @360489 I’ve noticed that too 🤔,AppleSupport
810776,2017-10-12 18:59:02,313185,"@AmazonHelp hi! I have a household setup with @35806 and  @117093 is only available to me, not her. Please help? Thanks!",AmazonHelp
810221,2017-10-12 19:02:38,313055,@117093 why even bother selling bananas at this point? 😪 https://t.co/EHgUrya393,AmazonHelp
1033704,2017-10-12 19:03:50,197205,@AmericanAir .@AmericanAir how would you like to transfer those funds through to me? #flight4332 #wtf,AmericanAir
810616,2017-10-12 19:03:53,313143,"It's alright @VirginTrains , I didn't want the rest anyway. Not like it was my tea after a long day or anything.......😔 https://t.co/XA2R3Im8NG",VirginTrains
807424,2017-10-12 19:07:21,312403,"@AppleSupport My iPhone 7plus and really I the IOS 11 waste the battery life faster than iOS 10 even when the background apps Off. 
Must fix battery life.",AppleSupport
785473,2017-10-12 19:12:50,296909,@AmazonHelp Nopes,AmazonHelp
1033274,2017-10-12 19:13:15,364468,@115913 why has my bill gone up 5 dollars after being charged 70 for the last 6 months I thought it was one price that’s it ? confused https://t.co/8Jm4xPHqeU,TMobileHelp
816284,2017-10-12 19:15:18,314381,"@115888 my playlist has 300 songs, why do you insist on only playing 10 of them in a loop???",SpotifyCares
810328,2017-10-12 19:16:52,313193,"@AppleSupport How come when I switch wifi and Bluetooth off from the control center, in settings it’s still on?",AppleSupport
810250,2017-10-12 19:20:33,281028,@AmazonHelp No joy! Maybe @313063 can help? Using app in tv!,AmazonHelp
817156,2017-10-12 19:21:06,314619,"@SouthwestAir  hey, there is a problem with your website from egypt. i cant use it from here. ""access denied"" message always appear.",SouthwestAir
433176,2017-10-12 19:26:24,218023,"@Delta I understand that, but you are able to take my flight reservation, and $$, without delay.  Should there be a difference?  Losing faith...",Delta
812161,2017-10-12 19:26:27,128484,@118919 @115850 can you link me to the dth recharge page on amazon.in?,AmazonHelp
760022,2017-10-12 19:27:51,301590,@comcastcares Had DM chats till now. At the end I did not get my question answered. I guess I need to call Comcast Customer Care to resolve. Thanks,comcastcares
811640,2017-10-12 19:28:06,313384,@AppleSupport can I ask about a rather dodgy txt I’ve had about my Apple ID about to expire,AppleSupport
811291,2017-10-12 19:32:03,313294,"@VirginTrains @126035 Ha! While I waited for a delayed electric train, 3 Virginia trains came and went pausing for long periods and polluting the enclosed station",VirginTrains
811670,2017-10-12 19:32:49,233907,@Uber_Support I went with @115879 and they are already here. Couldn’t risk it happening again.,Uber_Support
698792,2017-10-12 19:33:15,313531,@119625 Movie not available to watch in UAE😰,AmazonHelp
1789724,2017-10-12 19:35:44,537621,Falta mucha capacitación en servicio al cliente en oficina de Chile @AmericanAir muy mala actitud de ejecutiva de atención,AmericanAir
812242,2017-10-12 19:38:23,201688,@17410 @115858 @AppleSupport Update yo #MacBookDilemma. After testing still no reason why the laptop is dead. Madness.,AppleSupport
812194,2017-10-12 19:38:40,313535,"Décimo mes,décimo libro. Insisto: q descubrimiento el @117634  💖💖 v👶oy con el 4 de @35893 📖📖 https://t.co/oOhBS2aqNG",AmazonHelp
813258,2017-10-12 19:45:32,313791,@119625 When can we expect next episode(14) of bahubali the lost legends.why this was discontinued,AmazonHelp
1036065,2017-10-12 19:47:43,365068,Thanks @Delta for the first class upgrade!  #wheelsup #homewardbound #lax ✈️,Delta
1022450,2017-10-12 19:47:54,539680,@361936 @SpotifyCares CACKLING OUT LOUD AT WORK RN,SpotifyCares
810329,2017-10-12 19:50:42,213886,@AppleSupport New update wifi now doesn’t work @AppleSupport,AppleSupport
766930,2017-10-12 19:52:51,303294,@AmazonHelp Did not know that! thanks for the info,AmazonHelp
813269,2017-10-12 19:59:20,313795,"One of your delivery drivers just opened my door, walked up my stairs and presented me with an amazon parcel @AmazonHelp 2/2",AmazonHelp
813324,2017-10-12 19:59:27,313808,"Oi, @AppleSupport ...where are my Email &amp; phone icons?.... https://t.co/orwoVC1gNO",AppleSupport
814982,2017-10-12 20:00:18,314082,@115873 violating govt rules by charging more than 19.5 per km! Got charged 200 for 4km- 50rs/km @119983 @45410 @23644 https://t.co/SA5IqQRwTM,Uber_Support
813589,2017-10-12 20:03:12,313871,@VirginTrains You say ticket cannot b used 4 alternate journey because of price you will refund outward journey but not return! so can't use but no refund,VirginTrains
813421,2017-10-12 20:04:00,277193,"@SouthwestAir Boarding... Was scheduled for 12:55, it's 1:05 now and still haven't left.  This is ridiculous.  Why do I keep flying with @SouthwestAir ?",SouthwestAir
813254,2017-10-12 20:06:46,313790,"@AmazonHelp Es lo que hago, hice mi pregunta porque en el sitio decía que estaría disponible desde el día de ayer. De cualquier manera gracias.",AmazonHelp
814926,2017-10-12 20:08:44,314071,@AppleSupport when texting my text entry box disappears. Still able to use the keyboard but can’t see what’s been typed. Any ideas? https://t.co/hYsK6SPrnW,AppleSupport
1036863,2017-10-12 20:09:03,365279,Wish volunteering to gate check my bag when they ask got me something. Now I'm gonna have to wait longer at my destination for it. @Delta,Delta
803053,2017-10-12 20:14:06,194202,@AmazonHelp Und ich habe mich gemeldet.,AmazonHelp
814907,2017-10-12 20:17:20,314067,@AppleSupport  phone messed up from updates 11.01.People can’t hear me.I was told can pay 300 for a new phone.But your updates broke myphone,AppleSupport
817718,2017-10-12 20:19:57,314768,@SpotifyCares Emailed your support cause my email changed unwillingly. I was wondering how long it takes to respond? My card infos on there,SpotifyCares
759145,2017-10-12 20:23:36,301394,@Uber_Support Your team sucks,Uber_Support
809635,2017-10-12 20:23:59,312919,@AmericanAir Timeliness aside the way my fellow passengers and I were treated at the gate was poor.  Please do better.,AmericanAir
806502,2017-10-12 20:24:50,312187,@Delta I was trying to book a child flight CS finally called me back and other than wait time she was from Tampa and great,Delta
807346,2017-10-12 20:25:04,312379,@AmazonHelp Hello??,AmazonHelp
813309,2017-10-12 20:25:28,313803,@AppleSupport iPhone 6splus and I'm not sure as I can't get into setting as I can't get back to my home screen!,AppleSupport
816944,2017-10-12 20:30:14,314571,@115850 Why are you showing COD is available when I'm unable to place COD order. @133462 can you guys help me to get this frm u ? https://t.co/3O8VwpRXNU,AmazonHelp
1038662,2017-10-12 20:32:47,365743,@365742 @VirginTrains Good luck. You may need to get a spare pair in the meantime. Get a neck chain for future glasses on a journey &amp; tuck down your top! 😎,VirginTrains
814924,2017-10-12 20:33:38,314071,@AppleSupport I will have her update to latest iOS software and advise afterwards.,AppleSupport
435762,2017-10-12 20:35:50,218509,"@AmazonHelp its now due the 20th even though i paid extra, do i need to wait for the item before i can ask for a refund",AmazonHelp
818389,2017-10-12 20:39:58,314932,Thanks to @125066 @SouthwestAir and @115927 for the best flight ever. #nola #whodat https://t.co/yqELdixBpN,SouthwestAir
816965,2017-10-12 20:44:57,314574,@AmazonHelp warum verschickt ihr Prime Sendungen mit @122924 ? Bis jetzt kam alles von Hermes bei mir zu spät an,AmazonHelp
817032,2017-10-12 20:46:13,314588,@AppleSupport Hi - I updated my phone software last week but since then the battery life is awful. It has halved! What do I do?,AppleSupport
818322,2017-10-12 20:48:15,314914,Waiting for the bag @AmericanAir made me check even though there was tons of overhead space. I can remember when flying was fun.,AmericanAir
817829,2017-10-12 20:48:27,312451,#DSTRDamage Wi-Fi gratis cortesía de Comcast para las áreas ... https://t.co/LWT9peVlfM,comcastcares
817650,2017-10-12 20:54:40,314746,@AmazonHelp My WWE 2k18 deluxe edition has not been dispatched. The point of me buying it was to get it 4 days early which now wont happen,AmazonHelp
827975,2017-10-12 20:54:46,317242,@45879 Can My Dad and myself with 2 diff Uber account cant drive a one Luxury car Audi Q7 SUV 4x4?,Uber_Support
1038732,2017-10-12 20:56:37,365760,"@AppleSupport I can’t send any pictures to family who have android , the camera is there but when I click it nothing happens ?",AppleSupport
817638,2017-10-12 21:00:24,314744,"@AmazonHelp Very poor service on my current order, conflicting info from different customer services staff and let down by false promises 👎",AmazonHelp
1791087,2017-10-12 21:03:00,324979,"Same @Delta Richmond to JFK flight delayed two days in a row, missing connections! #DeltaSucks #NeverAgainDelta",Delta
819601,2017-10-12 21:05:35,315235,wondering if this would also work for #podcasts streamed thru app…   @125633 ?? https://t.co/tKtfkiuTxr,SpotifyCares
817577,2017-10-12 21:07:17,314734,@AmazonHelp What happened if a Prime package is delivered into a person past address? I don't think will be proper to the person go there.,AmazonHelp
1790740,2017-10-12 21:09:43,537913,@115858 please get your updates together as iOS 11 keeps crashing my iPhone. Tick tock before we decide to buy the $1K iPhone X...,AppleSupport
817557,2017-10-12 21:14:57,314732,@AmazonHelp Das ist echt traurig... Aber danke für die schnelle Antwort!,AmazonHelp
825555,2017-10-12 21:15:08,309053,@Uber_Support The clock-car icon does not appear next to the destination text box.,Uber_Support
818224,2017-10-12 21:19:20,314890,"@AppleSupport hey, I love the iOS system but the new update isn’t good for listen to music. Can you review that, please?",AppleSupport
1039456,2017-10-12 21:20:19,365915,@SouthwestAir 3 people.,SouthwestAir
1040228,2017-10-12 21:21:24,366103,.@115911 forced to slash Mex / Can LTE roaming due to abuse by a few. But can't we do a bit better than a 5GB LTE cap @115913 ? Please?,TMobileHelp
814893,2017-10-12 21:23:53,314065,@AmazonHelp Not currently,AmazonHelp
819624,2017-10-12 21:25:06,314917,On hold with @AmericanAir for 40 minutes.  I can only assume it's because they suck and stranded international flights out of Miami.,AmericanAir
822255,2017-10-12 21:26:18,315851,@Delta Why is it that EVERY SINGLE flight from ABIA to JFK is always delayed regardless of weather? Clear skies on both stops.,Delta
1037481,2017-10-12 21:26:50,301916,@AppleSupport 11.0.2 (15A421) Phone Model MG4X2LL/A. Takes 3-7 seconds for the phone to respond to normal commands now and batt life is horrendous.,AppleSupport
819616,2017-10-12 21:32:07,195374,@SpotifyCares Yeah I am.,SpotifyCares
820141,2017-10-12 21:33:26,315364,"@115830 it's 22.30 and still no sign of package. Rather disappointing #amazonprime service, waited in all day! https://t.co/X1ZxsAMuFT",AmazonHelp
819528,2017-10-12 21:37:14,315216,@AppleSupport whats the email to send uni ID to for a discount please?,AppleSupport
802997,2017-10-12 21:43:23,311348,@AmazonHelp Is there a way for me to get a refund? This person apparently is no longer contactable and left Amazon.,AmazonHelp
839914,2017-10-12 21:47:49,289666,".@116276 
This reply arrived today, is your #uber support team correct? 

@37165 
@29723 
@319823 https://t.co/qZuF7qcRUr",Uber_Support
818929,2017-10-12 21:50:49,315084,@AppleSupport Thanks,AppleSupport
819567,2017-10-12 21:53:45,315230,"@Delta please help. Flight delayed 2 hrs. 2.5 hr wait time on phone, app not updating to allow rebook. Will not make connections",Delta
804223,2017-10-12 21:54:59,311649,"@AmericanAir Totally dissatisfied and no longer a loyal customer of @AmericanAir 
Hello @SouthwestAir @116450 @Delta",AmericanAir
785138,2017-10-12 21:55:21,307356,@AmazonHelp Don't give bull shit reply if u don't know anything shippment suppose to be on 10th and today is 13th .How lier u r amazon,AmazonHelp
820284,2017-10-12 21:56:58,315409,@TMobileHelp Tried a hard reset but the phone wont connect to a computer because it keeps glitching out,TMobileHelp
819785,2017-10-12 21:57:17,315278,"@VirginTrains Control appear to have decided this time not to offer taxis when they did last time for an identical issue, so must be flex?",VirginTrains
1043520,2017-10-12 21:59:57,365412,@AppleSupport @318 @299838 Here is a screen shot of the bug 🐜 https://t.co/dfAxWK3fCc,AppleSupport
1791614,2017-10-12 22:00:41,538148,FA on @SouthwestAir 107 just went wayyy above and beyond to make a bag fit in OH bin. Just a different attitude from UA/AA/DL FAs #LUV,SouthwestAir
822273,2017-10-12 22:05:25,315855,"@SpotifyCares spotify:album:3una8hsRGcDJb5SyclcFz9

The 4th track is a skit which isn't accounted for. The 5th is Where Da At, and it's one off from there",SpotifyCares
820652,2017-10-12 22:05:54,315477,@AmazonHelp I'm pretty sure my amazon account was compromised and someone switched the emails. What can I do to recover my account?,AmazonHelp
823699,2017-10-12 22:08:20,316204,"There is a reason why I'm a @Delta loyalist. Flew @AmericanAir once and was total disaster. Cancelled flights, rude staff. Stuck at JFK",Delta
1043130,2017-10-12 22:16:11,366674,Hey @115873 my ride was suppose to be 7.99 your fucking driver took me the wrong way now it's 23 dollars I want a full refund,Uber_Support
820092,2017-10-12 22:17:11,315354,@AmazonHelp many things like phones at cheapest price and many more thing❤😍❤😍 @115850 @119356,AmazonHelp
820833,2017-10-12 22:20:27,315517,@ComcastCares I need your help,comcastcares
404136,2017-10-12 22:21:40,120177,@AppleSupport @211656 I’ve found that despite my WiFi being 78mbp I can only update one app at a time. I had the same issue as Tony until I discovered this.,AppleSupport
820740,2017-10-12 22:24:39,315493,@SpotifyCares It's ok! Alfeo has resolved it for me via chat. TY!,SpotifyCares
776087,2017-10-12 22:30:28,305430,@305431 @AmazonHelp I've never had issues before&amp;I own a lot of your merch.45mins later I finally found a way to return the damaged 📖s&amp;2 new ones are on the way,AmazonHelp
819003,2017-10-12 22:32:37,315106,@AmericanAir I have no words.,AmericanAir
821275,2017-10-12 22:33:10,315619,"yo @115873 is retarded! 
I requested a car @ 3p. Dude arrives @ 3:15p to tell me he can't take me because it's too far..EXCUSE ME?",Uber_Support
1791286,2017-10-12 22:36:46,538071,Files app for iPad not showing any files in the Browse tab. WFT @AppleSupport #iOS11 https://t.co/i85xgVVGzs,AppleSupport
820096,2017-10-12 22:37:16,315354,@AmazonHelp and puma casual sneakers😍😍❤is lub,AmazonHelp
1791218,2017-10-12 22:49:34,538048,@AppleSupport Thank you! I have done.,AppleSupport
1791791,2017-10-12 22:49:43,538189,@824 my flight to #Bangor from #JFK tonight got delayed 3 hours. Any idea why?,Delta
804850,2017-10-12 22:51:52,156910,@AmazonHelp in response I have an email for a guarantee claim or refund to reorder the product thats what's ... https://t.co/ut5Rr7jwvR,AmazonHelp
1793078,2017-10-12 22:59:33,538711,@538712 @SouthwestAir @35832 @35833 yay that's fine with me 🤗,SouthwestAir
822242,2017-10-12 23:02:58,257257,"@AppleSupport Thank you. And yes it is, does it have to be on loud?",AppleSupport
1062623,2017-10-12 23:03:02,370919,@125633 @115888 please put Spotify in South Africa 🙏🏽🙏🏽😭,SpotifyCares
821774,2017-10-12 23:05:29,315741,@315740 @Uber_Support @237163 Momma told me snitches get stitches 😤😤,Uber_Support
1791684,2017-10-12 23:06:54,538167,@comcastcares Help! No internet at home. Outage in 80919?,comcastcares
813239,2017-10-12 23:08:01,313787,"@AmazonHelp Je me permets de vous ennuyer à nouveau. Si je commande un autre article pour avoir + de 25€ et donc livraison gratuite, et que (...)",AmazonHelp
821829,2017-10-12 23:16:43,214848,@AmericanAir said not possible on through flight aa38,AmericanAir
822735,2017-10-12 23:17:18,315979,@AppleSupport having a strange problem with Apple Watch since last update please help! 😩,AppleSupport
709963,2017-10-12 23:20:24,289766,@AmazonHelp That’s not very helpful. I’ve already done that. And googled it 😂,AmazonHelp
825933,2017-10-12 23:28:15,316711,@115858 gonna make me switch back to team @122609 because they stay messing with my phone and life! STOP MESSING SHIT UP!,AppleSupport
823127,2017-10-12 23:34:14,316079,Update. Everything arrived from @115821 Prime Now. Except for the cold meds. https://t.co/4Zmq8BwFgh,AmazonHelp
823276,2017-10-12 23:35:14,316117,"@AmericanAir Thanks. Other condition could be no checked baggage. So Already checked in, seats available, no checked baggage, same destination.",AmericanAir
1047352,2017-10-12 23:36:22,367551,"@southwestair hello, my name is Marco De León and I’m TSA Pre and don’t know where to update it in my profile",SouthwestAir
823240,2017-10-12 23:38:24,315852,@Delta No I’ll make the flight tonight. Do not rebook me,Delta
823620,2017-10-12 23:40:06,316194,@AppleSupport keep getting ‘content not authorised’ when trying to play my saved/downloaded tracks? Please help.. 🙃,AppleSupport
1047292,2017-10-12 23:43:51,367537,.@115873 can we have the option to have high star drivers around again? my driver is being hella negative,Uber_Support
1791775,2017-10-12 23:49:01,538185,@TMobileHelp And I was asked to install RUU T-MOBILE FIRWARE ...BUT I don't want to,TMobileHelp
823567,2017-10-12 23:49:45,314451,@116618 Can you not play Amazon Live Video on a screen cast or screen mirror?,AmazonHelp
822231,2017-10-12 23:50:33,162433,@AppleSupport iOS 11 / 8Plus. But these issues have been pervasive since my 6plus.,AppleSupport
824813,2017-10-12 23:50:51,316439,@SpotifyCares @115888 🔥 https://t.co/YY5oL1pbtO,SpotifyCares
206655,2017-10-13 00:02:56,164946,@AppleSupport Pandora and audible now show up with the swipe up function!!!,AppleSupport
822780,2017-10-13 00:06:27,315115,@Delta The flight he was trying to depart on left a little bit ago. But thank you anyways!,Delta
824224,2017-10-13 00:08:29,316335,"@AmericanAir With all do respect, this tweet won’t cut it. The lack of customer service and blatant disrespect was appalling. AA staff was beyond “rude”!",AmericanAir
824086,2017-10-13 00:09:15,316302,@AmazonHelp thanks!,AmazonHelp
824884,2017-10-13 00:13:51,316459,@comcastcares @115900 I'm VERY disappointed in you guys this time. Why do u have to jack up my bill all the time? An 1.5 hrs l8r $20 off??!,comcastcares
824798,2017-10-13 00:16:20,316435,@Uber_Support hi. I've had a ride charged twice tonight? One one Uber receipt but two charges on my android pay. What's going on?,Uber_Support
824752,2017-10-13 00:19:59,316425,@AppleSupport All locations. WatchOS 4.0.1 (15R654).,AppleSupport
828028,2017-10-13 00:26:09,317262,"Thx for another amazing experience-from a mom who travels, glad I left United for u -see u next week @SouthwestAir @317263",SouthwestAir
1042620,2017-10-13 00:26:54,258798,@SpotifyCares Sometimes. It's 50/50 when both devices are on.,SpotifyCares
779294,2017-10-13 00:29:15,316509,@123813 Hay algún costo adicional para ver los partidos o teniendo la suscripción Prime ya tengo acceso?,AmazonHelp
817003,2017-10-13 00:31:10,314582,@AppleSupport Why does it take 10-15 seconds to open any app? The camera app even? 5 iPhones in family. All the same. #android #updated,AppleSupport
825535,2017-10-13 00:39:20,316617,Pre-ordered the #BookofMythicality on @115821 months ago. Didn't even ship out till today. Super disappointed. Why even pre-order?,AmazonHelp
827216,2017-10-13 00:43:38,317043,@Delta @Delta 2+ Hour wait as well. How can I book a voucher flight if I cannot get anyone on the line?,Delta
833211,2017-10-13 00:45:05,318423,@Uber_Support how am I going to get charged a waiting fee when my driver was the one that was lost and had me waiting for 15 minutes.,Uber_Support
825212,2017-10-13 00:47:54,316536,"@AmericanAir Yeah, this screenshot was shortly after they went directly over each other. It probably wasn’t as close as it looked from ground or app.",AmericanAir
825634,2017-10-13 00:49:52,316638,@SouthwestAir :),SouthwestAir
1049415,2017-10-13 00:51:19,368027,"@AppleSupport this new iPod software update is pretty bad. For music, make the buttons bigger, bring back recently played and full art.",AppleSupport
825482,2017-10-13 00:52:23,316607,"@AmazonHelp I have, but I've been seeing for the past month that they do not respond to emails nor do they process refunds",AmazonHelp
1792560,2017-10-13 00:55:04,538401,"@538402 @181956 @36348 I may be on in a few.  Depending on this idiotic @TMobileHelp call I'm on, with them trying to overcharge me. :(",TMobileHelp
825508,2017-10-13 00:57:35,316610,@AmazonHelp Both streaming other amazon video no perfectly otherwise.,AmazonHelp
698833,2017-10-13 01:00:43,286685,@AppleSupport Why every time I pick up my phone its stuck in landscape mode since the update??? #help,AppleSupport
825945,2017-10-13 01:03:37,276277,@115873 when i cancel a driver cause theyre taking too damn long DO NOT PUT ME WITH THEM WHEN I REQUEST ANOTHER ONE!!! #fail #Algorithmfail,Uber_Support
1792567,2017-10-13 01:08:01,538403,@115858 yo ur updates fucking up my phone. This is what you guys specialize in.. any answers?,AppleSupport
808958,2017-10-13 01:11:43,312760,@SpotifyCares Nothing will get deleted or have to change will it? (Just curious),SpotifyCares
826377,2017-10-13 01:12:30,316850,@316851 @comcastcares Yeah there is a large outage in my area. Tonight was going to be my first night broadcasting for @71772 until no internet,comcastcares
826256,2017-10-13 01:13:05,316809,Wow thanks @115821 thanks for sending me a broken case and two scratched discs https://t.co/1KHu60YFIq,AmazonHelp
826656,2017-10-13 01:18:33,316911,"Can someone please tell me when @118721 fixes their update for windows?! I didn’t buy this new iPhone for nothing...
@AppleSupport",AppleSupport
827230,2017-10-13 01:24:05,197643,Finally landed. Props to  @AmericanAir crew. I’ll bitch all I want about @VirginAmerica but props are due to the crew for getting us to ORD.,AmericanAir
826612,2017-10-13 01:25:18,316900,"@117086 entrega rápida de mais, mais dois pra coleção do @141420 https://t.co/6AyYgmE1Lw",AmazonHelp
839921,2017-10-13 01:30:11,319825,"@Delta Hi, is it possible to print out the Boarding passes at the JFK Airport for free? We are leaving tomorrow JFK to AMS. Thank you. BB",Delta
826630,2017-10-13 01:31:21,316904,@115858 yo fuck this update bro my camera literally isn’t working I’ve had this phone for less than 2 years &amp; it worked fine with ios10,AppleSupport
826568,2017-10-13 01:33:57,316893,@AmazonHelp Not to my satisfaction.,AmazonHelp
1050949,2017-10-13 01:39:17,368364,"@368365 @115873 .Is it better? At least you know there are no drivers. There’re TONS of drivers close by w/ no passengers, but I’m stuck waiting 20 mins.",Uber_Support
827597,2017-10-13 01:41:30,317132,Wtf are my messages out of order and most of my threads got deleted 😑🤔 @AppleSupport @115858,AppleSupport
816973,2017-10-13 01:42:05,314576,@AmazonHelp USPS.,AmazonHelp
827162,2017-10-13 01:47:45,317130,@317031 @115858 @AppleSupport Actually same,AppleSupport
308207,2017-10-13 01:49:20,189590,@AmazonHelp 900 831 773? De dónde es ese número? Desde Argentina no funciona. Estoy repitiendo todo lo que me dijeron la semana pasada.,AmazonHelp
1799779,2017-10-13 01:49:38,540779,How long does it take @115911 to send me my rebate card? It mailed out a month ago &amp; still nothing. Customer service is terrible! T-NOmo!,TMobileHelp
826661,2017-10-13 01:57:31,310447,@Uber_Support Your DM was useless again. UBER has had my phone since August 28 - it has been documented. Please locate and share location and I will pick.,Uber_Support
827099,2017-10-13 01:58:58,317018,@AmazonHelp Needed item tomorrow. Wrong item delivered (not even close). Now I have to repackage and send back the wrong item to get a refund processed?,AmazonHelp
828405,2017-10-13 02:01:11,317349,@Delta another excellent flight staff. Dl2834 to salt lake city seat 3B.,Delta
1051992,2017-10-13 02:04:55,368610,@SpotifyCares I need to delete my account,SpotifyCares
827959,2017-10-13 02:06:15,317239,@AppleSupport I can even record this happening with screen recording. Help?? I can literally hear it spinning the lens around. https://t.co/3lYJFbChjC,AppleSupport
827235,2017-10-13 02:07:22,317048,"@AmericanAir @317049 @36439 
I sure hope they fix it! Worst customer service they didn’t even attempt to find them new flights.",AmericanAir
698726,2017-10-13 02:09:17,286672,"@AmazonHelp Yes, there was one offer that I will get some.additiona data if I purchase smartphone and then recharge from amazon",AmazonHelp
827652,2017-10-13 02:10:51,317151,"@SouthwestAir Oh I should have clarified, I haven’t received my rapid rewards points for taking the ride, apologies.",SouthwestAir
1051961,2017-10-13 02:13:01,368602,Idk if it’s @AppleSupport or @124423 but you guys need to fix this Snapchat freezing shit ASAP,AppleSupport
826585,2017-10-13 02:18:35,215375,@AmazonHelp Its done. It was written upto 450rs. It was not mentioned 450rs per acct for amazon pay cashback in the recent sale.pls giv ur T&amp;C clearly.,AmazonHelp
823606,2017-10-13 02:22:11,316192,"@AppleSupport I did not🙃 Yes, it seems to be working now",AppleSupport
698734,2017-10-13 02:29:21,286673,@AmazonHelp Nope. Same as always.,AmazonHelp
839962,2017-10-13 02:35:04,319836,Thank you Kaley for making AA497 wonderful @5119 @americanair @21284,AmericanAir
698723,2017-10-13 02:38:06,286671,@115850 given 2 orders frm amazon tracking # 709143005747 &amp; 709142997460 of @171328 .Out of delivery  dated 10th oct but yet not recvd,AmazonHelp
932406,2017-10-13 02:38:23,341172,@comcastcares https://t.co/utwarDiBSl,comcastcares
839906,2017-10-13 02:42:43,319822,@Uber_Support @115873 we have lot of other options to book a cab,Uber_Support
827599,2017-10-13 02:45:27,317132,@AppleSupport Yes and 6s+,AppleSupport
698742,2017-10-13 02:46:59,286674,"@AmazonHelp No, I mean I’d like to order this again.",AmazonHelp
1053033,2017-10-13 02:51:52,218778,@Delta nice work! https://t.co/zUSqWpwx82,Delta
839941,2017-10-13 02:52:01,319831,"@SpotifyCares Pixel xl, android' spotify 8.4.22.857?",SpotifyCares
828326,2017-10-13 02:59:41,317329,@116618 thanks for tjthe NFL. Just don't ask IF IM STILL WATCHING A LIVE GAME like it's the Sopranos so I miss a long pass... thanks,AmazonHelp
828379,2017-10-13 03:00:56,317340,Nefasta la actualización de iOS @AppleSupport se consume la batería muy rápido y se me traban las Apps,AppleSupport
828434,2017-10-13 03:10:42,317358,"Not thrilled about my @AmericanAir flight being delayed for an hour, but glad @317359 was still ready to pick me up 🇨🇦",AmericanAir
821778,2017-10-13 03:10:48,315744,@315743 @Uber_Support @237163 In all honesty how is anyone supposed to know you're joking?,Uber_Support
828312,2017-10-13 03:14:16,317327,@AmazonHelp お忙しい中、ご丁寧にありがとうございます。早速拝見させていただきます。,AmazonHelp
1800311,2017-10-13 03:17:36,540907,@AppleSupport @115948 @115858 Explain how I can get rid of this and listen to music without headphones. This update sucks #iwantarefund https://t.co/18hZvnFVI1,AppleSupport
388459,2017-10-13 03:21:44,207926,@AmazonHelp Waiting waiting .....😴😴😴😥,AmazonHelp
1054140,2017-10-13 03:24:40,369062,Exactly how I feel about this “smooth” transition from att to @115911 for the last week while… https://t.co/zseqANGNma,TMobileHelp
698773,2017-10-13 03:29:28,286678,@AmazonHelp already reported twice!Got a call yest promising it will be done but no update yet! I'm leaving town tomm for diwali for 10 days. (1of2),AmazonHelp
1069922,2017-10-13 03:32:44,372462,"Sadly, if @115858 @AppleSupport doesn’t get this software issue fixed, I’m jumping to the note 8. My battery won’t last even 7 hours. 😢",AppleSupport
1801504,2017-10-13 03:34:56,541300,"@SouthwestAir: R u kidding me? I chose the callback service, it called back, and put me on hold for 30 minutes -- I am still waiting now!",SouthwestAir
831366,2017-10-13 03:36:18,300464,@comcastcares @116136 No reason? Just the implication of “you get to pay for it but the app doesn’t work the one time you actually need it”?,comcastcares
830514,2017-10-13 03:36:58,311054,あまぞんで買ってもいいんだけど何故かコンビニ支払いも代引きも出来ないから買いたくても買えない,AmazonHelp
830230,2017-10-13 03:46:59,317697,@AmericanAir thank you but do you have information regarding the delays for this flight ?,AmericanAir
830565,2017-10-13 03:47:31,317780,@SpotifyCares That’s okay!! Thank you anyway ☺️,SpotifyCares
316373,2017-10-13 03:48:29,191544,@115877 @115877 - Exact SAME mistake happened again. Got fed chicken when I ordered pork. What's happening? #losingtrust,Uber_Support
798744,2017-10-13 03:49:33,310415,@AmazonHelp it is mental trauma that amazon is giving to customer,AmazonHelp
830538,2017-10-13 03:52:43,317773,@Delta .@Delta domestic NY to NC,Delta
831120,2017-10-13 03:55:37,172830,@115850 now u r claimng dat mobile nt givn in exchnge by me howevr d purchse ws in exchnge. In ths case d fraud done by courier team (1/2),AmazonHelp
1802315,2017-10-13 03:57:08,541552,"Thanks @AppleSupport for ruining my entire day trying to get decent support for my colleague's Macbook #Notahappycustomer  - to finish it, I received a blank email. https://t.co/PvOJJOT6X5",AppleSupport
424091,2017-10-13 04:02:59,215879,@AmazonHelp Been another couple of days and still the only message I have got is we'll look at it and get back to you. This is very disappointing.,AmazonHelp
830776,2017-10-13 04:09:06,317831,@AmazonHelp THIS is the issue  https://t.co/TOIOLjVWXy,AmazonHelp
874784,2017-10-13 04:25:41,327685,"@AppleSupport what’s the deal with CarPlay and iOS 11? It doesn’t work anymore. Not 11.0.1, 0.2 or the latest .0.3. I’ve tried every “fix”.",AppleSupport
743334,2017-10-13 04:27:11,200255,@AmazonHelp But that was done two days back too. Now don't tell me your tech team doesn't have time to look into it.,AmazonHelp
643853,2017-10-13 04:36:50,195058,"@272844 @115850 I agree, they aren't able to get the systems in place for quick monitoring of the package and their customer service guys are duds. They have no info.",AmazonHelp
1056964,2017-10-13 04:38:22,369556,I encourage @115888 to build a sleep timer into the App itself... Even more I challenge you!! Haha good night !,SpotifyCares
1054025,2017-10-13 04:43:09,176402,@AppleSupport @369037 331,AppleSupport
831922,2017-10-13 04:46:03,318126,"@116136. Give me back my Cubs game, you @36644.",comcastcares
779584,2017-10-13 04:49:02,306174,"@AmazonHelp Yes. I have. All possible customer care complaints. Phone calls, messages on the link you mentioned, negative delivery feedback. #amazondupe",AmazonHelp
814977,2017-10-13 04:50:03,314082,@Uber_Support Still not resolved! Have not got an answer how you have charged more than 19.5rs/km. @115873,Uber_Support
1057645,2017-10-13 04:59:51,369730,Just had a great experience with @TMobileHelp. Feeling happy I made the switch to @115911 a couple of months back.,TMobileHelp
832127,2017-10-13 05:01:01,318183,"@128308 I am planning to buy it, do I need to subscribe for Netflix and Amazon prime with this?",AmazonHelp
962608,2017-10-13 05:09:35,348421,"It's proving impossible to do the simplest things on my iPhone 7P since I've ""upgraded"" (downgraded) from 10.3.3 to IOS 11. @AppleSupport",AppleSupport
643730,2017-10-13 05:10:25,272835,@115850 you have the the worse customer service ever..!!!,AmazonHelp
992245,2017-10-13 05:12:21,355035,@SouthwestAir @355034 When are you going to fly to Hawaii?,SouthwestAir
832077,2017-10-13 05:19:41,207104,"@119625 #LaakhonMeinEk is the best show from @115850 #originals keep doing shows like this, if possible show some reallity tv show",AmazonHelp
643705,2017-10-13 05:25:26,272834,"@AmazonHelp Yes, if you still can't see, it's 7017578720. Just see status of my order shown in your app? What a professional app?? On13th it shows exp 9 https://t.co/7rWYq17OPm",AmazonHelp
832390,2017-10-13 05:29:42,318251,@Uber_Support no promo code working for https://t.co/NFOuKAGC3y code not valid for this no.pls help +91 9446541973,Uber_Support
832344,2017-10-13 05:31:50,238345,@115850 @AmazonHelp need help with change in address.. reply fast,AmazonHelp
1058786,2017-10-13 05:37:20,369974,"@SpotifyCares spotify:album:4US3nmuLIKELhVZdBPiKxx

Just checked and my account is set to US as it should be.",SpotifyCares
643857,2017-10-13 05:38:15,272845,@115821 Refund processed via gift balance to let me order the better item. Item does not ship to Australia. Gift balance is now gone. Wtf,AmazonHelp
832465,2017-10-13 05:38:18,318271,@VirginTrains on 0544 carlisle to Euston. Showing on app arrive on time in London but being told it will be 30 mins late on 🚂 what correct?,VirginTrains
1801136,2017-10-13 05:41:57,416300,Flying American 2342 not like flying Delta.  Flight attendants rude and unwelcoming.  Weird boarding process. @AmericanAir.,AmericanAir
1071017,2017-10-13 05:47:02,372739,Ugh @115858 my battery is always draining so fast. Fix the iOS 11.03 update pls! https://t.co/Qg1bCNj3mC,AppleSupport
1801216,2017-10-13 05:48:56,541225,My internet died right when we delivered cargo in GTA Online. Still out. :/ @comcastcares,comcastcares
643692,2017-10-13 05:51:12,272831,"@AmazonHelp Hi. My computer, but it seems to be fine now. It wasn't loading properly &amp; Then it said webpage not available. Thank you!",AmazonHelp
1068824,2017-10-13 05:52:31,372225,"@Delta Case Number: 00274805, please read the notes on vouchers &amp; help. Spent 2+ hours on the phone &amp; told i need to contact customer care!",Delta
848069,2017-10-13 05:57:52,286680,"@AppleSupport
Can I not upgrade frm 10.3.3 to 11.0.3 without taking backup manually on to PC? As always yur softwr did it ( I use iPhone 7).",AppleSupport
832619,2017-10-13 05:58:07,307873,"Hey @115850 @123644 
1. you probably delivered my 'pre paid' package to some one else
2. no response to my emails
3. now ur team (1/2)",AmazonHelp
832745,2017-10-13 06:04:18,318324,It’s been 15 mins since my ride started &amp; this is what @115873 decides to notify me with. Seriously? @119983 https://t.co/0LlDIbigp5,Uber_Support
789291,2017-10-13 06:10:27,318370,@119625 I watch 5-6 episodes per day. Still don't get put into the draw.,AmazonHelp
1071799,2017-10-13 06:15:44,372924,"Bug in iOS11:
1. Use adaptive touch and switch ON WiFi 
2. switch OFF WiFi from there
3. Go to Settings-&gt;WiFi and it’s still ON
#iOS11 @AppleSupport @115858",AppleSupport
643864,2017-10-13 06:18:58,272846,@AmazonHelp I spoke to your support staff. They said your order would not be replaced. Your amount will be refunded  to your amazon account.,AmazonHelp
832906,2017-10-13 06:27:37,297942,@AmazonHelp Je vous avais dm à ce sujet vous m'a ez dit de contacter le service client directement!,AmazonHelp
833231,2017-10-13 06:31:27,318427,@SpotifyCares Tempted to delete the app and reinstall but will I have to download all my songs again?,SpotifyCares
1802286,2017-10-13 06:36:30,541543,@Uber_Support being charged for previous paid trips .happened two times consicutively.,Uber_Support
833145,2017-10-13 06:38:04,318411,"@AmazonHelp わざわざありがとうございます
気を付けます！",AmazonHelp
643812,2017-10-13 06:43:44,272842,"@AmazonHelp Nothing is there
Stop fooling us
You should response",AmazonHelp
832890,2017-10-13 06:52:55,219463,"@AmazonHelp 184... :) Okay, 30 oder 40 sind Comics. Aber auch das dürfte nicht Stunden dauern.",AmazonHelp
850366,2017-10-13 07:01:43,322026,"@115858 I noticed my old iPhone slowing down when the new one came out...and no I wont buy a new one, but switch brand. This is ridiculous",AppleSupport
833153,2017-10-13 07:02:02,318412,@AmazonHelp @115821 Don't want my audience to face such issues. I forward genuine affiliate links only. #AffiliateMarketing #customersupport #BoycottAmazon,AmazonHelp
833606,2017-10-13 07:10:10,311967,@AmazonHelp L espressione non consegnabile può esplicitarla in maniera esaustiva? È caduto un meteorite nel percorso?,AmazonHelp
833016,2017-10-13 07:12:53,318615,"@VirginTrains Welcome BT, you are joining a legendary team. Keep up your work all at Virgin Trains!",VirginTrains
834185,2017-10-13 07:17:51,286682,"Just got invitation of echo
Finally Alexa (echo) is coming to my home thank you Amazon
@121284 #AmazonEcho @115833 @AmazonHelp https://t.co/KD00Z8S7zQ",AmazonHelp
850506,2017-10-13 07:22:17,322062,"@Uber_Support please stop spamming me by sending incentive messages every morning. Fine, Figures are attractive but I'm not an uber driver.",Uber_Support
1802008,2017-10-13 07:25:21,231724,@Delta not sure how I can be first priority for Comfort+ yet still not get an upgrade when there were 7 seats. https://t.co/k4vcY9ykBU,Delta
1060923,2017-10-13 07:27:41,370491,"アマゾンのプライム会員切り忘れてたーw
たまにしか使わんちゅーのにw",AmazonHelp
834219,2017-10-13 07:33:30,318660,@AmazonHelp Est delivery is today and it still has not shipped.,AmazonHelp
835593,2017-10-13 07:35:14,318929,"@SpotifyCares I'm using a Samsung Galaxy S8, Android 7.0, Spotify Version 8.4.22.857 armV7.",SpotifyCares
1072501,2017-10-13 07:37:20,373081,@AppleSupport YO - I really need your help. I’ve bought more iCloud storage etc but still saying I have no space…,AppleSupport
832700,2017-10-13 07:37:24,199335,@AmazonHelp I haven't received any msg stating with resolution.. I request you  people to get in touch with me on call . My number is 9923440000.,AmazonHelp
829528,2017-10-13 07:44:59,206022,@AmazonHelp When will i get solution,AmazonHelp
836951,2017-10-13 07:48:09,319199,@115877 food deliveries over 10 mins shouldn’t be allowed by bicycle. Cold food sucks.,Uber_Support
835156,2017-10-13 07:55:49,318841,"So this is how @115821 provides a high quality service.
An item that was even dispatched,got cancelled &amp; making excuse of pricing error. 1/3 https://t.co/ml9CFN7Wbi",AmazonHelp
387203,2017-10-13 07:57:21,207656,"@AppleSupport I can’t dm you, Twitter won’t let me. 
But the WiFi turns itself on. I have had to turn it off three times within the last half an hour.",AppleSupport
388467,2017-10-13 08:06:56,207926,@AmazonHelp #shameonyou @115851 last 5 days @AmazonHelp  give me only next date #CustomerService not helping . Very Disappointed 😔😔,AmazonHelp
835822,2017-10-13 08:19:08,318977,@119625 I download one movie but language not in hindi https://t.co/wlh1JLQ5Ra,AmazonHelp
855413,2017-10-13 08:22:13,323155,Hey @AppleSupport - any plan to sort out the date settings on search ads? This month/last month would be a handy addition to this drop down https://t.co/IFBLlbo2m0,AppleSupport
832903,2017-10-13 08:25:30,318366,"@AmazonHelp yes that's why, I mentioned @36701, in fact I had no problems with the other books I ordered on @115821 @120533, thanks !",AmazonHelp
808113,2017-10-13 08:31:15,296482,"@AmazonHelp Then don't do business at such location. Will try to self return this product. N don't b sorry, I am sorry..will never try u now",AmazonHelp
835659,2017-10-13 08:32:38,306935,"Okay, the @VirginTrains service I'm on is delayed enough that I'll miss the service towards Barrow.",VirginTrains
835786,2017-10-13 08:39:09,318971,"Amazonの
服のオーダーメイドの仕方がわからない((",AmazonHelp
835567,2017-10-13 08:40:30,318922,@115873 my a/c was hacked 24h ago and uber have done nothing.uber is ripe for hackers.charged $1000 and cancelled cards.disgraceful,Uber_Support
1801733,2017-10-13 08:44:40,541352,@148611 hi. Nagbayad ako today for premium via cebuana lhuiller. Kelan mag-aactivate premium ko and how?,SpotifyCares
430094,2017-10-13 08:49:13,216871,"@AmazonHelp since 4 days I m trying to seek ur help but look at your company, how arrogant and senseless u r. Amazon doesn't deserve any respect at all.",AmazonHelp
835876,2017-10-13 08:56:11,318988,@AmericanAir Very rude employee. He could see my TSAPrecheck boarding pass. Forced me into long line. Ridiculous. Defies logic. Line for sake of a line.,AmericanAir
835781,2017-10-13 08:57:18,318970,@AmazonHelp Hi I have no subscriptions and no orders for £15,AmazonHelp
1802708,2017-10-13 09:00:19,541671,@AppleSupport On iPhone iOS 11 language Dutch; in Apple Calendar the option ‘Show As’ has ‘Gratis’ as option instead of ‘Vrij’. How 2 solve?,AppleSupport
836463,2017-10-13 09:03:29,319106,@AmazonHelp have a Xbox one x on pre order.can u give any info on when payment would likely to b taken so I no when to transfer some savings,AmazonHelp
836266,2017-10-13 09:07:33,120857,@VirginTrains Okay thankssss!,VirginTrains
835147,2017-10-13 09:10:55,318841,"@AmazonHelp m nt comparing the price wth any othr portal,the issue is.. order got cancelled and you are blaming the consumer for doing so.. 1/2",AmazonHelp
836153,2017-10-13 09:14:01,319051,"@AmazonHelp Längst geschehen. Wie euer Algorithmus zur Relevanzermittlung darauf kam, bleibt rätselhaft.",AmazonHelp
834428,2017-10-13 09:18:09,286680,@AmazonHelp Does that mean you are planning to send something to prime members soon and if you are please dont forget me. I'll be happiest to flaunt it😘,AmazonHelp
2358417,2017-10-13 09:25:11,681182,Gracias @115821 por la rapidez! Ya tengo nuevas lecturas 😊 La próxima será la de @72273 🌷Más recomendaciones? 📝 #psicología https://t.co/1Gh9ZrxrwV,AmazonHelp
836959,2017-10-13 09:30:53,151210,@SpotifyCares I definitely can't wait. 😍 Just recently got into using Spotify after getting my first song up and didn't realise how good it was.,SpotifyCares
836522,2017-10-13 09:32:15,319119,@AmazonHelp 1/2 I ordered a dining table and it got delivered on 6th of October. I requested a service for installation n they said it will be installed,AmazonHelp
837197,2017-10-13 09:38:14,319246,"@Uber_Support we recently made an order, however have been charged six times from our credit card. Order FDD89.",Uber_Support
833406,2017-10-13 09:38:27,318458,"@AmazonHelp :)
Thanks.",AmazonHelp
857106,2017-10-13 09:42:06,323531,@AppleSupport Plz create option for location based WiFi enable/disable in iOS to minimize attack vectors for WiFi bugs in the future!,AppleSupport
837527,2017-10-13 09:45:38,319320,@AmazonHelp Iam yet to receive  my refund. Please look in to it ASAP,AmazonHelp
832918,2017-10-13 09:51:31,297942,@AmazonHelp à mon dernier mail qui date d'hier dans la soirée).,AmazonHelp
858933,2017-10-13 09:57:31,323935,It's the bloody charger that came with it #ffs .@AppleSupport https://t.co/FyERK58rBk,AppleSupport
837138,2017-10-13 09:57:43,319193,@AmazonHelp And ensured that my order will be fulfilled the next time. But same happened to that order as well. These are a bunch of fake seller. (2/2),AmazonHelp
836457,2017-10-13 10:02:56,318779,@AmazonHelp Too late! You have been polite but apart from highlighting order confirmation @115830 sent didn't match my actual order you didn't help.,AmazonHelp
1801905,2017-10-13 10:09:57,507553,@SouthwestAir Go APRIL! #employeeoftheyear #amazingskill FLL is lucky to have you! Thank you for your help!,SouthwestAir
838310,2017-10-13 10:13:06,319498,@AmazonHelp why can’t Alexa string commands or stack them in a macro under a single phrase trigger? Should be a pretty standard feature.,AmazonHelp
837968,2017-10-13 10:17:11,319410,@AmericanAir An inch,AmericanAir
837851,2017-10-13 10:18:31,319383,アー Amazonプライムそういえば無料お試しとやらを試したんだった・・・期間過ぎたら勝手に入会扱いにして会費取られるんやな・・・ちゃんと見てなかった・・・,AmazonHelp
837810,2017-10-13 10:22:09,319379,@115850 I purchased a aere gown amt about ₹700 and paid mobile banking on dated 23 September. But it is not received till the day.,AmazonHelp
838360,2017-10-13 10:24:43,183975,@Delta Check in too late? How is that possible... I tried to check in right at 24 hours,Delta
837930,2017-10-13 10:29:11,319401,"@Uber_Support Have done this .. the problem is with the Attitude of the driver, I wish we were allowed to rate the driver even when we cancel !",Uber_Support
665153,2017-10-13 10:29:58,278528,@AmazonHelp Yes I've changed email address,AmazonHelp
838415,2017-10-13 10:31:46,120576,@155936 @319519 We don't run from Coventry Victoria! That would be our lovely friends on the other coast - @VirginTrains! ^KM,VirginTrains
793869,2017-10-13 10:36:09,309023,@AmazonHelp If you guys won’t able to do it please give your contact details. I will reach out to you as i am totally disappointed from your services.,AmazonHelp
858888,2017-10-13 10:38:14,323920,"@AppleSupport I have DM you the details. 
Kindly resolve the matter ASAP",AppleSupport
643826,2017-10-13 10:41:12,170829,"@115850 It is the number one thief company, Amazon, whose name is far away from it, do not shop for it, customer care service is also a thief",AmazonHelp
835519,2017-10-13 10:45:32,316081,"@AmazonHelp I asked about replacement order but the rep did not want to ""inconveniance"" me with placing another order.",AmazonHelp
780883,2017-10-13 10:49:39,306432,@AmazonHelp @115850 @115821 @115851 He expects me to come to office and that too at moments notice to collect it ! Its useless! @115850 @115821 @115851,AmazonHelp
838660,2017-10-13 10:54:18,319558,"@AmazonHelp No obstante, pronto haré un Unboxing del Ar Nosurge para el canal de @7353",AmazonHelp
1065792,2017-10-13 10:56:11,371633,"@115911 Hi, Is there any way to get an ZTE Quartz without a data-plan?",TMobileHelp
839419,2017-10-13 10:58:21,158494,@115851 4th order got miss place in a row what's your take @115850 and @115821 pathetic.. even resolution team disgusting,AmazonHelp
838570,2017-10-13 11:02:12,319547,"@AmazonHelp Who are you??
Don't want fake assurance on twitter , want the product, which @115850 is unable to deliver!",AmazonHelp
839109,2017-10-13 11:06:25,319657,"@120576 @VirginTrains I've been told a ""shortage of staff but had I been informed of this before I would have eaten before I got on the train...in fact",VirginTrains
839351,2017-10-13 11:11:59,319700,@115821 help me terrible customer experience Order026-9850621-5039568 lied to/disconnected chats/failed escalation/failed delivery promise,AmazonHelp
1073368,2017-10-13 11:13:13,373267,@SpotifyCares any problem from Spotify Family Plan? https://t.co/BgcmugTCaF,SpotifyCares
1074248,2017-10-13 11:17:04,373458,I'd really appreciate if my Macbook Pro would stop electrocuting me whilst charging... @115858,AppleSupport
841387,2017-10-13 11:18:56,320168,"@Delta will book delta PBI to CHO round trip in march 2018, but sky miles quote is 35,000, is this each way ?",Delta
838975,2017-10-13 11:21:01,319563,@AmazonHelp I never cancelled the order ! This is not a solution .Ask an executive to get back to me. Your reply is not relevant to the complaint.,AmazonHelp
839431,2017-10-13 11:24:24,319713,@AmazonHelp You have refunded the payment instead of replacing the device for an order placed during offer period. Made 10 calls to cust care for this,AmazonHelp
840417,2017-10-13 11:27:34,319980,"loving the #AmazonFestiveRiddles @115850 
So much fun !",AmazonHelp
862047,2017-10-13 11:31:04,324702,@Uber_Support &gt; I got texts about an uber account opened but I closed mine. Can't contact support online. Please advise. #CustomerCare,Uber_Support
839525,2017-10-13 11:32:12,319735,@AmericanAir This has happened to me the last 3 flights in the past few weeks,AmericanAir
839422,2017-10-13 11:32:35,319711,"@AmazonHelp I have now done this, thanks.",AmazonHelp
859736,2017-10-13 11:34:10,324123,"@115858 how can a Mac book become unoperatinal within 1 and half yar sir. It cost me 80,000 to have a mac &amp; now repair cost is 37,000 more",AppleSupport
1803374,2017-10-13 11:34:27,541877,"@ComcastCares
#mobile_CareXV just called you guys and bitched about how my WiFi never works and BOOM now my cable doesn’t work! 😂 😡",comcastcares
840624,2017-10-13 11:37:33,320014,@VirginTrains @120576 Thanks :),VirginTrains
840419,2017-10-13 11:40:41,319628,"@AmazonHelp Solucionado, ¡Gracias!",AmazonHelp
834783,2017-10-13 11:48:18,200257,"@172599 @118919 @115850 First of all deliver the ryt product #AmazonFakers 
https://t.co/3PwpXXfqHY",AmazonHelp
1802970,2017-10-13 11:49:52,541752,@AppleSupport today my Keychain does not save passwords and does not recognize the ones stored. Any solution other than creating a new one?,AppleSupport
839344,2017-10-13 11:52:14,319700,@AmazonHelp All in all very unhappy customer. I have emailed chat called and now on twitter #Help,AmazonHelp
1076464,2017-10-13 11:57:31,374006,@Uber_Support how am I suppose to change my phone number if I dont have the phone number for the verification code?,Uber_Support
840424,2017-10-13 11:59:25,319981,"@AmazonHelp I don't see why someone would gift me this when I don't watch the show haha, there was nothing inside other than 5 of the patch shown",AmazonHelp
841706,2017-10-13 12:04:35,320239,I’m so close to canceling all my amazon orders  @115821 needs to get it together. 😡😡😡,AmazonHelp
1802854,2017-10-13 12:05:42,541723,"@SpotifyCares I accidently choose student when signing up for premium, but then i found it, i wasn't eligible for that particular offer. Now i have paid 49 danish kroners, without getting the premium.. what now? And, i'm in high school",SpotifyCares
843174,2017-10-13 12:10:16,320514,". @AmazonHelp what the hell, I was sent a stolen phone, and now I've been sent ""a replacement"" but it's just an empty box! https://t.co/ckHkAnqqE4",AmazonHelp
1802215,2017-10-13 12:14:40,541519,@Delta Other gate agent on why records not together “yeah well” ... guess Gold isn’t really worth much anymore!!!!!,Delta
841285,2017-10-13 12:14:53,320148,"@AmazonHelp Le he llamado, y dicen que ya no estan en mi zona y me lo intentan entregar el lunes... para un cumpleaños que tengo el domingo",AmazonHelp
840431,2017-10-13 12:18:14,319982,"@AmazonHelp Alles klar, mach ich nachher 😊 danke schonmal, ihr seid echt fix hier 👍",AmazonHelp
1802291,2017-10-13 12:18:45,541545,iOS 11 is the best version of mobile OS... @116333 @115858 @27730 @541546 @191435 @156470 @72323 @65262 https://t.co/kyWkK6qMdw,AppleSupport
841295,2017-10-13 12:22:44,320149,@AmazonHelp My order will be delivered under 24 hours at maximum priority. But this evening I received a message that it could not be delivered...,AmazonHelp
847947,2017-10-13 12:26:18,321524,@115830 And the email says you can cancel it but when you try it says you can't cancel it. Come on @115830 so it out,AmazonHelp
842028,2017-10-13 12:30:23,320297,"@AmericanAir Also, this link is taking me to https://t.co/4DLJcgBAph and  asking me to pay for wifi again. there are no entertainment watching options",AmericanAir
838319,2017-10-13 12:30:44,294658,"@AmazonHelp Acabo de recibir respuesta de att cliente de amazon. Si no lo recibo hoy, os detallare el caso por su enlace. Muchas gracias, muy amables.",AmazonHelp
1069921,2017-10-13 12:33:08,372462,@AppleSupport I think I’m even more insulted now. Do you not realize anyone who upgraded to iOS 11 has terrible battery life w/ a freezing phone?,AppleSupport
847790,2017-10-13 12:37:09,171456,@AmazonHelp Can I you advise if this is a legit email from you? My phone was recently stolen so worried someone has done something thanks,AmazonHelp
843928,2017-10-13 12:41:18,320661,@242596 @VirginTrains Thank you,VirginTrains
845983,2017-10-13 12:42:51,321075,40 minute phone waits to have your system hang up on me and no call backs from representitives after scheduled is real professional @115911,TMobileHelp
841696,2017-10-13 12:43:04,320236,@AmazonHelp Kümmere mich gerade schon um die Reklamation. Aber der Post it war einfach großartig. 😅,AmazonHelp
847780,2017-10-13 12:49:33,321490,@118919 Amazon does not support its sellers,AmazonHelp
845570,2017-10-13 12:51:38,320991,@AppleSupport  https://t.co/EaBrjWpagh,AppleSupport
1075202,2017-10-13 12:54:40,373689,"@SpotifyCares @37323 No song listed, no album art. Supposed to have been released yesterday. https://t.co/NXi7mCaA33",SpotifyCares
841249,2017-10-13 12:54:53,320144,@AmazonHelp Bhai Hindi or English kaunsi langauge samajhtein hain app. Its not about the date jo jhoot bol rhe hain aap uske liye hai yeh,AmazonHelp
1802437,2017-10-13 12:56:49,541594,@115873  I need help I can’t talk to anyone through chat can you give me the link,Uber_Support
1075053,2017-10-13 12:58:58,373650,"@AppleSupport trying to write a long email with 5 photos attached, my iPhone 7 keeps freezing and crashing. Why is this?",AppleSupport
850129,2017-10-13 13:00:43,321988,@AmazonHelp Had issue with return process of my order Track id: 69957456660 it has been scheduled from 10 to 12 to 13 by ur customer support,AmazonHelp
1070628,2017-10-13 13:01:22,372641,"@SouthwestAir From ur web:""Customers who have purchased Anytime Fares will receive priority over Customer’s who purchase Early Bird with other fare types""",SouthwestAir
1071035,2017-10-13 13:03:10,372744,@Delta It can't. But it's just enough time to ensure 25 passengers will happen to miss their connector while you sell their seats.,Delta
850022,2017-10-13 13:06:14,313376,@AmazonHelp even my review is not published while I have written a correct word. See it https://t.co/4N4cSVmPfj,AmazonHelp
853964,2017-10-13 13:10:27,322833,Love @115821 customer care in protecting my bubble wrap from damage....#gofigure... still love them tho'!! https://t.co/e1WBVx06iL,AmazonHelp
905382,2017-10-13 13:13:58,334937,@AppleSupport all my podcast are playing as if I’m pressing the fast forward button,AppleSupport
850913,2017-10-13 13:15:13,322142,UPDATE: I'm almost home! @AmericanAir maybe my preferred airline from now on. 😭❤️🤤,AmericanAir
780033,2017-10-13 13:15:51,232612,@AmazonHelp @115821 fraud only,AmazonHelp
850107,2017-10-13 13:20:25,321985,@AmazonHelp Grazie mille 😊,AmazonHelp
862711,2017-10-13 13:25:05,324850,@AppleSupport Was refused collection in one of your stores today because I'm not the card-owner. How am I supposed to order for my employer?,AppleSupport
850123,2017-10-13 13:26:51,321987,"@AmazonHelp Ah oui, pas de soucis, en mains propres, c’est le “M Propre” alors que j’ai plein de cheveux et de la barbe, sans boucle d’oreille :-)",AmazonHelp
857067,2017-10-13 13:32:10,323520,@AmazonHelp @115850 very poor service by transportation.... still my order not delivered,AmazonHelp
865941,2017-10-13 13:33:35,325630,@AppleSupport Only when I open a folder. But I solved this anyway on accessibility. Thanks!😂,AppleSupport
1013296,2017-10-13 13:35:01,373117,@157326 @TMobileHelp iPhone SE is still there in stock but storage options have changed there is the 32GB variant instead of 16GB and 128GB instead of the 64GB.,TMobileHelp
435721,2017-10-13 13:35:26,218501,"@AmazonHelp @71968 Just  to  remind you,  your maximum limit of 72 hrs is also over. How long you will make me fool.  Expedite and resolve issue.  @71968",AmazonHelp
856009,2017-10-13 13:39:10,323279,"@VirginTrains Not happy. Always book forward facing! Again Sitting backwards on my train Glasgow to London, and it make me feel sick.",VirginTrains
858755,2017-10-13 13:39:33,323898,Hey @115850 any cbace you can speed up delivery of Number: 405-2934461-1903547,AmazonHelp
838741,2017-10-13 13:41:03,319575,@Delta Great response time.  I’m glad I’m not stranded at this point because it’s obvious no one gives a damn,Delta
870495,2017-10-13 13:41:26,326686,@SpotifyCares I have a feature suggestion. Where would I send that to?,SpotifyCares
855445,2017-10-13 13:43:23,323164,@AppleSupport Just slower opening apps and text messages and stuff. Slower in general. It’s been restarted yes.,AppleSupport
857189,2017-10-13 13:44:21,318707,"@318708 @115877 That he didn't receive my food, and after waiting an hour for the order he begin to try to cancel my delivery. But Uber would not allow it.",Uber_Support
856927,2017-10-13 13:49:54,323489,Either I've had the worst luck in the world or Amazon customer service and support has significantly deteriorated @AmazonHelp,AmazonHelp
855391,2017-10-13 13:53:53,323149,@AppleSupport Done,AppleSupport
1073804,2017-10-13 13:57:14,313517,@AmazonHelp You morons are not doing anything and giving excuse. Let me know to whom I should file a case of mental harassment.,AmazonHelp
435730,2017-10-13 14:04:44,218501,@AmazonHelp What is the limit of your affirmative action? Why I am suffering? Why don't you punish Dculprit instead of making me more fool @71968,AmazonHelp
857430,2017-10-13 14:06:22,323609,@AmericanAir Now the whole experience of a quick 2-hour flight became hours of trying to get my stolen money back!,AmericanAir
859008,2017-10-13 14:07:05,323956,@115873  this is very big problem of your server because your driver dont want to pickup us and please I request to improve your drivers https://t.co/9OBthV0z1l,Uber_Support
1802830,2017-10-13 14:09:58,541713,@SouthwestAir How do you get customer relations to follow through on customer complaints? The service is horrible.,SouthwestAir
780885,2017-10-13 14:10:10,306432,@AmazonHelp Finally had to travel again to office. I close with @115850,AmazonHelp
857133,2017-10-13 14:11:09,323539,@AppleSupport Thanks will try and revert,AppleSupport
1803751,2017-10-13 14:14:38,541977,Hey @115888 what happened to the monthly analytics emails? I loved seeing the listening breakdowns.,SpotifyCares
858687,2017-10-13 14:15:47,123478,"@AmazonHelp Muuuuita, ta previsto pra chegar antes do fim deste mês. Será ótimo ler nessa vibe de mês do horror 💀👻",AmazonHelp
860925,2017-10-13 14:16:14,246622,@VirginTrains what's happened to me train?? Siting at Runcorn???,VirginTrains
861886,2017-10-13 14:22:19,324653,"I preordered WWE 2K18: Deluxe edition from Amazon UK and it still hasn’t dispatched yet, I was suppose to get the game today.",AmazonHelp
1277189,2017-10-13 14:24:37,277923,"Oh look, another iOS 11 bug. Cc: @272800 @AppleSupport https://t.co/eEQol7NtuP",AppleSupport
1803348,2017-10-13 14:25:57,197501,@116136 @comcastcares Local VP of Ops involved &amp; issues being addressed,comcastcares
835118,2017-10-13 14:29:11,318839,"@AmazonHelp Yes, i did. They asked me to raise it at @115821.com . And i also did. But no solution. And again rs 720 deducted.",AmazonHelp
862318,2017-10-13 14:29:42,324761,@AmericanAir Done.,AmericanAir
917177,2017-10-13 14:31:21,337745,@Uber_Support just for 4 km I paid 152 rs even after 50% off. Moreover only 36 rs was displayed while booking. @137849 @120319,Uber_Support
863191,2017-10-13 14:32:24,324978,And now our @Delta flight has been delayed...again.,Delta
862573,2017-10-13 14:33:35,191833,@115850 tracking no. 447197427003 out for delivery since last 2 days. Is it snailmail or usp of Amazon prime membership.,AmazonHelp
1802994,2017-10-13 14:36:06,541762,@TMobileHelp I need help..,TMobileHelp
861947,2017-10-13 14:39:27,324673,@AppleSupport Se vcs vendem no mundo inteiro vcs tem obrigação de dar suporte em todas as línguas é o mínimo que pdoem fazer. E não é espanhol é português.,AppleSupport
865611,2017-10-13 14:40:14,325563,@115830  I need to speak to someone asap. Can't get into my account. No options to contact customer services without been able to login.,AmazonHelp
1803866,2017-10-13 14:40:26,542015,"@SpotifyCares We don't want to transfer over his playlists from my account until we sort this out. (also, is there an easy way to do that?)",SpotifyCares
862978,2017-10-13 14:41:50,324919,@VirginTrains are there reservations on the 15.43 train from Liverpool South Parkway to Euston? Is coach F reservable?,VirginTrains
881198,2017-10-13 14:42:53,329239,@Uber_Support what do i do if a driver uses the grey areas in your app and customer support tools to obtain my # and call me unauthorized?,Uber_Support
853946,2017-10-13 14:48:54,322830,@AmazonHelp It’s not @115821 logistics  - it’s @116324 yet again letting you down - @115830 success 100% @116324 0 out of 2,AmazonHelp
870272,2017-10-13 14:51:24,326633,@AppleSupport Yes 11.0.3. It seems to turn itself on once I’m near a WiFi network. I have to turn it off manually,AppleSupport
857010,2017-10-13 14:54:19,323508,@AmazonHelp Details provided.,AmazonHelp
868497,2017-10-13 14:57:08,326212,"@Delta My confirmation # H8g4fb. Don't have even a boarding pass for next flight, or a seat even though I paid for upgrade. Not flying Delta again.",Delta
792868,2017-10-13 14:58:00,134769,@SpotifyCares Didn't work :(,SpotifyCares
757110,2017-10-13 14:59:01,300932,@AmazonHelp Ormai il danno è fatto. Domani vado a ritirare il pacco. Che poi è macchinetta aerosol perché sto male. Ecco perché era urgente,AmazonHelp
877154,2017-10-13 15:00:21,328233,The wife has lost all her photos it says they are in iCloud but can't get them up any help so many photos of the boys 😞😞 @115858,AppleSupport
865846,2017-10-13 15:02:51,325606,Me enamoré de Laura F. de Customer Service de @116875 ¡excelente atención! https://t.co/wm0jGJWQgy,AmazonHelp
866489,2017-10-13 15:04:17,325752,@AmericanAir not having a good day #Friday13 #badluck,AmericanAir
865600,2017-10-13 15:07:23,325561,@80 siempre me dais un servicio lamentable @116928,AmazonHelp
866514,2017-10-13 15:08:00,325757,@TMobileHelp I just want to give back the Apple watches and both phones on my plan.,TMobileHelp
1076459,2017-10-13 15:09:33,374004,"@Uber_Support And if we can’t wait so much time then you guys are charging, you idiots we need to charge to for making us wait.. you cheaters",Uber_Support
872523,2017-10-13 15:09:45,327143,@AppleSupport my iPhone7 didn't come with an earphone transmitter but all others I know of did. Pls can I ask why I didn't get one? Thanks,AppleSupport
1083507,2017-10-13 15:10:13,375586,"Hi, I invited my sister to join family plan but she can't. We did as advised on the web but it still didn't work? @SpotifyCares",SpotifyCares
865700,2017-10-13 15:10:56,322303,@AmazonHelp I was just given 3.6% casback instead of 15%,AmazonHelp
868050,2017-10-13 15:17:09,326102,@137605 tengo una duda sobre un envío de @116928,AmazonHelp
874819,2017-10-13 15:18:37,327696,@AppleSupport iOS 11 keep crashing y’all need to fix this bs 😒all we wanted was group FaceTime,AppleSupport
865610,2017-10-13 15:23:45,325563,@AmazonHelp No I havent. I've tried to login. Its saying these is no account with my email. Which is exactly the same as what I've used previous,AmazonHelp
870541,2017-10-13 15:26:53,326698,@AmericanAir can I check one bag for free ?,AmericanAir
872275,2017-10-13 15:28:18,294899,"@AmazonHelp why would a Prime item take 2 days longer to deliver to my home address than an address,.4 mile away. Thx",AmazonHelp
870409,2017-10-13 15:30:39,326666,Eventually had to cancel the 4th ride and got charged of Rs.47 @115873 revert this asap,Uber_Support
872154,2017-10-13 15:30:55,217964,@AmazonHelp replacement will reach me by 25-nov. #disappointed https://t.co/eZXq9fp4PP,AmazonHelp
1803257,2017-10-13 15:33:30,541847,@AppleSupport Done.,AppleSupport
865650,2017-10-13 15:35:35,325568,"@AmazonHelp i mean if you scroll up you can see how the last chat conversation went, so i have 0 faith that the chat people know how ur company works...",AmazonHelp
877383,2017-10-13 15:37:39,328284,@Delta Lost laptop on flight 1964. Not in lost in found at JAX or ATL. Had to be the cleaners or the next passenger. Help me track it down!,Delta
860940,2017-10-13 15:37:42,324430,"@324431 @VirginTrains Unfortunately not, very disappointed",VirginTrains
870101,2017-10-13 15:39:32,326607,@AmazonHelp An investigation and answer was promised after 24 hours. That was Wednesday...,AmazonHelp
895157,2017-10-13 15:39:50,332540,"@117153 I paid for Spotify premium for the full year, I have the receipt in my emails. My premium is not working.",SpotifyCares
877151,2017-10-13 15:42:13,328233,@AppleSupport Yes just checked on laptop and all showing just can't get them on phone,AppleSupport
778212,2017-10-13 15:42:25,305811,@AmazonHelp .com,AmazonHelp
1800142,2017-10-13 15:44:24,540860,@SouthwestAir Sent! Thank you!!,SouthwestAir
865853,2017-10-13 15:45:32,325608,@AmazonHelp Yeah. Response was good &amp; they have asked the courier service for delivery. Hope to get it tonight.,AmazonHelp
875279,2017-10-13 15:48:49,327817,@TMobileHelp I don't think you can. I'm have jump on demand and I was going to upgrade.,TMobileHelp
879318,2017-10-13 15:51:13,328751,@AppleSupport I linked my Movies Anywhere account to iTunes (previously DMA) and my movies aren’t showing up. How long does it take?,AppleSupport
859632,2017-10-13 15:51:28,324104,@AmazonHelp  https://t.co/4m7i1Vf2n6,AmazonHelp
875235,2017-10-13 15:57:33,327801,"✈️Today’s trip @AmericanAir 
Breakfast in California 🥓🥞
Lunch in Arizona 🍔🍟
Dinner in North Carolina 🍝",AmericanAir
870104,2017-10-13 15:58:42,326607,@AmazonHelp It was shipped by Amazon. Order ending in 515.,AmazonHelp
1803896,2017-10-13 16:00:03,541071,@116276 @2006 Getting $16 back isn't going to cover the trauma this caused us both. What will you really do????,Uber_Support
881146,2017-10-13 16:00:12,202833,@AppleSupport see my early message to you. Example in video. https://t.co/QkVqfiyVi4,AppleSupport
1804901,2017-10-13 16:03:00,542309,@SpotifyCares only the 4 songs are avaible that they've already released but the rest aren't https://t.co/hvQ3IvTmsX,SpotifyCares
874577,2017-10-13 16:03:45,327638,@AmazonHelp yeah usually I get my orders early in the day but recently I've been getting them late,AmazonHelp
911271,2017-10-13 16:05:29,336438,"@ComcastCares
#mobile_Care really? 3calls-1disconnected, no callback 1 said planned outage til 4 no prior day notice-1 told me unplanned!?",comcastcares
791540,2017-10-13 16:09:03,216940,@AmazonHelp Merci :D,AmazonHelp
850431,2017-10-13 16:11:57,322044,@AppleSupport No unfortunately it wasn't synced. But I didn't have a lot of storage so I'm guessing they got deleted so my phone has more free space ??,AppleSupport
870168,2017-10-13 16:12:55,326613,@AmazonHelp No I am not worried. I have a lot of options. Amazon has let me down as a business. I don't feel u value ur customers.,AmazonHelp
850135,2017-10-13 16:16:56,219463,@AmazonHelp Das neue Fire HD 10 Zoll.,AmazonHelp
877542,2017-10-13 16:17:52,120872,@328326 Hi Lauren you would need to tweet @VirginTrains ^GT,VirginTrains
1803975,2017-10-13 16:20:46,542036,"Iphone7 Since 1st ios11 update, phone freezes &amp; restarts 20x day! 😤😡😱 Driving me crazy 😜! @AppleSupport #Apple #iosupdates",AppleSupport
879460,2017-10-13 16:24:29,328795,@Delta why delay of dl 5261 from cae - atl? Over two hour hold time for call!,Delta
879164,2017-10-13 16:25:08,145885,"@AmazonHelp @115850 

How can I get my product delivery on Monday 16th https://t.co/0S185oMae6",AmazonHelp
877350,2017-10-13 16:26:20,328272,"@Uber_Support Having some account issues, DM'd you the account details please help! &lt;3",Uber_Support
1082019,2017-10-13 16:28:11,302459,"@115911 @375235 Always want u 2 add. The only company w/o incentives 4 loyal customers. 20plus years, @115911 dont even have water bottles giveaways free.",TMobileHelp
883163,2017-10-13 16:29:17,329727,@115858 Fix the battery problem and performance issues before anything else. Lost 20% in about 40 minutes.,AppleSupport
879641,2017-10-13 16:30:21,328848,@AmericanAir can Cheryl Shepherd contact me ASAP. 48 hrs ago I was promised an “immediate” response to 3-week old issue?? Ref 25456426986,AmericanAir
905658,2017-10-13 16:32:30,335003,@8490 i was charged twice for my student account i want my money,SpotifyCares
881007,2017-10-13 16:32:55,329191,"@AmazonHelp You guys are missing the point, its not this order missing the date, its that your shipping standards have gotten worse as a whole.",AmazonHelp
776572,2017-10-13 16:37:03,328840,@SouthwestAir I want to be on that first flight😎,SouthwestAir
880975,2017-10-13 16:37:34,137142,@115821   The current app version is very unstable -- constantly crashing and flickering whilst browsing within the categories.,AmazonHelp
885688,2017-10-13 16:38:46,330307,@AppleSupport ...left with a brick. A brick that they own. Since it was a gift 3 years ago no receipt to be found. Since grand kids set it up we haven't..,AppleSupport
828421,2017-10-13 16:42:41,317355,@Uber_Support That did not work out so well when I contacted y’all before. Look at my profile and look me up in your system.,Uber_Support
885684,2017-10-13 16:44:34,330307,"@AppleSupport ...a refurbished or new unit, which I can't really afford to do right now. I am besides myself....",AppleSupport
881035,2017-10-13 16:46:39,329199,"@AmazonHelp No, I haven't.",AmazonHelp
389391,2017-10-13 16:52:54,208156,"@AppleSupport @191435, to *troubleshoot* this, @AppleSupport asks to reset phone to factory! 😧 What would u say in defence to @AppleSupport?",AppleSupport
1804439,2017-10-13 16:52:58,542164,"@116875 tienen la mejor atención al cliente, los amo! 😘",AmazonHelp
885871,2017-10-13 16:55:03,330341,Can someone explain to me why prices can change in less than one minute? This is a nuisance. @121911 @Delta https://t.co/ibZVuNLJ75,Delta
886476,2017-10-13 16:55:35,330480,@116136 is the worst! i pay too much for sub-par service at best and get told different stories within 24hrs. #ripoff,comcastcares
877005,2017-10-13 16:57:59,153246,@AmazonHelp This isn’t on a e-reader?,AmazonHelp
835581,2017-10-13 16:58:21,318925,@Uber_Support Unfortunately I didn't get one before I unlocked and it dissapeared. It had an emoji of an animal.,Uber_Support
882990,2017-10-13 17:03:08,329681,Hey @115830 @AmazonHelp  Another scam https://t.co/uLmg0m92vx,AmazonHelp
881646,2017-10-13 17:03:10,329344,@VirginTrains It's a swiftcard which covers West Midlands Zone 1-5. I am able to get non-Virgin trains with it also.,VirginTrains
1804441,2017-10-13 17:07:09,542165,@AppleSupport  getting phone messages advising me of iCloud breach.. asks me to call a number. I think it's a scam. Please advise,AppleSupport
886296,2017-10-13 17:08:09,330436,@197737 @115911 How about for a business account though 😂😂😂,TMobileHelp
905284,2017-10-13 17:08:18,334914,Nothing worse than the aggravation of waiting for a package to arrive that has a 12 hour window at a comm add that's open 9 hours. @115821,AmazonHelp
870056,2017-10-13 17:13:13,326596,"@AmazonHelp Customer services very helpful, thanks. Shame about the delivery person!",AmazonHelp
1077484,2017-10-13 17:14:11,185393,@198157 @AmericanAir @Delta What? I’m Gold at AA and Diamond on DL. How could I dispute such charge?,AmericanAir
890888,2017-10-13 17:19:42,144969,Ya llego :3 @116875 @125815 https://t.co/2EnSa6kV1R,AmazonHelp
891294,2017-10-13 17:21:16,331631,our @Delta flight was delayed almost 4 hours because WE DIDN'T HAVE A PILOT - what does that even mean?! 😡,Delta
917176,2017-10-13 17:23:36,337745,@Uber_Support @11779 @137849 u guys don't have any support mail id or contact number. Neither shows upfront surcharges nor ask reason for cancellation. It's never mentioned upfront that surcharge was 1.8x,Uber_Support
832702,2017-10-13 17:24:20,199335,"@AmazonHelp How much time you guys need to solve my case.. I think you are playing with my emotions...
@13142",AmazonHelp
903320,2017-10-13 17:24:45,334452,@SpotifyCares im contacted to spotify thru facebook but it show my artist page and me as two different users how can that be fixed,SpotifyCares
1075474,2017-10-13 17:26:11,373744,"@AppleSupport So far I finally got help , just waiting hear back from the engineering team either today or tomorrow..",AppleSupport
888831,2017-10-13 17:29:45,331019,"@115913 @115911 @158861 ""In stores""",TMobileHelp
665186,2017-10-13 17:30:39,278532,@AmazonHelp Done with form. Hope that issue will be resolved soon.,AmazonHelp
888919,2017-10-13 17:32:31,140065,@VirginTrains It’s the new service by Virgin https://t.co/LIEg8yoPwF,VirginTrains
879645,2017-10-13 17:34:25,328848,@AmericanAir Was my last Tweet unclear? American Airlines has never received an email from me. I can only contact through twitter. Please advise urgently,AmericanAir
277199,2017-10-13 17:35:35,182224,"@182225 how come every time I click on a program within prime video, it's says it's not available in my location. Infuriating!",AmazonHelp
879308,2017-10-13 17:36:26,328749,@AppleSupport I am speaking to apple support on the phone No Luck yet,AppleSupport
885489,2017-10-13 17:42:31,330258,@AmazonHelp Lol- been through all of this. It now says delayed. Didn't say that whilst I was sat waiting all day after being told it would arrive by 5,AmazonHelp
883235,2017-10-13 17:46:36,329740,"@Uber_Support Having unavailable credit in US when I live here and all my cards are from here, doesn’t make sense.",Uber_Support
1071016,2017-10-13 17:47:20,372739,@AppleSupport iPhone 7Plus,AppleSupport
888578,2017-10-13 17:47:56,325676,@SpotifyCares My list of albums is cluttered. How do I delete the ones I no longer want ?,SpotifyCares
882992,2017-10-13 17:48:56,329682,@AmazonHelp FYI @115850 @115821 https://t.co/GGohaPm4L1,AmazonHelp
890830,2017-10-13 17:53:06,331520,"@AmazonHelp Just checked, it's still the same. It was dispatched yesterday as it's a pre-ordered video game, its release date is today.",AmazonHelp
1804585,2017-10-13 17:53:24,203193,@542212 Hello @AmericanAir. Do you forsee any impact on flights heading to @118580 on Tuesday 10/17 due to the fires in Napa/Sonoma? Thanks.,AmericanAir
862787,2017-10-13 17:55:39,324867,"@AppleSupport 11.0.3 iphone
Previous for iPad",AppleSupport
888858,2017-10-13 17:57:23,330430,@TMobileHelp @115913 I'm still waiting on your call.  I'm leaving where I am in about 5 minutes &amp; won't have service,TMobileHelp
922202,2017-10-13 17:58:00,338922,@115850 complained but not a single satisfactory answer. Kept saying that we r working on missing but no deadline… https://t.co/Z6dZ1bSO78,AmazonHelp
414161,2017-10-13 18:00:01,213836,@SouthwestAir All you spew is lies... you have now moved the November flights up an hour to 5:45... why do you hate me ?,SouthwestAir
907515,2017-10-13 18:05:32,335505,DM @824 twice changed upcoming flts to crazy sched. 9 am to 5:20 am and 5 hour layover? No credit? 2 hr wait on phone? Ridiculous,Delta
894595,2017-10-13 18:06:04,332413,Lazy @115821 delivery person strikes again! Second time in a month or so. https://t.co/nxYYJGSGJQ,AmazonHelp
894871,2017-10-13 18:08:49,332476,"@AppleSupport @O2 latest iPhone update is awful, phone constantly crashing, constant loss of sound, weak signal. Please sort out ASAP",AppleSupport
1797170,2017-10-13 18:11:05,540001,@SpotifyCares invite link for family accaunt does not work. I sent already several times the link. I tried already different browsers,SpotifyCares
886310,2017-10-13 18:11:50,330439,@VirginTrains Ok Thanks Big Help Cheers,VirginTrains
895242,2017-10-13 18:14:08,327801,I did join the fight with @AmericanAir https://t.co/RzipEmhcCK,AmericanAir
894589,2017-10-13 18:14:15,332411,"@AmazonHelp Kurze Anmerkung: ""Mr. Robot [OV/OmU] Staffel 3"" gibt es auf Englisch mit nicht ausschaltbaren deutschen (!) Untertiteln.",AmazonHelp
890167,2017-10-13 18:19:20,331327,"Hey, @AppleSupport! I can’t connect outlook. Did you fix it on iOS 11.0.2? https://t.co/ISbO9lGdIt",AppleSupport
729712,2017-10-13 18:19:33,332412,"@115825 Wäre schön wenn man als Amazon Prime Mitglied auch wirklich den Player gratis schauen könnte und nicht noch zusätzlich 4,99€ pro Monat zahlt",AmazonHelp
895257,2017-10-13 18:19:37,332566,@TMobileHelp Thank you!,TMobileHelp
917208,2017-10-13 18:23:28,337755,"@Uber_Support can't reset password, email address you have is incorrect. Any way to resolve??",Uber_Support
895482,2017-10-13 18:26:31,332636,@comcastcares Then why are some things from the same network available on the app while others aren't.  Your answer contradicts itself.,comcastcares
1804881,2017-10-13 18:27:13,331329,@AppleSupport my phone screen has been unresponsive for almost two hours. Only my power button works BUT it won’t cut off my phone.,AppleSupport
894606,2017-10-13 18:27:58,332415,@AmazonHelp It does not say out for delivery. At all. 2/2,AmazonHelp
908338,2017-10-13 18:32:09,329263,And even more delays @Delta. Again not updating passengers on delays until it’s already past time to leave. Worst service ever!,Delta
897289,2017-10-13 18:33:49,333080,@SpotifyCares went to check and it's sorted itself out (Y),SpotifyCares
908733,2017-10-13 18:34:06,335836,"@VirginTrains I have yet to take one of your trains, ON TIME, this year. #traindelays",VirginTrains
870047,2017-10-13 18:34:54,326595,"@AmazonHelp Order # 114-7258307-3697043
11 y/o son saved his $ to buy this R/c car. Does not work. Millersbenefits does not respond to my query.",AmazonHelp
807487,2017-10-13 18:36:18,312425,@AmericanAir oh yeah? After 52 minutes I had to hang up. Obviously this is a deterrent to using air miles to pay for flights...just what you want?,AmericanAir
896707,2017-10-13 18:38:06,332951,@AmazonHelp I've been on hold for a manager for 20 min. I received an email while on hold from someone named Van who said there is nothing they can do.,AmazonHelp
897645,2017-10-13 18:39:41,333173,@AppleSupport so when I am not going to have to wait 30 seconds for my phone to wake up after pressing the home button? #ios11,AppleSupport
809561,2017-10-13 18:41:47,312902,@Uber_Support Done,Uber_Support
902367,2017-10-13 18:43:43,334227,@AmazonHelp do you know what time delivery stops. I payed for next day delivery. Got the dispatched email but it still hasn’t arrived 19:43,AmazonHelp
894660,2017-10-13 18:49:22,332429,"@AmazonHelp That worked, thanks.",AmazonHelp
905544,2017-10-13 18:51:44,231231,@Delta hello! Why the delay for DL2765 from PHX to JFK?,Delta
905697,2017-10-13 18:54:11,335017,Feeling the Love from @SouthwestAir !  Thank you for the fun gift.  See you soon! https://t.co/QHAdmq6KVK,SouthwestAir
898055,2017-10-13 18:58:31,333272,@VirginTrains Well do better. It’s 2017 and this has been happening for years. People have paid £210 for this train to be stood the whole journey. 1/2,VirginTrains
905387,2017-10-13 19:00:05,166069,@AppleSupport since I’ve downloaded IOS 11 on my iPhone 7 my battery drains a lot quicker. Why?,AppleSupport
897482,2017-10-13 19:00:10,333147,"@AmazonHelp No, they changed the password, then changed emails",AmazonHelp
1089472,2017-10-13 19:03:35,377029,@AmericanAir 566,AmericanAir
1797631,2017-10-13 19:03:40,540148,@Uber_Support I have already emailed to Uber and they do not care. I have proof of my innocence as well as the scam going on and they do not care https://t.co/9erz9Ykrq0,Uber_Support
1090573,2017-10-13 19:03:45,377316,"@DELTA missed my daughters pickup. NYC-Boston shuttle disastrous - 10pm left 1145pm last night, today 130pm flight leaving after 3pm. Sigh!",Delta
287334,2017-10-13 19:07:38,177530,"@AmazonHelp @4030 @118702 @115937 @4110 @4168 @119356 @115821 @131283 @144775 @2517 @115830 @115850 Dear Amazon,
There is a limit to being shameless. Stop these malpractices of selling faulty e-products.
#ScamAtAmazon
#Day55
Shame on you🤔",AmazonHelp
1805174,2017-10-13 19:10:47,542389,@115913 @158861 @115911 Are they going to be putting more towers in. Where I live there's no signal at all. We have to drive 10 miles to get signal.,TMobileHelp
902690,2017-10-13 19:13:27,334279,@AppleSupport Sei nada de inglês,AppleSupport
903798,2017-10-13 19:17:31,334548,@VirginTrains can I have refund plz,VirginTrains
907654,2017-10-13 19:18:23,335535,"@SpotifyCares desktop and mobile. but I don't get an error on mobile, it just won't play 😢",SpotifyCares
708509,2017-10-13 19:18:42,289376,"@AmazonHelp hI, THANKS FOR YOUR REPLY i DO NOT HAVE AN ACCOUNT WITH AMOZON , BUT i GOT THAT EMAIL    ""Auto-Confirm Amazon"" &lt;__email__&gt;",AmazonHelp
1089477,2017-10-13 19:23:22,377029,@AmericanAir I DM’d you @AmericanAir,AmericanAir
1090507,2017-10-13 19:25:30,377295,Hey @115858 why do videos I took on my phone need to buffer or fail to play? Shit don’t add up,AppleSupport
1090100,2017-10-13 19:28:18,318007,@comcastcares This is ridiculous.  Out again today after being out over the weekend.,comcastcares
929926,2017-10-13 19:28:25,340635,"@Uber_Support 
when I want make an order. The app always say it. I want delete my account, but cannot do it. https://t.co/TmhbxKpFv9",Uber_Support
1090664,2017-10-13 19:33:24,377338,@AmericanAir Yes please! Explain away.,AmericanAir
890769,2017-10-13 19:33:34,331502,"@AmazonHelp Great, thank you",AmazonHelp
910535,2017-10-13 19:36:51,165587,@AppleSupport where do you provide feedback and issues for apple notes? not listed on this page anywhere. https://t.co/ujkn6sEkVj,AppleSupport
1124454,2017-10-13 19:39:14,159292,@SpotifyCares What gives? Please check your message inbox as I missed your last message from a couple of days ago and responded 3 hours ago.,SpotifyCares
913047,2017-10-13 19:44:48,336836,Only 6 hours delayed out of Grand Rapids with @Delta #sarcasm #comeonman,Delta
845285,2017-10-13 19:44:56,298995,@AmazonHelp In French,AmazonHelp
763037,2017-10-13 19:50:22,302332,@AmazonHelp I completely agree... Amazon is the best thing that has happened for easy shopping...,AmazonHelp
1092311,2017-10-13 19:50:30,377750,"@SouthwestAir  awesome crew DCA - LAS #5M6HRY #southwest Sip, Watch, Relax, Repeat. Our daughter is so relaxed! https://t.co/RTWAjhPoS1",SouthwestAir
911132,2017-10-13 19:52:05,200518,@TMobileHelp @115913 I had to give up after five hours cause I'm leaving work and have to be driving home for the next hour.,TMobileHelp
915227,2017-10-13 19:53:13,337317,@AppleSupport all my photos just got deleted from my phone ):,AppleSupport
915039,2017-10-13 19:54:58,337286,"@116875 por que no puedo pagar con mi saldo disponible si es superior al monto a pagar.   
:( ??????",AmazonHelp
903758,2017-10-13 19:57:52,334539,@VirginTrains @334540 @144302 Thank you we are,VirginTrains
915211,2017-10-13 20:01:11,337313,"@applesupport  why i can’t download apps from appstore,from Sudan.",AppleSupport
910813,2017-10-13 20:01:22,336318,@Delta Not that difficult,Delta
924936,2017-10-13 20:02:09,339495,Yo I ordered from @115877 2 hours ago &amp; never got my food and I still got charged. Dude I'm not happy right now. https://t.co/Rqa1LHqD5U,Uber_Support
939524,2017-10-13 20:05:01,342712,Cuando @115821 te cancela la compra...después de casi un mes de espera...ALV,AmazonHelp
1796853,2017-10-13 20:09:22,539912,@120640  I WAS KICKED OUT THE CHI-NORTH AVE STORE FOR BEING BLACK! AFTER BUYING A 1375$ COMPUTER.,AppleSupport
917520,2017-10-13 20:13:00,337834,@AmericanAir lAte Again AA3299,AmericanAir
915382,2017-10-13 20:18:49,337348,"@115873 -- driver took 10 mins when quoted wait was 2, then he drove wrong direction and stayed in one spot. Why do I pay the cancelation?",Uber_Support
925230,2017-10-13 20:19:14,377962,@339558 @115913 @333285 @115911 Same in West Virginia and Virginia. Network kept breaking.,TMobileHelp
913722,2017-10-13 20:20:13,265369,@Delta has Delta considered adding flights from CLT Charlotte to BOS Boston?,Delta
1093537,2017-10-13 20:22:55,302862,@AppleSupport what does Read and write mean under photo privacy? Does that mean apps can make changes as well as see all my photos?  #iOS11 https://t.co/A2XWxT7UBI,AppleSupport
929680,2017-10-13 20:23:16,340573,bummed that all of a sudden @115821 won't deliver my @130626 #WWE2K18 deluxe game today that I pre-ordered in June. Have to wait.,AmazonHelp
1797690,2017-10-13 20:25:49,540162,@SpotifyCares i got charged twice this month???,SpotifyCares
1796883,2017-10-13 20:31:46,539923,Why does my apple iCloud account not log in? I’ve literally done everything I could think of? Requested recovery but nothing? @AppleSupport,AppleSupport
890731,2017-10-13 20:34:17,340181,@331493 @120540 Mai. Proprio oggi NON sono arrivate due spedizioni diverse. Mentre @72080  è sempre stato preciso e puntuale. Pressapochismo italiano?,AmazonHelp
915181,2017-10-13 20:41:01,337309,"@AppleSupport I have a iPhone 7. My phone freezes periodically, especially when trying to multitask. There’s also times when I am unable to make a call...",AppleSupport
907811,2017-10-13 20:43:36,335575,@AmericanAir I need flights and hotel stay reimbursed.,AmericanAir
941150,2017-10-13 20:45:27,343112,@Delta what’s the delay on DL1076?,Delta
924373,2017-10-13 20:47:07,339367,"the sticky part of the envelope stuck to the dust cover and it ripped, im sad pls fix this @127390 @AmazonHelp https://t.co/RQ6Hcy1OBQ",AmazonHelp
915194,2017-10-13 20:47:26,168554,@AppleSupport It's an iPhone 7. Tons of iCloud storage for messages,AppleSupport
1095376,2017-10-13 20:47:43,378493,"@SouthwestAir my wife and I changed our names, and your website says tweet you for directions on how to update our accounts - help!",SouthwestAir
939826,2017-10-13 20:51:30,342793,@Uber_Support could you reply. Cause i have a huge ass problem with y’all shitty ass shit.,Uber_Support
919759,2017-10-13 20:53:27,338325,@VirginTrains doesn't quite seem right that the emergency leaver isn't reachable to those who fall? https://t.co/p4NlVRTakh,VirginTrains
814930,2017-10-13 20:54:14,314071,@AppleSupport It has been happening in multiple conversations.,AppleSupport
1094912,2017-10-13 20:54:41,378363,@TMobileHelp @115913 Sent a DM,TMobileHelp
1094250,2017-10-13 20:56:25,378265,"@378266 @AmazonHelp En même temps, un vendredi 23h je peux pas lui en vouloir d'avoir répondu vite fait :/",AmazonHelp
922314,2017-10-13 20:58:55,338949,Fix the damn lock screen bug already @115858,AppleSupport
923431,2017-10-13 21:00:15,339148,"@comcastcares But you know what? I'll wait and call FPL to trim that tree. Not cut it down since if it falls on the power lines, we're screwed.",comcastcares
424465,2017-10-13 21:09:45,216026,@Delta my seat on flight DL0402 keeps having water dripped on. I'm soaking wet. The water is leaking through the napkins. SO BAD https://t.co/JuOVXd8vuZ,Delta
922329,2017-10-13 21:11:29,221219,@AppleSupport @115858 So. I'm now updated to iOS 11.0.3 and still having battery issues. Hope you plan on rectifying this sometime soon!,AppleSupport
941098,2017-10-13 21:13:49,343100,"@Uber_Support Note my ID
__email__",Uber_Support
994571,2017-10-13 21:14:41,355584,@SpotifyCares app logged me out and was set to offline. Won't let me log in because of that and can't change it because i can't log in-help?,SpotifyCares
870032,2017-10-13 21:16:39,326590,@AmazonHelp El problema no es del transportista sino vuestro. Ponéis una fecha exacta de entrega y el mismo día avisáis de que ha habido un problema,AmazonHelp
782826,2017-10-13 21:16:46,306867,@203563 @TMobileHelp @115913 Told you 😂,TMobileHelp
1097450,2017-10-13 21:19:40,185213,Oh yes. Can you get these please @AmericanAir ? Pleazzzzzzze. https://t.co/Y9tuIUIxh3,AmericanAir
924568,2017-10-13 21:23:15,339410,"@AppleSupport Hey Apple, it is very urgent to recover my account, I need help please !!!",AppleSupport
1797663,2017-10-13 21:27:47,540156,"Why have all the lyrics of my songs gone from my phone? I have downloaded iOS 11.0.3 and, ta-da! None of them is there! @AppleSupport (+)",AppleSupport
936076,2017-10-13 21:28:17,341920,@AmazonHelp sucks when I order shipping boxes and get drink mix instead. 2nd time this has happened. https://t.co/IWEfUazvHU,AmazonHelp
1100901,2017-10-13 21:31:21,379744,This @Delta flight is SOOOO HOT!!! 😭,Delta
936537,2017-10-13 21:32:49,342021,@Uber_Support CAN YOU HELP ME,Uber_Support
1072483,2017-10-13 21:41:47,373075,@AppleSupport I hope you will be disappointed I think I am upset with you I do not know why you do this You buy the iPhone 8 Do not want,AppleSupport
419730,2017-10-13 21:43:20,215045,@SouthwestAir Any chance of changing the policy? Flying Delta this weekend. My wife wasn’t having it twice!!,SouthwestAir
1098751,2017-10-13 21:45:43,379276,@AmericanAir it's amazing I am not even flying your airline and I am still reminded your employees are worthless.,AmericanAir
927097,2017-10-13 21:49:32,339974,@TMobileHelp I hope you can help.,TMobileHelp
931936,2017-10-13 21:49:34,215396,@AmazonHelp If I make a purchase on the app does it count toward my Smile charity or do I have to go to the website?,AmazonHelp
1097428,2017-10-13 21:51:20,378966,"@SpotifyCares No it doesn't unfortunately, happened sometime after a recent update on Android",SpotifyCares
939909,2017-10-13 21:54:52,342814,"Oh Martha, have you ever had the cinnamon biscuit cookies on @Delta ??? They are fabulous! https://t.co/1kI5Ej2Cz7",Delta
926415,2017-10-13 21:55:50,339817,@AppleSupport It shows the lightning bolt symbol next to the battery but the percentage is going down,AppleSupport
952440,2017-10-13 22:03:06,345970,@Uber_Support This uber driver just called me and asked me where was i going i told him i drive for uber and he is not suppose to ask me,Uber_Support
954358,2017-10-13 22:08:43,346451,@115850 Good job on running a bank. Keeping our money. Disconnecting customers calls. Great job done. Kudo's,AmazonHelp
928040,2017-10-13 22:10:24,340196,@AppleSupport Thanks for replying. I’m using iPhone 6s and iOS 11.0.2.,AppleSupport
933976,2017-10-13 22:16:25,341553,@AmericanAir Christy at F18 Philly got me on. Thank you to her,AmericanAir
1797705,2017-10-13 22:19:56,540168,"@AppleSupport I’m not being mean but this is by far the worst iOS update I’ve seen so far. Please fix that quickly, I’m a bit fed up with it",AppleSupport
929995,2017-10-13 22:22:11,127172,"@SpotifyCares Windows 10 desktop. No error messages other than the blue notification that ""this song is not available""",SpotifyCares
424468,2017-10-13 22:23:00,216027,.@Delta is stepping up your airport experience by automatically sending your boarding pass https://t.co/g39Uqv2MqO via @138069 @41166,Delta
930509,2017-10-13 22:23:31,340738,"@TMobileHelp That’s a fact, they are trying steal me away from #TeamMagenta but I’m not leaving 😂 and no, I don’t need help with anything 👌🏽",TMobileHelp
838588,2017-10-13 22:26:36,307715,@AmazonHelp Though what I cannot abide is being lied to by your staff. I want to make a complaint. Please explain the process,AmazonHelp
958429,2017-10-13 22:29:30,334590,"@Uber_Support Hi, how do I delete my Uber account and leave you with none of my card or personal details?",Uber_Support
926438,2017-10-13 22:31:19,339824,@AppleSupport I have an iPhone 6 with iOS11.0.3,AppleSupport
923597,2017-10-13 22:38:23,216858,@115821 @AmazonHelp Why would you even bother sending a warped LP? I want my money back or the same LP sent again. Im not sending this back. https://t.co/BhwVvgXPCw,AmazonHelp
894867,2017-10-13 22:43:46,332475,@AppleSupport The color on the bottom is messed up also .. https://t.co/sfNvwOln4K,AppleSupport
1099372,2017-10-13 22:49:34,379431,@Delta Thanks! Hoping I get in tonight. LSU game tomorrow. 😬,Delta
936184,2017-10-13 22:51:31,341947,"@AppleSupport help! got the new iPhone, pics didn't transfer (despite back up) and watch won't pair!",AppleSupport
1798170,2017-10-13 22:52:21,540303,"@116130 I want to cancel my subscription, but trying to do this a fucking joke, nothing is straight forward why????",SpotifyCares
888731,2017-10-13 22:53:24,238381,@SouthwestAir That’s ridiculous!  When did SWA become Vince Lombardi and start saying if you’re on time you’re late?,SouthwestAir
961625,2017-10-13 22:55:23,324262,@115873 driver with California license plate “ANTBERT” is driving very dangerously has and uber sign. Be warned,Uber_Support
838594,2017-10-13 22:56:03,307715,@AmazonHelp I also asked for a copy of your customer complaint policy which was also refused. Care to forward (if it exists?)?,AmazonHelp
936882,2017-10-13 23:00:00,342096,Hey @comcastcares me being disconnected from the network constantly while trying to watch hockey does not make me happy.,comcastcares
1102024,2017-10-13 23:03:08,380029,@AmericanAir is worse than @137434  now. Smh.,AmericanAir
937715,2017-10-13 23:06:22,342282,Is anyone else’s messages not working @115858,AppleSupport
936814,2017-10-13 23:06:25,342082,@VirginTrains At least your train doesn’t smell like a happy Baki farm @TfL,VirginTrains
931830,2017-10-13 23:11:36,341040,@AmazonHelp Carrier says AMZL US,AmazonHelp
1101558,2017-10-13 23:16:09,379909,@TMobileHelp WHAT’S WRONG,TMobileHelp
939604,2017-10-13 23:18:59,342733,@115821 well i got this email today and i don't trust it https://t.co/TwCJanXRwL,AmazonHelp
940975,2017-10-13 23:22:47,343069,When @115858  needs to fix the lockscreen issue that has been affecting my iphone 7 plus since i downloaded https://t.co/xhYOldw5nm,AppleSupport
936523,2017-10-13 23:23:10,342017,@Uber_Support How? Is there number we could call to talk with a person? Cause we’ve had no progress through the app,Uber_Support
1798217,2017-10-13 23:28:42,540320,Well that’s a first. I was upgraded then downgraded in seating by @Delta ... and delayed four hours. 👍🏼,Delta
890858,2017-10-13 23:29:23,331525,@AmazonHelp It’s your carrier.,AmazonHelp
941283,2017-10-13 23:35:32,343150,I would ask you @AmericanAir to revise the issue I explained via message. Thanks,AmericanAir
1102919,2017-10-13 23:39:40,380261,How is my @115858 charger not supported for my Apple phone smh,AppleSupport
938296,2017-10-13 23:39:45,342429,"@SouthwestAir Called your support because MDW is having problems. 
Agent was upset at having to interrupt her previous conversation to answer (1/?)",SouthwestAir
1798599,2017-10-13 23:42:31,540425,"@SpotifyCares 
Trying to change my location between countries but the drop down menu is greyed out and wont let me change?",SpotifyCares
941393,2017-10-13 23:50:03,343174,@162285 night mess it either by you or @116136 I believe. It effects internet also for your information. Please fix it with @116136,comcastcares
944200,2017-10-13 23:52:36,343881,"@AppleSupport I've done those already. They return to normal, but freezes again after a few minutes.",AppleSupport
942940,2017-10-13 23:58:02,343546,"@TMobileHelp 342 E Noble Ave, Williston, FL 32696. There is no signal at all. Due to security reson we dont allow to use wifi.pls figure out",TMobileHelp
1799506,2017-10-13 23:58:37,343105,@115873 @115873 drivers really threatening to shoot black men in the head? We can't win anything,Uber_Support
932061,2017-10-13 23:58:47,340644,@Delta My experience was not positive at 5pm est,Delta
931684,2017-10-14 00:05:02,341006,@AmazonHelp https://t.co/tNsESaaKvH,AmazonHelp
942545,2017-10-14 00:10:47,343446,@AppleSupport the very newest one. I updated yesterday. iPad Pro,AppleSupport
1265672,2017-10-14 00:14:00,416376,"@SpotifyCares very difficult site to maneuver - need to talk to someone, not type. Won't letbme out site after we signed up for premium",SpotifyCares
944633,2017-10-14 00:18:21,343988,@AmericanAir Get me out of Kona and don’t make me sleep on the LAX floor like your help line is telling me to.,AmericanAir
927823,2017-10-14 00:18:43,340139,@AmazonHelp Can't say it does. Considering when I pre-ordered it said the release date. https://t.co/jxkkIfDNuP,AmazonHelp
946824,2017-10-14 00:24:57,344529,@115858 y’all think Ima update to the iPhone 8 or X well guess what? IM NOT since that damn update my phone been trippin 🙄🖕🏽,AppleSupport
937970,2017-10-14 00:28:07,195300,Arriving in Chicago on @SouthwestAir Flight 1404. https://t.co/0Ob9TGOjZQ,SouthwestAir
947386,2017-10-14 00:30:49,344674,@116136 I NEED WIFI,comcastcares
936517,2017-10-14 00:31:36,303875,@Uber_Support Still having issues :( :( your staff fails to address my problem. I seriously just  am ready to delete the app,Uber_Support
424454,2017-10-14 00:37:01,216026,@Delta I want some kind of reimbursement for this. that was disgusting,Delta
910537,2017-10-14 00:39:31,336268,@AppleSupport One plus,AppleSupport
946531,2017-10-14 00:40:57,344456,You know what's really annoying? Ordering something from @115821 with Amazon Prime and not getting it when you're suppose to.,AmazonHelp
786617,2017-10-14 00:51:14,307649,@Uber_Support I do not see a place to leave a note. All I see are drop down menus. I received a credit but want a refund as I do not use Uber often.,Uber_Support
954383,2017-10-14 00:57:13,346457,That feeling you get when you use to love @115821 and one annoyance on a order and customer service can't do anything.  Well #canceled,AmazonHelp
947141,2017-10-14 00:58:06,344613,"@AmericanAir The flight from JFK was great, made up much time. All lost due to O'Hare incompetence",AmericanAir
952321,2017-10-14 01:06:46,345937,@Delta flew in August from San Diego and tonight from SLC and the Rep. at the gate was downright rude.,Delta
1105445,2017-10-14 01:08:39,380861,"@115911 service is so awful, I'm so switching over to @115725 I've heard so many awesome reviews about them!",TMobileHelp
950659,2017-10-14 01:08:40,345495,"My hair looks like shit now cause my @115873 driver won’t shut his windows. Thx a lot, not like I spent an hour of my life on this or anything",Uber_Support
870176,2017-10-14 01:09:16,326613,@AmazonHelp I have no linguistic bias but people in ur call centre don't understand english. Eventually I have to start in hindi.,AmazonHelp
1798544,2017-10-14 01:14:20,540412,@AppleSupport why does my phone keep asking me to sign into my Apple ID &amp; everytime I put in my password it says it's incorrect,AppleSupport
1799543,2017-10-14 01:14:37,540706,@115888 why the hell do you feel the need to put back to back 30 second ads after every single song🚨🤗🖕,SpotifyCares
950266,2017-10-14 01:16:47,345386,@AmazonHelp Why can't @115821 drivers ever seem to deliver my items on time? Member since 2006 #Primesucks,AmazonHelp
949573,2017-10-14 01:18:41,345215,"@comcastcares FYI, the guide has it listed as ""Global Rallycross"" and not the 76ers. Thanks",comcastcares
1011804,2017-10-14 01:25:43,359403,@AppleSupport  Are the EarPods with 3.5mm Headphone Plug the same as the ones that come with the  iPods 5th Gen,AppleSupport
952451,2017-10-14 01:30:30,345114,@AmericanAir There was no hotel shuttle! Called the hotel. Did not receive a taxi voucher. Went back up to AA and got in line.,AmericanAir
905266,2017-10-14 01:31:20,334910,"@AmazonHelp And now the powder was delivered. How though, the location was not secure and nobody signed for it. Now sure how that makes any sense.",AmazonHelp
955245,2017-10-14 01:39:31,346636,No bother when the police stops your uber driver and you're sat for 5 minutes while he's interrogated 😬,Uber_Support
954318,2017-10-14 01:43:27,346437,Come on @115821 - this packaging is ridiculous! Please use smaller boxes and waste less cardboard. #savetheplanet https://t.co/OSr7l87Ow5,AmazonHelp
958284,2017-10-14 01:47:28,170670,I know I already gave props to @Delta a few days ago but they upgraded this injured gal to Comfort+ to be more accommodating. Fav airline.,Delta
951787,2017-10-14 01:50:15,345795,@AppleSupport I think no problem before update ios 11.03 i use this hdmi device  i cant any problem its really smooth after i update ios i find this,AppleSupport
957430,2017-10-14 01:56:49,347170,@AmericanAir you suck. Third flight this week my chair wouldn’t decline!!! Come onnnn.,AmericanAir
956283,2017-10-14 01:58:06,346903,"@115821 Amazon shipping has become very terrible!!! Go back 2 UPS and FedEx!!!! Last 4 packages, 2 this week have been late. Ridiculous.",AmazonHelp
957930,2017-10-14 02:04:36,347297,@115833 please tell my son to take out the trash when he gets home from school,AmazonHelp
961820,2017-10-14 02:05:06,348237,@SouthwestAir Taking off. Will reply tomorrow,SouthwestAir
956331,2017-10-14 02:09:00,346910,@AppleSupport iPhone 6. IOS 11.0.3,AppleSupport
958491,2017-10-14 02:10:52,347425,Have resorted to booking a ride through the world's crappiest cab app after holding for 10 mins. When is @115873 coming to Vancouver? https://t.co/674hOJjQj0,Uber_Support
1798959,2017-10-14 02:11:17,347198,@TMobileHelp so once again I'm left without service. Seriously what the hell am I'm paying you guys for!,TMobileHelp
789298,2017-10-14 02:16:32,348385,"@119625 Team, can you plz shoot this offer and relevant terms and conditions of the samE?",AmazonHelp
1798860,2017-10-14 02:18:28,540509,@Delta need to add my husband to my Delta reservation and can't get through on your customer service line nor website chat. Please advise,Delta
1113011,2017-10-14 02:25:08,382678,Someone hacked my Facebook that was linked to my Spotify. Fucking lovely,SpotifyCares
958439,2017-10-14 02:27:45,347415,@Uber_Support Thanks!,Uber_Support
850444,2017-10-14 02:30:42,322045,@AppleSupport Booted safe mode...didt have any problems. Now boots in 1 minute. Is there way to see system boot info similar to  when linux system booting,AppleSupport
952018,2017-10-14 02:32:58,345851,@345836 @AmazonHelp I've notice this happen a lot as well. I'll order something with prime 2-day and it won't actually even ship for a week!,AmazonHelp
958524,2017-10-14 02:33:47,347433,"@AmericanAir Thanks for the prompt response, I have dm you.",AmericanAir
963440,2017-10-14 02:40:18,348651,"@Delta I’m not saying a specific date, I’m saying ALL dates and I’m looking for Miles, this is just the error that comes up. Is there a reason?",Delta
665201,2017-10-14 02:45:15,208740,"@AmazonHelp I want that you scam should be highlighted n the fraud you All doing with innocent client 
N I will take this case to higher level for sure",AmazonHelp
960591,2017-10-14 02:48:56,347437,Shoutout to @SouthwestAir for turning this frown upside down in under 10 minutes.  Thanks team! 🥂🥃🍻🍸🍹🍷 https://t.co/yT5XDTiJaf,SouthwestAir
960686,2017-10-14 02:52:55,347976,@comcastcares No one to help,comcastcares
952216,2017-10-14 02:54:25,345913,@345912 @AppleSupport Did you make your Apple ID on a phone or computer? And when..... it’s not that hard,AppleSupport
961445,2017-10-14 02:54:41,348155,"@115821 So, I gather your customer service isn't going to contact me. Wouldn't be the first time but it will be the last! #AmateurHour",AmazonHelp
960505,2017-10-14 02:55:34,347920,@Uber_Support @347919 Shouldn't you be contacting 911?,Uber_Support
959601,2017-10-14 03:04:46,347675,@Delta  https://t.co/Vm9WDrfWSB,Delta
962573,2017-10-14 03:08:17,348410,"Amazonからこんなの来たけど無視していいですよね？
有料動画とか見てねぇしそもそもAmazon利用したことねぇ https://t.co/jev95pgdsF",AmazonHelp
945475,2017-10-14 03:17:21,344186,"@AmazonHelp Oigan, pero para entrar al SAC necesito iniciar sesión y no puedo ingresar a mi cuenta. :'(",AmazonHelp
1806758,2017-10-14 03:19:15,542816,@Uber_Support Had two terrible drivers in a row in Montreal. Both had no clue where they were going even with a GPS and an address.,Uber_Support
921773,2017-10-14 03:25:15,338819,@AmazonHelp I've gone this route. Quickly dismissed by customer 'service'. I wrote back right away. Still no response. #smh,AmazonHelp
966028,2017-10-14 03:31:29,349261,"Yo, @AmericanAir, if I offer to serve drinks and peanuts myself, is there anyway we can get flight 1793 in the air a little sooner?",AmericanAir
965227,2017-10-14 03:40:03,349045,Amazonのメルアド変更するの忘れててログイン出来なくなった。困った,AmazonHelp
963524,2017-10-14 03:40:44,348675,@115913 @115911 nobody answer,TMobileHelp
1001260,2017-10-14 03:44:33,357043,"@115858 dude, you guys have to fix these god damn bug issues! Cmon Man!",AppleSupport
966702,2017-10-14 03:45:19,304871,You'd think if all DC-lga  @Delta shuttles must wait 40 mins on the tarmac they could ...wait for it...schedule the flights 40 mins later,Delta
926755,2017-10-14 03:48:46,198731,@Uber_Support @116288 @115873 from past one week now I am facing this issue. New problem arises once one solved and no response from your team.,Uber_Support
968085,2017-10-14 03:50:17,349802,@115850 why does a Amazon echo delivery take over 3 weeks with a prime membership?,AmazonHelp
1110006,2017-10-14 03:53:48,381952,Great flight @SouthwestAir to California https://t.co/lao1dP7qeM,SouthwestAir
968081,2017-10-14 03:59:43,349801,Hey @115850 when will my product deliver. After numerous calls to the customer call have no idea where exactly is my #one_plus,AmazonHelp
1806907,2017-10-14 04:03:56,181497,@SpotifyCares Hi! Is there any way I can go back to the old layout? The new layout is still not letting me add songs to my playlist.,SpotifyCares
965176,2017-10-14 04:06:38,349038,"When i order from @115821  i expect  #prime quality until my package arrive to my home, but your logistics and customer service keep failing",AmazonHelp
1121148,2017-10-14 04:10:00,384483,"@AppleSupport after the updation of iOS 11.0.3 some of the apps are not working.the app shown in the video is my banking app,important app.. https://t.co/gT4sGCs3yV",AppleSupport
965792,2017-10-14 04:14:02,349192,@115821 your chat help is useless. They speak poor English and just want to offer me a free month of prime. I just want my money back!!,AmazonHelp
969574,2017-10-14 04:24:22,350128,@115900 @comcastcares @21389 @116136 kudos to Patrick in NV Tier 2 Tech Support for his patience &amp; cool manner fixing my problem,comcastcares
1120763,2017-10-14 04:24:40,384396,"@115877 hi, I haven’t ordered from UberEATS since July, yet I see a transaction on my bank account for £36.02 on the 4/10/17. What do I do",Uber_Support
802441,2017-10-14 04:27:34,197649,@AmazonHelp Requested since two days still no invite,AmazonHelp
958003,2017-10-14 04:38:21,347310,"@AppleSupport No issues not how to use it. The question is where has it gone after update. I have sent DM, cheers",AppleSupport
969350,2017-10-14 04:46:04,350086,Missed @123765 for whole day y'day becoz @115821 didn't deliver new phone &amp; I am back  my old #smartphone whom I formatted y'day. Sad :( https://t.co/of4m72XQ5h,AmazonHelp
1807254,2017-10-14 04:52:26,215109,@delta has now ignored my customer service email for 3 days,Delta
1111325,2017-10-14 04:54:02,382302,@SpotifyCares Lol you didn't help me at all u just linked me spotify premium? why would i pay for a service that is flawed?,SpotifyCares
969403,2017-10-14 04:56:44,350100,@AmazonHelp Order canceled. Paid using Amazon Pay. Refund not issued. WHY??? #AmazonGreatIndianFestival,AmazonHelp
969094,2017-10-14 05:04:22,349811,"@AmazonHelp Do you guys understand English? I asked for a call back on this number 880-268-8868.

2nd thing - I'm sure you guys don't maintain FRT.",AmazonHelp
1110725,2017-10-14 05:08:49,382143,"@Uber_Support It's become a known issue w/ your drivers. My @115879 =$22. My @115873 was $28, then went to $58 after driver cancelled. Look @ your policies.",Uber_Support
755013,2017-10-14 05:16:08,300477,@AmazonHelp Have again submitted details. And today's the last day I am gonna wait for any resolution.,AmazonHelp
1002742,2017-10-14 05:23:16,357353,@AppleSupport my phone keeps making a noise like a smoke detector all on its own! Even if on silent! What’s going on??,AppleSupport
977754,2017-10-14 05:30:15,229484,@115850 just cheated me I bought iPhone 7 for ₹39999 on 5th Oct. and notlw it is selling at ₹37999. What crime i hv done to lost ₹2k,AmazonHelp
969338,2017-10-14 05:37:19,188586,@AmazonHelp And then spend your revenue resources for that pool based on those statistics.,AmazonHelp
1111318,2017-10-14 05:40:27,358794,@Uber_Support Just sent you dm,Uber_Support
885697,2017-10-14 05:43:22,330309,@AppleSupport Thanks @AppleSupport for helping me fix my phone on a Friday night. That’s awesome customer service! #MistressKora #CustomerService #Apple,AppleSupport
979440,2017-10-14 05:43:34,352278,"@115850 Is it better to use brick and mortar shops for everything except books? Losing faith in Amazon India ecomm.
CC: @115851",AmazonHelp
971839,2017-10-14 05:50:05,350544,@115850 Items for me and a new box for the little guy. Thanks for making everyone happy! https://t.co/uHCkLZBD0i,AmazonHelp
981382,2017-10-14 05:54:03,352692,@115850 why my honest review not getting posted in amazon? I have received the damaged product and u ppl r not allowing my review very bad https://t.co/GfHJrXRZun,AmazonHelp
1807179,2017-10-14 05:57:01,542925,"While AT&amp;T worked all the way, at least after midnight. My aunt had TMobile, there's days I still can't talk to her. Day 22! https://t.co/BjU9EfMQ62",TMobileHelp
434595,2017-10-14 06:00:32,218249,@AmazonHelp ESCALATING FROM LAST 4 DAY'S NO RESPOND FROM SOCIAL MEDIA TEAM OR NOTHING ... LEAST BOTHER TO CONTACT TO EXPLAIN THE ISSUE.. I CALLED 12TIMS,AmazonHelp
1003859,2017-10-14 06:03:43,357600,my phone still won't turn on man thanks @AppleSupport,AppleSupport
972602,2017-10-14 06:12:06,350703,@115850 #amazonelootindiavestival charging me more than MRP. https://t.co/I9zaIs5K62,AmazonHelp
840848,2017-10-14 06:21:31,320054,@AmazonHelp SO earlier there was a continue watching tab on the home page now I can't find it. I have to search for the video and then play it again,AmazonHelp
972077,2017-10-14 06:26:50,350597,@AmericanAir Thanks. I’ve tried that. They’re closed. Work weekdays only. I called offices in USA and UK. Had to pay for both calls. Still no solution.,AmericanAir
891139,2017-10-14 06:30:56,331592,@Uber_Support Don’t ignore my messages. I dont want your apology. What are you going to DO about your cock up?,Uber_Support
964973,2017-10-14 06:32:19,326613,@AmazonHelp Please make sure that someone calls me,AmazonHelp
973466,2017-10-14 06:42:26,350871,@AmazonHelp What does it mean? https://t.co/lLYP4RJ7Ya,AmazonHelp
1807698,2017-10-14 06:47:46,543074,"@AppleSupport  @116333 why no surprise that new iOS update has ruined my iPhone6?? Same story as ever. Screen freezes, apps freeze, crap.",AppleSupport
975718,2017-10-14 06:49:13,159198,@AmazonHelp i have ordered an iphone7 today.i hv some queries regarding the same.kindly call me at 7002365216 so that i can clearify,AmazonHelp
973496,2017-10-14 06:55:43,350874,"@AmazonHelp oh i didnt even realize that was a possibility, I'll do that on my account right away thank you",AmazonHelp
974799,2017-10-14 07:06:40,351174,@AmazonHelp I have filled the form but nobody has contacted me yet.,AmazonHelp
1113531,2017-10-14 07:07:28,382807,how the fuck my @115873 driver came to my pick up location and left! and didn't even call me i still get charged.,Uber_Support
975232,2017-10-14 07:09:25,351277,@VirginTrains Good morning Lc you have the best company i have used for a train journey an L-m need to look n learn off virgin 😊,VirginTrains
976874,2017-10-14 07:14:13,351689,@115821 @116618 @117795 @115850 strange no Malayalam movies on Amazon prime which are world class n cut above the rest,AmazonHelp
974814,2017-10-14 07:21:12,351179,@AmazonHelp Purely because an investigation is on going and it's from a third party seller. Not good enough. Inept delivery driver isn't my fault.,AmazonHelp
349168,2017-10-14 07:22:34,129061,@SpotifyCares so when can we expect fix ?,SpotifyCares
954437,2017-10-14 07:23:53,346472,@AppleSupport Yes I tried a couple of times. All were in vain. But After a long time suddenly my phone started working properly. Is it a magic ? 🤣,AppleSupport
907119,2017-10-14 07:26:07,335394,@AmazonHelp Yes dispatch confirmation received on Thursday. I don't know what the delay is that's why I contacted you. Not what I paid for!,AmazonHelp
972627,2017-10-14 07:32:55,350706,@AmazonHelp Do you really expect me to try another card against your faulty payment system only to get another authorization and false decline?,AmazonHelp
837576,2017-10-14 07:36:25,319322,@AmazonHelp Dnt be sorry. You have being sorry for the past 3 days. Provide a resolution. @115821 @115850 @3977 @160663 when will I get the dly,AmazonHelp
184146,2017-10-14 07:44:53,159331,@Uber_Support hi I have tweeted you several times about a really poor journey. Please can someone get back to me ASAP,Uber_Support
975239,2017-10-14 07:47:46,351778,@VirginTrains I booked an Eticket from Warrington to Glasgow for tomorrow evening. Payment has been made but ticket has not arrived.,VirginTrains
976853,2017-10-14 07:48:30,351684,"@115850 please wait for a lawyer notice for your shitty customer service. 
404-9431882-1668333
#worstCustomerService #Amazon @115851",AmazonHelp
1006701,2017-10-14 07:54:20,358220,"@AppleSupport, I have an iPhone 6 running iOS 11.0.3. The bluetooth keeps switching on automatically no matter how many times I turn it off.",AppleSupport
248612,2017-10-14 07:59:57,175067,"@AmazonHelp Last 1 month why not refund my product
Can tell me what happened ur service
I want defolt product return and money back .",AmazonHelp
977210,2017-10-14 08:00:05,347925,@AmericanAir 1/2 It’s great to have safety as a top priority but it’s also great to not have so many planes down with issues.,AmericanAir
979521,2017-10-14 08:06:43,352295,@AmazonHelp  SBI 10% Cashback offer is valid for prime membership account if i want to buy MOTO G5 S PLUS?,AmazonHelp
972650,2017-10-14 08:12:34,350708,@AmazonHelp How would you help me???,AmazonHelp
1002868,2017-10-14 08:16:11,357385,"@Uber_Support Hi, my Uber Account is suspended. Help.",Uber_Support
1123674,2017-10-14 08:16:31,384991,Wtf is my phone making random fire alarm noises???? @AppleSupport #Iphone7,AppleSupport
973507,2017-10-14 08:18:59,350873,@AmazonHelp Replacement is not a solution. Replacement before Diwali is a solution as I have to gift it. Amazon has to be responsible and accountable,AmazonHelp
978566,2017-10-14 08:24:05,352081,"@AmazonHelp Will update 2 incident with proof. Waiting for one more delivery, which is due for today",AmazonHelp
979469,2017-10-14 08:31:43,352287,@115830  could you tell me the difference between prime and kindle unlimited please.,AmazonHelp
978895,2017-10-14 08:33:57,352159,"@VirginTrains Purchased ticket 0858, receipt time stamped 0900. Day RTN Edinburgh/Glasgow. Travelled 0915, rtnd 1415. and was booked on 1530 south.",VirginTrains
1007638,2017-10-14 08:37:07,318541,@115858 how comes every new update plays up an older phone than the one you just release ? Battery was fine last month and now 👎,AppleSupport
978496,2017-10-14 08:39:56,352065,@AmazonHelp なにからなにまでありがとうございます！助かりました(￣▽￣;),AmazonHelp
979516,2017-10-14 08:46:50,215409,@AmazonHelp Le problème c'est que c'est pour lundi matin. C'était urgent..  donc c'est un peu décevant. Je peux pas le renvoyer..,AmazonHelp
982274,2017-10-14 08:53:37,352903,@119625 by when is Mr. Robot expected to be on Prime?,AmazonHelp
981626,2017-10-14 08:58:57,352747,"Morning @VirginTrains ! Going to Wembley Stadium from Bournemouth to watch the Cherries today and used your site to plan a possible railtrip. Not going to take up it's suggestion of travelling up to Banbury to transfer on to Chiltern to go south to Wembley! Odd, don't you think?",VirginTrains
983444,2017-10-14 09:00:11,353154,"@115821 @115850 

What the hell is this....thanks for great Diwali gift .... https://t.co/nswtSOh1yL",AmazonHelp
983312,2017-10-14 09:07:04,353119,hi @115850 pls share ur cc no. U hav delivered an empty boxes &amp; hav to log a complaint. 1800 300 09 009 this no. is not valid,AmazonHelp
971862,2017-10-14 09:14:16,350548,@AmazonHelp No one has contacted me.,AmazonHelp
1007606,2017-10-14 09:15:52,358440,"congratulations @115858 
you’ve turned my $1300 iphone into a useless pos. it freezes and lags regularly. #applefail",AppleSupport
984091,2017-10-14 09:22:40,353299,@2335 why can't I search for movies on @115850 firestick? Making fire stick useless @115851 needs immediate correction!,AmazonHelp
983310,2017-10-14 09:28:18,353118,"@AmazonHelp i keep getting ""attempted delivery"" mails, when no one has been here to deliver my package. What shipping service do you use?",AmazonHelp
984280,2017-10-14 09:36:02,353335,@115850 Trackon courier called &amp; ask me to collect packet from his office!! Saying no they said to return..What is this? Can't expect this,AmazonHelp
984288,2017-10-14 09:41:05,353337,Absolutely awful service from @115830. Conflicting info being provided every time I contact you and still no parcel. Not good enough!,AmazonHelp
984169,2017-10-14 09:47:09,311739,@115850 Your website sell on redmi note 4?,AmazonHelp
