tweet_id,event_time,author_id,text,brand
1347396,2017-11-25 21:47:25,434207,@Uber_Support Yes but aren’t reaching out via DM,Uber_Support
1384141,2017-11-25 21:47:34,442114,"@AmazonHelp Amazon DE, I'm not sure how you can help me more than the phone customer service though 😅",AmazonHelp
1384748,2017-11-25 21:47:45,155540,@AmericanAir Thanks! Have done.,AmericanAir
1400568,2017-11-25 21:47:49,290394,@AppleSupport hey sorry I’ve not had a reply yet I can see others have. How do I downgrade to ios10 please on my iPhone 6?????,AppleSupport
1870610,2017-11-25 21:49:26,157852,@Delta I don’t think this push notification is correct I am in Chicago and was not on a flight today. https://t.co/lb6hzC8qTU,Delta
1347664,2017-11-25 21:50:22,434271,"@VirginTrains So I’ve found staff and I’ve had to pay for my food and coffee, why did I bother buying a first class ticket? 😞",VirginTrains
1385206,2017-11-25 21:51:48,293312,@115911 almost $40 for a iPhone earphone jack? y’all playing. anyways I have a warrantee on my phone can I get a new one ?,TMobileHelp
1790141,2017-11-25 21:52:31,537729,"@115888 , why do @139985 's tracks keep getting blacklisted??",SpotifyCares
1349778,2017-11-25 21:56:07,434761,"@SouthwestAir Tks I do need help I had my clothes, computer, flat irons, a few Xmas gifts , Med, that's a lesson learn. It was to heavy to carry on thought it would be ok. Had to call health provider to get permission to emg refill. I sent flt conf privately. 7:55 flt Mon ATL toChi not sure DM",SouthwestAir
1877546,2017-11-25 21:56:23,191796,"@560444 Apparently I can't, since any racist I piss off goes through my TL looking for shit to report.  And I've about had it with @116136 and their shit service.",comcastcares
1401480,2017-11-25 21:57:01,362774,"When you trust a company so much you ave to keep reordering things praying they send you the right item...just for them to send you 2 chargers that didn't fit + a faulty charger that can't hold a charge.

Thanks @115821 @AmazonHelp Thanks a lot :/",AmazonHelp
1400550,2017-11-25 22:01:12,445646,@AppleSupport so I updated my iPhone 6s and the screen just went black afterwards and NOT showing anything. Ummmmmm.... https://t.co/jA3TXJb1tj,AppleSupport
1384147,2017-11-25 22:10:23,213362,"@AmazonHelp No not a current order but due to these long delivery dates, it’s putting me off ordering",AmazonHelp
2420123,2017-11-25 22:12:11,695214,@AppleSupport is this a Spam email? 🤔 https://t.co/IDaPRXZkcQ,AppleSupport
1831852,2017-11-25 22:12:21,372099,@Uber_Support Thanks!,Uber_Support
1384109,2017-11-25 22:16:02,442109,@AmazonHelp It started working!! BUT it now says the 2 day Prime order won’t arrive until Wednesday and I’m leaving the country Tuesday 😢. PLEASE can you private message me so I can give you my account info. I don’t have access to other communication right now.,AmazonHelp
1905079,2017-11-25 22:21:53,567695,@115911 I been with you all for 2 months and I had the worst experience ever,TMobileHelp
2419918,2017-11-25 22:22:07,695181,"Dear @115821, I got everything I ordered in the mail today except for one item.",AmazonHelp
2420101,2017-11-25 22:30:36,695210,"@AppleSupport so last week I noticed my phone restarted automatically &amp; my pics disappeared but never appeared back fully. Had 2,500+ but it’s just 1,600+ now. Is it my iCloud? https://t.co/BmyQZDxlaE",AppleSupport
111731,2017-11-25 22:31:14,140820,@AmazonHelp Why are you asking me to email in to customer service? I’m already waiting on a response from them via email and they are now 90 mins late!!,AmazonHelp
1272045,2017-11-25 22:34:26,417768,@Uber_Support I hate your company.,Uber_Support
2419853,2017-11-25 22:36:12,695167,You think @115830 would properly package the presents I ordered on Black Friday so that the surprise wouldn't be completely ruined for my family when they arrived at the house. 😔,AmazonHelp
2467188,2017-11-25 22:37:35,199991,"I just made it with the checked bag weight @AmericanAir. ✈️

Good bye Portland, Oregon @30999   

Good luck on Sunday to everyone!  🏀 #FeastWeek final day is tomorrow https://t.co/uKxr2O1RUS",AmericanAir
2419942,2017-11-25 22:43:53,695183,@AmazonHelp Signed up to try Amazon Prime 7 day free trail. Gave the information that was required and that day the monthly charge had been taken out of my account. I understand at the end of the trail you are charged the membership fee but surely not the first day?,AmazonHelp
2420068,2017-11-25 22:45:18,695202,@AppleSupport  https://t.co/BiuYdHX5nO,AppleSupport
2664057,2017-11-25 22:50:56,750681,"#delta plane 1, chiffon maxi 0. Thanks @Delta for not maintaining your planes &amp; not having tape to stop the tearing of my clothing. https://t.co/yqHTNRLJ3l",Delta
1100523,2017-11-25 22:51:55,379648,@AmazonHelp Sure...! 👍,AmazonHelp
2551086,2017-11-25 22:58:07,223691,"Oy, @115821 lockers. What a pain in the ass. I have a feeling that if I had it delivered to my home we'd already have it in hand.",AmazonHelp
2551464,2017-11-25 23:02:32,724832,@VirginTrains @156271 Sure you are.,VirginTrains
2466717,2017-11-25 23:03:10,705825,"@Uber_Support Done, now please fix your garbage maps and GPS.",Uber_Support
2551884,2017-11-25 23:06:25,724914,@AmericanAir Learn from @JetBlue how they treat their passengers!,AmericanAir
2607753,2017-11-25 23:08:54,737667,Do y’all iPhones be freezing up too? Wtf @115858,AppleSupport
62413,2017-11-25 23:10:12,130298,@AmazonHelp todos esses lindos aqui https://t.co/fiGHZMlHtR,AmazonHelp
2567882,2017-11-25 23:17:27,25343,"Trying to get my wife switched over from @115725 to @115911, since @115858 and #verizon are no help. #thanksfornothing https://t.co/pFvlmFSDBM",TMobileHelp
1843608,2017-11-25 23:18:25,552389,@AmazonHelp Box left out on wet grass and book is water damaged. Please can we arrange a replacement. https://t.co/le2cMXxy1o,AmazonHelp
2551339,2017-11-25 23:22:18,705875,"@SpotifyCares This is the 3rd time in 2 months, I’m going to require premium on the 4th",SpotifyCares
1232515,2017-11-25 23:25:06,409066,@comcastcares It is very frustrating because I have been a customer for years and honestly considering switching now,comcastcares
2551137,2017-11-25 23:25:52,724759,@Uber_Support There's nowhere on that page to send a note. Is that saying the checkout value is wrong? The listed booking fee won't apply?,Uber_Support
2567992,2017-11-25 23:27:53,728430,Hey @SouthwestAir maybe don't delay my flight 3 hours so that I get back to campus at 2am????,SouthwestAir
2607710,2017-11-25 23:29:42,737661,"Anyone else noticing “sticky” keys in the @115858 calculator app? I swiped across the .-3-6-9 keys and while the 9 registered, the 6 stayed “stuck” until it was pressed again. Pressing other keys doesn’t unstick the 6. #bug? https://t.co/mHZiQFKTgS",AppleSupport
2608085,2017-11-25 23:30:45,663637,@115830 Very disappointing to rent a movie only to find out there is no way to add subtitles. Absolute waste of money.,AmazonHelp
1384751,2017-11-25 23:33:16,442236,@AmericanAir or you can just make people pay the extra $ when they drop off bag if their bag is too heavy?? 🤷🏼‍♀️🤷🏼‍♀️🤷🏼‍♀️,AmericanAir
2681997,2017-11-25 23:43:39,754466,hey @115821 do you price adjust your own things? Say I bought a vaccum that is not part of cyber monday. I purchased it a week ago.,AmazonHelp
2664051,2017-11-25 23:44:51,116452,@Delta Help me out please.,Delta
96951,2017-11-25 23:47:39,754485,"@AppleSupport I use to be able to go through my iPhones playlist with my phone, with this update I can’t do that no more. How can I get that feature back? Now it says my watch has to download my playlist so I can search or play a song",AppleSupport
2681973,2017-11-25 23:53:38,263293,"Listening to You're A Mean One, Mr. Grinch by Thurl Ravenscroft, on the album: Dr. Seuss' How The Grinch Stole Christmas! - Thanks @115833",AmazonHelp
2447,2017-11-25 23:56:44,116281,"@116276 ANSWER ME, WHY IF I REPORT ANOTHER DRIVER WITH A GUN IN HI VEHICLE MY ACCOUNT GETS PUT ON HOLD????????",Uber_Support
1950476,2017-11-25 23:57:57,579324,"Dear @115888, please add “Secrets” By Gil Scott-Heron.",SpotifyCares
5285,2017-11-26 00:03:17,116923,@AmazonHelp hey amazon - please help me :( i hVe tried calling and chatting with y’all but keep hitting walls. DM?,AmazonHelp
23091,2017-11-26 00:04:59,121029,@115858 @AppleSupport my phone crashed for no reason. What you gonna do about it? I'm stressed and depressed right now. Thanks,AppleSupport
3636,2017-11-26 00:05:51,116577,"@AmericanAir Wife, not wide.",AmericanAir
5308,2017-11-26 00:13:29,116932,@AmazonHelp 10 hours ago.,AmazonHelp
4950,2017-11-26 00:20:06,116874,@AmazonHelp No. Como puedo contactarlo,AmazonHelp
2410,2017-11-26 00:24:29,116267,.@115873 I️t took our driver over 5 minutes to start moving for our ride. We have a flight to catch. If they can’t do the ride then they shouldn’t accept I️t. #CustomerService,Uber_Support
43725,2017-11-26 00:29:45,125703,"Thanks to Amazon's new, experimental, delivery-gig system, we just had yet another package chucked into our yard, left out in the open next to a city sidewalk. A city sidewalk, you dolts!!! Driver sped away. @115821 Prime members since 1995.",AmazonHelp
44485,2017-11-26 00:34:05,125869,@Delta can you add my delta skymiles number to the flight I flew this morning?,Delta
45660,2017-11-26 00:35:15,126117,@SouthwestAir Any chances of flying nonstop to/from Las Vegas/Memphis?  We've been traveling this route for a few years with layovers in either Dallas and/or Chicago and majority of the plane walks to the next gate together.  THANKS!!,SouthwestAir
44595,2017-11-26 00:38:26,125897,@AmericanAir Can you please call me? 314.952.7769,AmericanAir
4946,2017-11-26 00:44:09,116874,@AmazonHelp Excelente servicio! Recibí mis paquetes hace un par de minutos!,AmazonHelp
22994,2017-11-26 00:44:22,121005,"@AppleSupport No error messages show up. The app will not open from the dock, applications folder, or any other location.",AppleSupport
1426609,2017-11-26 00:45:14,418167,@ComcastCares Getting really tired of the popups on my TV for your crappy X1 service. I'm not taking a free upgrade that makes me have to pay more later. Also your link on that popup errors out instead of going to on demand. Pretty pathetic spamming people with non-working spam.,comcastcares
43968,2017-11-26 00:50:42,125748,I'm in Toronto and @115877 is trying to scam me by not flagging a surcharge see please help a $14 surcharge is ridiculous and I immediately tried to cancel,Uber_Support
4956,2017-11-26 00:54:28,116877,@AmazonHelp I have no option but to see if my delivery arrives on the scheduled date. But I will contact customer services if it doesn't arrive on time.,AmazonHelp
1443229,2017-11-26 01:03:50,454866,@AppleSupport I’m having issues booting my macbook air. I believe the issue is with the ‘Bluetooth USB Host Controller’ driver? I can send screenshots via DM if needed. Thanks!,AppleSupport
43693,2017-11-26 01:06:11,125691,@AmazonHelp Thank you for acknowledging that. But I am not keeping my fingers crossed ....😀😀😀😀....have seen much to be very optimistic. Lol.,AmazonHelp
83708,2017-11-26 01:07:46,451294,@115888 Can I subscribe using load?,SpotifyCares
1427056,2017-11-26 01:09:00,451496,@115913 tried to get the iphone 8+ BOGO and was told I was going to have to change my plan to t-mobile one. They wouldnt adjust my old rate plan. 13 years with t-mobile and 8 lines on my account and I feel let down and disappointed with the #uncarrier,TMobileHelp
1426546,2017-11-26 01:12:08,451402,@AmericanAir appreciate the update not happy that over an hour and no luggage. but at least we got an update,AmericanAir
1425808,2017-11-26 01:14:42,451242,@115877 this is the second time your UberEATS drivers refuse to Bring my food to my door in my building! He insisted on he can’t! #philly #Ubereats and I don’t want your $5 coupon,Uber_Support
1443104,2017-11-26 01:20:49,454851,@454852 @115830 Snap! Everything I looked at today with   Amazon Prime delivery was showing a delivery date of Tuesday! No next day or Monday options for anything,AmazonHelp
61316,2017-11-26 01:29:36,130036,@AppleSupport Okay thanks,AppleSupport
1462495,2017-11-26 01:31:38,459442,@VirginTrains whenever u guys want to get around to refunding my nov 5 nightmare delayed experience just lmk. Already submitted request. Automatic refund def didn’t Happen,VirginTrains
1443070,2017-11-26 01:32:58,125703,"Not-So-Dear @115821,
Experimenting on my city with your new delivery service, right during the biggest holiday shopping period, is an absolutely boneheaded idea. With @115817 &amp; @81 @118706 my pkges came on time and they had pros who knew what they were doing.",AmazonHelp
1462666,2017-11-26 01:35:03,116452,@235600 @Delta .@Delta told me to dm them and they didn’t respond. So damn close to losing my business for good. Craziness wtf is going on,Delta
1463770,2017-11-26 01:36:39,287612,"Random airplane question, @SouthwestAir why when we have gotten to the gate and a door is opened there is no air circulating? Would it be rude to ask the crew? #hotinNovemeber #needair #hotinhere",SouthwestAir
1462149,2017-11-26 01:36:56,134372,@115873 what's you number to look at hacked accounts? I haven't been to France in 22yrs! #WasntMe https://t.co/CeQIfzNK9O,Uber_Support
813170,2017-11-26 01:42:42,178159,@comcastcares i left a DM to you guys. please get back to me asap.,comcastcares
1462983,2017-11-26 01:47:28,434111,@AmericanAir definitely has the most entertaining safety video to watch. 😂,AmericanAir
1490357,2017-11-26 01:50:34,466124,@AmazonHelp Is there someone I can speak to about incorrect packages constantly being delivered to my house by your AMZL delivery service? It's only getting worse with the holidays coming up.,AmazonHelp
1427045,2017-11-26 01:57:28,451494,@TMobileHelp @115913 Ok 👌🏻,TMobileHelp
2682058,2017-11-26 02:00:31,754486,@AppleSupport @754485 No what he is saying is something everyone I know that has an Apple Watch is saying. I used to be able to leave my phone in my pocket and search through all the music on my phone. I cant do that anymore unless I take my phone out and start music first. Please please bring it back,AppleSupport
1490341,2017-11-26 02:06:27,466119,"@115821 sucks. Guaranteed next day delivery by 9pm is a fraud. I want my money back, it’s 9:07 pm",AmazonHelp
1490299,2017-11-26 02:13:09,466110,@AmazonHelp have a guaranteed 2-day delivery package that is late and/or missing. Please help.,AmazonHelp
1490859,2017-11-26 02:15:19,466229,Y’all. My @AmericanAir pilot just  pulled up to the wrong gate. How does this even happen when there was equipment blocking the gate? 🤦🏼‍♀️,AmericanAir
2309402,2017-11-26 02:16:56,669819,@AppleSupport @669818 I have the same problem :(,AppleSupport
1490429,2017-11-26 02:18:39,466139,@Uber_Support WHAT IS THE POINT! ALL YALL SAY IS WE'LL CONTACT YOU IN 24 HOURS,Uber_Support
44425,2017-11-26 02:19:25,125858,"@SpotifyCares Hello, I've tried to tell my problem from the website https://t.co/CjnbQxnYv1 but until now I can't get my premium account back, I still can't logged in to my account :( @115888 @118266 @SpotifyCares",SpotifyCares
1490704,2017-11-26 02:19:28,466201,"@Delta So to get on standby, I need to get to the airport before the flight I want to get on.",Delta
1464071,2017-11-26 02:23:49,181628,"@AmazonHelp Already shared .. this is my third time that i am sharing details. Now i had DM to customer service twitter handle. What else i can do
or now i will DM to Amazon help twitter handle with my phone number . please contact me",AmazonHelp
1555252,2017-11-26 02:27:19,480968,@116136 being able to rewind (accidentally) but not fast forward back to where I was for on demand is brutal!,comcastcares
1503021,2017-11-26 02:33:29,468847,@468848 @115858 My 7 won’t hold a charge for shit and is slow as ever! Samsung will be its replacement eventually!!,AppleSupport
1504841,2017-11-26 02:38:19,116917,"@AmazonHelp Yes, I did it’s now anywhere from tomorrow to Wednesday when I pay for two day shipping. Your logistics contact confirmed that YOU (@115821) lost the package and the notifications that are sent out are FALSE.",AmazonHelp
1532552,2017-11-26 02:43:50,475353,.@115873 may finally be hitting a real supply problem. Zero rides avail out of LAX despite three attempts. Plenty of @115879 cars - Uber missed out. 🤷🏻‍♂️,Uber_Support
1532892,2017-11-26 02:50:23,475440,@AmericanAir your automated voice in-cabin directions lack any personal touch of flying and create doubt in a competent crew #reasonsimissSW,AmericanAir
1548389,2017-11-26 02:51:47,153823,"@AmazonHelp Gostaria de saber o que acontece depois que clico em ""finalize e pague seu pedido"" 🤔quando clico lá sou direcionado ao banco e não aparece nenhuma opção de pagamento ☹️",AmazonHelp
1554732,2017-11-26 03:00:22,480863,"@Delta ""We're committed to providing you with reliable and on-time baggage service every time you fly."" One of my bags missed my connection, and the form to claim the miles won't accept my information. Thanks for the commitment.",Delta
1548337,2017-11-26 03:01:23,152508,Wayfaring by Tikuli https://t.co/Z1vnpFMkTu via @115850 @AmazonHelp This is the link to the book. Just as info. The browsing categories are now removed. The other book is listed wrongly. I have followed all instructions. Can't they just be put rightly? #fail,AmazonHelp
1630474,2017-11-26 03:04:15,499042,Bad reputation isn't on @117168.... please fix it,SpotifyCares
1443221,2017-11-26 03:06:22,454864,@AppleSupport Thanks! Fixed!,AppleSupport
1555997,2017-11-26 03:10:43,481147,@SouthwestAir where can i file an official complaint?,SouthwestAir
121141,2017-11-26 03:11:36,142965,"@AmazonHelp I did it, thx",AmazonHelp
1554303,2017-11-26 03:12:20,480772,@Uber_Support the job of a taxi driver is to be flexible and listen  to the PAYING customer not leave him stranded on God knows where feering for his safety,Uber_Support
1555732,2017-11-26 03:22:34,192683,"@115911 Hey friends, my data speeds have been really uncharacteristically slow driving through central Utah today. What gives? (Note 8)",TMobileHelp
1575675,2017-11-26 03:24:19,280362,Really irritated with @115821. 2 employees mislead me today about a package delivery. Wasted a total of 30 minutes of my time total after calling customer service 3 different times. #disappointing,AmazonHelp
1575877,2017-11-26 03:24:57,485567,@AppleSupport I’m using gmail...and no other third party app ... iPhone SE,AppleSupport
1593461,2017-11-26 03:32:55,489730,"Hey @115873, our driver literally drove away from us as we waved at him and we've been charged ☹️☹️☹️",Uber_Support
1575611,2017-11-26 03:34:28,485513,"amazon　ご注文の確認

とかいうメールが来たが、何も注文しとらんわボケが。
気をつけましょう。",AmazonHelp
1667436,2017-11-26 03:35:53,507872,Thanks @115900 for wasting our fucking time with your bullshit movie rental offers. Next time I'll go to #Redbox because spending a few bucks after driving down the street is better than fighting your stupid ass system for nearly an hour.,comcastcares
1575705,2017-11-26 03:39:51,485526,"@AmazonHelp そうです。
20分遅れで先ほど届きました。
ご心配おかけしました。",AmazonHelp
1612696,2017-11-26 03:46:08,494860,"Hey @AppleSupport since ur iOS update #11.1.2 here’s what happened-Bluetooth disconnects 
Maps aren’t syncing 
Apple Watch disconnected lost my activity
Flashlight doesn’t work
WiFi doesn’t disconnect 
My passwords are gone
Uses wrong email for iCloud 
Can’t lock screen on calls",AppleSupport
1593372,2017-11-26 03:52:23,489708,"@Uber_Support __email__
8821076128",Uber_Support
1612475,2017-11-26 03:53:15,494809,"@115850 @115851 @115821

Are you sure? https://t.co/4Z9Drt5cEg",AmazonHelp
1631214,2017-11-26 04:01:14,150960,@SouthwestAir my bff is scared to fly. Can he wear a motocross helmet if I can ever get him on a plane #HesAPussy,SouthwestAir
1646334,2017-11-26 04:02:37,503044,@AppleSupport can iOS apps access my clipboard data without my consent or knowledge?,AppleSupport
1630703,2017-11-26 04:08:05,345357,"Past two weeks flew on @184454 , @172253 and @AmericanAir on one itinerary and only #americanairlines charged for a bag #badcustomerservice #airlines #travel #seatroom",AmericanAir
1630046,2017-11-26 04:12:12,486181,@115873 driver should be fired!,Uber_Support
1593860,2017-11-26 04:13:53,489830,@Delta 8+ hours each time is a little more than a small inconvenience,Delta
1631610,2017-11-26 04:16:46,499342,"Amazonの配達完了通知来たのにまだ商品届いてないんだが…
一体どういう事だ",AmazonHelp
1426061,2017-11-26 04:21:47,451294,"@SpotifyCares I want to subscribe to that ₱9 3 months premium, can you help me how?",SpotifyCares
122200,2017-11-26 04:27:40,143242,@comcastcares I was on the phone with you 4 times on Thursday. (Everyone is nice). Supposedly problem “fixed.” Nope. Can’t wait to cancel. Xfinity sucks,comcastcares
1612469,2017-11-26 04:29:15,146868,"@AmazonHelp If the sellers are offering their products only for non prime members fearing of losing their delivery costs, then why did you come with this prime membership and free delivery campaign .  Now you are talking as if you don't have any connection with the prices shown by the seller",AmazonHelp
1630023,2017-11-26 04:29:51,498910,"@Uber_Support Hi Team,
Thank you for your response, i have DM my details, please let me know",Uber_Support
1666962,2017-11-26 04:41:13,189451,"This certainly isn’t how I like to earn @Delta miles, but I think they’re gonna owe me some for how long these bags are taking at #BWI...",Delta
2152146,2017-11-26 04:43:08,116621,why is my touch id not working anymore lol... @115858,AppleSupport
1666187,2017-11-26 04:43:48,507607,"@116875 help! Me hicieron doble cargo a mi tarjeta de una compra, donde me puedo comunicar!!!!!",AmazonHelp
1667119,2017-11-26 04:47:18,125895,@AmericanAir ok tonight I've sent tweet after tweet about different concerns good n not so good n have been totally ignored. To be expected as u guys are AA. I expect a respond 4 each of my tweets. They reflect my loyalty as Exec Plat.,AmericanAir
1668154,2017-11-26 04:48:04,508035,"In China, our phones can connect to 4G when the subway train working.
But in New York Subway, our phones are not in service.
@1162 @115911",TMobileHelp
1666344,2017-11-26 04:54:05,507639,"@115873 my account was charged an extra $40, will you please help me have this charge removed",Uber_Support
1693321,2017-11-26 04:55:16,513881,Literally received a package from @115821 that was empty. I have no idea how to react to this. Wtf,AmazonHelp
1719240,2017-11-26 05:03:45,243538,"@115850 Your couriers are repeatedly refusing to deliver packages on weekends with false updates of ""Delay Delivery on customer request"". And despite multiple complaints over the past 1+ months you haven't managed to fix the issue.",AmazonHelp
1697533,2017-11-26 05:12:30,514916,"I just deleted my @115873 account, there is literally no where to call when a driver doesn’t show up or respond to calls. Just ready to cash in $5 for passengers that are on a schedule.#ubersucks",Uber_Support
2152094,2017-11-26 05:14:00,632402,@AppleSupport it is CONSTANTLY freezing https://t.co/zNouOskak0,AppleSupport
1698176,2017-11-26 05:20:54,515066,"While Twitter is in its usual meltdown form, I’d like to report that @Delta’s WiFi streaming service is enabling me to watch the Kings game live from 35k feet!",Delta
1719186,2017-11-26 05:23:47,520457,"Very poor delivery service , i had ordered a shoe through amazon prime and i have not got it yet. 
@115850 😡",AmazonHelp
1697993,2017-11-26 05:27:41,515015,@SpotifyCares BlackBerry KeyONE running Nougat.   Spotify version 8.4.28.875 arm v7,SpotifyCares
1736321,2017-11-26 05:38:02,265684,@115873 so your driver never turns up yet I get charged a cancellation fee because i had to cancel a no show? This isn’t good service. What will you do to help?,Uber_Support
1719181,2017-11-26 05:39:02,520455,@AmazonHelp I haven't received my Prime one day order yet and it's way past the delivery timeline. What do I do now?,AmazonHelp
2179623,2017-11-26 05:40:57,638754,@AppleSupport Another video. This one of the phone typing stuff itself. https://t.co/jieQEqyzS0,AppleSupport
1575679,2017-11-26 05:52:49,280362,@AmazonHelp So I should expect a response within 12 hours?,AmazonHelp
1736286,2017-11-26 05:56:07,524200,@115873 I was robbed by one of you drivers thanks,Uber_Support
1755052,2017-11-26 06:04:15,528557,"@115821 WHY AM I STUCK IN A CIRCULAR HELL OF PASSWORD RESET AND ENTERING MY EMAIL AND THEN THE CODE RINSE, REPEAT? OMG I AM DYING OF FRUSTRATION. I just want to change my password. What the fuck. Seriously.",AmazonHelp
1786099,2017-11-26 06:15:11,536626,@115821 #epicfail bought several items with 2 day shipping received -0- but a #sorry. #cancelling service #practicewhatyoupreach,AmazonHelp
688064,2017-11-26 06:19:05,537727,@115888 Can i pay it through umobile bill?,SpotifyCares
2179574,2017-11-26 06:20:24,638736,Here's a big fuck you to @115858 for resetting my phone out of no where for no reason!,AppleSupport
1822352,2017-11-26 06:27:38,538012,@115850 Please tell us status of order id 402-0247294-1841924,AmazonHelp
1630016,2017-11-26 06:30:48,267220,@Uber_Support I am still waiting for the previous support and now one more complaint got added from yday. Can you please speed up or else you surely shall lose a customer and a family who uses uber since long,Uber_Support
1586228,2017-11-26 06:38:18,488007,"@AmazonHelp Done. Let's see if you guys understand the issue. 1hr back to I loaded some money in Amazon Pay, still not reflecting. Takes ages to show up and you guys don't see what's the problem. Really?",AmazonHelp
1786140,2017-11-26 06:50:16,536635,@AmazonHelp Already done! The pick up is tomorrow. I hope the right product is delivered this time. Kindly do it asap @115850,AmazonHelp
1790246,2017-11-26 06:51:27,537770,"S/O to American Airlines for having us sit on a plane for 2 hours just for them to tell us the plane isn’t gonna go anywhere tonight. 👌🏽 
@AmericanAir",AmericanAir
2607719,2017-11-26 06:58:05,266412,"@AppleSupport Thanks, but I already talked with you guys by phone. Apparently it’s a “feature”, not a problem. So the UI sucks, and there is nothing I can do.",AppleSupport
1822319,2017-11-26 06:59:00,547067,Bonjour @120533 pouvez vous me remettre ma commande que VOUS avez décidé d'annuler sans raison ? Merci,AmazonHelp
1823190,2017-11-26 07:03:43,547322,RT @SouthwestAir we will see you again! :-) https://t.co/STO8YGEDmp,SouthwestAir
1593426,2017-11-26 07:04:15,423183,"@Uber_Support @115873 

What a support instead of discussing this issue with the driver you are suggesting me options to take care next time.

I booked a cab, driver confirmed me on the call that he is going to pick me up and at last moment he cancelled? 

What i suppose to do in that case. https://t.co/1cqDGfHjJV",Uber_Support
639576,2017-11-26 07:12:20,271709,"@AmazonHelp @271708 If you buy from Amazon, make sure you it is NOT from a 3rd party seller.   Amazon does nothing if anything goes wrong, and in my experience, neither will the 3rd party seller.",AmazonHelp
1893107,2017-11-26 07:15:46,564463,"@ComcastCares
#mobile_CareXI is there an outage for internet in South Burlington vermont 05403",comcastcares
1860023,2017-11-26 07:23:31,494998,@AmazonHelp @115850 BUT IT ISN’T working ALREADY. What do I do?????  I need an exchange or a return ASAP !!!!! https://t.co/8uIoIGsHWe,AmazonHelp
2210750,2017-11-26 07:24:59,646167,"@AppleSupport I just FaceTimed my girlfriend, I took pictures of her and when I went to look st them they weren’t there help me",AppleSupport
1997482,2017-11-26 07:30:14,590623,@115911 @115913 did T mobile still have Pixel 2 deal ?,TMobileHelp
1843572,2017-11-26 07:32:02,552383,"So @115821, today you have annonied me and it's not even 8am...
1) refund for an item you told me you HAD to refund has come back with money missing
2) had to Google your contact page
3) my previous orders don't display on said contact page
4)my email bounced through your page... https://t.co/ZRyynGHoXG",AmazonHelp
1593429,2017-11-26 07:40:55,423183,"@Uber_Support Seriously worst experience ever, didn't expected this from uber. If you didn't provide support through twitter account why would have you opened it then?

I am really fed up of this conversation , Seriously guys how could you behave like this.

#NoMoreUber",Uber_Support
110044,2017-11-26 07:41:15,689322,@115888 why spotify ?? https://t.co/8J6qCZ2ql2,SpotifyCares
1843549,2017-11-26 07:45:54,552379,"@AmazonHelp https://t.co/eBQQEWT9l9
以前、Prime Studentの無料会員として登録していたのですが、このキャンペーンを見て、再度興味を持ち、再登録を検討しています。再度6か月の無料体験は可能なでしょうか？もしくは「Prime Studentに登録する」ボタンを押下すると、支払に移行するのでしょうか？",AmazonHelp
1843525,2017-11-26 07:54:54,552376,@AmazonHelp thanks amazon for making thanksgiving the worst i had in years,AmazonHelp
397399,2017-11-26 07:59:32,210098,@AmazonHelp My complaint is product not delivered and resolution given by #Amazon is product delivered with signature. In what way this solve my issue when you are not showing signature proof? #Day55  #complaint unresolved #fraud by delivery man. Bad #CustomerExperience,AmazonHelp
1844223,2017-11-26 08:06:10,368750,"@Delta Unfortunately, nothing you can do.  You can read the notes on the conversations I have had with Delta agents regarding my itinerary. This piece of S*** plane you have put me on is no way acceptable. Not a dam* thing works. I paid business class fare to be in an upright seat",Delta
1843564,2017-11-26 08:08:54,552378,@AmazonHelp Yes,AmazonHelp
1868166,2017-11-26 08:22:25,558057,@115873 I mean guy was straight up mean and vindictive to my wife who asked him politely to stop looking at his phone while driving us. Then dropped us off in a gas station parking lot when he said if you don’t like it then get out.,Uber_Support
1868594,2017-11-26 08:23:29,140066,@VirginTrains how did you talk to MM just now?,VirginTrains
1894036,2017-11-26 08:25:43,564618,"Prompte Lieferung in den @116316 Locker, aber dann keinen Code bekommen... Amazon Lockdown sozusagen.",AmazonHelp
2210717,2017-11-26 08:37:35,646155,Why this happen always with #iPhone #Apple #ios11 @AppleSupport @115858 @797 https://t.co/z1nbhiXCZT,AppleSupport
1893930,2017-11-26 08:41:44,564594,"Wo ist die @115825  Fernbedienung, wenn man sie mal braucht? In der Waschmaschine habe ich schon nachgeschaut.",AmazonHelp
1911617,2017-11-26 08:53:46,569444,@115850 Thanks guys,AmazonHelp
1868175,2017-11-26 09:02:09,558060,@Uber_Support Link not helpful,Uber_Support
1936468,2017-11-26 09:05:06,576123,"@115850 pls Note Product MRP 235 sold by you at 258 this is ridiculous and illegal in India hope you take Necessary action and revert back or get ready to face Legal Action.
@115821 https://t.co/n2AunXkdPe",AmazonHelp
1902115,2017-11-26 09:05:43,132563,@VirginTrains I’m putting extra layers on because I’m always cold,VirginTrains
2577779,2017-11-26 09:16:58,730870,"Hi @115888, please bring back lyrics on the desktop app and allow us to download and use them offline in all platforms. Thanks and much love! #spotify",SpotifyCares
1911662,2017-11-26 09:22:45,569456,"@Uber_Support @115873 
Your services are going down the drain.
Pathetic to say the least.",Uber_Support
1936516,2017-11-26 09:23:59,576136,"It's always easy to criticise, but on this occasion, well done @115830 . After being let down by your courier leaving our parcel out in the rain to damage every item in the box, contacted customer service and all resloved within minutes. 👏👏
#amazon #greatservice #ThankYou",AmazonHelp
1936484,2017-11-26 09:35:53,576127,@AmazonHelp Le transporteur est «Colis Privé» 😕,AmazonHelp
2210665,2017-11-26 09:46:56,646142,Anyone else’s battery life awful on iOS 11? @AppleSupport,AppleSupport
1786191,2017-11-26 09:53:33,536643,@AmazonHelp Thank you! Someone called and they are working on delivering my package today. Fingers crossed. Would have expected someone to call me if there was an issue with the address,AmazonHelp
1971877,2017-11-26 09:56:21,584084,"@Uber_Support @115873 late night yesterday, Uber driver stop at bangalore airport toll and ask for toll fee to be paid.. paid him 125 .. is that a correct policy ? Are you drivers not educated that toll fee is included in the total amount ?",Uber_Support
1972228,2017-11-26 09:58:50,584162,I’ve been on the @VirginTrains First Class service to NEC for 5 minutes and still no coffee! #canfeelmylifeslippingaway https://t.co/3ItWJuqJkQ,VirginTrains
1972845,2017-11-26 10:04:03,584321,@AmazonHelp Maybe 2 mins not quite long enough to allow customers in live chat? Particularly for those who are disabled and find typing a longer process. In the middle of a chat and I've been disconnected!,AmazonHelp
1996949,2017-11-26 10:12:55,590471,"@Delta has a great messaging service on board, I was able to whatsapp during the flight",Delta
1972285,2017-11-26 10:13:45,448894,see if i ever fly ur shit ass airline ever again @AmericanAir,AmericanAir
1972826,2017-11-26 10:16:02,584316,La agenda es preciosísima me quiero morir y es que encima me ha llegado hiper rápido 😍😍 gracias @116928 https://t.co/5qEmn5AHzr,AmazonHelp
1996365,2017-11-26 10:27:08,590308,@80258 I need to cancel an order made on Amazon but it's not working. Can someone contact me?,AmazonHelp
1996406,2017-11-26 10:35:16,590317,"@AmazonHelp Moin, vielen Dank für die schnelle Antwort. Ich hatte den Skill deaktiviert und sobald ich diesen wieder aktivieren will, kommt immer ein Timeout :/ lammfelldecke liegt bereit 👍",AmazonHelp
2033016,2017-11-26 10:41:08,195267,Finally setup my @115850 Echo. Must say I’m impressed.,AmazonHelp
1273215,2017-11-26 10:43:27,144678,@TMobileHelp @341292 @115913 Man I swear @115913 they will be teaching about you in business administration classes,TMobileHelp
1996554,2017-11-26 10:43:54,590372,"@Uber_Support why ur application  has no option  of clicking tht why do u want  to cancel  the ride, ur driver denied  for service as he says his car is punchred whr is my fault. Why r u people  adding the amount  to next trip without  know  the reason  of cancellation. https://t.co/7Mjzmwdt2k",Uber_Support
2018632,2017-11-26 10:54:10,596986,"kindle fire hd10さん、下までスクロールしようとするとクラッシュするのなんとかならんのか？
高々数千冊程度なのでどうにかして欲しい",AmazonHelp
2022701,2017-11-26 10:59:32,598225,"my app somehow logged out and when i try to log in, it says no connection. i have to reinstall and lost all my playlist. please fix it, cs its annoying. it's the 3rd times @SpotifyCares",SpotifyCares
2246706,2017-11-26 11:05:44,654765,"@118101 @115948 @AppleSupport 

I clearly cancelled my subscription? https://t.co/ci0eqRKTOs",AppleSupport
2033024,2017-11-26 11:06:41,601155,"@AmazonHelp Eventually the parcel arrived this morning, which is perfect because I needed it for tomorrow. Thank you!",AmazonHelp
2022466,2017-11-26 11:10:28,598153,@Uber_Support @Uber_Support very disappointed this is the second time it has happened will never use this service again,Uber_Support
1959471,2017-11-26 11:16:42,581259,@AmazonHelp Um okay so i used the normal american site and i found out there was something wrong with the payment method? I used my visa debit card,AmazonHelp
2032977,2017-11-26 11:23:02,601148,Second 'same day' delivery in 2 weeks not delivered. Emails not answered either and Contact Us page is a nightmare to navigate. Not good enough Amazon. @115830,AmazonHelp
2066553,2017-11-26 11:23:36,399908,@590432 @VirginTrains hope everyone has washed! 😬,VirginTrains
2032943,2017-11-26 11:28:27,123380,"I’ve been shopping on @115821 since, the 90s. Not once have I ever been disappointed.",AmazonHelp
2061609,2017-11-26 11:36:43,170593,@115850 kindly tell how to get free trial of your prime video? I am have Amazon account.,AmazonHelp
2038757,2017-11-26 11:44:32,602829,@Uber_Support can’t log into Uber on new phone. Says my email is already registered...yep I know that I just want to log into the existing account. Please help.,Uber_Support
2032933,2017-11-26 11:44:43,601139,@AmazonHelp Thanks,AmazonHelp
2238951,2017-11-26 11:46:58,652846,"more hours wasted trying to solve an @AppleSupport issue because they aren't calling me back (they claim I'm not picking up), and the phone number they provided for me to call doesn't work. maybe this will work",AppleSupport
2061539,2017-11-26 11:50:54,609698,@115850 no response being received for email to customer care through app. Done the below twice. No response https://t.co/QzlON9jrpK,AmazonHelp
2039150,2017-11-26 11:54:21,602940,@delta Just love being at the airport on time for a flight and the flight attendant can’t wake up on time to get here for the flight #whatifimlate?#4107 #willyouwaitformetoo?,Delta
2061551,2017-11-26 11:56:51,609699,"@AmazonHelp Yesterday I ordered 2 items for same day delivery, and it was GUARANTEED to be delivered by yesterday Nov. 25th @ 9p EST (1st pic). I was constantly checkin for updates &amp; @ 8:40p it wasnt even out for delivery yet (2nd pic). How was it supposed to be delivered by 9 if https://t.co/XRKD5yE4b3",AmazonHelp
2066481,2017-11-26 11:59:17,611099,@116130 why does my spotify delete all of my saved music whenever it feels like it? It's so frustrating ;-;,SpotifyCares
2061640,2017-11-26 12:02:12,609717,@AmazonHelp The ones that say delivered yesterday,AmazonHelp
539747,2017-11-26 12:08:40,245182,"@AmazonHelp ...weshalb meine einzige und simple, klare Frage doch war: HAT DER VERBLÖDETE STICK INZWISCHEN DIESE EINSTELLUNGSMÖGLICKEIT SELBST? Aber Hauptsache mit blöden Sprücheniund falschen Aussagen antworten statt einfach ""Nein"" zu sagen, richtig ""^SK""?",AmazonHelp
1330209,2017-11-26 12:18:28,270757,@430349 @AmazonHelp Amazon has sold a fake mobile to me and I have already given them manufacturers confirmation that mobile sold by them is fake. If you are not aware there are over 100 chats and 40 mails which I can share on this open platform. I challenge Amazon to come clean here in open.,AmazonHelp
2107276,2017-11-26 12:25:41,621843,@115850 didn't receive refund amount as of yet... Please help me...,AmazonHelp
2066185,2017-11-26 12:29:00,611015,@Uber_Support Hell nah get a better gps,Uber_Support
538577,2017-11-26 12:31:07,181641,@115850 @AmazonHelp @13938 It's there in your amazon site too. But I am not getting any solution from last 25 days .,AmazonHelp
2108816,2017-11-26 12:38:48,622202,Shoutout to @AmericanAir for sending an inadequate plane to Atlanta. Now my flights delayed 2hrs and i miss my connecting flights...Sunday Funday ruined!,AmericanAir
126089,2017-11-26 12:39:41,144294,@AmazonHelp What exactly do you want me to reply to an email that's again asking me to wait for 2-3 days?,AmazonHelp
2109653,2017-11-26 12:41:24,281608,@SouthwestAir this is ridiculous! First you damaged my luggage. Now my bag didn't make my flight! What kind of airline service is this?!,SouthwestAir
2152109,2017-11-26 12:42:48,124174,Something is sucking the life out of my iPhone. Since new iOS updates. I can literally see the battery life disappearing before me. 65% then suddenly 32% now 28% 2 mins later. Not doing anything different. Cc @115858,AppleSupport
2107267,2017-11-26 12:47:57,494348,"@115850 totally disappointed from the delivery service of you guys
Delivery executive not interested in delivery of the product 
Kindly help on immediate basis",AmazonHelp
2107266,2017-11-26 12:54:27,494348,"@AmazonHelp I have DM you with all the necessary details.
Kindly take a note and get me in touch asap",AmazonHelp
2108214,2017-11-26 12:55:29,622047,"@VirginTrains Wooops, just realised you are west coast.",VirginTrains
2133378,2017-11-26 12:59:55,627711,@115873 your driver cancelled and I get charged? Maybe you should charge him pay me and sack the bugger,Uber_Support
2032945,2017-11-26 13:03:30,123380,@AmazonHelp I just applied thank you.  I was also wondering because AMAZON also does production and I was wondering do they need royalty-free music for their TV shows etc.?,AmazonHelp
2165066,2017-11-26 13:04:41,279037,"@ComcastCares
#mobile_CareXI Comcast sucks",comcastcares
1157920,2017-11-26 13:10:46,392385,@SpotifyCares Im not into the offer that you have now that 3months thing. I just wanna make a payment for regular sub. Why have Globe/Smart as a form of payment if i need a debit/credit card?,SpotifyCares
2151892,2017-11-26 13:13:19,632361,Amazonてプライム会員じゃないと時間指定できないんだっけか,AmazonHelp
2133334,2017-11-26 13:15:14,524430,"Hey @115873 @Uber_Support  might as well do something about this. Very inconvenient. Time is gold, you know? https://t.co/tsxlHUZYqM",Uber_Support
2133974,2017-11-26 13:18:04,347928,@Delta is the love of my life ❤️,Delta
2151987,2017-11-26 13:18:29,357767,"@120533 j’ai commandé ca pour noel https://t.co/usr3wXFid8 mais rupture temporaire, c’est dispo avant noel ? Car sur je le trouve sur d’autres sites …",AmazonHelp
2134095,2017-11-26 13:19:13,627883,"@AmericanAir thanks for ruining two days of our 4 cities trip to the USA in April 2018 by changing two of our flights which were booked in July, no apologies no free up grade just 24 hours to decided or flights won't be available thanks!",AmericanAir
2151960,2017-11-26 13:26:38,632376,@AmazonHelp @115850 I told them about default charger. But there r saying that u have to buy from Amazon but there is no charger present on Amazon by one plus . What should I do. I just had a oneplus5t yesterday only,AmazonHelp
2166097,2017-11-26 13:35:23,635743,"2017.11.24 Bad Amazon Delivery #NestCam @AmazonHelp 
This package contained a glass coffee carafe!! 
https://t.co/QKQ35lybhl via @218362",AmazonHelp
2151869,2017-11-26 13:41:02,632356,".@AmazonHelp the 24th. Unfortunately this is the 2nd item that had gone ""missing"" &amp; not been delivered.",AmazonHelp
2270021,2017-11-26 13:42:22,660540,"@115858 @AppleSupport I just bought a dead iPhone X from Apple Store Akasya, Istanbul. I am utterly disappointed to see Apple selling a device that doesn't work. I most probably will not buy Apple products anymore after this bad experience.
Proof videos:
https://t.co/ByLezlyU7n",AppleSupport
2166078,2017-11-26 13:48:56,457501,@115830 why all deliveries for prime are only showing as Wednesday 29th? What happened to next day delivery? @AmazonHelp,AmazonHelp
2163714,2017-11-26 13:51:24,635251,"@Uber_Support Hi, I change from iphone 6 to samsung 8 and cannot log in to uber in the new phone. Once I get my phone number and password it says there was a problem and the session is finished due to inactivity.",Uber_Support
2260888,2017-11-26 13:54:29,658292,Anxious to see what @SouthwestAir will do about all these cancellations in #sandeigo #GetMeBackToStl,SouthwestAir
2200779,2017-11-26 13:57:42,292381,"@115821 I’m thinking about purchasing the amazon echo. Is there anything else I need besides the internet of course, for it to work?",AmazonHelp
2164632,2017-11-26 13:58:09,258677,@120576 @VirginTrains Thannnnks. You can’t lose with a cheeky falafel and hummus wrap! ✌🏾,VirginTrains
225450,2017-11-26 14:01:38,169860,"@SpotifyCares Awww. You're being so thoughtful. Copy that. Again, thank you. 😘",SpotifyCares
2269986,2017-11-26 14:04:52,299216,@AppleSupport My Apple Watch is only showing phone numbers in the messaging app now instead of people’s names. What can I do to fix?,AppleSupport
5238,2017-11-26 14:06:22,646470,@115850 Worst experience. My order got canceled after 20 days of delay without notifying me. @115850,AmazonHelp
2211819,2017-11-26 14:12:59,646473,"Sometimes I think I am a very intelligent person then I go and do something amazingly dumb. I decided to do a reset on my Amazon fire box and it disconnected it from my WiFi now I can't use my phone app to use the TV. #FirstWorldProblems #amirite 
@115821",AmazonHelp
2201624,2017-11-26 14:16:34,643867,"@AmericanAir We reboarded the plane. However, I am likely to miss my connection and the ticketing computer at the gate is down. Let’s not make excuses. I showed up, your team should show up, too. #shitshow",AmericanAir
2269966,2017-11-26 14:19:34,660522,"Pro tip for @115858 - if you’re going to update everyone’s iPhone software at once, make sure you consider people still buying the older models. 

The upgrades shouldn’t turn the iPhone 7 into a paperweight.",AppleSupport
152096,2017-11-26 14:20:11,150754,@AmazonHelp @115851 What shameless people... first take the money for 45 days and sit on it and now no decency to reply... on mail or call or social platforms... pathetic!! @115851,AmazonHelp
2200832,2017-11-26 14:20:53,643642,@Uber_Support hey y’all just took my money and I’d like some assistance,Uber_Support
2201512,2017-11-26 14:22:33,643831,Another day sprinting through an airport because @Delta can't seem to run their flights on schedule.,Delta
2200815,2017-11-26 14:25:23,643639,@AmazonHelp Apparently they couldn't find the delivery address. That is bizarre as I requested it to be delivered to Amazon lockers at the local supermarket. I have had items delivered here before.,AmazonHelp
2211756,2017-11-26 14:28:39,646454,@AmazonHelp I've ordered wolfenstein 2 at amazon.de. After I unboxed it I did find out that it's only in german language. So I opened the seal. Is there anyway I can send it back and ask for a refund? Because it wasn't described in the description?,AmazonHelp
2211743,2017-11-26 14:37:07,543355,@AmazonHelp no matter how well hidden this lazy delivery partner thought my package was I was assured that after last time packages would not be left on my OPEN porch https://t.co/8sPGglrzHF,AmazonHelp
2219592,2017-11-26 14:41:55,648364,@Uber_Support Was is going on? My fare last night was too much see attached screenshots. 1/2. https://t.co/K3f7ZGEmML,Uber_Support
2211742,2017-11-26 14:43:58,543355,@AmazonHelp Highly doubtful,AmazonHelp
2291674,2017-11-26 14:47:34,665559,@115858 how comes When your iphone hits 20% it gets eaten within seconds 🙄🤔 #iphone #Rip https://t.co/ahRwwPDbE8,AppleSupport
2221177,2017-11-26 14:47:35,405297,@SouthwestAir Another early trip to DC.  Met by music at gate check and on the brand new plane!  Feel better already.  I like-keep! Best airline - keep up the good customer service.,SouthwestAir
2220102,2017-11-26 14:48:25,648470,It’s 4 degrees outside and you guys @VirginTrains are pumping air con. 2.45 from WVH &gt; EUS. I’m hungover. I don’t need this shit.,VirginTrains
2807566,2017-11-26 14:48:31,783003,"I need Complete, I Mean, 24/7 and Brand New Days BTOB albums on @115888 😭😭😭",SpotifyCares
2238695,2017-11-26 14:49:04,652761,@AmazonHelp is it company policy for delivery drivers to drop £300 games consoles over 6ft fences when no one is at home? Absolutely furious.,AmazonHelp
2211745,2017-11-26 14:58:00,543355,@AmazonHelp Yes I do but that would require the carrier to read the instructions or even to knock on a neighbours door,AmazonHelp
2259741,2017-11-26 14:58:52,336722,@AmericanAir 45 minutes without air conditioning...,AmericanAir
2291647,2017-11-26 15:01:05,404072,"@AppleSupport Hi, iPhoneX issue. Show of notifications on main screen. https://t.co/EYRHHvFvw8",AppleSupport
2238625,2017-11-26 15:03:22,320551,¡Muchísimas gracias @116928 y @AmazonHelp por este regalo para futuros viajes/videos! 🔥❤ https://t.co/uYIE0BOqcj,AmazonHelp
2258559,2017-11-26 15:04:41,657717,"Never riding @115873 again, the worst support ever",Uber_Support
2260776,2017-11-26 15:10:25,658271,Amazon prime now is fucking shit now what the hell,AmazonHelp
2260769,2017-11-26 15:16:56,658269,Second #Kindle of mine @115821 bricks with an automatic update. How is that even possible? There's no test for updates? @AmazonHelp,AmazonHelp
2219815,2017-11-26 15:17:47,648409,"@SpotifyCares Is there a way to do this for the entire “artist’s” catalog? Or, furthur, to say: play nothing like this ever again? Nixing one song ain’t enough.",SpotifyCares
2260462,2017-11-26 15:22:09,303982,Nothing is more disappointing than paying for amazon prime so you can get that 2 day shipping and then your item delivery is changed and will arrive in 4 days 😠😭 @115821,AmazonHelp
2200834,2017-11-26 15:25:34,643643,"@Uber_Support @87059 @494364 reg number DL 1ZA 3752 Driver name : Sandeep , contact 9650520988, please check location records from 1903 hrs to 1935hrs, are @115873 drivers reliable ? @146956 @120319 @88739",Uber_Support
2260736,2017-11-26 15:26:12,658262,@AmazonHelp Haha thanks for the reply! Can't sign in the account and password reset isn't being sent to attached email.,AmazonHelp
2210633,2017-11-26 15:28:49,646131,@AppleSupport Thank you. Can you recommend a website to purchase at good value #airpods #apple #iphone8,AppleSupport
2260705,2017-11-26 15:30:37,658256,"@AmazonHelp Es que la compañía transportista es Amazon Logistics. Supongo que es vuestra propia transportista, ¿no? 🤔😂😂😂",AmazonHelp
2281497,2017-11-26 15:36:40,663160,Spending yet even more time chatting to @115830 When will this nightmare end?,AmazonHelp
2281464,2017-11-26 15:40:49,663173,@115821 @AmazonHelp is their gonna be any deals for Naruto DVD/Blu Ray On Cyber Monday?,AmazonHelp
2282078,2017-11-26 15:44:15,258521,"@VirginTrains @120576 Staff are excellent &amp; are trying to help everyone, so it’s no problem. PS - unless you run out of beer that is 😂😂",VirginTrains
2269988,2017-11-26 15:45:25,660530,@AppleSupport My software is up to date and honestly I️ believe that’s the problem. Whenever a new iPhone releases and software then older model iPhones all of a sudden start having issues as if we are being forced to upgrade to a newer MORE EXPENSIVE devise!,AppleSupport
15873,2017-11-26 15:46:08,518919,"@115913 That’s pretty sweet. However I couldn’t even get my phone exchanged on a clear defect of manufacturing. Was told by the manager, we don’t handle MFG warranties, even inside the return/exchange policy.",TMobileHelp
2282493,2017-11-26 15:46:56,663406,@AmericanAir I'm on the plane talking on the wifi to my girl about what time I land and a flight attendant comes over to me rude as ever demanding I hang up like I was in prison. I told her I was on wifi and she told me very rudely I don't think u can use it let me ask.,AmericanAir
2368740,2017-11-26 15:48:20,505506,@115900 Sorry @comcastcares send help,comcastcares
2281466,2017-11-26 15:48:48,518427,@AmazonHelp No I don't have a email for my amazon account. I only have my phone #,AmazonHelp
2281795,2017-11-26 15:49:21,663252,Godddamit @115873 fix your algorithm why are my uberpools always 10+ mins away.,Uber_Support
157131,2017-11-26 15:50:21,152092,@152091 @152088 @Delta She's a whale mate I can't find her,Delta
2283156,2017-11-26 15:51:57,663551,@SouthwestAir seems to be some communication errors between your staff and your site.  Just got told we were leaving at 11:30 as I got a text that said 11. LGA is a terrible terminal as is without having to run back and forth.,SouthwestAir
2281436,2017-11-26 15:53:43,193375,"@AmazonHelp No me sale alguna opción, pero en mi ultimo paquete yo podía verificar en tiempo real donde estaba y ahora solo me salen avisos https://t.co/mGlxlDX2FU",AmazonHelp
2281388,2017-11-26 15:58:29,281285,@AmazonHelp Recently had an order delivered and it’s all payed for.,AmazonHelp
2321230,2017-11-26 15:59:22,672667,"My iPhone X constantly freezes, will get stuck in landscape mode, won’t present me with the passcode screen, and generally won’t respond to gestures. Probably the worst phone I’ve had in 9 years. @AppleSupport",AppleSupport
2292186,2017-11-26 16:04:08,665677,@AmazonHelp Well done.,AmazonHelp
2602929,2017-11-26 16:09:12,736614,Hey @115830 I have rescheduled my delivery twice because the driver has gone right next to my house and “had issues coming to the property”. I just watched the driver go from 50m from my house to about a mile away on the map. I was standing outside to ensure delivery,AmazonHelp
2269971,2017-11-26 16:10:45,660524,@AppleSupport Thank you,AppleSupport
2281507,2017-11-26 16:13:26,525876,@AmazonHelp Sent,AmazonHelp
2313244,2017-11-26 16:13:47,670814,@VirginTrains Some of the elderly passengers might not be able to access your website or know how to. You need people here on the ground to help facilitate refunds. Such a poor poor service. Shameful.,VirginTrains
2344862,2017-11-26 16:17:12,678082,@AmericanAir any insight into why #1310 from ORD to MSY is so delayed?,AmericanAir
2292166,2017-11-26 16:19:22,665672,@AmazonHelp Yes I have its in my account settings,AmazonHelp
2312586,2017-11-26 16:20:56,670654,@115873 First time using uber and they hacked my credit card !!!!,Uber_Support
2321161,2017-11-26 16:21:32,672654,@AppleSupport  my Apple Music isn’t working 😭😭😭😭😭 what’s going onnnnnnn,AppleSupport
2320740,2017-11-26 16:24:30,223596,Dear @115821 please tell your delivery folks to knock when they drop a package. Twice already I’ve had them just leave a package on my steps. They can at least ring the doorbell before running off. 🙄,AmazonHelp
2815026,2017-11-26 16:25:58,784810,@115888 Actually this month y’all charged me three times. All three times funds were withdrawn from my account. I would like to get this resolved as quickly as possible @115888,SpotifyCares
2281453,2017-11-26 16:28:44,663170,"@AmazonHelp I have DM my query, please make sure the products get delivered on time by 9-10 am morning tomorrow 😊.",AmazonHelp
2355899,2017-11-26 16:30:28,680611,"Bjr @AppleSupport, il y a un bug sur iPhone 7 + : le téléphone se met automatiquement en paysage lorsque le verrouillage de l'écran en mode portrait est activé",AppleSupport
2320799,2017-11-26 16:32:09,672569,@AmazonHelp let amazon know that while doing business in India u must know India and not to misguide and cheat indians,AmazonHelp
2368249,2017-11-26 16:34:48,683502,"Man, I'm going to miss the @Delta Shuttle LGA Marine Terminal. #pouroneout",Delta
2345641,2017-11-26 16:38:53,678265,@115833 what are the headlines that play on show? It’s some of the most irrelevant content imaginable. Can we cust,AmazonHelp
2238904,2017-11-26 16:40:22,652833,"@AppleSupport Tried everything on the list, yet it’s not responding to anything :(",AppleSupport
2320723,2017-11-26 16:43:44,672571,"@AmazonHelp AMZL US is listed as the carrier. (I saw the UK in the prior URL you sent, note that I live in the US, not a fictional town in the UK despite what my Twitter profile reads).",AmazonHelp
2313253,2017-11-26 16:48:32,282125,@VirginTrains He showed great restraint and remained very professional throughout. I do hope this feedback reaches him! It wasn’t a nice experience for him.,VirginTrains
2367316,2017-11-26 16:50:20,683330,I asked for refund on a damaged product 20 days ago and I have not gotten it yet. Worst Service. Lost my trust in @115850 @115821 @AmazonHelp @115851,AmazonHelp
2344031,2017-11-26 16:51:30,677898,"@Uber_Support @115873  it was showing just 5 min before and then gone , how can I get that?",Uber_Support
2355864,2017-11-26 16:52:20,562986,"WHY can’t I delete useless albums iPhone/iPad creates, or at LEAST put them after my OWN—I have to avoid looking at Albums at all so I don’t start ranting in frustration (like now) at rows of wasted space while trying to find what I need. Anyone know workaround? 😫, @AppleSupport",AppleSupport
2459718,2017-11-26 16:52:30,704392,Hey @116136 @115900 thanks for nothing. Last @13516 race of the year and cable goes out on first lap only to come on right after race is ended!!did you plan that?!?!?,comcastcares
2282632,2017-11-26 16:52:35,663435,"@AmericanAir I don’t think “always” means what you and the crew think it does. Fortunately things improved once in the air. Still, your premium products should not lack basic soft products",AmericanAir
2345566,2017-11-26 16:55:45,678251,@115830 is there a reason I can’t speak to somebody in the UK regarding you charging me fraudulently making me overdrawn? Appalling customer service,AmazonHelp
2379726,2017-11-26 17:02:07,686214,@115850 Can u contact me on whatspp,AmazonHelp
2282990,2017-11-26 17:02:50,663516,"@TMobileHelp Hmm...now on customer service rep number 4...and no closer to a solution. Can you bump this request up the chain to someone who can answer??!!

Thank you!",TMobileHelp
2379332,2017-11-26 17:06:03,686134,"Hey @AppleSupport, why does my iPhone keep dropping my home WiFi in favor of others near me when my home signal is the strongest?",AppleSupport
2345688,2017-11-26 17:10:31,678279,"@SouthwestAir Thanks, JB! Just did 😉😊!",SouthwestAir
2367250,2017-11-26 17:13:28,683312,Sunday box fun #playtime #box #shipping #dogplay #dogs #sunday #amazon @115821 @683312 https://t.co/dhfeSP0PUz,AmazonHelp
2355834,2017-11-26 17:17:41,680592,"@AppleSupport 7Plus 11.1.1 60% of the songs are not opening, whereas it works when I play on shuffle but not when I click that.",AppleSupport
2368496,2017-11-26 17:19:26,386475,@AmericanAir I did. Still need to get my seat assignment from DFW &gt; MSY. Can I get some help trying to avoid the middle seat?,AmericanAir
123383,2017-11-26 17:20:38,143567,"@AmazonHelp @143566 Quem está no período experimental do kindle unlimited pode assinar por 1,99??? Não tô conseguindo",AmazonHelp
2344038,2017-11-26 17:21:00,677900,@Uber_Support will agent contact us after send an email?,Uber_Support
2032988,2017-11-26 17:26:15,601148,@AmazonHelp Told by rep.,AmazonHelp
2394569,2017-11-26 17:28:13,689352,@VirginTrains can you confirm if the 1738 train from Glasgow central has a driver or not? Been waiting for one on the 1638 train and still waiting!,VirginTrains
2410173,2017-11-26 17:31:19,692961,"@AppleSupport Thanks, but I downloaded the update and now it works. Except for in my car, which might be the car’s issue. Although updating the phone usually fixes that too.",AppleSupport
2459446,2017-11-26 17:34:01,704324,@Delta Tried to get access to my account too many times and denied. I sent an email using your form on the Delta site. Please help.,Delta
2379666,2017-11-26 17:34:19,686205,A @117086 enviando meus pedidos em um domingo eu amo demais está empresa,AmazonHelp
2038955,2017-11-26 17:35:44,19263,@SpotifyCares It updated yesterday so the latest. I can’t remember if I’ve tried from my phone. Will do,SpotifyCares
2394223,2017-11-26 17:40:11,689284,@Uber_Support None of my credit cards are being accepted so I can't use the app. Please help asap.,Uber_Support
2488989,2017-11-26 17:41:14,710777,"@115830 I have a mac book pro can I download from amazon prime, videos and movies to my desktop?",AmazonHelp
2410145,2017-11-26 17:45:14,692954,Legit my phone doesn’t stay on for more than ten seconds regardless of what perecentage it is on @AppleSupport what’s going on,AppleSupport
2430012,2017-11-26 17:47:33,697601,"@SouthwestAir I usually love SW airlines but the early bird check in is a scam. I paid $15 for group B-10!!! I could have gotten A group for free if I wanted to be up exactly 24 hours before my flight. Also, as a SW Visa cardholder I should be able to pay this fee with points.",SouthwestAir
1443108,2017-11-26 17:48:22,454853,@AmazonHelp Hey y'all. So your driver is delivering my things today and he seems lost. Do you need me to assist him. He's been driving around my apartment complex I a circle for about 10 minutes now,AmazonHelp
2396391,2017-11-26 17:52:19,689771,@AmazonHelp I understand and thank you for prompt response!,AmazonHelp
2410123,2017-11-26 17:57:04,692948,"This is my third charger for my MacBook Air in the last 3-4 years. Broken again. Either cut costs from $99 to $49, or send me another replacement. This'd my 4th charger, paying just about $400 in power cords. Sick of paying $100 for something that last a year or so.
@AppleSupport",AppleSupport
15884,2017-11-26 17:58:33,697537,@115913 I won’t lie we aren’t with T-Mobile but we have considered it but still thinking about it,TMobileHelp
2379668,2017-11-26 17:58:46,686206,@AmazonHelp She refused to do that !!! Blatantly refused and said we must wait 3 to 5 days for amazon to sort this out?!?!?  What nonsense. Your driver was literally around the corner with the phone!! Why did she just not call him up ? What type of drivers are you hiring? Is it safe?!?,AmazonHelp
2368485,2017-11-26 18:00:42,683555,"@AmericanAir That’s exactly my point. I pay more for a ticket that allows my carry on, then I’m forced to check that carry on, only to find that there is PLENTY of room once I board. The extra five minutes boarding may have took translates to half an hour at bag claim.",AmericanAir
2428218,2017-11-26 18:03:19,697190,@115821 why does my firestick have this latency issue? This countdown is to 1pm and its couple minutes behind. Help! @331517 @17326,AmazonHelp
2428667,2017-11-26 18:03:43,139755,@697293 @VirginTrains This has too much emotion I think I need a pic of me arms crossed and then another of me pointing at the seat looking disgusted,VirginTrains
1877536,2017-11-26 18:05:51,560440,"@comcastcares @222038 Outage at mine in San Francisco, 94114.",comcastcares
2428200,2017-11-26 18:11:25,697183,"@AmazonHelp pouvez vous consultez vos DM ? J’ai un soucis, mon compte a été haché",AmazonHelp
2428280,2017-11-26 18:17:09,697204,"@Uber_Support It’s 
__email__",Uber_Support
2428173,2017-11-26 18:17:25,697177,Does @115821 have some kind of surge pricing in place?   I had some art supplies in my shopping cart for Christmas gifts and went to check out and the price had more than doubled.   NOPE.,AmazonHelp
2443845,2017-11-26 18:20:29,415486,@AppleSupport why Apple Music downloads sometimes aren’t available?,AppleSupport
2489800,2017-11-26 18:22:43,710945,@Delta trying to book a comfort+ redemption KOA-YYZ every itinerary  is 2stops with the middle flight in main cabin.  Why not all comfort+?  Plenty of availability.,Delta
2443997,2017-11-26 18:26:53,158021,@AmazonHelp Still looking for some assistance in locating my package that was delivered to a wrong address. https://t.co/L2bVuiRB10,AmazonHelp
2368517,2017-11-26 18:31:55,216302,@AmericanAir I booked directly with AA. I get an email every time I cancel or hold or book a reservation.,AmericanAir
2460042,2017-11-26 18:32:23,704465,"@SouthwestAir hooking it up with free WiFi on my flight. Now I can watch my fantasy teams implode 35,000 ft in the air.",SouthwestAir
2458970,2017-11-26 18:33:10,704227,@115888 @SpotifyCares @95693 why is only the clean version (except for In the Mood) of this album available? It kills my vibe whenever I listen to it. I'm looking for some #GenuineHeavyMetal here https://t.co/o5jhaakUd3,SpotifyCares
2428270,2017-11-26 18:34:32,697201,@Uber_Support Already did that on Wednesday and never got a response.,Uber_Support
1490361,2017-11-26 18:34:51,122104,@AmazonHelp No - I have an order that I paid expedited shipping for that should have been delivered in September. Tracks as delivered but never arrived.,AmazonHelp
2459093,2017-11-26 18:35:56,704260,@VirginTrains Brilliant! I will fill in a form when I’m finally on the train. Thank you!,VirginTrains
2443980,2017-11-26 18:41:40,700784,@AmazonHelp Ive responded. However.... I find it surprising how normal Amazon parcels are now taking 3 days... as opposed to next day on prime ?!,AmazonHelp
2472935,2017-11-26 18:45:57,692856,@AppleSupport when I try to remove my credit card off my iTunes account it doesn't let me save the changes it says an unknown error has occurred; I would like to remove my credit card please!,AppleSupport
2428195,2017-11-26 18:46:31,297523,@AmazonHelp Submitted https://t.co/TyxG5UHEYy,AmazonHelp
2460293,2017-11-26 18:52:30,704516,@AmazonHelp This is really annoying as i need my vitamins tomorrow. Grrr,AmazonHelp
2459819,2017-11-26 18:57:51,549025,@TMobileHelp Hello Josh,TMobileHelp
2489144,2017-11-26 18:59:36,710813,@115873 Need Help..#Uber,Uber_Support
2472907,2017-11-26 18:59:59,218691,"@AppleSupport Done that, just redirects me to the same screen on music 🙄",AppleSupport
1772234,2017-11-26 19:01:05,532669,@Delta I’d rather have a slight delay and know the plane is safe.  You’re still my favorite airline!,Delta
2460313,2017-11-26 19:01:43,704519,"@AmazonHelp @115850 
No more expectations. Atleast Refund Asap.",AmazonHelp
2720922,2017-11-26 19:06:09,763453,@SpotifyCares Hi.Sorry to bother you but you  currently have the wrong version of Body Electric on the Body Electric 4 track Single by The Sisters Of Mercy.It should be the '84 re-recording from the '84 https://t.co/Xce5DdZTSI have the '82 version.,SpotifyCares
2443854,2017-11-26 19:07:19,700744,"@AppleSupport @700743 There is no crack on the screen, these lines came up about an hour ago out of no where I closed it downstairs opened it up 10 minutes later and there they were",AppleSupport
2460223,2017-11-26 19:08:37,704501,@AmazonHelp Amzl us,AmazonHelp
2507149,2017-11-26 19:17:20,257146,Just put #TheWizardOfOz on @116618 and the subtitles are about a minute earlier than the dialogue. Not even exaggerating.,AmazonHelp
2633433,2017-11-26 19:19:32,337229,"@ComcastCares
#mobile_Careehy is my system down when the football game is on,had the same thing yesterday",comcastcares
2506766,2017-11-26 19:20:04,714744,iOS 11 home screen notification mess continues @115858 @AppleSupport https://t.co/M5BG42r2Gp,AppleSupport
2520494,2017-11-26 19:21:05,717923,@AmericanAir flight 6027 was the most annoying flight of my life kids behind me yelling and kicking the seat the whole time,AmericanAir
2488960,2017-11-26 19:24:58,710771,@AmazonHelp Thanks. However I didn’t get any paperwork with the item just the item in a box with no extra packaging.,AmazonHelp
2489576,2017-11-26 19:25:16,425482,"@VirginTrains your passenger information is a joke. If a train is stuck at a station with people sat on it, an announcement as to what’s occurring isn’t that much to ask, is it?",VirginTrains
2489088,2017-11-26 19:29:55,710798,"@Uber_Support I was getting the emails monthly for months, now I’m not getting any emails at all. I’m assuming I’m still on the list but it’s a lottery to get the email? Uber is my main form of transport so I’m always looking out for it.",Uber_Support
2488965,2017-11-26 19:30:30,304901,@AmazonHelp It's false advertising.  I've cancelled it &amp; certainly won't be subscribing again.,AmazonHelp
2507107,2017-11-26 19:37:57,133008,"@AmazonHelp Yes, sent another tweet about it, the book has been damaged because we had two full days of rain Wed/Thurs this week.",AmazonHelp
2534857,2017-11-26 19:41:08,721220,@AppleSupport I'm having a situation with my phone not wanting to update and your website won't let me put in a request to have somebody call me send help,AppleSupport
2521817,2017-11-26 19:44:15,718249,"@AmazonHelp  item not delivered,customer service said to return item for a refund, ummm how? when it was never delivered???",AmazonHelp
2220253,2017-11-26 19:44:55,648495,@Delta Ah. This inspires confidence. Looking forward to their thoughts in several weeks 🙄🙄🙄,Delta
2075251,2017-11-26 19:46:49,613740,"@AmericanAir Soooo. How’s that work? Flying again on Thursday, coming home Sunday. #alwaysintheair",AmericanAir
2519833,2017-11-26 19:50:00,203792,@115873 @Uber_Support Screwing me out of $40 is not a good way to ensure repeat business. The burden of proof dictates that you have no grounds on which to charge me this additional fee.,Uber_Support
2521825,2017-11-26 19:52:07,718250,"@AmazonHelp Yup, fully understand things can change. But, why can’t you contact me and help resolve the situation? It’s not very helpful just to cancel without any explanation and give me no way to reorder. 🙁",AmazonHelp
2444000,2017-11-26 20:00:52,250463,@AmazonHelp Great thank you! All done.,AmazonHelp
2603374,2017-11-26 20:01:27,736713,Hey  @SpotifyCares is there a way of knowing the number of reproductions of the songs we listen to? Thx in advance,SpotifyCares
2534828,2017-11-26 20:03:49,721214,@AppleSupport I just don’t have any access with Apple Music to the connect with friends section. I am on an iPhone 7,AppleSupport
2633349,2017-11-26 20:04:10,172231,Worst customer service of all @comcastcares . With all hidden charges and forced service signups.. your service just sucks.,comcastcares
2320555,2017-11-26 20:05:32,672526,"@AmazonHelp However from what I understand, despite asking for my details not to be sent on, the representative emailed the sender and gave them my email address for them to contact me so I’m rather concerned they now have my name,address and email, when I do not know who they are",AmazonHelp
2544904,2017-11-26 20:10:53,718280,"@AmazonHelp It's beautiful! Brand new one is on the left, my other that I bought a few years ago from y'all is on the right. You guys are the best! https://t.co/JyVfRmerv6",AmazonHelp
2546388,2017-11-26 20:13:45,275817,@TMobileHelp what stores got the iPhone X!,TMobileHelp
2545603,2017-11-26 20:14:15,723545,Says cream cheese and roasted pepper with @299081 but the seat opposite is empty @VirginTrains where is he? #disappointed #stoodup https://t.co/KbeuWq2BbE,VirginTrains
939477,2017-11-26 20:15:17,342697,@Uber_Support Alright thank you,Uber_Support
2578761,2017-11-26 20:17:35,731082,@SouthwestAir really disappointed that I️ wasted $16 buying WiFi that doesn’t work and doesn’t let me watch NFL games. I️ want a refund.,SouthwestAir
2544918,2017-11-26 20:19:26,723380,"@AmazonHelp Salve, si... Ho controllato... Arrivano con oltre 20 minuti di ritardo e il codice poi non è funzionante...",AmazonHelp
2179474,2017-11-26 20:20:19,638709,@AppleSupport It always freezes,AppleSupport
2544866,2017-11-26 20:24:48,723375,"Hat jemand eine Idee, warum ich Filme, die in Amazon Prime Video enthalten sind, zusätzlich noch gegen Geld ""ausleihen"" kann? https://t.co/KPgO2ZuTcp",AmazonHelp
2578017,2017-11-26 20:27:09,556719,@delta lounge food game is on! Coneys and Brats on Sunday Game day. When everyone else is… https://t.co/l1SMkhUoa1,Delta
2395046,2017-11-26 20:31:14,689517,@AmericanAir Consistent that you guys keep making the same mistake?,AmericanAir
2593050,2017-11-26 20:32:10,734348,I’m legit so close to leaving @115858 and going to @1647 because all these updates are messing up my phone. Not feeling this at ALL,AppleSupport
2544977,2017-11-26 20:32:50,723394,"@AmazonHelp No problem with package or contents, thanks. It felt weird to get a picture of my front door while I was inside a few feet away. Pass on that feedback for me, please.",AmazonHelp
2578529,2017-11-26 20:37:11,731036,@AmazonHelp I've tried contacting support via phone multiple times within the past month to have two step verification removed from my account because I just changed my phone number and didn't get to change it on my account and have had no help or answers to anything,AmazonHelp
2521783,2017-11-26 20:45:06,718243,@AmazonHelp It is 100% the item. A friend got the same error. It is only the green twitch sweater and only the large size.,AmazonHelp
2577646,2017-11-26 20:49:47,730837,Never using @115873 again all 3 times they charged me and no driver showed. Charge me 35 dollars,Uber_Support
2602954,2017-11-26 20:50:55,736623,"Hey @117093, it’s been over two weeks, 8 tickets, and 2+ hours on the phone with reps. Can I get help getting these bags picked up? https://t.co/at9cTFi4Ud",AmazonHelp
2603541,2017-11-26 20:52:07,270131,Fuck this flight and fuck this shitty fucking airline. @Delta,Delta
2593016,2017-11-26 20:55:42,734339,@115858 you guys want to explain to me why your $30 chargers broke on me in the span a month??? #imgoingbacktoandroid https://t.co/ThbVkMN6lx,AppleSupport
2602891,2017-11-26 20:58:18,736608,"@AmazonHelp I'm not receiving the audio track on any Amazon videos. Only the background audio is being received. I've tried movies and series, same issue",AmazonHelp
2665944,2017-11-26 20:59:34,751089,"my @117168 account was hacked, now i cant log in an im paying",SpotifyCares
2546352,2017-11-26 20:59:43,723727,"@TMobileHelp @115913 Last request for a call back from mgmt, rep *JessicaBrenhaug reply was she did not have access to mgmt and she was empowered to do all that is right.",TMobileHelp
2603444,2017-11-26 20:59:58,488086,"@VirginTrains Hi guys. Just wondering if it's your policy to allow people into first class (without a ticket) and use vile, disgusting and offensive language while two. Yes TWO members of staff sit ideally by and say NOTHING!!  I'm just glad no children were around to hear it!",VirginTrains
2602978,2017-11-26 21:03:45,736627,.@AmazonHelp Are you guys having issues delivering items due to black friday? I have never had any problems with Amazon till today. I have a package that should be arriving today (Prime) but it's not even shipped yet?,AmazonHelp
2603219,2017-11-26 21:08:04,736666,@115877 what do we do if a Chinese has gone to the wrong house? Asking for a friend,Uber_Support
2561803,2017-11-26 21:11:44,727058,@AppleSupport @125392 if they ever decide to reply! 😂😂😂,AppleSupport
2603731,2017-11-26 21:14:26,736797,@AmericanAir Definitely not winning. Flight now delayed. Possible bird strike during inbound. Guess they didn't notice when we boarded early. Maybe you should board on time instead of early all the time. Got to Gate 20min and already at Group 9!,AmericanAir
2544983,2017-11-26 21:14:33,481554,@AmazonHelp I've been waiting since 3pm after getting an email saying it will be delivered today! Very disappointing,AmazonHelp
2617061,2017-11-26 21:18:14,739672,@115858 @AppleSupport my Apple watch has a swollen battery causing the screen to pop out. After doing research it seems you have extended the warranty for this issue. Can you help as your online chat team was very unhelpful?,AppleSupport
2617329,2017-11-26 21:23:07,739728,When your boyfriend gets an email saying his package would be delivered by 8pm today. So Christmas shopping was cancelled. He just got an email saying it ‘might’ be here before Wednesday. Cheers @115830,AmazonHelp
2666401,2017-11-26 21:23:13,751210,@115900 y'all need to get y'all shit together wtf!!! A nigga ain't have Wi-Fi all day and this shit just now coming on. 🚮🚮🚮🚮,comcastcares
2602897,2017-11-26 21:31:18,591075,"@AmazonHelp Bluetooth Earphones, TaoTronics Bluetooth 4.1 Headphones Stereo Magnetic Earbuds, Secure Fit for Sport, Gym with Built-in Mic https://t.co/eVbLoxQO5h",AmazonHelp
2632905,2017-11-26 21:32:26,743419,@AmericanAir I’m not late. In fact I’m early. Thank goodness it appears. This is just frustrating.,AmericanAir
2603204,2017-11-26 21:33:51,736660,"@Uber_Support Will do, thank you",Uber_Support
2633840,2017-11-26 21:34:09,743636,"Screaming with his parents, smiling with the flight attendant. @SouthwestAir to the rescue again 🙌🏼 https://t.co/zSXzF8SZsU",SouthwestAir
2616973,2017-11-26 21:34:31,739654,Hey @115858 Maps: you need an update! Not good route advice. https://t.co/o1K012jeVH,AppleSupport
2632752,2017-11-26 21:34:40,743374,@Delta It's not my #privilege im concerned about. But thanks for the reply.,Delta
2617284,2017-11-26 21:36:13,739721,@115830 @AmazonHelp,AmazonHelp
2785013,2017-11-26 21:37:05,777605,Dear @115888 can you PLEASE tell your programmers to delete the “dildos &amp; more dildos” ad from the Classic Christmas playlist - and any other “family” playlists. Your algorithms must have at least that much intelligence.,SpotifyCares
2602881,2017-11-26 21:39:53,724878,@AmazonHelp shall do,AmazonHelp
2027,2017-11-26 21:43:03,743574,@115913 How is it that your Company wants to make me wait 45 days to unlocked a replacement phone sent by insurance when the unit is paid off?,TMobileHelp
2544997,2017-11-26 21:49:17,723398,@AmazonHelp I noticed the stuff I ordered last night is also coming @123967 so i prob shouldnt expect that on time either! Why is it not going through @UPSHelp UPS they have never been late!!,AmazonHelp
2632846,2017-11-26 21:50:17,476713,My home team is the BEST team! @189623 @AmericanAir #MEM2DFW #2445 Yvette and Mike #excellentservice https://t.co/RAOph2CYnI,AmericanAir
2632335,2017-11-26 21:53:16,132771,"@115873 u have a serious problem with MCO, pick up instructions &amp; this driver. Pls contact me https://t.co/zSIxXpJBI5",Uber_Support
2647164,2017-11-26 21:53:31,746856,@AppleSupport my phone feels slow and laggy after the new update,AppleSupport
2521822,2017-11-26 21:56:49,718249,@AmazonHelp I have,AmazonHelp
2663990,2017-11-26 22:05:25,480569,"@AmazonHelp tengo un Kindle Fire 10 HD 2017 en España pero comprado en Alemania, no me reconoce mi cuenta Music Unlimited",AmazonHelp
92829,2017-11-26 22:09:51,754786,"@AppleSupport Can you please fix the glitch where if I open Snapchat, Facebook, and insta my Apple music stops playing in the background it’s so annoying!",AppleSupport
2617292,2017-11-26 22:11:59,455416,@AmazonHelp Thank you. 🙂,AmazonHelp
2666225,2017-11-26 22:12:38,751164,@AmericanAir You can reimburse me the $60 I was charged for my bag right as I boarded after it was announced complimentary bag checks bc of a full flight,AmericanAir
2666352,2017-11-26 22:13:49,751198,"@comcastcares we watch Gold Rush and Dr. Jeff, part of pkg we already pay for. Why do we have to pay $2.99 per episode for those shows on On Demand.",comcastcares
2666685,2017-11-26 22:14:10,751263,@751262 @SouthwestAir Yeah I’m a #priority booker too and #southwestairlines ignored me when I asked how we will handle priority booking or get refund. Outrageous. @SouthwestAir #worstflight #cancuntodenvee,SouthwestAir
2735703,2017-11-26 22:18:52,197449,@115851 Hey-I delivered a package for YOUR company &amp; no one can even say “thanks”? Next time I’m keeping it 😼 @115821 https://t.co/Y6zBxQJkPi,AmazonHelp
2665603,2017-11-26 22:23:04,751012,Man @115877 is literally the worst running operation on earth,Uber_Support
2663918,2017-11-26 22:24:24,750630,"@AmazonHelp Sorry, don't trust live chat any more",AmazonHelp
2685108,2017-11-26 22:29:54,311664,@115821 - happens when I try to pull up any YouTube video https://t.co/cTv3Dyf19F,AmazonHelp
2710516,2017-11-26 22:33:01,336610,Anyone know how to covert an existing iCloud account to a child account? My kids would hate to lose any game data. cc @AppleSupport,AppleSupport
2699855,2017-11-26 22:34:17,758484,"@Delta @758483 Sure, thanks.",Delta
2710423,2017-11-26 22:38:04,330905,"@AmazonHelp Hi! I've received help already, and have been told (about 10 hrs ago) that I'm being credited £20 (seriously amazingly helpful, thank you!) but it isn't visible in my gift balance yet so I was wondering if there's usually a delay? 🙂",AmazonHelp
2520459,2017-11-26 22:38:22,717918,@AmericanAir Hi. So the flight is 3 hours delayed and they just announced they are waiting on the crew to get here before we can board.....shocking.,AmericanAir
2720859,2017-11-26 22:47:28,534562,Hi @SpotifyCares I created playlists via my Mac desktop and went later when I wanted to play them via my iphone...none of my playlists were available to me :( What do I do? thanks for your time!,SpotifyCares
2710336,2017-11-26 22:47:53,197787,"@AmazonHelp Trying to install an app (from a non-Amazon source), but ""install"" is greyed out. I've enabled external sources; what do I do?",AmazonHelp
2429709,2017-11-26 22:50:16,697534,@TMobileHelp @115913 Can’t you go through what I have already requested and still not delivered? Why do I need to DM every time if you really care about your customer. I moved because of John Legere and cursing myself for doing that.,TMobileHelp
2700204,2017-11-26 22:51:51,206446,"ISP is finally back and working, shoutout to the tech we got @comcastcares. Now to stream :D",comcastcares
2710499,2017-11-26 22:53:42,761076,@AppleSupport please respond to the DM I sent you. I’m very frustrated about this.,AppleSupport
2617317,2017-11-26 22:54:12,739726,@AmazonHelp Me quieren devolver el dinero y quedarme sin mi pedido por culpa que ustedes no hacen bien su trabajo adjuntando la factura comercial en los envíos a Canarias. Está ocurriendo a muchos clientes,AmazonHelp
2368379,2017-11-26 22:58:24,683536,@683535 @AmericanAir @683535 causing mischief yet AGAIN 😏,AmericanAir
2721938,2017-11-26 22:59:10,763679,"I should be at work, but my flight was cancelled last night and re-booked for tomorrow.. others would riot but I decided to eat more pumpkin pie @SouthwestAir Crossing fingers for safe flight path tomorrow and for Christmas",SouthwestAir
2200842,2017-11-26 23:00:51,643647,@Uber_Support @643644 Do you even know who you talking to?,Uber_Support
2710348,2017-11-26 23:01:09,761039,"@AmazonHelp La verdad ya no sé si creer q me ayudarán. Pedidos demorados por más d 3 meses, llamadas para cambiar direcciones d entrega inútiles, la aplicación con fallas y 2 llamadas más para cancelar un pedido que ni ustedes logran completar. ¿Ustedes seguirían confiando?",AmazonHelp
2710347,2017-11-26 23:10:47,761039,"@AmazonHelp Fueron vendidos por Amazon México. Primero creí q era por no estar disponibles y no pasó nada, esperé y luego esperé un tiempo más, luego un poco más. La compra fue el 3 de septiembre, literal llegamos a Navidad y espero que para Fin de Año ya se haya podido resolver.",AmazonHelp
2731456,2017-11-26 23:11:23,765717,"Q: has @115858 fixed the bugs from their update (e.g. “I”)? 

Follow-up Q: if no, how long can I go without updating until the problem is fixed?",AppleSupport
2721507,2017-11-26 23:12:35,763582,I'm sitting happy on the best bird @AmericanAir has ever flown. #Super80 https://t.co/1J8ZuLRAUg,AmericanAir
2345610,2017-11-26 23:15:59,678263,@AmazonHelp I genuinely like Amazon Prime. The only downfall is that damn fast forward feature. Thanks for the reply,AmazonHelp
2721296,2017-11-26 23:21:12,763532,"@delta You should let passengers know when animals are flying in the cabin. Had asthma issues at 30,000 feet due to 2 cats behind me. Required rescue inhaler. 

Had no idea they were on plane. until I started coughing.",Delta
2825217,2017-11-26 23:24:06,787071,"@SpotifyCares Hi, wondering if you can tell me why all my downloaded albums and playlists stop being available offline when I haven't listened for awhile? Thanks.",SpotifyCares
2735668,2017-11-26 23:27:21,766656,@115821 and @83621 please just admit that you screwed up it’s been 6 days now! In 30 days you’ve lost 2 packages and flat out lied about there not being a safe location to leave one package. What would you consider safe my mom’s womb ugh!!!,AmazonHelp
2722028,2017-11-26 23:29:23,763695,"@SouthwestAir 6544 Midway-LaGuardia.

How fast does your paint dry?",SouthwestAir
2736347,2017-11-26 23:30:49,763586,@AmericanAir 🤦‍♂️ this wasn’t because I was thirsty. Literally was having a hard time breathing,AmericanAir
2699209,2017-11-26 23:32:04,290632,@Uber_Support Thanks. Submitted all forms. Anything else we can do?,Uber_Support
2710368,2017-11-26 23:33:54,761043,@AmazonHelp Customer service is very well hidden on your site and the seller isn't answering,AmazonHelp
2710518,2017-11-26 23:38:03,336610,"@AppleSupport I’ve review this today. Can’t seem to get them seen as a “child”. Only “adult.” As such, I can’t enable the “ask to buy.”",AppleSupport
1464147,2017-11-26 23:41:32,329014,@AmazonHelp Then please just tweet the exchange instructions.  @115821 @60813 https://t.co/Kj30AMo3jM,AmazonHelp
2736750,2017-11-26 23:44:27,766903,Been with @115911 for over eight years but it’s about time for me to move around. Every time I call customer service something is always wrong. I give up,TMobileHelp
2752097,2017-11-26 23:45:48,770462,"@115821 @AmazonHelp I made a order and two hours later I got this email, I didn't used a gift card at all I don't know why I'm getting this https://t.co/ml39E7oG1h",AmazonHelp
2731435,2017-11-26 23:47:27,765713,"@AppleSupport My boyfriend said he did the update, but I have not made any changes.",AppleSupport
2763454,2017-11-26 23:48:13,608603,@AmericanAir I am flying from LAX to HND a week from today. Will there be proper catering on board for biz class or is there still an issue?,AmericanAir
2663804,2017-11-26 23:51:37,750629,@AmazonHelp Already called customer service and they took all the info down. 👍🏼,AmazonHelp
2736149,2017-11-26 23:51:54,766758,@Delta Was issued sub 4K MQMs on the jfk-eze leg on the AR operated flight but received 7k MQMs on the eze-ATL leg flown on dl metal. Both tickets issued by DL.,Delta
2752091,2017-11-26 23:59:48,770460,@117086 Vcs irão vender o Kindle Fire no Brasil em algum momento? Temos apenas iPads bons no Brasil mas são tablets caros.,AmazonHelp
2785183,2017-11-27 00:05:45,777650,Gorgeous views during my layover in #SaltLakeCity... #NoFilter ✈️ @delta #HolidayTravel https://t.co/e4DEz6yi3A,Delta
2763402,2017-11-27 00:07:49,773036,@AmericanAir really?!,AmericanAir
2772445,2017-11-27 00:09:05,774927,"Always a joy when @118706 marks my @115821 shipment as delivered, but doesn't bother to actually deliver the package

@123967 #Fail #Fraud",AmazonHelp
2751536,2017-11-27 00:11:13,238767,@AppleSupport And I’m on 11.1.2,AppleSupport
2720581,2017-11-27 00:12:03,763378,@Uber_Support What is DM,Uber_Support
2763931,2017-11-27 00:14:05,773136,Come on @SouthwestAir I was stuck at the airport for 5 hours today 😓 Our pilot doesn’t even know what was going on. I love flying y’all but that was a bit ridiculous.,SouthwestAir
165343,2017-11-27 00:15:23,154342,@comcastcares Ok,comcastcares
2828383,2017-11-27 00:16:09,787724,Hey @115888 / @SpotifyCares why does the MF artist “follow” button not work on the iPhone?,SpotifyCares
2238678,2017-11-27 00:17:52,652756,@AmazonHelp @652755 What time is the sale going to start on 28th? Also no cost emi available on HDFC cards?,AmazonHelp
2772652,2017-11-27 00:27:25,774969,"brand new phone and the home button already broken, haven’t even dropped my phone yet. you owe me @AppleSupport",AppleSupport
2772309,2017-11-27 00:27:37,744265,"@AmazonHelp Solo tiene 3 capítulos, y es la mejor serie de la historia. Espero más capítulos. Muy buen servicio!",AmazonHelp
2807749,2017-11-27 00:30:11,783061,@Delta that silver medallion status and #AmExPlatinum card really paying off #zone3 really? https://t.co/RiFgSkjyO2,Delta
2736318,2017-11-27 00:31:25,766798,@AmericanAir @766797 two 4 lokos and a 30 rack of natty will handle this,AmericanAir
2785947,2017-11-27 00:34:15,777821,I'm kinda mad that Amazon logistics still doesn't have a more descriptive way of tracking packages. Like is the seller facility in Seattle or Minnesota?,AmazonHelp
2784790,2017-11-27 00:40:40,777545,@Uber_Support - how can I report an incorrect charge to my cc?,Uber_Support
2785943,2017-11-27 00:45:21,777820,"@AmazonHelp That’s pretty dumb, my gf redeemed one on her account but I have prime so we wanted to transfer it for chrinstas gifts",AmazonHelp
2617080,2017-11-27 00:50:41,739678,@739679 @AppleSupport Amazing isn’t it? https://t.co/CNVnWJ9P8V,AppleSupport
2793306,2017-11-27 00:51:25,779533,@779531 @779532 @779529 @99836 @SpotifyCares @179540 @115888 Does this mean I might be able to run ed(1) on my in-dash entertainment system?,SpotifyCares
2807340,2017-11-27 00:53:08,782941,When you get the shipping notification 10 minutes before your package is supposed to be delivered. @115821 #primefail,AmazonHelp
2807959,2017-11-27 00:56:33,783108,@americanair (2 of 2) delivery of my checked bag in time for me to have items I need for work tomorrow. Ridiculous!,AmericanAir
2763845,2017-11-27 01:00:02,773122,@TMobileHelp @115913 Hi,TMobileHelp
2807311,2017-11-27 01:02:30,464072,What the hell @115821? What good is Prime if you can’t get it to me in time? https://t.co/hpU931Rvcr,AmazonHelp
2807712,2017-11-27 01:02:35,783049,I just flew on the most comfortable flight ever!! Thank you @Delta #OnlyFlyFirstClass,Delta
2807415,2017-11-27 01:12:13,782969,@115873 why can't i email you with an issue that is NOT listed on your https://t.co/kIGOJu0xHP site? I got charge for a cancellation fee for a ride that I did not order (my wife ordered our Uber on her phone) . No option to connect or contact you on your web site,Uber_Support
2807297,2017-11-27 01:12:35,782932,@AmazonHelp I confirmed the card was activated and removed and added it to amazon wallet twice. Should be fine. I did this last year with no issues.,AmazonHelp
2812638,2017-11-27 01:14:51,142760,@AppleSupport I went to add a card to my dads @118721 account.  Phone froze up after i hit redeem.  It said card was added but it didn’t get added😡,AppleSupport
2813120,2017-11-27 01:18:05,122130,"@AmericanAir I get that today is a difficult travel day and the weather isn’t helping, but I expect more of Executive Platinum status.",AmericanAir
2813572,2017-11-27 01:19:44,784478,Anyone having @115821 account issues today?#amazon,AmazonHelp
2808028,2017-11-27 01:21:20,783131,@115900 yal been going out bad lately. Wassup wit yal?,comcastcares
2808151,2017-11-27 01:23:48,448844,And thank you to @SouthwestAir for being easy to deal with...,SouthwestAir
2831829,2017-11-27 01:28:06,188217,"Needed some coffee for the road, decided to stop by #Starbucks this is where #Apple #Maps took me. 😡 https://t.co/0yVjwkGsoV",AppleSupport
2807272,2017-11-27 01:28:32,782928,@AmazonHelp I've tried the email form hopefully that gets through to someone,AmazonHelp
2808094,2017-11-27 01:31:17,286737,@TMobileHelp @115913 Hi,TMobileHelp
2813055,2017-11-27 01:31:57,308446,Another upgrade! Thanks @Delta! https://t.co/omVDLXIkbN,Delta
2807326,2017-11-27 01:40:01,782938,@AmazonHelp Son estos 2 productos https://t.co/E6WT9HbCkK,AmazonHelp
2751487,2017-11-27 01:40:02,770297,"@AppleSupport I've tried to update it through my phone and computer, the loading screen has been on for hours. If i turn it off all it does is restart the process all over again. Ive tried to even do the update on my Mac and it still didn't work.",AppleSupport
2813560,2017-11-27 01:48:49,784477,@115821 your packaging left a bit too be desired today. Everything was correct in the package though. https://t.co/Jje0W8NZZ6,AmazonHelp
2813988,2017-11-27 01:48:55,784573,@115888 can I still avail the P9.00 premium if I tried the 7-day trial?,SpotifyCares
2813938,2017-11-27 01:52:04,784558,"@Uber_Support my husband just was in an @115873 and the driver was VERY ABUSIVE to the other pool-rider, my husband defended the old man Uber being nasty via email  #unfair #scary",Uber_Support
2814155,2017-11-27 01:52:25,784609,@AmericanAir On flight 2715.  AA FAs in 1C&amp;F complaining about their schedules... upgrade passengers first! #keepitclassywhileoffdutyinuniform,AmericanAir
2813491,2017-11-27 01:55:00,784293,The @118706 delivers INSIDE my building everyday yet @115821 customer service needs my personal access code? I was in building by phone...never buzzed. And no eta on delivery now. https://t.co/dMywMahxeL,AmazonHelp
2814264,2017-11-27 01:59:03,784639,"@SouthwestAir flight 5671 delayed, Willie be cancelled altogether? What happened?  Been in line for over 2 hours waiting on info or remedy. This is a nightmare.  😨",SouthwestAir
2813541,2017-11-27 02:06:07,784473,"@AmazonHelp The first delayed delivery was with Lasership. The second two are with ""AMZL US"".",AmazonHelp
2814602,2017-11-27 02:09:21,784701,"Dear @115858 , I’m trying to enjoy my phone but EVER SINCE THE IOS 11.1.2 UPDATE MY SHIT HAS BEEN TURNING ON AND OFF HANGING UP CALLS AND FREEZING IT HAS NOT DONE TBIS BEFORE AND IM ABOUT TO LOSE MY MIND @AppleSupport",AppleSupport
2814951,2017-11-27 02:11:44,784788,@Uber_Support can we have an option to pick a smoke free ride?30 minute ride smelling cigarette at 5:30 am on my way to the airport is not fun,Uber_Support
2814172,2017-11-27 02:12:29,784614,"@ComcastCares
#mobile_CareXI our internet is extremely slow streaming Netflix",comcastcares
2807332,2017-11-27 02:12:30,782939,"@AmazonHelp It’s you, you’re the carrier. Any times it’s UPS or USPS it gets delivered fine. Now it’s updated and says tomorrow or the next day.",AmazonHelp
2814001,2017-11-27 02:13:26,645908,"@Delta when I try to change my seat, I get a message that I am on stand by. My ticket is confirmed and I have a seat assigned already. Why is this?",Delta
2814130,2017-11-27 02:15:30,784604,@AmericanAir 5794 which is 4 hours delayed while they find a new plane.  I was curious why the original plane was kept from arriving. Thanks.,AmericanAir
2814600,2017-11-27 02:20:06,784700,@AppleSupport can u patch this update soon? My phone is almost unusable because of it,AppleSupport
2814407,2017-11-27 02:21:21,784664,"@AmazonHelp So I don’t understand how heading another apology and another “please explain” is going to help me. I’ve wasted enough time and energy and I’m so sad that our service has gone so downhill so fast. I’ve been around since 2012, this will be my last year. Thanks for NOTHING. 👌🏽",AmazonHelp
2814386,2017-11-27 02:31:30,784662,@AmazonHelp Yea I have enough for taxes,AmazonHelp
2815254,2017-11-27 02:34:27,784870,@SouthwestAir is struggglingggg this week #2for2 https://t.co/eS1IEeG6YX,SouthwestAir
2814615,2017-11-27 02:36:39,784703,@AppleSupport  https://t.co/Ei0RwKNQJI,AppleSupport
2812938,2017-11-27 02:36:48,784333,"@Uber_Support I have followed up directly in-app with necessary screenshots and information, but have not heard back.",Uber_Support
2814453,2017-11-27 02:37:45,784670,@AmazonHelp ご丁寧にありがとうございます。その後ヘルプなど見ましたので大丈夫です。,AmazonHelp
2813176,2017-11-27 02:38:06,784386,@AmericanAir I will make sure to bring this up to the proper resources in order for this never to happen again.,AmericanAir
2835019,2017-11-27 02:42:34,789142,"@SpotifyCares having a problem with my whole library being deleted, this has happened many times with and without an SD card. I'd like some assistance please",SpotifyCares
2816143,2017-11-27 02:44:17,785079,@115900 I'm just sad and I'm trying to watch my favorite movie but your cable keeps saying there is an issue. I'm even paying for the movie TAKE MY MONEY ANS LET ME WATCH IT,comcastcares
2816019,2017-11-27 02:46:18,317217,@Delta Kie not Kai. Spell check,Delta
2814965,2017-11-27 02:48:06,784791,@Uber_Support I need urgent help as My Girl friend forget her purse in Uber car last night with lot of money and important documents.,Uber_Support
2815630,2017-11-27 02:51:51,231636,@AppleSupport Ayeee bet clutch. Thanks,AppleSupport
2815145,2017-11-27 02:52:24,784845,@AmericanAir No it still IS uncomfortable. Still sitting on the runway without a place to park! Hope your seats are absorbent cause I’m about to pee all over them,AmericanAir
1755084,2017-11-27 02:52:52,528569,@AmazonHelp Just 3 days after this month will end 🤔,AmazonHelp
2815264,2017-11-27 02:57:22,784872,@TMobileHelp :3,TMobileHelp
2814489,2017-11-27 03:00:06,594674,"@AmazonHelp I understand, however I’m in the home of 5 @115858 users with 2 functioning chargers.
If I die, it’s on your watch.",AmazonHelp
2815574,2017-11-27 03:04:05,784952,"My Apple Watch keeps saying it’s not connected to my phone when my phone is sitting right next to it. I’ve had it for a week and all day today it’s acting like it can’t find me phone......
@AppleSupport",AppleSupport
2814405,2017-11-27 03:08:00,784664,@AmazonHelp I’m never contacted back when I file claims. Every time I’m told it’s being investigated I’m never offered proof of this and ignored when i ask for it. It’s and endless circle of the same bull. I no longer am looking for a solution just wanted to be vocal about it so others know.,AmazonHelp
2815906,2017-11-27 03:08:14,785024,"Your food arrives freezing cold. @115877: whoops, sorry sounds like your problem. @116788: So sorry about that, here’s your money back. Just one more example of how Uber is a terrible company that doesn’t care about anyone.",Uber_Support
2815602,2017-11-27 03:15:13,784958,@AppleSupport I have not made any changes or updates to my phone 📱,AppleSupport
2815531,2017-11-27 03:16:13,784939,@AmazonHelp I'll bee sure to scroll all the way down from now on. Very disappointed being shipped from prime at this time of year especially.,AmazonHelp
2816150,2017-11-27 03:22:37,785081,"@SouthwestAir Why, on Sunday evening on thanksgiving weekend, would you close curbside check-in, regular check-in except for 2 people and then close the pre-check lines? I'm not happy, nor are the people in front of me and in back of me. SMDH",SouthwestAir
605104,2017-11-27 03:23:37,263833,@AmazonHelp My order was delivered on 24th Nov as against the promised 22nd Nov. my son's bday was on 23rd Nov. Haven't heard from you in more than 72 hours? What is the next step by @119356 @115821??,AmazonHelp
2520250,2017-11-27 03:29:46,717874,"@Delta @717870 Typical Delta Customer Service (None) Just Pay us More &amp; We’ll See What we can do for you lol.               Go Jet Blue, They’ll Take Care Of You!",Delta
2816846,2017-11-27 03:31:44,785232,Really @AmericanAir ? Flight from #dtw 80 mins. Waiting at baggage claim @122128 45 mins. Where is your customer service and ownership? I spoke to 10 different people that waited over an hour for their baggage! #poorservice #AmericanAirlines #frequentflyer https://t.co/3HGKaMwNFu,AmericanAir
2817224,2017-11-27 03:36:25,785134,@108051 @115858 @728029 Never I’m over it,AppleSupport
2816290,2017-11-27 03:37:19,785114,@AmazonHelp There appears to be no way to contact you on your site about an order you show as delivered but in fact has not been. Only been a week now and it's in USPS purgatory.,AmazonHelp
2842,2017-11-27 03:39:08,786206,"@115888 Please check my DM, same concern as with others charged for 129.00 instead of 9.00 as promoted.",SpotifyCares
2816690,2017-11-27 03:40:34,785193,About to give up on @115877.  Latest driver refused to come to my door. Three weeks ago delivery dude got lost in my building then took a nap on the sidewalk. #PDX,Uber_Support
2818351,2017-11-27 03:41:45,785607,"@ComcastCares
#mobile_Care
Why has your service been down at this time for the past 3 days? Peak times to watch cable all weekend and can't switch channels or use the internet",comcastcares
2817712,2017-11-27 03:43:47,785435,@TMobileHelp hello id like help i have recently bought a used phoned and it came clean my i dont have service and says not accepted in network options,TMobileHelp
145822,2017-11-27 03:45:03,141442,@AmazonHelp still not shipped my order. When will i get any update?,AmazonHelp
2817138,2017-11-27 03:58:58,785315,"@AmazonHelp your App has gone crazy , tired of trying to place a order there, switching to Flipkart",AmazonHelp
2816817,2017-11-27 03:59:24,777583,"@AmericanAir Nope, still taxi'ing back into the gate.... And now back at the gate and engines shutting down",AmericanAir
2817696,2017-11-27 04:04:56,488851,@SouthwestAir Thanks guys. Also good snack selection today and nice flight attendants.,SouthwestAir
2817859,2017-11-27 04:05:17,785475,So is anyone’s Apple Music not working neither? @115948 @AppleSupport https://t.co/W71xSwhWUV,AppleSupport
1786155,2017-11-27 04:09:20,154677,@116875 https://t.co/2Yc8xwYdHd,AmazonHelp
2817440,2017-11-27 04:11:19,784789,"At least with #Lyft, you know upfront you may be paying a little extra. But for @115873 to just decide, after you are done with your ride, extra because the driver said so... Bullsh*t!!!",Uber_Support
2817504,2017-11-27 04:14:19,785411,@Delta Thanks!,Delta
2818867,2017-11-27 04:21:12,482980,I’d like to see my @115888 play count for both Twinkle Twinkle Little Star (the hit single) and the album “2017 White Noise for Baby Sleep” #breakingrecords #repeatONE,SpotifyCares
2817423,2017-11-27 04:26:28,785388,Oye @115873 what’s up with the ridiculous fare? I’m going home with a @115879,Uber_Support
2817792,2017-11-27 04:30:00,785457,@AmazonHelp How do I check this? When I got to check out and I click on the address it says weekend delivery and Saturday abd Sunday are ticked. But is there another setting?,AmazonHelp
2831796,2017-11-27 04:34:45,766389,FIX I.T @115858,AppleSupport
142982,2017-11-27 04:41:28,148279,@AmazonHelp Hey! Rocky R. Gave us best resolution possible from his side and we got to a conlusion. But still requires further investigaton,AmazonHelp
2818124,2017-11-27 04:44:43,416022,@Uber_Support @785551 SHES IN SOMW DEEP SHIAHIFJAKAJAJA,Uber_Support
2818252,2017-11-27 04:45:10,162792,"@AmericanAir I did, but you have to have at least 25K points apparently to use with @108090.",AmericanAir
2818403,2017-11-27 04:49:38,785621,"@115911 JESUS!! First i was billed incorrectly,charged $80 in fees and needed help with an arrangement and Vincent from CS is THE most unhelpful person ever..i literally had time to DL/install/sign and tweet this and ,still on hold!!",TMobileHelp
2818802,2017-11-27 04:57:05,785724,"Whelp, can’t say I’ll be using @115877 again.. https://t.co/LofYgczZJE",Uber_Support
2819212,2017-11-27 04:57:44,125706,@AmazonHelp UNAUTHORIZED CHARGE MADE BY AMAZON TODAY. SHAMEFUL,AmazonHelp
582730,2017-11-27 05:01:36,257396,"@115858 @AppleSupport needs to figure out this lag garbage. I can barely text without my phone going berserk. Figure it out and get it together for iOS 11.2, !",AppleSupport
2820266,2017-11-27 05:05:42,786067,"@ComcastCares
#mobile_Care we’ve tried to reset the box but I’m still getting “we’re having problems connecting to the x1 platform” I sent a restart signal to the box also. Still not working.",comcastcares
2818509,2017-11-27 05:10:28,785655,"@AmazonHelp Ya lo hice, según ellos Amazon no tiene nada que ver. Yo lo único que sé es que un usuario Prime no debería de estar pasando por esto.",AmazonHelp
2819042,2017-11-27 05:12:07,784423,@SouthwestAir First they said 12:45. Then 1. Now 1:25. @SouthwestAir just going to keep us here all night waiting for a flight that never shows. I’m MAD.,SouthwestAir
2820748,2017-11-27 05:19:24,785721,@Uber_Support she literally has me overheating cause she has da AC off like it’s not 60 degrees and i’m not wearing a fucking long sleeve,Uber_Support
2819161,2017-11-27 05:23:15,226929,"@115850 @AmazonHelp  5 Products no solution worst Quality and poor service also ur policies are waste &amp; u ppl nw dont ask me to fill details coz i wont for 5 orders , if you really care then all i need is a SOLUTION #NoToAmazon #NoUseOfPrime",AmazonHelp
2820159,2017-11-27 05:26:21,786042,@SpotifyCares I have a premium account that I can't listen to!  My login defaults to my facebook account which was a free account.  I need to disassociate my FB account from my Spotify account.  Can you assist?,SpotifyCares
2819174,2017-11-27 05:34:17,785810,アマゾンで買おうとすると進めないんだけどどうしたらいいんだろう https://t.co/ocKnrhXMRj,AmazonHelp
2833094,2017-11-27 05:34:51,788712,"@AppleSupport fyi, for the second time in the past month, my phone’s alarm, while set, did not go off.",AppleSupport
2200844,2017-11-27 05:39:45,643646,@643645 @Uber_Support @643644 😂😂😂😂,Uber_Support
2820206,2017-11-27 05:46:29,298147,@AmericanAir can you please get a flight attendant for flight 1496 to Amarillo TX we are 20 minutes late boarding!,AmericanAir
1777654,2017-11-27 05:47:22,196678,"@AmazonHelp it is unaddressed. No proper updates and delivery is 3 days delayed. Still have not received, and worst customer care experience ever. @115821 @115850 Made several complaints. #CloseItDown",AmazonHelp
2818934,2017-11-27 05:53:26,265415,"@Delta Trust me, I get that your goals are to make the 💰",Delta
2819908,2017-11-27 06:00:05,785967,@AmazonHelp First it was showing my old phone details but it's not showing,AmazonHelp
2820538,2017-11-27 06:09:53,576398,"@AmazonHelp I have had enough patience for you guys and u guys are not doing a good enough job, how would u feel if u simply bought 250$ AND U CANT EVEN USE IT!!!!!!!!!!!!!!! I WANT MY MONEY BACK OR TRANSFERRED TO ANOTHER ACCOUNT ASAP! NEVER USING AMAZON AGAIN https://t.co/AeJOqQlDKR",AmazonHelp
126454,2017-11-27 06:13:04,144382,@Uber_Support Yes and i have posted what they told me and that makes me confused... in same query they reply me with two different amounts of money.....just tell me how your referring systems work in Bangladesh.. https://t.co/ioKZanIV6C,Uber_Support
2820530,2017-11-27 06:15:35,786136,"アマゾン使った事ないのに
請求きたからYahoo!で調べたら
やっぱり架空請求やったわ！笑笑
皆さんも気をつけて下さい https://t.co/jEbTuuEITS",AmazonHelp
2820471,2017-11-27 06:26:35,182213,@115850  since Amazon is not Willing to restore COD which is removed for their mistake which they agreed. Now starting buying locally at same or lower price as compared to Amazon.,AmazonHelp
2821127,2017-11-27 06:33:57,786270,アマゾンプライム入会してから映画を見まくってる。ウォーキングデッドはもちろんだが、「クリーピー偽りの隣人」が最高に怖くて面白いのでお勧め。25才以下の人は、精神的に耐えられないと思うので大人になってからどうぞ。,AmazonHelp
2822750,2017-11-27 06:39:14,786596,@117153 how can i unsubscribe my premium?but when i check my subscription it is not subscribe as premium but in my creditcard statement i was charge for monthly bill.,SpotifyCares
2822659,2017-11-27 06:42:19,786575,"#UberIndia what a customer service no reply on the complaints raised. @115873 @Uber_Support #Ola @1143 @133052 @135789, #India https://t.co/LQ46cMR8Zn",Uber_Support
1777691,2017-11-27 06:43:31,534144,@AmazonHelp Already reported this multiple times to your customer service executives. But did not get any improvement in this regards. Now it would be better if you guys cancel my prime membership and return the amount that you guys have charged for being a prime member,AmazonHelp
2210765,2017-11-27 06:44:28,646172,@AppleSupport 6s,AppleSupport
1719216,2017-11-27 06:56:57,520463,@AmazonHelp It’s been over 48 hours my account has been on hold. Still no email from your team!! How patient do you want me to be.,AmazonHelp
2821362,2017-11-27 07:09:07,268187,@VirginTrains I didn’t have time but they lifted the barriers due to the queues so they must be aware,VirginTrains
2821283,2017-11-27 07:09:17,506594,@Uber_Support Done!,Uber_Support
1822330,2017-11-27 07:10:40,547067,@AmazonHelp Petit souci : https://t.co/n3v0UqPfci,AmazonHelp
2821427,2017-11-27 07:14:29,494343,@786322 @SouthwestAir Resisting the urge to answer the question truthfully #Kappa,SouthwestAir
2822085,2017-11-27 07:16:09,786446,Booo @Delta. Changed departure time of my flight in Jan by 12 hours then tried to charge me $150 to re-deposit miles. Say it ain't so!,Delta
2819198,2017-11-27 07:18:01,785814,"@AmazonHelp Reason being, I should not be bothered about the location of the phone I ordered as it did not arrive in my address. You should have ensured delivery of the product ordered instead of saddling the burden on the courier services, which is anyway your internal issue.",AmazonHelp
2821603,2017-11-27 07:28:18,120226,@AmazonHelp Thanks for ur reply..i m referring movie XXX : Return of Xander Cage &amp; TV series Walking dead.,AmazonHelp
2818502,2017-11-27 07:42:41,785652,"@AmazonHelp 👍 that's good to hear, can I know where we can check for the upcoming movies in @119625  right now till it comes in latest movies we can't check but is there any portal or Twitter handle for checking upcoming movies",AmazonHelp
2821950,2017-11-27 07:47:05,775703,@Uber_Support How many times I need to told you about my concern. Getting messages from your side for promo codes which is not valid,Uber_Support
2821565,2017-11-27 07:48:20,786356,@AmazonHelp First time tweeting out my problems helped https://t.co/NhZamceCD0,AmazonHelp
2822223,2017-11-27 07:49:21,503841,"Thanks @115911 for making me go out and buy a BRAND NEW phone, because my phone “isn’t covered” by insurance even tho I’m paying for it!!!",TMobileHelp
2578557,2017-11-27 07:56:03,731041,@AmazonHelp For a uk CS rep to contact me urgently before I refer my complaint to trading standards.,AmazonHelp
2518244,2017-11-27 08:02:19,717330,"@AppleSupport @717328 After updating ios(11.1.3) my iphone 5s restarted again and again,only apple logo show and start the phone again ,when i'm connected to the wall charger it will on my battery is ok and touch panel is also ok,so what kind of shit is this😡😡😡😡😡",AppleSupport
590157,2017-11-27 08:03:39,787065,@115888 Why i can't pay??,SpotifyCares
2822317,2017-11-27 08:05:06,786508,@AmazonHelp Is there chance for it to be delivered before Thursday or will they not even try until the 30th because that's the date stated?,AmazonHelp
1697509,2017-11-27 08:11:19,514909,@Uber_Support Check this copy paste replies from your team upto 15_20times same reply https://t.co/PV1r3tEZDS,Uber_Support
2822323,2017-11-27 08:14:07,786509,"@AmazonHelp Unfortunately no update. I specifically asked for yesterday delivery, then I asked for a morning delivery today..... instead nothing.",AmazonHelp
2822025,2017-11-27 08:14:28,129870,@VirginTrains I haven't either... waiting for payday 🙈,VirginTrains
2819202,2017-11-27 08:22:09,785814,@AmazonHelp I have filled in the details.,AmazonHelp
2822844,2017-11-27 08:24:35,786617,@comcastcares Pastor says you should plug off the internet on sunday so more people would go to church,comcastcares
2823449,2017-11-27 08:30:24,786720,@115877 For the user ID #7A4D0 we were delivered chicken fried rice combo instead of veg fried rice combo. It is totally unacceptable to be careless and make such errors in delivery to a pure vegetarian customer,Uber_Support
2823675,2017-11-27 08:32:24,282140,30 minutes early into DEN! Thanks @SouthwestAir Flight #5816 from MDW,SouthwestAir
2815176,2017-11-27 08:33:13,784851,@AmericanAir First class was empty. Ground crew and in flight teams were rude. Really sad. Very bummed.,AmericanAir
2823084,2017-11-27 08:33:29,786654,む。Amazonから突然、返金のお知らせが届きましたが、これは…？25日発送なので長期不在でもなく、ましてやキャンセルもしていないし。帰宅したら何らかの通知が入ってるかなぁ。,AmazonHelp
2833000,2017-11-27 08:43:12,788689,@115858 fucking charged my card $9.12 and I have no idea why.,AppleSupport
2396353,2017-11-27 08:44:43,689766,@AmazonHelp Thank you!,AmazonHelp
2823628,2017-11-27 08:48:27,684584,Surprising: I did not have to dissemble into molecules during the @Delta security check. That’s a first 🙌,Delta
2823946,2017-11-27 08:53:55,360243,"@AmazonHelp Yee, ordered on 23 with prime, all in stock. Delivery on 1/12...",AmazonHelp
2823490,2017-11-27 08:59:59,786728,"@SpotifyCares Then i have a question about https://t.co/RYxaLhbRTx numbers. Day before the number i showed in picture was ~1.74m, now, as in picture, it is ~3.64m. So, approx 1.8/1.9m in the last day. But in chart shows that it had only ~700k streams in last day. Which number is wrong then?",SpotifyCares
2824345,2017-11-27 09:00:29,786895,"@Uber_Support @115873 please reply with your appropriate email address, i have some enquiries",Uber_Support
2825726,2017-11-27 09:01:04,787164,Hey @115850 Just looked at some products and they are showing min order quantity as 2. Why is it so? .Seems like a wrong strategy to me.,AmazonHelp
2825657,2017-11-27 09:05:37,787148,"Hi @119625 when will we see DHEERAN ADHIGAARAM ONDRU tamil film in prime ???
Can u make it fast please...😐",AmazonHelp
2824741,2017-11-27 09:15:32,786978,"Amazonから入金済みの荷物が届かない(白目)

詐欺か詐欺なのかー(TωT)ｳﾙｳﾙ",AmazonHelp
2820454,2017-11-27 09:21:11,786122,@AmazonHelp They were really helpful....... obviously didnt even look into it and gave me a prime price for US $. Le sigh. Feedback rated as terrible. https://t.co/nM7170jA4E,AmazonHelp
2823591,2017-11-27 09:24:07,635963,@VirginTrains Fair play. And I'm nearly at my stop. Thanks for making me laugh - happy customer servicing(!),VirginTrains
2826827,2017-11-27 09:28:13,122818,@Uber_Support why can’t you add an expense code after a trip??,Uber_Support
2824676,2017-11-27 09:28:56,354934,Le petit rire moqueur au téléphone d’ @AmazonHelp sur mon chèque cadeau de 0.36€ que je voulais récupérer me laisse perplexe. Merci @4238 de me perdre mes colis en permanence et super bien fermé ta gueule @14967,AmazonHelp
65751,2017-11-27 09:36:10,131040,"@AmazonHelp pls help to get my parcel delivered,no response ,no contact details shared , don't Kno when I get my order :(.",AmazonHelp
2825740,2017-11-27 09:41:38,787168,プライム内サービスのamazon music、あんまり興味持ってなかったんですがチラと見たらサントラの充実度がスゴイんだけど。,AmazonHelp
2834440,2017-11-27 09:45:33,690639,"This isn't a fake. Why @115858 keeps sending me emails in French, I have no idea ¯\_(ツ)_/¯ https://t.co/Cft6e0uM5z",AppleSupport
2826544,2017-11-27 09:48:37,563037,Dear gods of @115850  plz deliver my #reputation mags &amp; cd within time. I've been wating for them for three years now. IT will kill me if Don't get them 😭😭😭🙏🙏🙏,AmazonHelp
2826039,2017-11-27 09:51:31,787237,@115873 y'all gotta fix this error Y'all got a nigga stranded and shit,Uber_Support
2825667,2017-11-27 09:52:45,787151,"@AmazonHelp when I order something on prime one day shipping why will it arrive THREE days later? Not exactly 1 day, is it?",AmazonHelp
2825542,2017-11-27 09:56:00,787135,Amazonプライムに写真バックアップ出来るの初めて知った(´◉ω◉),AmazonHelp
2825507,2017-11-27 10:03:45,153394,"@AmazonHelp Je devais recevoir un colis le 23/11, n'étant pas présente un avis de passage a été laissé. Le soir même, je demande que le colis soit déposé en point retrait pour que j'aille le chercher. Le lendemain le livreur appelle et laisse un mot dans la boîte aux lettres",AmazonHelp
989685,2017-11-27 10:09:00,354443,@115830 This issue has now been resolved. Thank you @115830 &amp; @AmazonHelp,AmazonHelp
2826284,2017-11-27 10:10:56,787283,"@AmericanAir Please make sure your in-flight entertainment is working before a 9 hour flight!! No movies, TV or radio for the whole trip! Staff couldn't fix it and one seemed put out when we asked for help. Not what I expected!!",AmericanAir
2578563,2017-11-27 10:11:56,731041,@AmazonHelp I need a UK based manager to call me ASAP.,AmazonHelp
2826414,2017-11-27 10:15:33,787315,Shocking service from @115830 They don't listen to the problem and I was even lied to by the advisor multiple times....... unreal!!!! 🤬,AmazonHelp
2824745,2017-11-27 10:20:41,786978,@AmazonHelp 今日がお届け予定日なのですがまだ届いていない状況です。とりあえず様子を見てそれでも届かなければ教えていただいた手段を取ろうと思います…。,AmazonHelp
2826847,2017-11-27 10:26:14,787398,"@Uber_Support was charged different than what was quoted when I accepted my fare. Please assist, as the guy I’m emailing now is unhelpful.",Uber_Support
2826440,2017-11-27 10:26:36,787319,"@AmazonHelp Just my bank, not you guys.",AmazonHelp
2826996,2017-11-27 10:31:04,787434,Omg I accidentally bought a @VirginTrains for the wrong way round 😥😥😥 can I refund it ?(it was an advance ticket sadly),VirginTrains
2825591,2017-11-27 10:33:30,786963,@AmazonHelp Mes commandes sont annulées et je ne peux même pas voir mes commandes. Le lien que tu n'as pas donné ne me donne aucune information,AmazonHelp
2410182,2017-11-27 10:33:46,692963,"@AppleSupport All up to date, assume everything is ok on my end and take it from there like I said this issue is on the support forum going back 10 years ITS A BUG IN THE PROGRAM",AppleSupport
2826941,2017-11-27 10:38:23,241897,"@SpotifyCares Hey, I signed up and its given me a bunch of random characters for a username. Anyways of changing this? Thanks!",SpotifyCares
2826824,2017-11-27 10:38:44,787396,@Uber_Support Please what's happening as I've been unable to request a ride for months now. It keeps giving this error message in the screenshot. I've uninstalled and reinstalled the app and it's still the same.pls help https://t.co/CQf2kYkzin,Uber_Support
1860215,2017-11-27 10:41:39,556100,@AmazonHelp I have contacted you privately but no response...,AmazonHelp
2827259,2017-11-27 10:46:47,787499,@AmazonHelp Okkk srrr but help me out fast,AmazonHelp
2826496,2017-11-27 10:53:27,787329,@AmazonHelp Creo que aquí pone que está vendido por @115821 https://t.co/FOBg4M2oKy,AmazonHelp
2827283,2017-11-27 10:57:52,229900,"Bonjour @120533, vous m'avez bloqué mon compte et annulé ma commande ce matin pour une ""personne non autorisée"" qui aurait eu accès à mon compte.
Du coup je me retrouve avec une commande qui va arriver le 01/12 au lieu du 29/11 (mon anniversaire lel).",AmazonHelp
2281349,2017-11-27 11:01:30,663151,"@AmazonHelp OKEY, THANKS",AmazonHelp
2827296,2017-11-27 11:05:15,199385,"@AmazonHelp I'm not going to find another computer to try from, because you have a JavaScript error and that should be something obvious for an engineer to track down to begin with.

Also, one of the things I wanted to order ""Only 1 in stock"" fails ordering every time telling me it's out.",AmazonHelp
2828073,2017-11-27 11:08:51,787663,"Kindle買ったー！
おすすめの本があったら教えてください🙌 https://t.co/cAHFTQYmXj",AmazonHelp
2816154,2017-11-27 11:13:40,785082,@SouthwestAir Why? When purchasing the tickets we put two accounts in.,SouthwestAir
2828059,2017-11-27 11:14:00,787661,Cyber Monday &amp; amazon prime are hurting my bank account this week 😅,AmazonHelp
2848287,2017-11-27 11:16:51,574656,@SpotifyCares could we get a thumbs up down for tracks in discover weekly? Starting to get a lot of crap in it,SpotifyCares
2827272,2017-11-27 11:17:07,787502,"@AmazonHelp Thank you for the info, fingers crossed it gets here in time for Xmas 🎄",AmazonHelp
2827817,2017-11-27 11:19:15,577230,@Delta Non-answer answer. Gee thanks,Delta
2829034,2017-11-27 11:21:35,194074,@Uber_Support Uber driver charged 70/- while the cash shown in your app was 37.16.,Uber_Support
2824033,2017-11-27 11:24:53,786837,@AmazonHelp Thanks. Nothing more to say right now.,AmazonHelp
111736,2017-11-27 11:29:48,140820,@AmazonHelp This really is a joke! Leave packaging feedback for an item that’s not been delivered??? https://t.co/kGRAtNbunu,AmazonHelp
2827976,2017-11-27 11:37:32,787641,@AmazonHelp リプありがとうございます。発売日に商品が到着するとこに感謝致します。楽しみですー！わーい！,AmazonHelp
2835868,2017-11-27 11:38:46,490978,Que porra de atualização é essa  que tá consumindo minha bateria em um piscar ????  @AppleSupport,AppleSupport
2828037,2017-11-27 11:42:32,787656,"@AmazonHelp メールボックス内のアマゾンから送られる通知の過去歴を全て確認しましたが、該当する通知は一切ありません。
ですが、会員登録になっているということは何らかの形で会員登録もしくは無料体験に登録していたということでしょう。",AmazonHelp
2828544,2017-11-27 11:49:37,787756,"Seat reassigned to the back of the plane next to the toilets. So much for loyalty. What gives, @AmericanAir?",AmericanAir
2828824,2017-11-27 11:50:07,787796,@AmazonHelp Order No: 204-8685827-7978768,AmazonHelp
2820148,2017-11-27 11:51:48,786039,@SpotifyCares You keep sending me to your “help” links and community board. Can you actually advise and fix? I can get to the help links myself.,SpotifyCares
2828788,2017-11-27 11:56:15,787786,@AmazonHelp If my locker pick up emails says pick up by Tuesday does that meant I can collect tomorrow?,AmazonHelp
2829023,2017-11-27 12:01:17,787842,@Uber_Support I am having two e coupans provided by hdfc bank which I am unable to apply on your app. My e mail id is __email__.,Uber_Support
2829493,2017-11-27 12:02:59,787941,Eu amo a @117086! ♥,AmazonHelp
2829569,2017-11-27 12:10:16,787953,What the flip @115821 ? Your driver can’t bother to get out of their vehicle to deliver packages? #TisTheSeasonForThievin’ #disappointed #poorservice https://t.co/vT3qUNHiUO,AmazonHelp
2825690,2017-11-27 12:18:28,787156,@AmazonHelp Its unbelievable amazon .. the one which was expected by 5 december got delivered today itself. Thank you so much. #LoveForAmazon @115850,AmazonHelp
2835839,2017-11-27 12:18:43,789343,"Got random charges from my bank saying ""APL https://t.co/TVbT11tDtJ"" I DONT even have a iPhone /itunes account😡 @AppleSupport @115858 @118721",AppleSupport
2830297,2017-11-27 12:19:54,788137,@VirginTrains I need help and have been on hold for 25 minutes to get through! Can you advise of an email I can have to contact you that way,VirginTrains
2829166,2017-11-27 12:22:23,787870,@Delta GRXVWM,Delta
2829528,2017-11-27 12:23:27,787947,"Dear @115850 ord ID:171-4530770-8571552,I was expecting product delivery as per the schedule,but ur delivery service made my day difficult",AmazonHelp
2829497,2017-11-27 12:27:39,149159,Why isn't prime next day delivery at the moment? @115830,AmazonHelp
2828836,2017-11-27 12:32:56,269388,@AmazonHelp What’s the Amazon sellerIt was somebody else,AmazonHelp
1996548,2017-11-27 12:32:59,146304,@Uber_Support Totally dissatisfied with the support provided. Can you please escalate this issue to a higher level?,Uber_Support
2830775,2017-11-27 12:39:24,227707,@AmazonHelp I contacted DHL and they said no shipment with this tracking received and I should to contact the shipper :(,AmazonHelp
632017,2017-11-27 12:41:21,269799,@SpotifyCares @269797 I agree with Daisy!,SpotifyCares
2379292,2017-11-27 12:43:52,686125,"@AppleSupport Thanks, but I have many if not all of these tips integrated into my iPhone. With minimal usage the battery is significantly dropping. :(",AppleSupport
2830662,2017-11-27 12:46:28,788214,So @115821 has that “buy now” button and Ruy freaking “accidentally” bought some stupid shit for his truck and it charged to my card!!😂😡😭 https://t.co/Ie0fh53Jsr,AmazonHelp
2830747,2017-11-27 12:50:13,788232,"@115830 Please can you explain why delivery drivers have started ignoring my delivery instructions (leave in enclosed porch)? They're no longer printed on the address label. Why the change?
I have resorted to this. https://t.co/6HpWdTVpWc",AmazonHelp
2831161,2017-11-27 12:51:43,788317,"@Uber_Support @115873 @115877 This is his number, I've been trying to call him... but he's not picking up!!!! https://t.co/TVocEiV9XM",Uber_Support
1177480,2017-11-27 12:54:03,396950,@115830 @AmazonHelp still not got a reply or my money back #notimpressed,AmazonHelp
2831388,2017-11-27 13:02:03,283027,"I ❤️ @SouthwestAir leg room, so comfortable.",SouthwestAir
2830357,2017-11-27 13:02:12,788146,@AmericanAir 👍I have one more of your flights to catch in a few hours. It's a beautiful day so it's sure to be a good one.,AmericanAir
2830651,2017-11-27 13:02:47,788213,@9642 I bought a product on @115821.in. but am not able to verify if it is a genuine product. It usually comes with a scratch code for authentication which is absent in this one.,AmazonHelp
2831241,2017-11-27 13:03:16,429515,@VirginTrains I only have an email automated response to confirm receipt,VirginTrains
2828025,2017-11-27 13:09:08,787654,"@AmazonHelp 
i hope u understand
my problem",AmazonHelp
2831133,2017-11-27 13:12:39,336805,@Uber_Support Hi. When do you credit the ARS 600 for last weekend promo? Thanks,Uber_Support
2830627,2017-11-27 13:15:31,788211,"@AmazonHelp I wasn't, I looked in my order History and it was no longer there. Order #113-2257129-1795447",AmazonHelp
2839526,2017-11-27 13:16:29,790205,@comcastcares how come i'm not able to sign in some hotspots? i using the same password and ID i've always used.,comcastcares
2760367,2017-11-27 13:20:35,772352,@AmazonHelp Oh god. Looks like u got templates for all your responses. Guess i need to look for other options to escalate this.,AmazonHelp
2830696,2017-11-27 13:25:38,788222,@AmazonHelp Team - This must be hand to hand delivery after followup you are still saying that I should wait until ESD please priorities the same and delivered tomorrow,AmazonHelp
2832466,2017-11-27 13:27:05,788579,@DELTA thanks for never giving a shit about my 20 years of loyalty to your airline and creating far more negative travel experiences than positive.,Delta
2831581,2017-11-27 13:29:56,788399,Eu não conheço nenhuma empresa que entregue os pedidos mais rápido que a @117086 👏👏👏,AmazonHelp
2835746,2017-11-27 13:30:32,789316,"Hey @AppleSupport in what world sharing 25 pix from one icloud galley to another to much for the ""photo"" app to handle? (Hw: 6s - soft: ios latest 10 version)",AppleSupport
2832175,2017-11-27 13:30:34,788525,@115873 Worst customer suppoer ever. My query is still not resolved and these guys are not responding. Worst part is there is no telephone no to call,Uber_Support
2832634,2017-11-27 13:32:35,330927,@116755 just want to let you know.  My account still isn’t fixed and i still haven’t heard back from fraud.  Extremely disappointed.,TMobileHelp
2830236,2017-11-27 13:33:10,788129,@SpotifyCares Everything is up to date,SpotifyCares
2828763,2017-11-27 13:36:18,787780,@AmazonHelp j'attends la prise de contact,AmazonHelp
2831649,2017-11-27 13:42:11,788409,@AmazonHelp Fair enough. Understandable. Sadly I need a part tomorrow so you’ve lost a sale.,AmazonHelp
2832187,2017-11-27 13:43:52,723432,Surprise. Surprise. @Uber_Support XNA queue is still broken. https://t.co/zIKqS8SMm7,Uber_Support
2832970,2017-11-27 13:45:15,695166,@AmazonHelp Their isn't any tracking info? I was supposed to give it until 12pm today and it would be at my nominated place.. Just for your info my Dyson from Saturday hasn't arrived yet either!?! #poorservice,AmazonHelp
2827213,2017-11-27 13:49:22,787490,@787478 @AmazonHelp Siiisi les babouins sont toujours là😁🔥,AmazonHelp
2815573,2017-11-27 13:53:03,784952,@AppleSupport I’ve restarted my Apple Watch 3x and it’s still not connecting to my phone,AppleSupport
2831296,2017-11-27 13:53:11,705077,@AmericanAir Thank you! You guys are awesome!!,AmericanAir
2832937,2017-11-27 13:53:20,788677,@115821 An item drops over $100 3 days after ordering it and you no longer refund the difference?,AmazonHelp
2831564,2017-11-27 13:57:23,788397,@AmazonHelp Can I just go pick it up?,AmazonHelp
2832171,2017-11-27 13:58:00,788525,@Uber_Support I have already replied . Kindly check and let me know.,Uber_Support
2831566,2017-11-27 14:04:01,788397,@AmazonHelp And how do we check that?,AmazonHelp
2833812,2017-11-27 14:08:41,788870,I don’t think it’s enough spoken about that when you go to the toilet on a @VirginTrains train Will Ferrell speaks to you? And says he can see you? It cannot only be me that’s weirded out by this?,VirginTrains
1050397,2017-11-27 14:10:15,368237,"@AmazonHelp FedEx. No reason given for the delay. The really annoying piece, looking at it this morning, it shows that it is in a Seattle facility now, but still due to arrive tomorrow.",AmazonHelp
2837153,2017-11-27 14:10:49,789657,@789656 @115858 @AppleSupport Jajajajajaja tal cual. Mejor no lo pudiste explicar.,AppleSupport
2833823,2017-11-27 14:12:56,788873,"@Delta Delta read again, its a joke. Didnt mean it. Keep doing what your doing",Delta
2827957,2017-11-27 14:16:08,459383,@AmazonHelp Reported there but didn't got any satisfactory reply,AmazonHelp
2832186,2017-11-27 14:17:49,723432,@Uber_Support So when will @41283 @115873  queue be fixed?,Uber_Support
572847,2017-11-27 14:20:39,254617,@AmazonHelp Okay 👍,AmazonHelp
2834247,2017-11-27 14:24:42,788976,@115821 why don't my prime packages ever arrive in 2 days?,AmazonHelp
2812821,2017-11-27 14:29:19,789313,@116875 Cyber Monday ontan las ofertas o solo en USA?,AmazonHelp
2683450,2017-11-27 14:29:51,754787,"@AppleSupport Also sometimes they do load. Which makes it more frustrating when they don’t, which is mostly when I’m not on WiFi.",AppleSupport
2834928,2017-11-27 14:30:44,789120,@3533 @Uber_Support @115873 worst customer service i have ever faced. My Uber app somehow doesnt allow me to make any payments and have been following since August but it like a computer mesage saying that they will revert in 24 hours which they never do. Tired of it!!!sad!!,Uber_Support
2832928,2017-11-27 14:36:00,788676,@AmazonHelp Got in touch with someone. Thanks!,AmazonHelp
2853055,2017-11-27 14:38:46,793165,omg my Spotify won’t play at the same time I’m on Twitter what is going on someone help @123765 @115888,SpotifyCares
2835157,2017-11-27 14:43:06,789170,Never flying @AmericanAir again,AmericanAir
2835662,2017-11-27 14:43:15,789292,"@AmazonHelp Necesito ayuda para desbloquear mi cuenta. No recibo el mail con las instrucciones de como hacerlo. 
I need help to unlock my account. I do not receive the email with instructions on how to do it.",AmazonHelp
2834877,2017-11-27 14:48:31,789112,"@Uber_Support It's already done. Don't act as high handed brand manager's, solve the customer query asap. Check your emails and app before giving these standard cut copy paste responses",Uber_Support
130353,2017-11-27 14:49:27,145395,@AmazonHelp Email is registered with Amazon is __email__.. Please understand my concern it's more than a month I have this product.. It should not take this much of time.. While ordering you have showed it will take 15 days but still i am waiting for my product..,AmazonHelp
2838739,2017-11-27 14:50:49,790023,@AppleSupport Every time my iphone turns itself off with a good amount of battery remaining (~once a week) I have to double pay for the bus.,AppleSupport
2836632,2017-11-27 14:52:38,789534,"@SouthwestAir  C'mon SWA, it can't cost nearly $600 to get my kid from PHL to MCO for dates 12.26,17 to 1.2.18.  That's the airfare, taxes,and unaccompanied minor fee.  He is a Rapid Rewards member and only see him 2-3 times a year.  Make a Deal Please!  Last xmas, much cheaper!",SouthwestAir
2835711,2017-11-27 14:55:08,789305,@AmazonHelp And also sucks for those people searching for a micro SDXC card that the first few listings are for items priced at a higher value.,AmazonHelp
2831149,2017-11-27 14:57:46,725352,@Uber_Support still not sure what you guys are trying yi tell me but what i know is that i haven't got the solution yet.,Uber_Support
1125044,2017-11-27 14:59:13,385281,"@AmazonHelp Sadly no, the landlord is currently not available. Would it be possible for the products to be redelivered once they are returned to the seller, I am willing to pay the shipping fee again?",AmazonHelp
2835877,2017-11-27 15:03:12,789354,"@AppleSupport Yes I did all those steps, since I lost my registered number, have to put it in recovery, but since last two times and 8 days it's not getting recovered and have to start recovery every 4rth day.",AppleSupport
2836450,2017-11-27 15:03:59,659034,✈️—&gt; ☕️ @Delta https://t.co/kDmZI89otB,Delta
2835602,2017-11-27 15:04:16,789279,"@115830 at this time of year do you not feel all items, especially toys, should be disguised when being delivered. My son's seen his Christmas present as you didn't even put it in a normal amazon box you just delivered it in its product box! #thinkingofaplanB",AmazonHelp
2836473,2017-11-27 15:07:02,789496,@AmericanAir the FAs on AA536 right now are amazing! They have gone well beyond the norms to get all bags into the overhead space. Never seen such dedicated effort from FAs!!,AmericanAir
2835619,2017-11-27 15:08:27,789283,"@AmazonHelp No, it's been a couple different ones. Last time the carrier was AMZCA, time before was Intelcom Courrier Canada Inc.",AmazonHelp
2854385,2017-11-27 15:08:48,523476,@115888 Do I really need to go back to @115948 cause y'all don't have @87725? Cause I will......👋🏾,SpotifyCares
2836412,2017-11-27 15:10:32,789486,"@VirginTrains hi, I'm taking my mum down to London on Wednesday as a surprise prezzie for her 70th birthday! And it would be awfy nice to travel first class 😉",VirginTrains
2835569,2017-11-27 15:13:02,789275,"@AmazonHelp Foi vendido pela Amazon, sim!",AmazonHelp
2836280,2017-11-27 15:17:53,141355,@115873 should require driver's to have their devices giving directions be mounted on the dash or window. Was just in a car where the driver had his phone between the 2 front seats. Kept having his head down to try to read the map while driving. #iwannaarriveinonepiece,Uber_Support
2835205,2017-11-27 15:18:10,200883,@SouthwestAir Annnnd your website is down.,SouthwestAir
2835691,2017-11-27 15:19:10,789300,@AmazonHelp All shipped by Amazon!,AmazonHelp
2836929,2017-11-27 15:22:58,789599,@115821 thanks for completely screwing up my order - false shipping info and run around is not the way to do business!,AmazonHelp
56351,2017-11-27 15:25:19,790626,"@116136 COMCAST, can you please get rid of the Spanish language channels on my TV ????!!!!",comcastcares
1004645,2017-11-27 15:25:51,654396,"@357788 @115830 Two deliveries in as many weeks, missing products, wrong items, battered boxes, @115830 going down hill, wont be ordering high value items again from you. https://t.co/juBpIUCVLJ",AmazonHelp
2835775,2017-11-27 15:26:10,789324,@AppleSupport Thank you for your fast respond . It has the iOS 11.1.2 installed.,AppleSupport
2829540,2017-11-27 15:29:27,329014,"@AmazonHelp @115821 @118156 *I’m
I should bill you for my wasted time, and believe me you, I am far from cheap.  @115851 https://t.co/UNS2hwiDq7",AmazonHelp
2838246,2017-11-27 15:32:39,789911,@TMobileHelp @115913 I don’t need an additional line. I pay for 4 lines already for my family of 4,TMobileHelp
1786163,2017-11-27 15:33:40,789997,@116875 La verdad que si son muy burnos! Mejor que los de la bahía electrónica (leelo en inglés!) Por mucho,AmazonHelp
2838104,2017-11-27 15:38:44,463133,"@693056 @SouthwestAir i know, i love them!",SouthwestAir
2240648,2017-11-27 15:38:57,653281,"@AmazonHelp Still waiting for a reply from you.... ( No rush.  I've waited over a year to receive my item and you are still delaying  So, I'm fairly patient. )",AmazonHelp
2762988,2017-11-27 15:39:53,772944,"@SpotifyCares That worked, thanks!",SpotifyCares
2834168,2017-11-27 15:41:51,788962,@AmazonHelp @115821 Standard reply as usual https://t.co/QtKBZUCbKR,AmazonHelp
2837899,2017-11-27 15:42:21,231431,"@Delta @824 Sounds good, my company uses a travel agency. About how much do change fees usually run?",Delta
1950323,2017-11-27 15:42:51,128743,@Uber_Support Sorry @Uber_Support this is completely unacceptable! https://t.co/ITqc6uCFft,Uber_Support
2836878,2017-11-27 15:47:02,789592,"@AmazonHelp Non, je n'ai eu droit à aucun mail, rien du tout ☹️
Je voulais voir où en était ma commande et elle se trouvait désormais dans : commande annulée. Je ne sais même pas pourquoi c'est le cas !",AmazonHelp
2823641,2017-11-27 15:47:13,786762,@AmericanAir @786761 Y’all need to do more than pass along her feedback. What kind of customer service is that?!,AmericanAir
2840104,2017-11-27 15:47:37,790358,@790357 @AppleSupport @108852,AppleSupport
2834149,2017-11-27 15:52:47,788958,"@AmazonHelp I ve already done this. Nd let be now, i have lost hope on you guys. 🙏🙏",AmazonHelp
2839285,2017-11-27 15:56:50,790140,"Me and my friends @108906 @108907 standing beside looking for #Uber for same place on uber app! Why app is showing different charge for same class of vehicle ? 
@115873 @119983",Uber_Support
2840280,2017-11-27 15:57:29,790387,@115850 pathetic service . Y u send mssges so late in evening when product is reaching jn the morning?? Sent one order back by mistake just coz nothing was mentioned on th packet about the produxt😖,AmazonHelp
2837124,2017-11-27 15:57:36,626239,@AppleSupport 11.1.1,AppleSupport
2839839,2017-11-27 15:57:51,790302,@SouthwestAir following to see when your website is back from vacation (back online)  so I can do some Cyber Monday flight shopping!,SouthwestAir
2840271,2017-11-27 16:02:26,790385,@115850 @AmazonHelp  what happened with ur customer support they are not sure about their own word.they are unable to help...,AmazonHelp
2839413,2017-11-27 16:03:12,790174,Just want to give a shoutout to @Delta gate stewards I encounted over the thanksgiving break flying standby managed to literally move my standby listing around and get me home in time/ saved me potentially a day or two of my life,Delta
2838524,2017-11-27 16:07:40,789973,"@AmazonHelp No, it tells me what day, just didn’t give me a reason or why I might want no rush. Just because you tell me that a next day delivery will actually be 3 days doesn’t make it right given it’s a paid for service",AmazonHelp
2840386,2017-11-27 16:09:15,275824,"Super disappointed in you @115858 - ran diagnostics over phone, said I needed a new battery. Guy in store wouldn't change my battery - made me update my phone instead, and now it dropped 40% in 30 mins untouched.",AppleSupport
490587,2017-11-27 16:10:58,141265,@AmazonHelp Promised phone call at 2 and no sign yet.. 2 hours later. Where is my product?,AmazonHelp
2839258,2017-11-27 16:15:06,609813,@Uber_Support Sure will do I saw your other tweet too about logging into the site and reporting the dangerous driver. Since I was just another passenger in the ride and my gf was the one who ordered the ride will I be able to log the ride details via that link? I'll send a dm now as well,Uber_Support
2841442,2017-11-27 16:16:07,790641,@SouthwestAir - the EB process is a complete scam!  I spent $150 for a fam of 5 and rec’d B and C passes.  Flight 1805 from Aruba to Balt was a joke.  Every pass seemed to pay for EB and most were screwed.  Angry adults were yelling on the plane-CAP THE # OF EB U SELL.  #ripoff,SouthwestAir
2837043,2017-11-27 16:16:48,789623,"@AmazonHelp All sorted, thanks/",AmazonHelp
2857497,2017-11-27 16:18:55,794178,"@118266 ini akun saya kok kaya gini ya, ini gmna benerin nya? https://t.co/Q88dh9XYIJ",SpotifyCares
2839457,2017-11-27 16:21:07,790184,@AmericanAir Thanks that’s what we thought. We were made to board last and they were saying that they don’t do that any more.  #1571 from Chicago to LA.,AmericanAir
2835695,2017-11-27 16:22:15,789300,@AmazonHelp A refund and for myself to reorder at the dearer price as your systems were apparently not working.,AmazonHelp
2837145,2017-11-27 16:22:55,789655,@AppleSupport iOS 11.0.3,AppleSupport
2836253,2017-11-27 16:27:30,789439,@VirginTrains london to glasgow. everyone is forced to listen to will ferrell.,VirginTrains
2840109,2017-11-27 16:27:52,789600,@AmazonHelp Okay.,AmazonHelp
2839363,2017-11-27 16:30:11,790168,@Delta I hope my customer will be satisfied with this excuse. Thank you.,Delta
2840135,2017-11-27 16:31:48,790363,@AmazonHelp This is what I got today.  Not sure what the status is.  :( https://t.co/lOgampEJEp,AmazonHelp
2841066,2017-11-27 16:32:30,289941,"@116276 after our monthly driver meeting, they are reporting major lags on android tablets &amp; requests timeout b4 it loads on screen. Tested myself and was able 2 reproduce concern twice. @127960",Uber_Support
2840221,2017-11-27 16:35:37,404304,@AmazonHelp Here.  Scroll down a bit.  https://t.co/jtNp5Hic2v,AmazonHelp
2833049,2017-11-27 16:38:52,458042,@AppleSupport I had to reset Apple ID warnings to proceed! Now I have pages installed... but expected the software to prompt me rather than me waiting and wasting so much time! Highly unacceptable... ☹️,AppleSupport
2841931,2017-11-27 16:41:24,259015,@115821 You learned of this potential delay... The day after it was scheduled to be delivered??? https://t.co/pWg6bjI3bq,AmazonHelp
2841926,2017-11-27 16:45:14,790734,@AmazonHelp Fedback here! Done with Amazon your standards have slipped! Shit customer service and don’t value customers,AmazonHelp
2841440,2017-11-27 16:45:21,790640,"@SouthwestAir My wife and I are at PVR for our flight to DEN, but unfortunately you aren't! Do you have an ETA for your employees?!",SouthwestAir
2841041,2017-11-27 16:45:34,151417,@Uber_Support Honestly what has to happen before head office will care... This is really stressful.,Uber_Support
2844863,2017-11-27 16:48:38,791372,"@comcastcares 
One day.....just one day I'd like to go without my internet dropping or my tv cable box freezing up. 
#1stworldproblems",comcastcares
2831837,2017-11-27 16:50:32,257987,@AppleSupport no right now its turned off,AppleSupport
2841856,2017-11-27 16:50:44,790720,"@AmazonHelp Three orders in the last couple of weeks that have been advertised as eligible for Prime delivery, but have been delayed. Some up to five days. Why advertise as having Prime Delivery if this cannot be fulfilled? What is the point in paying extra for these services?",AmazonHelp
2829206,2017-11-27 16:53:11,787876,@667087 @787875 @AmericanAir Have your tied your laces?,AmericanAir
2841191,2017-11-27 16:54:03,790577,"If @Delta is going to stitch ""Comfort +"" on those special seats, then to be fair the others should read ""Cramped and Uncomfortable"".",Delta
2841929,2017-11-27 16:55:19,259015,"@AmazonHelp Estimated either today or tomorrow. I'm fine with the delay, but the delay in letting me know about the delay is what I have an issue with.",AmazonHelp
2857473,2017-11-27 16:56:42,794174,"Can’t get phone help with @115888 ? Really, almost enough to make me want to cancel my subscription. That’s ridiculous.",SpotifyCares
2842828,2017-11-27 17:00:28,790930,@115873 I'm not able to login... App keeps throwing a message Account already in use..,Uber_Support
2843442,2017-11-27 17:02:11,791050,"@TMobileHelp Trying to reg as Primary Account Holder on web and app. Put In SS# &amp; birthdate, get this error: ""Sorry, but we are currently experiencing problems with our server. Please try again later."" Going on 6 weeks. Calling 611 hasn't worked. Can you help?",TMobileHelp
2843899,2017-11-27 17:02:24,791147,"It’s been at 1% since yesterday,,,, @115858 fix yo shit https://t.co/69xX1rDa5s",AppleSupport
2841771,2017-11-27 17:03:37,790709,@AmazonHelp Help I'm shopping on your site and I can't add items to my cart.  How am I supposed to finish racking up my Christmas credit card debt now???,AmazonHelp
2841707,2017-11-27 17:07:21,790707,@AmazonHelp I have checked out!,AmazonHelp
2843153,2017-11-27 17:09:22,790985,@Delta Currently on a flight and was told WiFi isn’t available over Canada.,Delta
2843903,2017-11-27 17:12:00,324377,"@AppleSupport Hey, for some reason my phone goes down to 1% and will stay like that for a while and when I charge my phone it stays on 1% until I restart it then it charges like normal, what should I do ?",AppleSupport
2843694,2017-11-27 17:15:58,791109,"@AmazonHelp hi, I have ordered a product this afternoon which was prime so instead of it arriving tomorrow it's supposedly coming on Thursday, does this not go against the idea of prime? It's not exactly any benefit to be on prime membership when this happens. 😕",AmazonHelp
2842767,2017-11-27 17:17:50,133604,@Uber_Support @821 @458214 I’m not able to access my account and it’s been disabled please help,Uber_Support
2839354,2017-11-27 17:19:54,790165,@120576 @VirginTrains What do you want to know. The tables were dirty. The cutlery was dirty. The sauasage roll pastry was raw. And the guy serving drinks was rushed and clearly didn’t want to be there.,VirginTrains
2843774,2017-11-27 17:20:37,791122,"@115821 Have you instructed your delivery drivers to place packages in open sight? Previously they used the porch, last two have been in front of our garage door, in full view of the road.",AmazonHelp
2839591,2017-11-27 17:21:07,790230,@SouthwestAir Check-in still seems to be out.,SouthwestAir
2843893,2017-11-27 17:23:10,791145,"Just like every other Apple product, the Apple AirPods batteries are crappola. Other than that they are pretty good. @AppleSupport @115858",AppleSupport
2843747,2017-11-27 17:24:50,588132,"That Amazon courier is not a fan of where I live, apparently. Didn’t bother hanging up the phone before bitching about having to drive down the street to drop my package off. “Wow. Just wow.” 🤷🏻‍♀️",AmazonHelp
2844782,2017-11-27 17:27:46,365200,.@AmericanAir really is a shit show of a company.,AmericanAir
2843641,2017-11-27 17:28:44,791103,About to stop shopping w. @115821. Customer support is horrible rn.,AmazonHelp
2841882,2017-11-27 17:32:00,790725,"@AmazonHelp Hang on a second, have you not read the fact that I believe a £5 gift certificate is not enough for you missing a “guaranteed” delivery. It’s simply not enough for spending £400 on a tv on the basis of a promised delivery day but yet you can’t keep that promise!",AmazonHelp
2844524,2017-11-27 17:34:28,283223,I want that five pounds in my bank account not on my uber account...I need food more than I need uber rides @115873,Uber_Support
2845545,2017-11-27 17:35:44,791493,@AmazonHelp amazing. Seen someone walk away from the house. Literally made eye contact with the guy as he got into his car. Then found this in the letter box 👍 https://t.co/xqhnzpAU9x,AmazonHelp
2846840,2017-11-27 17:37:04,778983,I will take the day off from gaming but not by choice.. Comcast internet is not responding right now so a technician will be here tomorrow 😒 I’ll be on Friends twitch.,comcastcares
2843895,2017-11-27 17:37:49,791146,@AppleSupport 11.1.2 on iphone 6 — have tried that articles suggestions many times. Yall keep framing everyones issues as user error and/or suggesting bogus quick fixes when u should just admit these updates r clownish n u guys are having a hard time rn.,AppleSupport
2841730,2017-11-27 17:41:31,135810,"@AmazonHelp Je ne peut l'envoyer par FAX ou courrier, je n'ai pas d'imprimante, ni de fax, y'aurai t'il un autre moyen de vous le communiquer? Et concernant mes commandes ont elle était annuler? j'ai commander Une tour d'ordi, un écran + micro.......",AmazonHelp
2859055,2017-11-27 17:43:29,794527,@115888 how do I add to a collab playlist??? It’s not letting me!!!,SpotifyCares
2839681,2017-11-27 17:43:45,790227,"@SouthwestAir The specific error in Chrome 62 is:
""Uncaught SyntaxError: Unexpected token &lt;""  on ""error_404.html:31""",SouthwestAir
2785201,2017-11-27 17:45:08,773039,@Delta Thank-you.,Delta
2845527,2017-11-27 17:45:09,791490,Amazons tracking said they delivered my parcel today to the resident. Both 'residents' were out working so who has my bloody parcel? Better be there when i get home.... @115830,AmazonHelp
2845532,2017-11-27 17:49:34,791492,Hey @120533 je reçois plusieurs mail comme ça. C'est chiant https://t.co/75POdAEOIi,AmazonHelp
2845675,2017-11-27 17:52:57,791519,@AppleSupport just debited my account 3 times for apple music 😑,AppleSupport
2845539,2017-11-27 17:54:36,791487,Your customer service is trash @115821,AmazonHelp
2844934,2017-11-27 17:56:44,791388,"Dear @115913, I love T-Mobile but more recently the service near my home (Sandy, Utah) has been terrible and is a safety issue. I am a single mom and my children cannot even make a call from our home. Can you please look into the service in my area please? Thank you",TMobileHelp
2844496,2017-11-27 17:58:11,791284,@Uber_Support Lying cheating fucks,Uber_Support
2845531,2017-11-27 17:59:30,791492,@AmazonHelp Bah je sais bien.,AmazonHelp
2845476,2017-11-27 18:03:10,791479,@AmazonHelp not that it matters with this order but this packaging is awful. It was shipped half open. https://t.co/G46SElfLCq,AmazonHelp
2849958,2017-11-27 18:05:07,792481,"Still hate that @115821 uses @118706 for deliveries. Once again my mail is here, but my package isn't.",AmazonHelp
2846809,2017-11-27 18:05:31,791769,Hey @ComcastCares um just wondering why I pay for 100mbps https://t.co/kZOAU55PNH,comcastcares
2835801,2017-11-27 18:06:20,702675,@AppleSupport Already messaged you good folks - please check again,AppleSupport
2846632,2017-11-27 18:06:41,791729,@VirginTrains Nope - open ticket and I didn't know what time I'd finish work.,VirginTrains
2848531,2017-11-27 18:07:53,715390,"Back in Charlotte NC, heading to Atlanta. #thescratchboss #scratchers #lottery . Enjoying travel on @AmericanAir https://t.co/Q0FPg1qU5Y",AmericanAir
2853743,2017-11-27 18:09:08,791488,@amazonhelp why isn't no-rush shipping an option on my account anymore. For any item?,AmazonHelp
2847343,2017-11-27 18:11:44,791899,@AmazonHelp How can @115850 be so slow in delivering a book? That too after me paying the delivery charges. This is really sad.,AmazonHelp
74872,2017-11-27 18:13:35,132753,@Uber_Support I will not send any note call me or check my account details and resolve! Simple @115873,Uber_Support
2847463,2017-11-27 18:16:36,791923,"@115830 got an ""attempted delivery"" email today but my office reception is manned 24/7. Strange",AmazonHelp
2847530,2017-11-27 18:17:06,791938,"@AppleSupport. Hello support team would someone ease try and help me out. I have up graded to the iPhone 7. Can someone please DM me to discuss an issue I am having. Thx,NKJ",AppleSupport
2847380,2017-11-27 18:21:15,585717,@115833 How do we set “English (Canada)” to our language on Amazon.ca here in Canada? I’m being asked for it but obviously a programmer is asleep at the wheel or you guys don’t want us using it yet?,AmazonHelp
2841735,2017-11-27 18:23:56,135810,"@AmazonHelp Bien obligée de patienter, concernant les commandes si elles sont annulée les commandes que j’ai commander avec l’es promo du cyber monday je l’es recommanderais au même prix ?",AmazonHelp
2846922,2017-11-27 18:25:04,791803,@SouthwestAir Our pleasure! Y'all should come fly to Waco sometime.,SouthwestAir
2848477,2017-11-27 18:26:23,792162,@Delta @290206 @delta,Delta
2843761,2017-11-27 18:29:17,791120,@AmazonHelp Légèrement mouillé mais l’emballage était détrempé! Par contre à force d’avoir des pbs à prix égaux je commande chez @6326,AmazonHelp
2848693,2017-11-27 18:30:38,205484,"Well I won’t go as far as calling @TMobileHelp dumb but I can tell you that they have obviously not read the dm’s as they should. Why do we need to do their work to complete our transaction? Your @115911 team, Mr. @115913, made us an offer they have yet to honor. https://t.co/A6xgANRkpl",TMobileHelp
2847495,2017-11-27 18:30:44,399839,@AppleSupport awful service from Apple. Multiple promises to get a call back. Did it happen? No!,AppleSupport
2861313,2017-11-27 18:30:56,157872,Hey @115888 / @SpotifyCares...is there a way to change my display name (not username)? Thanks!,SpotifyCares
2847335,2017-11-27 18:31:59,791896,"@AmazonHelp Nah its in my pending transactions twice, its deducted from my balance",AmazonHelp
2848237,2017-11-27 18:34:33,792115,"@116288 @Uber_Support @115873 
This driver was accepting and neglecting my ride request for about one hour yesterday. Tryed to call and was not answering my calls. Shame attitude, very poor service!  Investigate the case and suspend the driver. Unacceptable! #uber https://t.co/duj3p3nnDQ",Uber_Support
2843838,2017-11-27 18:36:09,791132,@AmazonHelp Last status was given in Saturday saying it was at the carrier facility but no updates since then,AmazonHelp
2848432,2017-11-27 18:40:09,792153,"@Delta Flight already delayed leaving LA, and now you lost the whole luggage from the flight. Every single bag is missing from 4902. Hello @Delta, how is that possible?",Delta
2849112,2017-11-27 18:40:25,792292,"Sympa @120533  ma première commande est supprimée pour suspicion de piratage, ça me décale la livraison de 2j, la seconde j’atteins mon plafond, je règle le soucis et bim plus de stock ! Du coup je passe de la livraison prime en 1j ouvré à un temps d'attente indéfini...",AmazonHelp
2849238,2017-11-27 18:40:45,792328,Yo @115858 why did all of my contacts lose their names when they text me? @AppleSupport,AppleSupport
2848992,2017-11-27 18:45:27,792275,@AmazonHelp hi. It says my package was delivered today but it wasn’t? Wtf? Where is it?,AmazonHelp
2848606,2017-11-27 18:48:48,792198,"@SouthwestAir Ok, I will keep checking. Prices on your competitors have gone up since i began my search 1 month ago. You guys entering the market will hopefully drop everyone's fares. Thanks again.",SouthwestAir
2849168,2017-11-27 18:49:00,792308,"Fan of #Apple since 2009 never missed a product. Today my #iPhone failed to update and worst failed to restore. @AppleSupport failed to help, and advised how to move to #Android @122986. and am so unlucky i live where no apple store exists. ideas to do with this iPhone ????? https://t.co/uQskOPlVI0",AppleSupport
2638663,2017-11-27 18:49:28,315773,@AmericanAir I'd like to submit a customer service issue. How do I do that? I had to travel between airports to catch another flight and would like to be reimbursed for my taxi fare. Thanks.,AmericanAir
2849004,2017-11-27 18:50:06,792277,@AmazonHelp Understand its very busy but i paid for prime which was very expensive and now the service i paid for is unavailable,AmazonHelp
2846801,2017-11-27 18:51:10,778447,@comcastcares So basically you’re saying my internet just isn’t going to work until then? That’s not an option since I’m paying for it. What can we do to try to resolve The issue since the internet you’re providing is not working?,comcastcares
2848995,2017-11-27 18:54:39,792276,"@AmazonHelp I ordered 8 DVDs, your Kentucky fulfillment center threw them into a 13x18"" envelope instead of a box to let them get bounced around and crushed on the way. I got an envelope full of plastic chunks and loose discs. Online and telephone customer service was useless. 😡",AmazonHelp
2845638,2017-11-27 18:57:22,791510,"@AmazonHelp In teoria tra il 13 e 23 dicembre,ma io spero prima ahahahahah",AmazonHelp
2843142,2017-11-27 19:00:18,294054,@Delta Thank you!,Delta
2847479,2017-11-27 19:01:18,467839,"@AppleSupport I just got off the phone, so I am taking a few steps to make sure it does not happen, but I hope a fix comes soon!",AppleSupport
2848984,2017-11-27 19:02:53,792273,"Got to love couriers @115830 as I spoke to your driver which my order was supposed to be on he said he didn’t have it, might be on a jeep, and then when speaking changed to delivery attempted 😂",AmazonHelp
2848956,2017-11-27 19:07:34,792268,"@AmazonHelp Why can a price change like that immediately when I put it in my cart? Why can’t you honor the quoted price? There’s no reason that in a matter of 2 seconds to click, the price should increase that much. If you want to DM me I can explsin",AmazonHelp
2850073,2017-11-27 19:09:20,399891,"@SpotifyCares So it’s a Spotify thing, not a sonos thing?",SpotifyCares
2851848,2017-11-27 19:10:19,792919,"@SouthwestAir After hours of others in-line, many don't get flight that night. I end up on 11pm flight to BWI, $200 flight certificate and $14 for food",SouthwestAir
2850671,2017-11-27 19:10:33,792655,Nothing is sadder than opening the door to receive your favourite @109258 delivery 📦 only to be told that said delivery cannot be made for ‘technical reasons’ and so you have to watch your beloved gin be taken away. Thanks @115830 💔 #ineedgin #fml,AmazonHelp
2850880,2017-11-27 19:13:45,792701,@AppleSupport @115858 say cuzz how I get my Apple Music on this iPhone X? Cause my old shit ain’t coming up no more and ya boy bought a couple albums cant let y’all jug like that feel me?,AppleSupport
2219618,2017-11-27 19:14:06,648369,@Uber_Support I am finding if concerning that no one has responded to me,Uber_Support
2850700,2017-11-27 19:16:15,792660,Thanks @115821 for the careless delivery on the electronics I just purchased. #amazon https://t.co/5ZvlL8ZlLD,AmazonHelp
2847273,2017-11-27 19:20:56,791887,"@AmazonHelp Hola buen día, la promoción es ""En la compra de una consola PlayStation PRO 1TB llévate un juego “favorito” para PS4 sin costo"", pero por despistado no agregué mi juego gratuito, la consola la adquirí hoy en la mañana, link de la promoción:
https://t.co/l9E6s4o4vV",AmazonHelp
2848396,2017-11-27 19:23:49,792150,@Delta Unfortunately you forgot to mention this detail this time.,Delta
2850623,2017-11-27 19:25:50,792292,"@AmazonHelp Pas grave, un autre me le livre mercredi ça sera plus simple, merci quand même.",AmazonHelp
2850897,2017-11-27 19:26:00,738932,@AppleSupport 2/2 ...hoping that one device will quit reverting to default tone. I would rather manually choose tone for each contact and not have contacts sync since I do still use both device for imessage forwarding,AppleSupport
2850685,2017-11-27 19:29:30,792657,"@115830 ""FREE One-Day Delivery : get it on Thursday, Nov. 30"" - How is that next day delivery? Given that it's Monday....",AmazonHelp
2851867,2017-11-27 19:30:19,792921,"@115913 the Yukon, OK store was worthless to help me figure out how to manage the family allowances feature. Have a crisis going on, they didn't not know anything not offered to find out. https://t.co/uXopYPYnRk",TMobileHelp
2850613,2017-11-27 19:32:57,216145,"@AmazonHelp Got an email confirming a returnless refund had been processed as a gift card balance, about 3 hours ago, and not yet showing - Just as query, roughly how long should I give it before becoming concerned?",AmazonHelp
2850608,2017-11-27 19:35:55,792646,Honestly not sure #Christmas shopping could get any easier. I remember what it used to be like. Thank you @115821 #CyberMondayDeals,AmazonHelp
2850125,2017-11-27 19:36:01,792522,"@VirginTrains Oh right, not great, I’d recommend giving me closer to the seat I’d requested in the first place.... if there’s any free.",VirginTrains
2850595,2017-11-27 19:38:50,597006,"@115830  I received a parcel today but when I opened it, it was empty. Do I really have to take an empty box to an Amazon locker? Or can I get the item somehow?",AmazonHelp
2856036,2017-11-27 19:39:05,793839,"Now that my kid is 15, I no longer have to drive 2 hrs to BWI to fly him on another airline to visit his mom. I did this to avoid @AmericanAir fee of $300 on top of ticket price (though that fee didn't prevent some poor 13 yr old girl from getting groped on AA flight last yr)",AmericanAir
461242,2017-11-27 19:42:29,793005,@115821 I was shocked today one of they drivers opened our door and put  the things in side the door and walked off no nock heard or nothing I heard a noise walked out to the room where the side door is and there was our gifts,AmazonHelp
2807546,2017-11-27 19:43:27,782996,"@SpotifyCares Hi, spotify version attached, Android to follow https://t.co/bKDt8WDroX",SpotifyCares
2839620,2017-11-27 19:44:25,790254,@SouthwestAir Cannot check in online!  VERY Frustrating!!!,SouthwestAir
275020,2017-11-27 19:44:43,181710,@Uber_Support @115873 @2006 @2780 I still haven't got any reply. I really don't know what is happening. Should I escalate the issue? Is this the way you treat customers. @Uber_Support @115873 @2006 @2780,Uber_Support
2852330,2017-11-27 19:46:02,793026,"@115858 updates have ruined my iPhone 6. Funny how this happened with my iPhone 4, when the 6 came out....100% won't be getting the 8

Making the switch to a @1647 !!!!",AppleSupport
2685094,2017-11-27 19:47:38,755152,@AmazonHelp So it seems my current order was also sent USPS. Id guess chances are high I'll get this same message. I'll let you know Wednesday if I do. https://t.co/qk7vFpsdGi,AmazonHelp
2852192,2017-11-27 19:50:55,792977,"@AmazonHelp Hi, was charged twice for amazon prime and I don't even have it. Help please",AmazonHelp
2851743,2017-11-27 19:54:26,376752,@comcastcares why can I no longer use the remote app to set up recordings for shows? I used to do it all the time...now it doesn't even give the option.  What happened?,comcastcares
2847407,2017-11-27 19:55:20,791912,"@AmazonHelp You've had complaints about Intelcom since you've been using them for deliveries. You never do anything about it so why bother ""reach out to"" you. #Montreal",AmazonHelp
2851525,2017-11-27 19:56:46,687635,@Delta Hello?,Delta
594612,2017-11-27 20:00:20,116244,@AmazonHelp I don’t want a refund I want a replacement.,AmazonHelp
2852150,2017-11-27 20:04:39,133008,@AmazonHelp Tracking has updated. https://t.co/PWBd0RyWEk,AmazonHelp
2853889,2017-11-27 20:05:28,793356,After taking an appointment in apple store in UAE (mall of Emirates Branch) the technical Support said she is not convinced with the defect in the vibration and she can do nth and will not swap the phone  after waiting 3 hrs in the store(2/3)@AppleSupport,AppleSupport
2852960,2017-11-27 20:06:17,793140,I literally take Uber everyday for my work commute. What does a girl have to do get get offered some discount deals? @119720,Uber_Support
2854594,2017-11-27 20:07:35,793505,Hi @AmericanAir you left my bag behind on a direct flight (657) from CLT to Philly and I still don't have it,AmericanAir
2852133,2017-11-27 20:11:12,792985,"@AmazonHelp Left at neighbours house, they are not at home so can’t collect items. This has happened numerous times. Fed up with it",AmazonHelp
2853394,2017-11-27 20:12:30,793240,@TMobileHelp I sent you DM,TMobileHelp
2853785,2017-11-27 20:13:42,793328,Can someone tell me why @115821 prime 2 day orders say they won’t get to me before December 4th? Is there an American postal strike? Factory Robot strike?,AmazonHelp
2854665,2017-11-27 20:17:07,210424,Hi @SouthwestAir is your website down for #CaliforniaMillions? I cant seem to log in for the past hour or so on both browsers 🙁 https://t.co/iQ00tHz7L0,SouthwestAir
2853830,2017-11-27 20:17:36,793338,@AppleSupport The screen froze every time I open Apple Music and no song has been able to play. My iPhone 7 has 11.1.2 IOS,AppleSupport
127440,2017-11-27 20:17:42,144618,"@AmazonHelp rder date

16-Nov-2017

Order #

402-7323142-1500367

Order total

   1,498.00 (1 item)",AmazonHelp
2853740,2017-11-27 20:21:41,791488,"@AmazonHelp Yes, started yesterday. 1st i thought it was only on mobile but today it was on laptop as well. Would love to give my info for you too look into. Phone support was no help",AmazonHelp
2853870,2017-11-27 20:22:40,793350,@AppleSupport Dmd you,AppleSupport
2718695,2017-11-27 20:22:48,763026,"@762964 @762963 @Delta Katie Hopkins is vile, the way she spoke about someone with cancer is the lowest of the low",Delta
2862766,2017-11-27 20:24:26,795223,spotify on xbox is literally the shittiest app ive ever used. fix your fucking shit. @115888,SpotifyCares
2854336,2017-11-27 20:24:49,793459,@793460 @115873 @Uber_Support They cappin hard 😩,Uber_Support
2853636,2017-11-27 20:26:31,793298,Hello @120533 était-ce bien cyber monday aujourd'hui ?? Je suis pas sur après les CENT CINQUANTE MAILS que vous m'avez envoyé,AmazonHelp
2853642,2017-11-27 20:30:00,674410,"Apparently I live in a mystical, magical place that @115830 delivery drivers can't locate! https://t.co/vMSomC4wTU",AmazonHelp
2835138,2017-11-27 20:30:41,789166,@AmericanAir If I use my American Airlines credit card will I still free bags,AmericanAir
2855245,2017-11-27 20:33:20,793657,"@122232 Just tweeted re lying driver ""could not find address"" Amazon parcel no is 4781360522.  Really upset.",AmazonHelp
2855263,2017-11-27 20:37:38,793662,os livros que eu comprei da @117086 no sábado acabaram de chegar e eu to bem de cara com a rapidez,AmazonHelp
2856236,2017-11-27 20:39:09,793893,Hey @southwestair I’m unable to view my itinerary. Browser is just a blank screen also blank screen when trying to access manage my reservations,SouthwestAir
2853590,2017-11-27 20:40:28,793287,"Seriously impressed with @115821 customer service. Even on Cyber Monday, I got connected to helpful (aka human!) customer service reps in under a minute. ... There's a reason Amazon is killing it.",AmazonHelp
2853857,2017-11-27 20:42:57,793347,@AppleSupport Thank you!,AppleSupport
2849024,2017-11-27 20:44:33,793633,@792281 @115830 Yes - exactly the same in my prime order - nothing delivered before Thursday... not even paper?!?!,AmazonHelp
2862780,2017-11-27 20:47:39,795227,hi @115888 i love u,SpotifyCares
2854269,2017-11-27 20:51:24,60163,"@AmazonHelp So, I got an email back requested the information that I had already given them. Do you have the details of somebody competent that I can contact? https://t.co/Rr3auh3eaL",AmazonHelp
2856253,2017-11-27 20:52:27,222893,"@115911 @TMobileHelp You just forced me to change a password, VIOLATING the new NIST regulations. Get your security nerds up to speed please... https://t.co/Hccmp3RUBH",TMobileHelp
2852948,2017-11-27 20:56:48,793136,@Uber_Support I've just sent you a dm,Uber_Support
2855283,2017-11-27 20:57:56,793667,@AppleSupport haber cuando arregláis lo del giro para ver vídeos en YouTube... Desde la ultima actualización se me para la app.@7353,AppleSupport
2853659,2017-11-27 20:58:23,283191,@AmazonHelp Jamais hesitarei de reclamar diante de qualquer violação ao direito do consumidor @117086,AmazonHelp
2856183,2017-11-27 21:00:59,793877,@comcastcares please explain to me why I am paying monthly for a 75 mbps download and this is what I am getting; yet you claim you do not throttle speeds https://t.co/1MRzmt1ftb,comcastcares
2855104,2017-11-27 21:02:52,793626,rapaz eu comprei o Kindle na sexta e ele já chegou @117086 vcs são top,AmazonHelp
2718699,2017-11-27 21:04:18,432987,"@762964 @762963 @Delta I noticed you deleted all your tweets Katie. In case you need to use any of them for reference, they’re all saved here!

https://t.co/snrHOu2cfP",Delta
2828537,2017-11-27 21:04:39,787754,@AmericanAir We worked out if you lick the end of the ice cream spoon and use that plastic the screen responds. Yay!,AmericanAir
2855992,2017-11-27 21:08:31,250195,@VirginTrains I am travelling on Wednesday!,VirginTrains
2831579,2017-11-27 21:08:44,788399,@AmazonHelp Vocês enviaram pra mim uma encomenda que era pra outra pessoa kkkkkk (e provavelmente a minha pra essa pessoa kkk),AmazonHelp
2856816,2017-11-27 21:10:00,794020,@115858 @AppleSupport so I’ve downloaded the new software I’ve been having to charge my phone over and over I’ve switched background app off etc!! And deleted apps been to the store to say i over do my battery but the cause is the software as I noticed since updating fumin🙄,AppleSupport
2856702,2017-11-27 21:13:46,793996,@115821 your logistics already shaky parcels promised by 8 not arrived how’s it going to be as we move towards Xmas??,AmazonHelp
2846356,2017-11-27 21:15:11,791671,@Uber_Support this link was of no assistance at all. Please fix this ASAP!,Uber_Support
2856629,2017-11-27 21:19:17,793985,Amazon just told me my package was delayed... https://t.co/dWaF3nTJoZ,AmazonHelp
2855957,2017-11-27 21:21:31,129602,@Delta I did! @Delta They didn’t have a replacement &amp; were not sure how long it will take to send out to attempt a repair... it’s so hard to push on 3 wheels 😫💪🏼🤷🏼‍♀️,Delta
2857685,2017-11-27 21:21:55,794225,@AmericanAir every flight at Newark is delayed! I think I’m 30 for 30 for having a flight delayed or cancelled...what’s my prize?,AmericanAir
2833041,2017-11-27 21:22:12,788698,"@AppleSupport I’m pretty sure everyone is experiencing it, everyone that has an iPhone lol",AppleSupport
2857398,2017-11-27 21:24:20,794149,@115877 how come you guys don’t deliver in virginia please come over here i’m starving and can’t drive!!,Uber_Support
2856631,2017-11-27 21:24:29,793986,@AmazonHelp Hi. Tracking is TBA570057571000 and said out for delivery Sunday 10:57am and now shows out for delivery today Monday at 9:27am,AmazonHelp
2844584,2017-11-27 21:26:12,474688,@SpotifyCares I'm on my cellphone..but it works fine on my laptop.,SpotifyCares
2855159,2017-11-27 21:27:03,793637,"@AmazonHelp Ainda não consegui decidir! 🤔
São tantas opções maravilhosas 😂 acho que lerei uns 3 ao mesmo tempo! https://t.co/7zQuFzRGUV",AmazonHelp
2856244,2017-11-27 21:31:08,793895,"@TMobileHelp @115913 Thank you, does t mobile offer any deals to people switching over to the mobile",TMobileHelp
2852229,2017-11-27 21:32:17,794326,"@793005 @115821 At least yours got put in your door, i just heard a loud thud outside &amp; look out &amp; theres my package! They like to throw mine at the porch&amp; run off back to the truck! Good thing I sit in front of window &amp;heard the noise so i could go &amp; get it off the steps, not even porch!",AmazonHelp
2856684,2017-11-27 21:36:39,793993,@AmazonHelp Just been on trying to order the same product to substantiate your statement and I cannot see it. Regardless this advice is appreciated however irrelevant after the fact. Poor show Amazon. Close call but that will be the end of Xmas shopping from yourself. Too risky.,AmazonHelp
2857366,2017-11-27 21:37:15,773562,@Uber_Support @220734 And my app is not working can you please help?,Uber_Support
2858344,2017-11-27 21:39:09,794349,"i mean, i can't even make a phone call like seriously? and now my phone refuses to come back up after a simple restart... @115858 #fuckthishit",AppleSupport
2858164,2017-11-27 21:44:20,794318,"@117086 Porém, um deles veio danificado, tem como trocar? https://t.co/auGlFYvW7f",AmazonHelp
2858073,2017-11-27 21:47:20,794300,@AmazonHelp I've called at least 5 different times about packages not being delivered. Have given clear instructions on where to leave packages. How can you help me?,AmazonHelp
2857596,2017-11-27 21:49:06,347866,@Delta I have a question regarding my upcoming trip. Can you help me?,Delta
2856022,2017-11-27 21:51:14,229389,@AmericanAir Preventative maintenance,AmericanAir
2847258,2017-11-27 21:53:12,733757,@AmazonHelp Just had confirmation from @115830 that my lastest 2 deliveries are delayed. Something is going seriously wrong !!!,AmazonHelp
2858343,2017-11-27 21:53:32,794349,@AppleSupport and my speakers work just fine cause i was just listening to music so...,AppleSupport
2820511,2017-11-27 21:56:38,786130,@AmazonHelp Muchas gracias:`)!!,AmazonHelp
2859439,2017-11-27 21:56:53,794622,@southwestair been trying since 6:15am but I can't seem to check-in online - any help to offer?,SouthwestAir
2855783,2017-11-27 21:59:36,793791,@Uber_Support Totally disappointed service..,Uber_Support
2859968,2017-11-27 22:00:14,794737,@569556 this little guy just arrived in a package from @115821 ! No idea what he was doing in the box. Scared the crap out of me when he jumped out! You want me ship him your way? https://t.co/K5FrKzF82a,AmazonHelp
2860050,2017-11-27 22:02:33,590849,Maps Transit widget hasn’t worked since iOS 11. Fix it. @AppleSupport #iOS11 #iPhone,AppleSupport
2859099,2017-11-27 22:04:34,794512,@SpotifyCares lol how is this an answer to my question,SpotifyCares
2858262,2017-11-27 22:06:54,794333,@AmazonHelp Thank you! Have sent more info in a direct message,AmazonHelp
2858075,2017-11-27 22:11:59,794301,@AmazonHelp Already reverted ... Sent multiple email... Can you please look into this... because I had word with multiple agents but no proper response...,AmazonHelp
2858311,2017-11-27 22:13:44,794341,But I don't have IOS 10. I have IOS 8 since I don't have enough memory. How is the formatting using 4GB of space? @AppleSupport @115714,AppleSupport
2859293,2017-11-27 22:13:51,794582,@116136 has so many outages i gotta get a new provider,comcastcares
2856041,2017-11-27 22:15:06,793840,"@AmericanAir Flight AA0483, PHX-SAT on Nov27, departure time has changed. New time of departure is 3:45 PM. Check airport monitors for updates. Not gonna happen 5th Delay Of The the Day -",AmericanAir
2858897,2017-11-27 22:16:53,794491,@115877 literally everything is soaked through beyond annoyed,Uber_Support
2858061,2017-11-27 22:19:46,345090,@AmazonHelp Sometimes kids get password and buy apps on kindle. Sometimes stuff is in cart and I want to use different card. Sometimes things like prime auto charge without warning and cause real problems. All problems would be solved if I had option for you to not store my cc info to charge,AmazonHelp
2854501,2017-11-27 22:21:01,793494,@Delta Hello I appreciate your concern could you please have someone look into this matter. Please and thank you,Delta
2859826,2017-11-27 22:23:44,789702,"@AmazonHelp just bought my 5th kindle (2 broke, 2 lost).Trying to sync my collections from my last kindle.Collections from 2 yrs ago appeared instead.Called helpdesk.Pretty certain the were just googling solutions as didn't understand what I was saying.On hold now for 30 mins.",AmazonHelp
2852305,2017-11-27 22:25:47,793021,@AppleSupport I’m using an iPhone 7 and i was browsing the net before sleeping when I woke up it was off and it won’t turn on,AppleSupport
2859473,2017-11-27 22:28:02,794627,@TMobileHelp I just want my stuff fixed,TMobileHelp
2859943,2017-11-27 22:30:53,794729,"@AmazonHelp Hey there, thank you for your prompt reply. I have not tested it yet. but i think the packaging was not enough. it all fell apart.",AmazonHelp
2850698,2017-11-27 22:33:07,454814,@792660 @AmazonHelp I work for @3375 we would like to address this. Please email your tracking number and any details to __email__,AmazonHelp
2861634,2017-11-27 22:34:35,747568,What gives @SouthwestAir ?,SouthwestAir
2862194,2017-11-27 22:36:00,217944,So.....@115858 fixed the “I” glitch (barely) and now when I try to type “it” I get “I.T” ...........please make it stop. 🙄,AppleSupport
2854397,2017-11-27 22:36:20,793475,@793474 @SpotifyCares its fine its my mistake i replied at your convo,SpotifyCares
2859815,2017-11-27 22:37:00,794704,@AmazonHelp i want to buy something for my wife but i dont want it to show up on the purchase history and i dont want her to get notifications. Is this possible?,AmazonHelp
2856042,2017-11-27 22:39:26,793840,@AmericanAir 6th,AmericanAir
2862104,2017-11-27 22:42:08,658910,@AmazonHelp why am I paying you £79 a year for next day delivery and you're quoting 2-3 days delivery? Not good enough,AmazonHelp
2861388,2017-11-27 22:43:11,794920,@Delta I have a question regarding sitting on my next flight,Delta
2855215,2017-11-27 22:47:54,793650,@AmazonHelp Seems even the amazon twitter isn't helpful either 🙄,AmazonHelp
2862134,2017-11-27 22:48:25,795092,@795093 hey @applesupport can you please help us? i can't request a call/chat on your website because i can't access my serial number/IMEI/MEID because my phone WON'T TURN ON and i didn't keep the original packaging,AppleSupport
2854287,2017-11-27 22:52:21,60163,@AmazonHelp That’s not a good way of doing business.,AmazonHelp
2862066,2017-11-27 22:55:13,279745,@AmazonHelp How do I deal with the warranty on an Amazon Basics item? The one I'm having a problem with you guys discontinued and don't make anymore. It's a large item.,AmazonHelp
2749484,2017-11-27 22:55:23,154489,"@SpotifyCares 2nd week in a row, no Discover Weekly. I listen to 300-600 songs a week, why did my account transfer initiate this new behavior?",SpotifyCares
2863124,2017-11-27 22:59:05,795306,@SouthwestAir is your check in site down? I can't seem to access it. Tried it on 2 computers and phone and 2 different internet connections.,SouthwestAir
2858167,2017-11-27 23:00:05,567877,"@AmazonHelp Hi, no delays or updates. It's the dates that were given at the time of the order. Would the order # help?",AmazonHelp
2862845,2017-11-27 23:01:10,286930,@Delta so is DL0340 going to go? Delayed twice. App says we were to board 30 minutes ago and still no update. Just checking,Delta
461237,2017-11-27 23:03:22,224594,"@AmazonHelp Won’t be renewing prime next year, a waste of money!!!!!",AmazonHelp
2751517,2017-11-27 23:06:26,770303,@AppleSupport No it doesn’t and I haven’t put any on but there could be,AppleSupport
2862657,2017-11-27 23:06:30,385802,Hi @115873 @Uber_Support it seems you have suspended my account between last night and this morning. I'm in the middle of a work tour so it would be great if you could fix that right away. Like within the hour.,Uber_Support
2862039,2017-11-27 23:07:28,306017,@AmazonHelp I'm letting her know now. I hope this gets resolved in a good way. Thank you.,AmazonHelp
2850145,2017-11-27 23:08:41,145082,@AmericanAir Such a comforting thought whrn we got here at 4:50pm is not like air traffic control didnt know,AmericanAir
2844847,2017-11-27 23:11:02,791369,@568463 @comcastcares Oh no. This just ruined my night. Not joking. Why did you take out that functionality???,comcastcares
2845601,2017-11-27 23:11:55,791503,@AmazonHelp Je vous le donne ici ou en par message privé ?,AmazonHelp
2863579,2017-11-27 23:16:45,230283,Hey @AppleSupport do you guys sell these rubber knobs for macbook pro from 2009/2010? https://t.co/2sJROr12j4,AppleSupport
2863167,2017-11-27 23:17:46,795321,@115911 @TMobileHelp I ported my lines from tmobile and now can't access my account at https://t.co/JNAEh7987j. How do I view my last bill etc?,TMobileHelp
2863361,2017-11-27 23:19:39,795368,"@AmazonHelp I am aware, however my apartment office only allows packages to be picked up before 5pm CST.",AmazonHelp
2862637,2017-11-27 23:23:33,795193,@Uber_Support I didn’t do it through the app but I know he’s an uber driver. I don’t want to get him in trouble but I want my passport back,Uber_Support
2863355,2017-11-27 23:24:11,795366,"¡Llegaron los regalooooooos!🎁🎁 #BlackFriday en @116875 🙆🙅💁💑💖✨ en Colima, Mexico https://t.co/NyUCWqejYJ",AmazonHelp
2863559,2017-11-27 23:26:13,795414,@AppleSupport my iPhone 6s Plus keeps crashing since new IOS. Tried re installing etc but no luck...,AppleSupport
2862718,2017-11-27 23:27:25,795213,@SpotifyCares I only have this device. Are you going to try and fix the problem or carry on asking me stupid questions?,SpotifyCares
2864157,2017-11-27 23:28:20,795574,HI @Delta WHY ARE YOU RUINING MY FREAKING LIFE,Delta
2856610,2017-11-27 23:30:37,549717,"@AmazonHelp you're supposed to @ him, you ruined the game",AmazonHelp
2862129,2017-11-27 23:33:52,795091,"@AppleSupport No, thanks. Please answer my question: Why were the ones that aren't legitimate @115858 email addresses listed as News From Apple in my iCloud account?",AppleSupport
2864264,2017-11-27 23:34:41,795596,@SouthwestAir What is the last day that credit card points count towards rapid rewards for 2017?,SouthwestAir
2864226,2017-11-27 23:35:13,795590,"Why is it, @AmericanAir that the arrival of the aircraft always seems to be a surprise to the ground crew at MIA?",AmericanAir
2863412,2017-11-27 23:36:42,795377,@AmazonHelp the book isn't there,AmazonHelp
2864046,2017-11-27 23:40:56,795546,"@115873 I️ want to be paid when a driver cancels on me. No, I️ demand to be paid.",Uber_Support
2863447,2017-11-27 23:42:42,795386,"@AmazonHelp Yes, mainly the stuffed animal was squished and one of the oil pens were cracked",AmazonHelp
2864891,2017-11-27 23:45:26,795732,"#applestoremallofnewhampshire #applestoremallofnh Lied to customer. I ordered the IP7+ in the store on Black friday, they told me I'd get my gift card in email, I called @Applesupport said no gift card. #falseadvertising #applestorelied Don't shop at the #applestoremallofnh.",AppleSupport
2864333,2017-11-27 23:45:47,795611,"@comcastcares Thank you for responding, however I ended up solving the problem myself.",comcastcares
2864729,2017-11-27 23:49:47,795696,MEU SENHOR DAS MOSCAS CHEGOU @117086 achei super eficiente dessa vez hein querida tá de parabéns,AmazonHelp
2864180,2017-11-27 23:52:59,229389,@AmericanAir  big line agents are just sitting around https://t.co/35yZxJUbPX,AmericanAir
2838222,2017-11-27 23:53:27,795635,"@115913 Please listen to one of your ""Well Qualified Customers"". I used to only pay taxes on new phones but now my deposit is over $400. If that's the case, why don't I just go to Verizon or AT&amp;T??? I'm Well Qualified because I'm loyal but I can give that loyalty to another carrier.",TMobileHelp
2866146,2017-11-27 23:56:44,796061,"Amazonでポチッて来た本。
表紙に薔薇の刻印が映ってるんだよ！肉眼でしか見えないけど。

そして、面白いよ！ https://t.co/c6TeONtKpH",AmazonHelp
2862185,2017-11-27 23:58:17,795102,@AppleSupport 11.1.2,AppleSupport
2862664,2017-11-28 00:03:29,487814,@202728 @115873 yeah i finally got my acct working again only for my cards not to work. 🗣ANOTHER THING FOR U TO FIX @Uber_Support,Uber_Support
2864672,2017-11-28 00:04:26,795679,In the middle of one of the worst customer service experiences ever! @115821 used to be the best. Now lost packages and reps who do not have English language skills enough for a conversation. @AmazonHelp,AmazonHelp
2864117,2017-11-28 00:06:24,795566,@Delta Thanks. I responded,Delta
2864656,2017-11-28 00:09:27,795677,"@115821 ""delivery attempted"" on my order, 3pm, nobody knocked my door. My roommates and I have been at home since 11am.",AmazonHelp
2865761,2017-11-28 00:10:24,795973,@115900 your stream app won’t let me record?!? Please fix this issue!!!,comcastcares
2866195,2017-11-28 00:13:07,796075,@AppleSupport help https://t.co/8HUS3cmIKl,AppleSupport
2866879,2017-11-28 00:16:23,796233,@SouthwestAir are flights out of BWI being held??,SouthwestAir
2866111,2017-11-28 00:17:01,796053,"@115821 Why are your customer service reps incompetent! My item has not been sent to DHL for express shipping after the original item got lost and stuck somewhere? I spoke three unhelpful idiots this morning - Rony, Irene and Arunima. Where is my parcel? Order 113-4708200-5242644",AmazonHelp
2865481,2017-11-28 00:23:14,795901,"@SpotifyCares I ASKED ""WHEN""",SpotifyCares
2864658,2017-11-28 00:23:37,795677,@AmazonHelp AMZL US,AmazonHelp
2866938,2017-11-28 00:24:34,718128,"Since the only options you gave me were to buy a new phone or ship me a another faulty one, I decided to take my phone apart and fix it. Thanks for nothing. @115911",TMobileHelp
2866703,2017-11-28 00:27:48,796195,@AmericanAir when you change the gate that is assigned to a flight but don't tell your customers,AmericanAir
2864819,2017-11-28 00:30:10,795716,@AmazonHelp .... so your promise of two day shipping is basically horsewater then,AmazonHelp
2864897,2017-11-28 00:32:13,795734,@AppleSupport This has been happening for 3+ weeks. All apps are up to date,AppleSupport
2718708,2017-11-28 00:32:21,763036,"@762964 @762963 @Delta I sent, I blocked myself😢💔 so much for #FreeSpeech",Delta
2867223,2017-11-28 00:36:49,796305,@AmazonHelp Just got Fire Stick today. Plugged it in. Nothing is happening. Screen is blue &amp; blank. None of the troubleshooting suggestions have worked. Just got it today. Ready to send back! 😠,AmazonHelp
56366,2017-11-28 00:38:34,796510,@116136 Y’all literally changed the tier of my account without me knowing and doubled my monthly bill (which is how I caught it) &amp; I had to manually re-adjust it bc I have no other internet  option where I live. So.... https://t.co/tH6XuefuZ1,comcastcares
2866553,2017-11-28 00:42:39,796157,"@Uber_Support posting on behalf of a friend, she’s left her phone in an uber. Also unable to signin through the browser as it asks for a sma verification. Need urgent support",Uber_Support
2867229,2017-11-28 00:43:35,796307,What I want for Christmas is for @115821 to stop notifying me that my package was delivered when it was indeed not delivered.,AmazonHelp
2867179,2017-11-28 00:47:24,796293,@115821 @AmazonHelp SO NOT happy with Amazon right now. The stoop pictured is NOT my house. And I DID NOT sign for this package. WTF?! https://t.co/A7JlIcS4Gy,AmazonHelp
2839644,2017-11-28 00:50:54,790274,@SouthwestAir Still unable to check in! 😟,SouthwestAir
2867200,2017-11-28 00:53:56,795716,@AmazonHelp The problem is I was promised this today. Why am I paying for two day shipping and not getting it?,AmazonHelp
2867258,2017-11-28 00:56:55,796314,@AppleSupport It says “an error occurred during authentication”.,AppleSupport
15915,2017-11-28 00:57:06,796241,@115913 Thinking of switching from att,TMobileHelp
2867997,2017-11-28 00:57:59,796485,@AmericanAir its too late for me to make a new booking without being charged an  obscene amount and i  am stuck taking wasting my vacation time!  #americanufairlines,AmericanAir
2867226,2017-11-28 01:00:21,796306,"@AmazonHelp I’ve got Spotify on all devices, just want firmware support for it to stream across a device group simultaneously. Thanks!",AmazonHelp
2870153,2017-11-28 01:01:48,796992,@Delta @VirginAtlantic one of the worst travel days in recent memories. Going on 16 hours and still have a few to go...,Delta
2867155,2017-11-28 01:05:38,631088,@AmazonHelp I am sure it will arrive tomorrow but it's still frustrating when my prime membership says an item is guaranteed 2 day delivery &amp; it doesn't show up till 3 or 4 days later. Not the 1st time it's happened,AmazonHelp
2867753,2017-11-28 01:06:50,796430,@Uber_Support Toronto Uber you are messed up,Uber_Support
2868417,2017-11-28 01:11:01,796597,"@AmazonHelp hi Amazon! I am a huge fan, I was expecting a package today, app says it has been delivered but I haven’t left home and it is not here, checked mail and nothing, what can I do? :(",AmazonHelp
2872017,2017-11-28 01:12:34,797431,any plans to launch the official @115888 app in Egypt,SpotifyCares
2868388,2017-11-28 01:15:46,796590,Raise your hand if you spent your life savings at @115821 today 🙋🏻‍♀️🙋🏻‍♀️🙋🏻‍♀️ #CyberMonday2017 #AmazonPrime,AmazonHelp
2868472,2017-11-28 01:18:51,174500,@AmazonHelp Is 2 day prime shipping now listed on your site with an asterisk? That’s 4 days! I’m paying for 2!!,AmazonHelp
2868507,2017-11-28 01:20:22,796620,@115858 Brand new iPhone X Bluetooth won’t connect. Stays in discovery mode. Any fix for this?,AppleSupport
2865778,2017-11-28 01:22:00,795977,@comcastcares Thank you! I'll get in touch with tomorrow morning.,comcastcares
2868427,2017-11-28 01:23:05,796601,@AmazonHelp Carrier AMZL US,AmazonHelp
2868402,2017-11-28 01:30:33,796595,@AmazonHelp Entrega mais rápida que o flash e preços acessíveis 🤩,AmazonHelp
2868858,2017-11-28 01:30:57,796702,That moment when @Delta tells you they don’t care if you use them again or not because you are frustrated with booking issues 😳 #alltimelowcustomerservice #attitudefordays @SouthwestAir here I come,Delta
2870321,2017-11-28 01:33:46,797047,"@SouthwestAir Can we get a direct flight from RDU TO BUFFALO asking for some friends @797048 @109884 @109885 @109886, Please ✈️ #southwest",SouthwestAir
2869614,2017-11-28 01:35:44,796877,@115821 why did i just receive a spider in the mail i didn’t order this lol https://t.co/Y12QK3kh4y,AmazonHelp
2841280,2017-11-28 01:39:51,790599,@AmericanAir @790596 Not an option? Just real poor cust service IMO. Did that to me a few years ago. Half-empty redeye back to ATL. Wouldn't take me since my ticket was for next AM. Had to get a hotel room at airport. Irony-you had to bump people from the overbooked AM flight. Focus on customer AA.,AmericanAir
2869224,2017-11-28 01:42:06,279782,@796783 @TMobileHelp Bingo.,TMobileHelp
2869573,2017-11-28 01:42:07,796868,@796869 AMAZON DELAYED IT AND SAID IT'S 'UNLIKELY' TO ARRIVE TODAY SOBS,AmazonHelp
2868772,2017-11-28 01:45:52,796679,@116276  HI! I/m not able to get reply from UBER app service. How do one contact your customer service? I spent most of this afternoon trying just to do that; can you help? thank you!,Uber_Support
2869705,2017-11-28 01:47:15,796902,@AppleSupport I want a new phone my phone wont stop REBOOTING,AppleSupport
2869627,2017-11-28 01:52:50,796882,"@AmazonHelp It's been resolved, but the whole inaccurate shipping notices is not new . This time, it mattered since it was swiped.",AmazonHelp
474615,2017-11-28 01:58:02,796991,@Delta #me2,Delta
2873082,2017-11-28 01:59:03,797678,Anyone else in the Atlanta metro experiencing shit service when streaming @115940 @116602 etc services on @116136?,comcastcares
2870291,2017-11-28 02:00:41,797035,Spent $8 to watch an hour long show called “No Internet Connection” featuring the Loading Icon with a downright refreshing performance all brought to you @SouthwestAir WiFi. Totally worth not doing work to see it y’all. 👌👌👌,SouthwestAir
2869530,2017-11-28 02:01:12,166676,".@115821 doesn't look like I'm able to locate some old bank account info, for my seller account, is there no other way to update my deposit method?  Do I need to open a new store?",AmazonHelp
2869688,2017-11-28 02:02:23,796898,"I refuse to update my phone until the error with typing the letter “I” is fixed, @115858. Stoppp begging me to update my settings",AppleSupport
2871139,2017-11-28 02:03:05,797222,"@118266 min, kok albumnya Twenty One Pilots yg ""Regional at Best"" gak ada ya? https://t.co/BLtpoGSUnQ",SpotifyCares
2869534,2017-11-28 02:09:16,127769,@AmazonHelp Well that’s unfortunate. Ordered thru Prime so it’d be here on time. Got an Apple Watch and ordered the bands thru you guys so now I have a watch with no band,AmazonHelp
2869221,2017-11-28 02:13:47,796783,@TMobileHelp I'm happy to say my issue was prevented by never having your service in the first place! @279782,TMobileHelp
2845541,2017-11-28 02:16:37,270214,"@AmazonHelp Yes, I have 10+ such emails.. with 48 hours wait time..but where is the one RESOLUTION???",AmazonHelp
2870157,2017-11-28 02:20:30,796993,Never traveling with #AmericanAirlines again. Clothes and presents were stolen from my bag last night. @AmericanAir  Can you at least give me an answer ????#americanairsucks,AmericanAir
2870770,2017-11-28 02:20:42,797139,"@AppleSupport Fallas en Mail y Contactos con actualización MacOS High Sierra. Mail me borró las ""firmas"" de todas las cuentas. En Contactos mientras doy de alta un nuevo contacto se sale de la pantalla de captura",AppleSupport
2870607,2017-11-28 02:24:09,797106,@115821 you delivered someone’s huge package to our house incorrectly &amp; need to come pick it up. Thx!,AmazonHelp
2871093,2017-11-28 02:25:59,796969,"@115873 I lost my phone,left it in an Uber I took to the airport. tried contacting the driver,left him several voice messages-he won't respond.i have already missed my flight - and the next flight i can get on leaves in 6 hours. What do I do?  I rode with Farooq.Please help!!!!!!!!",Uber_Support
2870629,2017-11-28 02:28:20,797111,"Hey, @AmazonHelp little help here? https://t.co/Rvl6i5Q4oh",AmazonHelp
2870106,2017-11-28 02:28:49,796983,@796982 @Delta @220734 Lol,Delta
2871331,2017-11-28 02:32:35,797265,@TMobileHelp @115913 I don’t know how to reach you,TMobileHelp
2871634,2017-11-28 02:35:34,797343,@116090 Why is my prime 2 day shipping coming in 7 days? What's up with this tomfoolery Amazon?!,AmazonHelp
2874604,2017-11-28 02:38:14,798036,So @115900 says I can’t watch The @12305 on my home computer because I use my own router so it’s “not my home network”? Love that I spend $2K per year for such great service. Can’t watch Center Ice (paid service) on the road either. #Monopoly #GoPens,comcastcares
449482,2017-11-28 02:39:47,221519,"Dear @115858,
I’m tired of my phone freezing and all these updates make it worse. This is a brand new phone. #thanks",AppleSupport
2870617,2017-11-28 02:43:05,797109,@AmazonHelp And fast delivery! Ordered something this afternoon and it was delivered minutes ago. I’m amazed!,AmazonHelp
486675,2017-11-28 02:50:17,230812,@AmazonHelp It’s been a week since 21st November. Still haven’t received the cashback.,AmazonHelp
2876120,2017-11-28 02:54:29,798428,"@SpotifyCares hi, i just created a spotify account and it doesnt give me the 7 day trial premium option, why?",SpotifyCares
127958,2017-11-28 02:55:21,144764,@AmazonHelp Still no update . How much time do you need ?? You people also said we'll get back to you. But still no call from your end. So I've to assume you cant do SHIT 😂😂,AmazonHelp
2871665,2017-11-28 02:55:40,797349,@AppleSupport This is a real question. It’s a yes or no answer. Is the word nebbish built into Mac OS screen saver?????,AppleSupport
2871993,2017-11-28 02:56:01,797424,How can a driver be on the way to my location when he’s still finishing a trip 🙄🙄🙄 @134365 @115873 @Uber_Support,Uber_Support
2870168,2017-11-28 02:58:18,212680,@216897 @AmericanAir Unscientific airport studies produce the most valid results!,AmericanAir
2871578,2017-11-28 02:59:16,797327,"@AmazonHelp No, ahora entro, muchas gracias",AmazonHelp
2872083,2017-11-28 03:05:35,797450,@Delta me and my friend @109980 got a flight that was cancelled for no reason so upset about this!,Delta
2872580,2017-11-28 03:08:09,797558,@AppleSupport Can you make this stop? https://t.co/pf2Yz7T0wc,AppleSupport
2061683,2017-11-28 03:10:43,609726,@AmazonHelp Do I get my one plus 5T instead of the one plus 5 sent to me ? @AmazonHelp,AmazonHelp
2872183,2017-11-28 03:14:27,265410,Hey @SouthwestAir I recently changed my name and we have the companion pass. My husband is trying to add me on a flight but it is still showing my maiden name even though on my account it’s been updated. Help!,SouthwestAir
2872492,2017-11-28 03:17:24,797536,@AmazonHelp what is this?? I pay for 2-day shipping with my Prime membership each year and then this happens? Late packages? https://t.co/fTVe7fAebN,AmazonHelp
2871965,2017-11-28 03:18:09,797416,@Uber_Support - on this trip and driver says AC not working .. I am being charged 352 and then driver dropped me mid way https://t.co/acFWqBgMrJ,Uber_Support
2872563,2017-11-28 03:26:22,797553,@AppleSupport Is there ever going to be a way to set an event on the second last X of each month? Going through all of time and moving each event back one week is extremely inconvenient.,AppleSupport
2872474,2017-11-28 03:27:08,797534,"@AmazonHelp I need emotional support I did not think u were the type.. . ,,. https://t.co/KNhQlXL9VG",AmazonHelp
64549,2017-11-28 03:28:07,232911,@116136 And I got a letter in the mail today from you telling me my bill is going up. Time to shop around and explore the multiple options out there now.,comcastcares
2872950,2017-11-28 03:29:47,797647,@Delta So... I missed my flight on thanksgiving morning. I get to the counter to inquire about my options only to be told that I lost the entire value of my ticket... to include the return trip on 28Nov.... 5 days away. So I go about making changes to my plans and arrange,Delta
2872979,2017-11-28 03:30:55,797651,Wow S/O to @AmericanAir for letting me fly my pup even though she’s 10 inches tall &amp; the max kennel size is 9 in. Had to switch my flight from @Delta  b/c they said I would have to ship her as cargo 👿,AmericanAir
2873115,2017-11-28 03:38:02,346317,@115911 thanks 😋,TMobileHelp
481662,2017-11-28 03:38:34,229483,@AmazonHelp Y.? In your calender is it still 14th Nov 2017. In my callender it is 28th Nov 2017. Pls update ur calender.,AmazonHelp
2875096,2017-11-28 03:44:51,798167,The bottom line is this: if @115821 has a sale on @3323 #stax then I'm gonna eat a box of 11 canisters of @3323 #stax,AmazonHelp
2872833,2017-11-28 03:47:46,797617,"Every time I have a five dollar credit, Uber still charges me the full amount but sends me an email with the 5dollars off. @115873 don't play with me.",Uber_Support
2873380,2017-11-28 03:48:47,797743,Mac says to update to new software. Now Mac won’t start. Thanks for the extra stress I don’t f****** need right now @115858,AppleSupport
2873287,2017-11-28 03:49:04,797721,@115821 is there a way to request @3375 never ships an  order I place with you?,AmazonHelp
2872891,2017-11-28 03:51:52,797633,Still trying to talk to a @Delta representative 💀 https://t.co/x0dVCd0InZ,Delta
2873299,2017-11-28 03:54:28,797724,Cuando ya confirme mi cuenta y aun así sigue bloqueada porque #BlackFriday @116875 https://t.co/Qdmcbf2xHU,AmazonHelp
2876125,2017-11-28 03:56:14,127987,@SpotifyCares Just got an email about someone trying to reset my Spotify password. This was not me. Can you block this malicious user/IP from your service?,SpotifyCares
2873857,2017-11-28 03:59:25,797856,"Decided to stay an extra 3 days with Dad (94) to help his rehab in nursing home after pneumonia.  Actually got a flight home for $106, non-stop ORD-SAN. Unbelievable! Love you @AmericanAir",AmericanAir
2873271,2017-11-28 04:00:42,797717,Should have had my packages from @115821 3 hours ago. Account now says I'll have them by Thursday?? We pay for Prime so we don't have to wait a week.,AmazonHelp
2873882,2017-11-28 04:01:59,797860,Why I’m faithful to @SouthwestAir: my flight was delayed by two hours on Thanksgiving. They sent me a $100 travel voucher without me asking. That’ll do. Thank you!,SouthwestAir
2873273,2017-11-28 04:08:30,302336,"@AmazonHelp Yall A1. Keep it up, Bezos!",AmazonHelp
2818794,2017-11-28 04:14:12,155232,@Uber_Support The Forgot Password link isn't submitting for me. Just downloading a file to my computer when I put in my email or phone number.,Uber_Support
2871512,2017-11-28 04:16:17,797312,@AmazonHelp  https://t.co/g6cMTqf0Bm,AmazonHelp
2879265,2017-11-28 04:17:10,799093,"@ComcastCares
#mobile_CareXI I pay you guys money for over 150gb for high speed internet but why does it feel like I getting 12gb of crap.💩 I think it might be time for us to break up",comcastcares
2887404,2017-11-28 04:22:12,450710,"@AppleSupport If I miss out on this deal because of apple’s fault, I will be 100% sure that Apple is fraud. I will take this issue to other people and will make sure to protest against it. What a money grab. #boycottapple",AppleSupport
2874056,2017-11-28 04:23:44,797906,"@116875 Eh,pedí un sueter de Ariana grande hace como 7 meses y todavía no me llega,malditos.",AmazonHelp
2874028,2017-11-28 04:31:58,797902,"@116875 por un cobro doble de su parte, tengo retenido el crédito de una tarjeta por 45 dias segun audiomatico de @22416 ¿con quien me dirijo para aclarar ese error y me regresen el credito?",AmazonHelp
2875440,2017-11-28 04:36:32,798267,@SouthwestAir is there anyway my refund can go back to my account sooner than 10 days i am in debt,SouthwestAir
2874010,2017-11-28 04:38:51,797897,"Amazon yesterday: your package is delivered.
Me: There's no package.
Amazon: Wait 36 hours.
Me: /waits There is no package.
Amazon: The carrier made an error.",AmazonHelp
460281,2017-11-28 04:41:11,798003,@Delta I'm and I'm so excited! #familytime,Delta
2875012,2017-11-28 04:46:44,790890,"@115821 tried to swindle me. Extension cord with 60 ft cord. When you click on it, it cuts the cord down to 3 ft. WTF https://t.co/D0jsCcGisN",AmazonHelp
2888467,2017-11-28 04:48:03,800908,@AppleSupport my Apple Music app still isn’t working and is blacked out 🤦🏾‍♂️ fix this plz!,AppleSupport
2874396,2017-11-28 04:51:08,797988,@Uber_Support I canceled a trip the other night and the charge is still on my account I need help ASAP,Uber_Support
2853208,2017-11-28 04:53:58,793193,@515491 😂😂😂😂 smh @AmericanAir have some sympathy,AmericanAir
2875676,2017-11-28 04:56:06,798324,@115850 Each of your messages about OP 5T targeted to specific people is showing up on everyone's TL. Please be a little more considerate :-),AmazonHelp
2875467,2017-11-28 05:00:00,798274,What’s going on with your service @115911? I am a not so happy customer right now. Been waiting fo r 2 hours now and the person that transferred me?? She transferred me an hour ago!!! and let go my line I guess. So frustrating!,TMobileHelp
2875664,2017-11-28 05:02:44,798322,"You know, it is kinda pointless having @117795 @115821 if it is not delivered within two days of ship date... Why am I paying for this?",AmazonHelp
2889544,2017-11-28 05:05:25,752978,.@115858 @9169 @AppleSupport hey just so you know there is def a glitch when using snapchat and Apple Music on the new iOS. I bought a new phone 6s four hours ago when my old one died because of this glitch AND THE BRAND NEW ONE JUST DIED TOO. CANT RESTORE. FIX UR SHIT,AppleSupport
2874012,2017-11-28 05:08:07,797898,"@AmazonHelp It was Amazon.ca, shipped directly by Amazon. That's why the seller said they couldn't do anything, yet the guy on chat at Amazon said he can't replace it either, so the only option is a full refund. Just a super weird system.",AmazonHelp
2876200,2017-11-28 05:13:02,504830,How do you say ‘outrageous’ in British English? https://t.co/9yd45voRvb,comcastcares
2876131,2017-11-28 05:13:24,798430,@115888 @SpotifyCares,SpotifyCares
2874045,2017-11-28 05:13:48,152100,@AmazonHelp I called customer support. They are going to try and issue a refund. The driver was a third party that they contracted out. It wasn’t through one of the traditional carriers.,AmazonHelp
2875290,2017-11-28 05:15:59,798222,"They telling u exactly why lol RT @778350: Hey @115873 fuck y’all think this is?! I’m literally paying $44 for a 4 minute ride, y’all acting like some real prostitutes. https://t.co/uCf6uz87b6",Uber_Support
2877112,2017-11-28 05:19:58,798654,"@AmazonHelp why are items that are in stock and Prime eligible showing a guaranteed delivery date of 12/6? Same as ""no rush"" delivery?",AmazonHelp
2874536,2017-11-28 05:29:11,798021,@SouthwestAir If they were of assistance I would not have to be paying $300 to replace my glasses even after I provided a receipt showing the replacement cost. #iflyswa,SouthwestAir
2875572,2017-11-28 05:29:57,798303,"@AmazonHelp If I cancel the orders to change my shipping address, will my $50 gift card get reimbursed?",AmazonHelp
2875647,2017-11-28 05:37:06,265721,@AmazonHelp Okay Thank you. Anyways is their any update on No Cost EMI offer on Oneplus 5T?,AmazonHelp
2873753,2017-11-28 05:41:35,797832,@Uber_Support @115877 is a rip-off - you guys are thieves. No wonder others are catching up. Never using your service again.,Uber_Support
2876331,2017-11-28 05:45:09,798480,@115850 thanks for being in India and screwing our happiness. Order prepaid. My account shows it's delivered to me in person and delivery note signed by me. I never got the delivery. I call customer care and they cannot take complaint because expected delivery date is not over,AmazonHelp
2889549,2017-11-28 05:52:35,801150,@AppleSupport need help since doing the latest update on my 6s.  Phone has become unresponsive and the battery drains while I look at it. This is definitely a very poor upgrade.,AppleSupport
2875599,2017-11-28 05:54:09,798310,@AmazonHelp no but even if i m a prime member all my orders are arriving very late compared to other companies...,AmazonHelp
2877141,2017-11-28 06:05:46,798660,"@115821: if you send me the wrong thing, shouldn't there be expedited shipping on getting me the right thing?",AmazonHelp
2877474,2017-11-28 06:07:25,798724,@Delta What are the maximum dimensions for a carry on pet carrier? I am traveling from DMM Saudi Arabia to MSY Louisiana and depart on KLM from DMM but switch to Delta flight at AMS Amsterdam and intend to bring my Tabby cat along with me.,Delta
5262,2017-11-28 06:18:19,286029,@115850 Where is No Cost Emi from @25605 on #Oneplus5t  Really Disappointing,AmazonHelp
2865996,2017-11-28 06:20:27,796032,"Hey @115873 / @Uber_Support , original estimate was 15 min, been already waiting for 19, and app still saying 17 min. Gotta fix #LAX... https://t.co/Vsla0vOBYP",Uber_Support
2889514,2017-11-28 06:27:40,801143,@AppleSupport Been facing this weird animation bug on iMessage and mail app ever since I updated to ios 11 on my iPhone 6 which has now carried over to my iPhone X. Only a reboot fixes this! I have tried resetting my settings but to no avail.Been driving me crazy!Any suggestions? https://t.co/QpvFZimUwJ,AppleSupport
2876284,2017-11-28 06:29:29,647627,@AmazonHelp Je pense qu'il ne s'agit que d'un habituel retard de traitement de #LaPoste mais je prendrai contact si il n'est pas arrivé d'ici la fin de la semaine. Merci !,AmazonHelp
2877389,2017-11-28 06:36:48,796032,@798709 @115873 @Uber_Support 35+ min of waiting for the 15 min pickup. Still 13 to go...? https://t.co/JZU4BNvCFr,Uber_Support
2877853,2017-11-28 06:39:25,772732,"@18220 @115850 If I buy a new mobile after few days go for service centre, then why i buy a new mobile? I request to @18220 inctake action to @115850 otherwise amazon.in do again and again with it's customers.
Also i upload above a screenshot of tweet with amazon.in Thank you. https://t.co/s2XaReb1OD",AmazonHelp
118860,2017-11-28 06:41:49,142352,@SpotifyCares Randomly generated and assigned numbers is just ridiculous. I don’t even want to use Amazon Music but you’re giving me no choice.,SpotifyCares
2877478,2017-11-28 06:45:54,136974,@VirginTrains good morning JH hows u today,VirginTrains
2876891,2017-11-28 06:46:21,505298,@SouthwestAir Doesn't matter what time of day I call or day of the week. I always got a live agent  six months ago. Thanks for your prompt reply.,SouthwestAir
2874998,2017-11-28 06:50:02,798147,@AmazonHelp いえ！なんだかうれしかったです(笑) これからもよろしくおねがいします♪,AmazonHelp
2877751,2017-11-28 06:58:02,772732,@AmazonHelp I've no interest for visit your shamefull site @115850 amajust tell me how I return back that mobile. That's it. I already registered complain by your given link twice. But you don't do your work. You just sit in ur office and make customers idiots #ShameOnAmazon.in,AmazonHelp
2875583,2017-11-28 07:06:55,798306,@AmazonHelp I am so frustrated that i have also marked an email to @115851 and Amit. This is torture at highest level.  1 week and still no resolution. Worst service.,AmazonHelp
2877366,2017-11-28 07:09:22,798703,@Uber_Support I have sent you a DM @Uber_Support,Uber_Support
2884691,2017-11-28 07:09:45,400473,@115911 @TMobileHelp @115913 how do I get that added to my plan ? https://t.co/Y6DccGWzGP,TMobileHelp
2864893,2017-11-28 07:10:05,795733,"@AppleSupport Purchased from iTMS.
Not streaming.
No Apple Music or ITunes Match.
iPhone 8 running iOS 11.1.2 (15B202)
Just one song affected in the middle of otherwise OK album.
Deleting and re-downloading doesn’t help.
Deleting and streaming doesn’t work.
Song OK on Mac &amp; iPad.",AppleSupport
2877841,2017-11-28 07:10:39,410562,@AmazonHelp You keep telling me contradictory things. One person seems to solve an issue and then the next person wants to tell me something else,AmazonHelp
2878479,2017-11-28 07:16:03,798938,@AmericanAir BUT I'M SURE IT'S REALLY GOOD FOR HIS HEALTH PHYSICALLY AND MENTALLY BEING STUCK IN A CAGE FOR AN ADDITIONAL 10 HRS. CUNTS.,AmericanAir
2832945,2017-11-28 07:16:25,788678,@AmazonHelp And I don't want replacement because when HP Customer Service Person Come and check that time all inside part from different Different Company so i don't trust so i want refund.,AmazonHelp
2881084,2017-11-28 07:18:52,593088,@comcastcares you really know how to get on peoples nerves. This is almost everyday and the internet struggles to fucking play Netflix! I demand money back! I pay for 100mbps! https://t.co/h3h9H4ye6d,comcastcares
2877808,2017-11-28 07:22:54,798785,"@AmazonHelp I have dealt with Amazon CS reps before &amp; say they were amongst the best, but today things were different. So not customer obsessive.",AmazonHelp
2879530,2017-11-28 07:31:53,799143,Hey @120533 je pense qu'il y a une faute de frappe dans la page Prime de mon compte ! https://t.co/EnnQAB53nt,AmazonHelp
2850076,2017-11-28 07:33:42,399891,@SpotifyCares Sorry - why would I want to revoke access? I want to use Spotify on my sonos..:,SpotifyCares
2874117,2017-11-28 07:41:51,799137,@132994 @115850 @3021 1500 cashback is a trap. OnePlus is fooling the people. I am still waiting 1500 cashback after 5 months since i purchased the phone. Bank is asking to contact OnePlus and vice versa. +5 is a good phone and can be easily sold without this trap.,AmazonHelp
2879048,2017-11-28 07:43:41,799053,"I was shown a fare of Rs.331 on 27th night from Airport to Pitampura while the app is showing a charge of Rs.662, I have not changed the route and neither has the driver this is cheating and that too a loyal customer @Uber_Support",Uber_Support
2874083,2017-11-28 07:50:40,791507,"@AmazonHelp Yes I was, but these things are already late  and when it then showed up as delivered that changed things",AmazonHelp
2827681,2017-11-28 07:57:47,787586,@AmazonHelp Sent again..,AmazonHelp
2879111,2017-11-28 07:58:46,323914,@VirginTrains LEGO 😂😂,VirginTrains
2879841,2017-11-28 08:05:51,799227,How did @115873 just charge me near to £19 for a 10 minute taxi journey!!!!!!!!,Uber_Support
101216,2017-11-28 08:11:57,138149,@AmazonHelp  https://t.co/avtiJ6gFst,AmazonHelp
2880447,2017-11-28 08:15:56,799334,@115850 @132995 Sir one plus 5 ka sath koi exchange offer hai.,AmazonHelp
2872574,2017-11-28 08:18:38,797556,@AppleSupport wait im try now .,AppleSupport
2880501,2017-11-28 08:19:04,799346,@115830 now this stupid black &amp; cyber is over any chance of getting my PRIME deliveries within the prime time delivery I pay PRIME money for?,AmazonHelp
2844603,2017-11-28 08:21:50,791311,@SpotifyCares y’all just fucking did it again https://t.co/xtgUl3r0QM,SpotifyCares
2880489,2017-11-28 08:24:01,799342,"@AmazonHelp Hi. The delivery date was the day of release so that’s today, I even checked last might &amp; it said it’d be delivered today! But now the apps saying tomorrow! I mean if I wanted it the day after I coulda gone to town to fetch it! It’s a bit disappointing tbh!",AmazonHelp
2880444,2017-11-28 08:30:34,307719,"@AmazonHelp I have complained before about this. The courier company don't even attempt to deliver it to me, they did not ring the doorbell or knock on the door, they delivered it to my neighbour and posted a card stating they missed me. I was at home and it was at 8pm.",AmazonHelp
2871072,2017-11-28 08:33:11,797209,@Uber_Support @115873 @119983  please update .,Uber_Support
2880395,2017-11-28 08:38:36,799328,@AmazonHelp They obviously came no where near as  @116324 didn't leave a card,AmazonHelp
2881027,2017-11-28 08:39:39,579351,On 8 30 to Glasgow in 1st courtesy of @VirginTrains. Return via @120576 ....so which will offer better service? See next Rail mag,VirginTrains
2881306,2017-11-28 08:43:29,799503,"Amazonプライムビデオで。。。
ミッション:インポッシブル/ローグ・ネイション 見てました😊👍

面白すぎるて放心状態(´ ▽`).｡o♪♪ https://t.co/kEYxCd3wcW",AmazonHelp
2881277,2017-11-28 08:49:19,799498,How on Earth do I unsubscribe from all the endless @115830 marketing emails? Driving me nuts they usually arrive about 3am and wake me up!,AmazonHelp
2882292,2017-11-28 08:51:48,799699,"Hi @Uber_Support , my friend has left his phone in the Uber Pool ride while he was coming to office in the afternoon. Pls kindly help urgently.He is not able to contact the driver or get necessary support from the customer care staff. https://t.co/XeXQGNVSFC",Uber_Support
2825553,2017-11-28 08:55:03,787136,"@AmazonHelp u can try from your hand. 
dont waste my time .
this is the bloody shit i seen from you.
i already told 3 times that ther's no option with connect mobile number to amazon account thn why r u sent this foolish link. 
u r totally mad .",AmazonHelp
812512,2017-11-28 09:00:11,313574,@AmazonHelp Por otra parte me gustaría saber qué solución me váis a dar. Ya que no puedo pedir cosas a Amazon puesto que no las recibo. Y tengo pensado comprar algunas cosas.,AmazonHelp
2881667,2017-11-28 09:04:56,799581,"The new @117420 A350 is the best airplane in the sky. #Airbus350
@Delta has the nicest crew I've experienced this year. My flight back from Tokyo to Detroit was the fastest flight in my 34 flights this year. Let's see what @137524 has for us in store with @247774",Delta
2881942,2017-11-28 09:10:10,577901,@AmazonHelp C'est normal que j'ai été débité d'un montant pour un non retour alors que le remplacement était du a un colis non livré pour cause d’endommagement ?,AmazonHelp
2883287,2017-11-28 09:15:39,791115,"@2005 @AmazonHelp  what is d use of AMAZON PRIME when ur customer satisfaction z nt so prime.
Being a prime member I shud get my products on prime schedule time(27 Nov) but still not have my product.I paid you 
Almost 1000 bucks bt still you r nt committed to your service",AmazonHelp
2881711,2017-11-28 09:20:14,799589,I don't know if I have tinnitus or @VirginTrains Manchester to London coach C has a high pitched squeal #ouch #trainstories,VirginTrains
2200847,2017-11-28 09:20:54,643647,"@643648 @Uber_Support @643644 Cause, they're basically tweeting one of the best cricketers in the world with a following on twitter of over 1.2Mil to send THEM a message.",Uber_Support
2881936,2017-11-28 09:23:08,799637,"@AmazonHelp Yes, it's the first time they've been left in the street. I normally use a locker for deliveries but it wasn't available. The items are ok but I would prefer if this isn't done again.",AmazonHelp
2834296,2017-11-28 09:28:58,788988,@AmazonHelp It just comes up with a blank page when you click on the link.,AmazonHelp
2882613,2017-11-28 09:34:55,799761,なんか気づいたらkindle unlimited登録してたけど月1000円で本いっぱい読めるの最高すぎでは？？,AmazonHelp
2882645,2017-11-28 09:39:12,799768,"@AmazonHelp Hi, How many work days are needed to complete a payment of an order with all items in stock?

This order to @116316 since 26-Nov isn't dispachet or complete the payment yet! Thanks! https://t.co/YRkZNEHgMF",AmazonHelp
2882629,2017-11-28 09:43:07,799765,プライムビデオって見れるもの見たいものが多すぎて困る、時間って有限だし,AmazonHelp
2890748,2017-11-28 09:47:54,801412,"Hi @AppleSupport 
Need help... New iphone and need to pair my Apple watch, do I really need to re-set and loose all my settings/media etc from my watch? ⌚️📲",AppleSupport
2867139,2017-11-28 09:49:23,796286,"@AmazonHelp I love secrets but only when they are revealed. 😁😝 By the way Amazon is doing great. I hope ""^SV"", I mean you are also doing great in your life. 😊",AmazonHelp
2883050,2017-11-28 09:54:22,799853,@115873 why am I charged for ride cancellation when it is done from the driver's side?,Uber_Support
2882620,2017-11-28 09:54:44,799763,@AmazonHelp HII I ordered something on the 19th and it says it is been returned to Amazon due to damage but I'm still waiting for my refund? https://t.co/nLiRaU2KpK,AmazonHelp
2883293,2017-11-28 09:59:15,799905,"@AmazonHelp Hi, could you tell me where locker Gavin is in Newcastle please, I couldn't find it using the postcode yesterday! Thanks😊",AmazonHelp
2881317,2017-11-28 10:03:11,799505,@799506 @AmazonHelp Yes 😐 mais ça fait un moment que ça dure malheureusement,AmazonHelp
2883447,2017-11-28 10:07:27,799934,"L'abonnement de couches @120533 c'est bien, sauf quand ils sont en retard et qu'on ne sait pas pourquoi ni quand ça va arriver !",AmazonHelp
2883419,2017-11-28 10:13:30,799929,"届いた〜!!
Amazonさんありがとう〜\( ’ω’)/✨

#prfm https://t.co/gm11R9rNTF",AmazonHelp
2883426,2017-11-28 10:18:08,799931,@AmazonHelp No,AmazonHelp
2887771,2017-11-28 10:18:45,800776,@SpotifyCares Hey i need some help,SpotifyCares
2883104,2017-11-28 10:22:47,279528,Starting my day w/ .@SouthwestAir #Detroit will deliver a guest lecture on public-private partnerships at .@9649 in #DC later #LetsGo 💃🏽,SouthwestAir
2883406,2017-11-28 10:24:33,799924,@115830 has the benefits of being a Prime customer changed? Nothing seems to be available for next day delivery anymore!,AmazonHelp
2883725,2017-11-28 10:27:44,799988,hey @Uber_Support can you please not to keep connecting me with driver who have such a bad ratings? i cancel my order for more than three times bc you connect me to the same drive who have bad ratings and you suspend me then !!!! what is this ?????????,Uber_Support
2882584,2017-11-28 10:28:31,799758,@AmazonHelp Non car c’est toujours une galère pour attendre les remboursements. Mais honnêtement je suis déçu de ce qui vient de se passer.,AmazonHelp
1843536,2017-11-28 10:35:46,552376,@AmazonHelp Still no response this is becoming ridiculous either phone call or email,AmazonHelp
2890666,2017-11-28 10:41:26,801395,"@AppleSupport after a few days updating to iOS 11.1.1, my WiFi connection is short-reaching area.",AppleSupport
2883344,2017-11-28 10:42:55,799915,"@AmazonHelp The first time, I was advised that I would be sent an ULTRA even though my shopping cart said DUO PLUS. The second time I was promised an ULTRA at this price. The third time, today, I'm being told to f-off.",AmazonHelp
2884003,2017-11-28 10:44:56,689594,@TMobileHelp does T-Mobile offer a military discount,TMobileHelp
2883901,2017-11-28 10:46:23,374142,@VirginTrains eeeeek! What if I stayed on to Lancaster CB?,VirginTrains
2884172,2017-11-28 10:49:44,800070,初めてAmazonさんで注文した商品が配達済みになっているにも関わらず届いていない状態になって困惑してる,AmazonHelp
2883919,2017-11-28 10:50:19,800024,"Ready to go HOME...&amp; celebrate CHRISTMAS!!!🎉🎄
#verygrateful
#AmericanAirlines @americanair https://t.co/YMWzR2Vhzb",AmericanAir
2884100,2017-11-28 10:53:18,800059,"@AmazonHelp hi, yesterday I reported that one of the items I ordered hadn't been delivered, this morning I've found the box that was delivered had been opened and resealed by someone - suspect one of your drivers has been stealing.",AmazonHelp
2884234,2017-11-28 10:57:41,800080,"@AmazonHelp I am currently chatting to one of your support agents through the live chat support option, and he mentioned issues with stock in various fulfilment centres. The confusion arises from the fact that the item was in stock when I ordered, but isn't really in stock.",AmazonHelp
2883077,2017-11-28 10:59:07,799858,@Delta @824 I was at baggage check in. They finally arrive at 5:20 and I literally barely made my flight. What are #platinum members to do for 6 am flight checking bags?,Delta
2884078,2017-11-28 11:02:26,800054,"@115830 helloooo, I accidentally ‘requested cancellation’ on an order I didn’t want to cancel 😰😰",AmazonHelp
2884159,2017-11-28 11:07:08,800066,"@AmazonHelp hey thanks for the fast reply as always, is it the same link for Amazon.de aka products bought in Germany?",AmazonHelp
2883304,2017-11-28 11:11:24,799907,"@AmazonHelp On the contact option it said 'call me' whereby I entered my phone number and received a phone call from Dublin, which isn't in the U.K. There was no apparent option to contact a customer service team over phone other than the one I've just mentioned.",AmazonHelp
2884947,2017-11-28 11:16:28,800229,とりあえずプライムスチューデント登録した,AmazonHelp
2884937,2017-11-28 11:21:02,800225,really disappointing service these days from @115830 Prime guaranteed delivery dates seem to just slip - not sure that the value is there anymore to continue subscribing,AmazonHelp
2871644,2017-11-28 11:25:54,797346,"@AmazonHelp Yes, the date has come and gone and no email other than the one that came saying it shipped after it was supposed to be delivered.",AmazonHelp
2884598,2017-11-28 11:28:52,800160,@VirginTrains @127472 Yes,VirginTrains
2890660,2017-11-28 11:31:18,349039,@AppleSupport why is iBooks annotations so hit and miss? Sometimes the annotation icon disappears.,AppleSupport
2884883,2017-11-28 11:32:47,800214,@116935 can I somehow configure the echo dot of my child that it only plays amazon prime music but not amazon music unlimited?,AmazonHelp
2885351,2017-11-28 11:36:38,800311,I'm waiting for you to send a receipt for 6 days. Your support department is terribly bad. I wrote to the support department almost 15 times. I will never use UBER again and I will not recommend it !!!!   @110606 @127960 @116276,Uber_Support
2885756,2017-11-28 11:41:37,800382,"Olá @AmazonHelp só vim pedir para trazer Doctor Who pro seu serviço de streaming no Brasil!
Obrigado kkk",AmazonHelp
2885645,2017-11-28 11:46:51,800362,@115821 have really let me down today. Ordered on PRIME yesterday morning so I'd get an item for a birthday today and it's not arriving. What do I pay that money for exactly?!,AmazonHelp
2884184,2017-11-28 11:51:45,800071,@AmazonHelp what I was advised is immaterial . I need the issue resolved urgently. There has been no communication apart from customs delay,AmazonHelp
2885616,2017-11-28 11:58:06,275654,"@AmazonHelp Yoooo 😪 all my packages are literally getting lost in the mail , Ima just stop buying stuff till Christmas is over https://t.co/if2D5URB1p",AmazonHelp
2891290,2017-11-28 11:58:28,801525,@117168 so all of my created playlist are defaulting to Christmas music after the first song..is this a bug? Please fix,SpotifyCares
2884988,2017-11-28 12:02:56,800236,@AmazonHelp Any Information?,AmazonHelp
2886276,2017-11-28 12:05:25,800501,@comcastcares Of course I get no response until the outage stops.,comcastcares
2886236,2017-11-28 12:05:42,800495,"The friendliest and most helpful airline employee I’ve ever encountered works at LaGuardia for @AmericanAir. Thanks, Mario, for all you do! #Travel https://t.co/fc1pwiXCeR",AmericanAir
2834510,2017-11-28 12:07:06,296718,@AppleSupport They said they don’t have silent camera mode in Japan 😭😭😭😭😭😭,AppleSupport
2885974,2017-11-28 12:08:49,800440,.@115877 waiting for my order since past 1 hr. No.update yet. No way to contact restaurant or delivery exec! What to do? #help https://t.co/V9p1Ucqnwh,Uber_Support
2886608,2017-11-28 12:10:03,750001,"@115830 @122232 worst customer service ever experienced. Prime delivery 5 days late, no update as to if it will come or magically appear",AmazonHelp
2886583,2017-11-28 12:13:24,325167,"Amazon Prime is great - ordered on 24th with One Day Delivery. Now 28th and not even ""out for delivery"". @115830",AmazonHelp
2886523,2017-11-28 12:21:43,385931,@AmazonHelp Thanks ! Also the help on my Alexa goes to your US office instead of India. Hence the difficulty reporting this.,AmazonHelp
2870699,2017-11-28 12:28:41,298069,@AmazonHelp No bc I couldn’t figure out how to contact you all via the app regarding this issue so I contacted via twitter.,AmazonHelp
2887120,2017-11-28 12:31:33,800645,requested an extra seat from FOUR different @SouthwestAir agents at rsw today and all told me the flight was completely full. there are at least 3 empty seats and i’m shoved in the window of a full row. so disappointed.,SouthwestAir
2886468,2017-11-28 12:32:43,800535,"@AmazonHelp Sim e consigo acessar. O negócio é que está dizendo que a última atualização desse rastreamento foi na sexta feira, dia 24",AmazonHelp
2883433,2017-11-28 12:38:40,402405,"@AmazonHelp Ihr Wortwitzhelden^innen ;). Hat ja alles gepasst, war jetzt halt mal gar nicht so der sonst üblichen Amazon-Komfort 😢. Muss desw in Zukunft nomml überlegen sowas großes wieder bei euch zu bestellen - als Berufstätiger ist das dann nicht immer so einfach kurzfristig zu reagieren",AmazonHelp
2886931,2017-11-28 12:39:28,800603,"Driver took parking fees extra in cash for my last ride drop at airport. Despite amount already included in bill.
Your support service says , its UNFORTUNATE THAT YOU PAID , but nothing can be done.
@Uber_Support @110670 @116288  #Uber",Uber_Support
2887049,2017-11-28 12:41:27,137703,@121428 @VirginTrains Thank you,VirginTrains
2887398,2017-11-28 12:43:18,800702,@115821 thanks for ruining cyber monday week deals by turning your site into a harder to follow verssion of a w00toff.,AmazonHelp
2892105,2017-11-28 12:44:44,149286,"Is this a bug, @115858? Or have @118936 buttons learned how to dance? @AppleSupport https://t.co/N8OHkRrJKQ",AppleSupport
2887349,2017-11-28 12:50:18,800690,"@AmazonHelp (*・∀・*)ﾉ ﾊーｨ

ありがとうo(｡&gt;∀&lt;｡)o",AmazonHelp
2887653,2017-11-28 12:50:41,800756,@800755 @TMobileHelp @425201  https://t.co/jXL2LJTsW6,TMobileHelp
2887310,2017-11-28 12:57:44,800680,"@115850 @77710 order id-407-6069778-2106706 till the time no action had been taken and same seller is still selling fake products how can you peoples let this go where is trust""apni dukan"" #fake products",AmazonHelp
2887288,2017-11-28 13:01:17,285435,"@AmazonHelp First time you sent me an used keyboard, after waiting for 8 days for someone to pickup for replacement, I self sent it as no one turned up. I got the replacement today and no usb dongle was found inside where it was supposed to be clipped. 1/2",AmazonHelp
2886915,2017-11-28 13:01:24,800602,@Uber_Support I have checked my emails and also replied to them. Ur unprofessional and zero trained employees have no sense but to write copy pasted msg without understanding the case. Plz give this to some employee with a brain to handle. Thanks,Uber_Support
2868828,2017-11-28 13:01:37,796696,"@SpotifyCares Thank you! Yup, just one more thing actually, how do I get on a playlist?",SpotifyCares
2887871,2017-11-28 13:01:47,324159,@AmericanAir horrible service at Charlotte airport last night boarding flight to Memphis!!especially with elder passenger!!,AmericanAir
2878694,2017-11-28 13:05:56,798982,@AmazonHelp @798981 @115850 Come on Amazon then who is prompting it with you name and what is use for them. My only request enable no cost emi by Bajaj finserv for OnePlus 5t @132994 @139570 @115850,AmazonHelp
2888314,2017-11-28 13:12:02,133905,@115850 Care to help amazon? Bit of a crisis I'm afraid,AmazonHelp
2887367,2017-11-28 13:20:03,800695,"@AmazonHelp Yeeep, I did all of that last night. Never received an email and it still says ""we are cancelling your order"" on my order page.",AmazonHelp
2888161,2017-11-28 13:22:40,800859,"@116090 Hi! Just curious as to why my prime orders are showing a delivery date of Monday, Dec. 4th when I ordered them last night? Why aren't they arriving this week? Is it because of black friday/cyber monday?",AmazonHelp
2892033,2017-11-28 13:26:11,801657,.@AppleSupport my phone shut off by itself last night and it still will not come back on and I am beyond frustrated!,AppleSupport
2886542,2017-11-28 13:26:53,800542,@AmazonHelp Filled up. Now you guys are manipulating the reasons for not delivering the product. Shameful Act by @115850 .  #WorstCustomerService @118702,AmazonHelp
5274,2017-11-28 13:30:00,800857,@115850 when you wil bring #no_cost_emi  #bajaj_fineserv   on oneplus5t,AmazonHelp
2888979,2017-11-28 13:30:29,773009,.@Delta has redeemed itself with recent customer service woes when my last call took only three minjtes to reach a live person.,Delta
2888901,2017-11-28 13:33:13,426436,@115873 every 6th ride free on master card last two times I earn and u don't allow me to utilise my benefits..and uber has worst support everytime I raise an issue u don't resolve it uber India sucks,Uber_Support
2888138,2017-11-28 13:34:09,416875,I never cease to be amazed at how imbecilic @115830 can be. Parcel left with neighbours in spite of having an agreed safe delivery option !,AmazonHelp
2856701,2017-11-28 13:37:51,793996,@AmazonHelp I did and they were no help at all,AmazonHelp
2888211,2017-11-28 13:42:27,800866,@AmazonHelp My tablet is acting up i am having a lot of trouble,AmazonHelp
2892004,2017-11-28 13:43:39,801651,Used @AppleSupport for 20 years without problems. Now iTunes won’t play purchased show on laptop and won’t even open on Mac.,AppleSupport
2889309,2017-11-28 13:48:46,134320,@117086 obrigada pela eficiência no processamento do pedido e na entrega MUITO RÁPIDA. Comprei na sexta a noite e já estou com os produtos em mãos. &lt;3,AmazonHelp
2888212,2017-11-28 13:53:36,800866,@AmazonHelp And my sound is not working,AmazonHelp
2894016,2017-11-28 13:53:43,802058,"@118266 Hai, mau tanya, saya baru beli promo yg 3 bulan Rp. 4.999,- itu kok berlakunya cuma sampai 3 Desember 2017? https://t.co/iDdqch8X7H",SpotifyCares
2890237,2017-11-28 13:59:31,654779,I️ appreciate the help from @AmericanAir reservations in quickly fixing my boarding pass to show my TSA pre-check! #HatesLines,AmericanAir
2889282,2017-11-28 13:59:57,609552,@AmazonHelp Order #237316750217 can the dlvry slot be changed to 5-7 Pm? The delivery guy went back as no one is at home at this time.,AmazonHelp
2890016,2017-11-28 14:03:27,426436,@115873 I had selected uber pool for my current trip and have been assigned uber go which is 5 times the pool charge how horrible u guys can be facing issues with uber since ages now uber sucks hate u never ride with you,Uber_Support
2889294,2017-11-28 14:04:55,467882,"@AmazonHelp It's the Amazon carrier, not ups or usps",AmazonHelp
2889364,2017-11-28 14:08:15,801099,@AmazonHelp Have given you all details. I’m looking for a resolution within 24 hrs else there’s no point in me ordering it.,AmazonHelp
2893423,2017-11-28 14:10:22,801945,"@AppleSupport Morning, I'd like to run diagnostics on my iPhone 7 battery to make sure it's ok.  Lately it seems to run down quickly from 100% to 90% when I'm not using it.  Thanks",AppleSupport
2890566,2017-11-28 14:13:24,801373,Ayer compré un perfume para mi mamá en @116875 y la verdad tengo poquito miedo.,AmazonHelp
2890549,2017-11-28 14:19:00,467643,"Really fed up of @115830 now, awful service for the last 2-3 months, just keeps getting worse. Constantly told one thing, then another happens, then 'sorry' and it still continues. I think our Amazon days will soon be over at this rate. The amount of hours on the phone- unreal!",AmazonHelp
2890781,2017-11-28 14:19:47,320509,"@AppleSupport Hi, I installed High update a few days ago, started up this morning, opened mail, pages, iTunes was updating iPhone and it's just froze, beachball not present now, there was a  strange ""screenshot"" skeleton on desktop.
Turned off and rebooted several times, goes back to frozen",AppleSupport
2889993,2017-11-28 14:24:49,801250,"@Uber_Support Wow your twitter support is just as horrible as the app. I’m not having trouble, the app gave me an error when trying to purchase one when they were available and I tried again later and they are unavailable. You can’t help with this? Guess I’ll be switching to lyft then.",Uber_Support
2891415,2017-11-28 14:25:23,801547,@VirginTrains - that malfunction on the London to Edinburgh train just now may have marooned my partner and baby if they don't make the connecting bus. I hope they will be looked after carefully?,VirginTrains
2890433,2017-11-28 14:25:24,801347,il est enfin arrivé merci @120533 pour cette reduc de ouf https://t.co/OKa7WIA9z8,AmazonHelp
2891551,2017-11-28 14:27:35,801563,@southwestair 20 min delay ok 20 min more ok 20 more aaa.... 20 more !!!!!!!!!!! Mexico - houston,SouthwestAir
2890505,2017-11-28 14:30:18,631088,So now @115821  says they don't know where my package is &amp; if it doesn't arrive by thurs to check back with them. Um last update it was at your facility in nj. No record of it making it to USPS. How do you not know where it is? https://t.co/cB3wrSW3XM,AmazonHelp
2893401,2017-11-28 14:34:29,419778,@AppleSupport one of my older messages seems to be stuck on the screen when I access the Messenger app. Pls advise #iPhoneX (see the note abt Claire.) https://t.co/FE9M8vAB3P,AppleSupport
2891622,2017-11-28 14:35:47,801578,@115911 I joined TMobile on 11/3. Added 4 lines and then was told I could not do the pixel 2 rebate. That's the reason I joined. I tried to call customer service and got no where.   I'm a new customer. Really!?!,TMobileHelp
2891928,2017-11-28 14:38:48,801636,"Hab gerade mein Paket von der @134825 bekommen.
Wär cool, wenn ich beim nächsten Mal nen Lieferanten bekommen könnte, der fließend Deutsch sprechen kann :)
Wär auch cool, wenn ich bei Bestellung via Morning-Express auch mein Paket morgens bekomme, @116316",AmazonHelp
2891184,2017-11-28 14:39:46,801503,"@Uber_Support I've been charged £36 for an uber I have not taken, it's not on my app, nor is it from my friends or family. Please can we resolve this.",Uber_Support
2894241,2017-11-28 14:39:52,802112,@comcastcares Stafford va 22556 cable and internet down,comcastcares
2891909,2017-11-28 14:43:39,170158,@121284 hi. I have a couple of Zigbee devices. They work near my Echo Plus. But are not detected when far away. Though my WiFi connection is 70-80% in that far place. Please help.,AmazonHelp
2879460,2017-11-28 14:50:17,147110,"@799128 @AmazonHelp I'm cancelling , amazon already been in trouble over misleading adverts",AmazonHelp
2893308,2017-11-28 14:51:12,801920,"I never had any bugs prior to #ios11 but now everyday my phone hangs, freezes and forces me to reboot all the time. @AppleSupport @115858 it used to be a seamless experience 😕",AppleSupport
2896763,2017-11-28 14:53:54,802641,"Well, since @115888 wants to tell me I’m not a student I guess they can reimburse me tuition too. 🤬",SpotifyCares
2902850,2017-11-28 14:54:54,803993,"@delta Left my husband’s suitcase off the plane intentionally. He is in China for only two days on a business trip. No suit, no coat, etc and it is 9 degrees Fahrenheit where he is!",Delta
2891822,2017-11-28 14:55:25,801619,"""Averages 2-28 business days."" Thanks @115821 for the roulette time window. Christmas can wait.",AmazonHelp
2886956,2017-11-28 14:56:41,800610,@800609 @Uber_Support OMFG,Uber_Support
2893258,2017-11-28 14:58:43,138674,@115830 when do y'all restock????????,AmazonHelp
2891934,2017-11-28 15:04:30,801637,@AmazonHelp Seasons 1 - 6 included in your prime membership? https://t.co/00oEkoFZI8,AmazonHelp
2891874,2017-11-28 15:09:15,801630,"@AmazonHelp Según el panel de control de pedidos, me lo vendisteis vosotros. Adjunto captura de pantalla. https://t.co/6qk1B4vcfw",AmazonHelp
2894813,2017-11-28 15:10:35,802243,what's the shipping address for Apple care insurance repairs? @115858 @AppleSupport,AppleSupport
2891566,2017-11-28 15:14:00,653860,@SouthwestAir Yes sitting on the plane for an hour and 40 min. They are now letting us off because they are not sure how long its going to be. Meanwhile I am going to be late and possibly miss another work  meeting,SouthwestAir
2893250,2017-11-28 15:14:45,801910,Seriously @115830 Is this the most hygienic place to find a parcel? https://t.co/Xnh3u0zw2M,AmazonHelp
2889311,2017-11-28 15:18:54,801081,@AmazonHelp @801080 have you replied?,AmazonHelp
2892512,2017-11-28 15:21:41,729322,@Uber_Support I gave an order an hour back and there is no update on it. I've called the CC and they've put me on hold for 10 minutes. I called them up again and now they had to cancel the order.,Uber_Support
2894128,2017-11-28 15:23:30,802085,@AmericanAir What a shame AA! Your new luggage policy for low fares brought you down to Spirit ‘s level. Very disappointed. No need to fly with AA anymore. Spirit became equally appealing. #AmericanAirlines #SpiritAirlines,AmericanAir
2893202,2017-11-28 15:23:35,801900,@115850 I have complaint my amazon balance I s there but I cannot buy,AmazonHelp
2896719,2017-11-28 15:25:33,802630,"@SpotifyCares Hello, I created spotify account via Facebook. Now im trying to deactivate but it keeps activating when I login to spotify. Could you help me transfer my premium and albums to new account please?",SpotifyCares
2894810,2017-11-28 15:26:12,802242,"My bluetooth was off, i checked (pull down top right) and I had been getting notifications and phone calls on my apple watch. WTH @115858.",AppleSupport
2884819,2017-11-28 15:28:57,800205,"@AmazonHelp Nope it doesn't. Next time, I'll share screenshots.",AmazonHelp
2892917,2017-11-28 15:29:31,657498,@TMobileHelp No thank you. I don't need to discuss anything with you guys anymore.,TMobileHelp
2894090,2017-11-28 15:33:41,267399,@Delta What happen to the lost and found not claimed?,Delta
2896010,2017-11-28 15:34:42,802509,@117795 @115858 I meant @119625 @116618,AmazonHelp
2893842,2017-11-28 15:35:20,802027,@Uber_Support I have done that already but I have not received any assistance. I am so sorry I am so new to this and I don’t know how to use the app still. I can’t log in the app either?,Uber_Support
2894788,2017-11-28 15:37:11,802235,@115858 really fucked up my iPhone with these fucking updates dude,AppleSupport
2664020,2017-11-28 15:40:55,150001,@AmazonHelp whats your response time for replying to complaints?,AmazonHelp
2895571,2017-11-28 15:44:01,802419,@comcastcares There is a power outage at my home I have all of my Internet equipment on a battery back up but my first top router on your network has no power why do you not have your system on battery back up?,comcastcares
2894568,2017-11-28 15:45:21,802188,"@111010 pacco spedito da @120540  , consegna prevista oggi, tracking fermo da 4 giorni. A chi devo rivolgermi? Servizio scandaloso",AmazonHelp
2893904,2017-11-28 15:45:28,802041,@Uber_Support email account: __email__,Uber_Support
2894532,2017-11-28 15:50:14,239083,You know what would make @115821 cooler? If they told you when they were going to charge you for the membership,AmazonHelp
2889449,2017-11-28 15:50:51,801124,"@AppleSupport It’s asking me to input my payment details again even though it’s already in there and when I do, it declines my card. I tried both WiFi and cellular data neither works. I tried signing in to another Apple account and that didn’t work either.",AppleSupport
2894640,2017-11-28 15:54:49,802200,Señores de @116928 ¿Como podéis jugar de este modo con mis sentimientos? Se os ha perdido por el camino? Porque yo no lo tengo 😣 @28990 https://t.co/dAKzsL3KAE,AmazonHelp
2893888,2017-11-28 15:56:36,802037,@Uber_Support No thanks I would rather go in a taxi,Uber_Support
2894530,2017-11-28 15:59:31,239083,"@AmazonHelp Yes, the renewal fee. Why not send a little message saying ""hey, just a heads up, we're taking $100 from you tomorrow""",AmazonHelp
2894255,2017-11-28 16:04:32,802116,"@SouthwestAir That link is broken too! see blank page below. Anyway, i've checked in after a lengthy phone call with your agents, who also don't believe me that your online systems are down. Now i'm stuck with a crappy boarding position and apparently there's nothing you can do to change it https://t.co/gAjRjQxIzK",SouthwestAir
2896126,2017-11-28 16:04:48,802520,@115858 why does my music pause every time I get a Snapchat notification,AppleSupport
2896030,2017-11-28 16:05:24,802510,Amazing that @115821 inform me that my product review is unacceptable (no swearing and making valid points on delivery faults) only to be re-directed to a space that says I can’t give feedback 🤷‍♂️🤷‍♂️🤷‍♂️,AmazonHelp
2536580,2017-11-28 16:08:26,721577,@Uber_Support I have already made complaint . After hearing my case Uber silently deleted my account leaving no trace of booking. I'm very poor to fight you else i would have sued you for mistreating my pregnant wife,Uber_Support
2893177,2017-11-28 16:10:18,801897,@AmazonHelp This was shown when ordering and selecting my delivery options. It was a head scratch moment 🤔 Will check confirmation email.,AmazonHelp
2895481,2017-11-28 16:14:24,802401,@Delta Done.,Delta
2895997,2017-11-28 16:15:41,802505,"Grâce à @120533 j'apprends que j'ai SIGNÉ &amp; reçu mon colis, merci, j'étais pas au courant, après les drones et les dash button, le air colis... Vive Amazon Prime... https://t.co/B91pNggeaF",AmazonHelp
2893262,2017-11-28 16:17:10,801911,@AppleSupport Thank you Apple I have deleted the email after reading your article,AppleSupport
2896000,2017-11-28 16:19:02,802506,@115830 your order dates are really messed up right now. https://t.co/Pvi8Ir0SpS,AmazonHelp
2897136,2017-11-28 16:19:07,802729,@TMobileHelp where can we redeem the bogo Hershey’s and Snapple for tmo Tuesday?,TMobileHelp
2899845,2017-11-28 16:19:58,803337,@SpotifyCares why did you guys charge me $4.99 when my university request hasn’t been confirmed yet?,SpotifyCares
2897649,2017-11-28 16:22:45,217980,@AmazonHelp I want to be contacted by an English-speaking supervisor or manager. Transferred five different times in chat for a refund.,AmazonHelp
2895352,2017-11-28 16:23:40,801762,"@Uber_Support There is no team, it is an automated reply.",Uber_Support
2890716,2017-11-28 16:24:08,134431,"@AppleSupport I only see this screen, no forget this network https://t.co/DGnO4sadlQ",AppleSupport
2896059,2017-11-28 16:26:08,270206,@147110 @AmazonHelp Cool. Will be speaking to them. Thanks 😉,AmazonHelp
2896021,2017-11-28 16:29:11,139240,@AmazonHelp I replied to the last email asking for my account to be closed and refund my remaining prime.and guess what reply i got ? An exact copy and paste to the previous emails. You haven't cancelled the orders because I just got emails saying they're dispatched https://t.co/h2pQrZordh,AmazonHelp
2895539,2017-11-28 16:30:09,802411,@AmericanAir With how horrible you treated the situation and after a complaint email all I got was a half ass copy and paste message. I rather take my business elsewhere rather than to deal with your service. Easily rather pay extra to not deal with how poorly you guys treated the situation.,AmericanAir
2896838,2017-11-28 16:30:39,136974,@VirginTrains Hi PA LC and HP how are u guys doing today,VirginTrains
2896133,2017-11-28 16:31:32,802521,@AppleSupport Would it be that my iCloud account still has the old iPadPro listed with a different Serial number but the same IMEI as this replacement iPad?,AppleSupport
2895982,2017-11-28 16:35:34,709078,"@AmazonHelp For 5 orders in a row?  And I shouldn't have to wait longer for my order, I was guaranteed a delivery date when I placed the order.  I certainly understand things happen but when it happens 5 times in a row, then there is something wrong with your process.",AmazonHelp
2896180,2017-11-28 16:40:44,802533,"@AppleSupport AppStore application is waiting to support Arabic language

AppStore application is waiting to support Arabic language

AppStore application is waiting to support Arabic language

AppStore application is waiting to support Arabic language",AppleSupport
2897667,2017-11-28 16:41:19,802845,"@AmazonHelp War @116316 am Wochenende etwas überfordert? Habe 32 GB Fire HD 8 bestellt und nur 16 GB erhalten. Anders herum wäre es super, aber die Variante gefällt mir leider nicht so gut...",AmazonHelp
2896663,2017-11-28 16:41:49,802616,@Uber_Support No y’all not! Fuck y’all!,Uber_Support
2884970,2017-11-28 16:46:46,800056,@AmazonHelp Thank you I have sent an email across :-),AmazonHelp
2897052,2017-11-28 16:48:22,802713,@SouthwestAir Great! Thanks!!,SouthwestAir
2897718,2017-11-28 16:48:41,635749,"@AppleSupport Yes, that is correct. Just tried ejecting the SIM and upon reinstering it went to No Service then back to Searching. It will usually connect within 5 seconds and I can confirm that there is signal as a second phone is connecting fine to the network.",AppleSupport
2884168,2017-11-28 16:52:09,800068,@AmazonHelp The seller is Allday Office Supplies and their attitude is atrocious.,AmazonHelp
2896716,2017-11-28 16:52:13,802629,"@SpotifyCares Hello, I’ve got problem with Spotify playlist , Can you check ur Direct Message , please. Thank you.",SpotifyCares
2898616,2017-11-28 16:55:00,803075,"Hey @115911 When I'm talking to support, please have the call back request cancelled so I'm not getting called constantly by you (and  have messages left).",TMobileHelp
2828716,2017-11-28 16:55:45,787776,@787777 @AmazonHelp Cheapo? Good one 😂,AmazonHelp
2890718,2017-11-28 17:00:36,134431,"@AppleSupport It won’t let me join it, keeps telling me the password is wrong when it isn’t. That’s my issue.",AppleSupport
2897552,2017-11-28 17:01:06,802822,@AmazonHelp Done! Looking forward to resolving this. Thank you.,AmazonHelp
2899794,2017-11-28 17:02:18,803325,@Uber_Support How do I login to my account when my phone is what is lost and i can't complete the two-factor authentication? :(,Uber_Support
2905938,2017-11-28 17:06:20,790806,@Delta I’ve logged over 30 contacts with customer service (via phone and email) and still haven’t been put in touch with someone who can help me with my lost luggage/disruption case.,Delta
2889212,2017-11-28 17:08:26,801075,@AmazonHelp Donc j’ai passé quelques minutes au téléphone avec une personne qui ne comprenait visiblement pas très bien le français et qui m’a juste proposé de reprogrammer la livraison demain. Je me suis agacée et je lui ai demandé si je pouvais lui expliquer comment accéder à la maison-,AmazonHelp
2899062,2017-11-28 17:09:27,803157,"@AppleSupport I paid $200 for a replacement insurance phone, which came broken. I didn’t want to wait a week without a phone so I paid $140 to “fix” the screen, which wasn’t the issue, now I try to call support and you say it’s gonna be $340 to fix? Help me.  IT CAME BROKEN.",AppleSupport
2889215,2017-11-28 17:11:14,801075,"@AmazonHelp est reprogrammée pour demain. Le livreur ne trouvera probablement pas la maison, on recommence donc la même histoire demain puisque je serai au travail et je ne pourrai pas sortir pour aller récupérer mon colis dans la rue.",AmazonHelp
2898942,2017-11-28 17:14:49,803127,@116875 Holi. ¿Amazon Prime incluye Audible? Eso podría convencerme de contratarlo.,AmazonHelp
2898382,2017-11-28 17:15:12,803007,@VirginTrains Just this https://t.co/ebbQoYhSdw,VirginTrains
2898409,2017-11-28 17:15:21,803013,"@AmericanAir I’m an advantage member, my friend booked our flight but forgot to add my advantage number for my ticket how can I earn the points for those flights #advantagemember",AmericanAir
158723,2017-11-28 17:18:21,152487,@AmazonHelp Ok. Thank you.,AmazonHelp
2906223,2017-11-28 17:19:45,804775,@115900 @comcastcares worst tech service EVER! Your new mail server sucks &amp; doesn’t load e mails. Why does Comcast employ techs who cannot be understood?,comcastcares
2897522,2017-11-28 17:21:19,802820,@AmazonHelp Thanks but I wasn't sent a returns label and I can't find where to print one!,AmazonHelp
2876127,2017-11-28 17:23:55,127987,"@SpotifyCares So there's nothing Spotify will do on their end to ensure malicious users are kept off their network.

Good to know!",SpotifyCares
2890668,2017-11-28 17:24:29,801395,@AppleSupport I’ve did that. And it works! Thanks. But how about low WiFi connection? My WiFi is close to me tho. https://t.co/gwidxoskS7,AppleSupport
2898867,2017-11-28 17:24:56,803117,@AmazonHelp Dankeschön💖Ich kenne beide noch nicht und freu nich deswegen umso mehr😍Uiuiui,AmazonHelp
2770685,2017-11-28 17:31:04,774213,"@AmazonHelp Bonjour, on m'a renvoyé un nouveau code, qui ne fonctionne toujours pas, c'est fatigant. ..",AmazonHelp
2899781,2017-11-28 17:31:41,803321,"@Uber_Support I sent my friend an invite code but she didn't use it correctly, she signed up but didn't put her payment info in and hasn't used it yet. Now it won't let her sign up with my code. Can you help???",Uber_Support
2890798,2017-11-28 17:33:59,801426,@AppleSupport The version is  11.1.2 and it only happens when I’m in a call,AppleSupport
2899657,2017-11-28 17:36:04,229449,Gracias @116928 @AmazonHelp por retrasarme la entrega de otro paquete.....,AmazonHelp
2897534,2017-11-28 17:40:14,802821,@AmazonHelp Just had one of the deliveries only 24h40m late seems the depot has sent out my deliveries on two different vans,AmazonHelp
2895629,2017-11-28 17:41:20,480647,"@115913 @115911 T-Mobile answered my concern with a hope and a prayer.  Maybe someday we may have service for you and your 5 unlimited lines.  Let's cross our fingers together, but your stuck in the meantime...  I'll get out as soon as financially possible https://t.co/EQgsAu7bfE",TMobileHelp
2898999,2017-11-28 17:41:29,803139,"@AppleSupport Yes, that is Ok, but... How you ask 700€ for a phone (best one, no doubts) and after an OS update...",AppleSupport
2899703,2017-11-28 17:42:47,803306,@AmazonHelp No problem with good service. Just wish my friend @111210 could have the same service as me,AmazonHelp
2899555,2017-11-28 17:45:54,803285,"@AmazonHelp sí, y me dicen que no agendan y no hacen nueva entrega ni pagando.",AmazonHelp
2899504,2017-11-28 17:48:58,273025,@115850 Is Amazon pay balance transferable to another Amazon user?,AmazonHelp
2900397,2017-11-28 17:50:00,803454,Dear @115858 fix this (it) I.T problem NOW!,AppleSupport
2892687,2017-11-28 17:52:49,162605,"@AmericanAir Thanks, but I reaccom’ed us via phone (5489 ended up delayed until 1pm). Problem is now I need status of checked bags. Can I DM?",AmericanAir
2899609,2017-11-28 17:54:50,803295,@AmazonHelp Pas eu de retour car fait par mail via le site Amazon,AmazonHelp
2859020,2017-11-28 17:56:06,794517,@SpotifyCares No the text is overlapping. You can’t even select items sometimes because the app thinks you are touching another link on the screen nearby.,SpotifyCares
2901592,2017-11-28 17:56:46,492467,So grateful for the amazing customer support at @SouthwestAir! I had an issue with my Flight reservation and they had it solved in no time! Thank you! 💙❤️💛,SouthwestAir
2899745,2017-11-28 17:57:53,803317,@Uber_Support __email__,Uber_Support
2900360,2017-11-28 17:58:51,803445,"C’mon @AppleSupport, there’s no need for this… https://t.co/NIBQc9PIkW",AppleSupport
2899531,2017-11-28 18:00:18,803279,@AmazonHelp Yap muchas gracias valen mil ❤️,AmazonHelp
2899612,2017-11-28 18:05:35,803295,@AmazonHelp Ok merci à vous,AmazonHelp
2900446,2017-11-28 18:06:37,803467,@AppleSupport Sent,AppleSupport
2901040,2017-11-28 18:11:58,116917,This is getting to be a cruel joke @115821. Yet another package “On It’s Way” since early this morning. No status change. If this hadn’t of happened TWICE before I would give you the benefit of the doubt.,AmazonHelp
2902631,2017-11-28 18:14:35,617752,@115830 your delivery drivers could save a lot of time by trying to deliver to the correct house before trying the neighbours. I’m sat in the house and no knocks at all...!,AmazonHelp
2902003,2017-11-28 18:18:14,567368,@AppleSupport What's with the terrible support and iMessage server being unavailable? Isn't Apple supposed to be better than every other oversized compnay that doesn't care about its customers?,AppleSupport
2899632,2017-11-28 18:18:46,802191,@AmazonHelp Sans vous mentir le délai me parait plus que long mais je n'ai pas le choix ! Et ducoup impossible d'avoir une réduc ou quoi ? Parce que la ....,AmazonHelp
2872829,2017-11-28 18:19:32,562021,"@Uber_Support I sent an email. Hopefully he contact you back, he isn’t returning any of my calls. I believe he stole and won’t return my items 💔",Uber_Support
2899654,2017-11-28 18:22:17,229449,"@AmazonHelp si si, si eso está claro, que hay que esperar, y llevo un mesecito de retrasos constantes que no es normal..........",AmazonHelp
2902877,2017-11-28 18:25:27,416838,"What's the point of getting here early if the lack of agents to check bags will make me miss my flight? @delta. And it was literally 5 minutes post ""cutoff."" I made it through security in 4 minutes after. Plenty of time to catch my original flight",Delta
2900980,2017-11-28 18:26:37,803586,"@AmazonHelp Oui, hp spectre x360 ae-002nf...🤔🤔 merci",AmazonHelp
2902927,2017-11-28 18:29:15,804007,"Virgin Trains. First class lounge sir. Thank you very much. Beer please, oh sorry, you have to pay for that!!! Leaves first class lounge 👎",VirginTrains
2903763,2017-11-28 18:29:57,721441,@AppleSupport please check dm,AppleSupport
2901457,2017-11-28 18:30:34,803692,@comcastcares That’s a chat bot would say🤔,comcastcares
2900946,2017-11-28 18:30:41,738105,@AmazonHelp  https://t.co/GcWbVzcXAc,AmazonHelp
2884057,2017-11-28 18:32:37,130948,"@AmazonHelp just talked #Amazon CC guy he said delivery team couldn't contact me hence order returned though NoOne called on registrd numbrs.I need to re-order #Amazon workin wickedly amazingly in India
Surely i re-order from other sites &amp; recommend pple to avoid #Amazon for online purchase",AmazonHelp
2898206,2017-11-28 18:34:52,139533,@791284 @Uber_Support Next to non tipping pool riders of course;),Uber_Support
2901046,2017-11-28 18:35:26,803596,@AmazonHelp There isn’t a chat option though? Just an email.,AmazonHelp
2902528,2017-11-28 18:38:16,803921,@AmazonHelp There for at least two hours,AmazonHelp
2839782,2017-11-28 18:40:08,790287,@SouthwestAir I went ahead and called customer service and they checked me in.,SouthwestAir
2903756,2017-11-28 18:41:45,804191,.@AppleSupport sending vids &amp; pics still a hassle w/ new iOS. And camera still finicky.,AppleSupport
160425,2017-11-28 18:42:03,152957,@116316 Diesmal sogar inklusive Inhalt 😁 https://t.co/W908Qw5XsG,AmazonHelp
2908677,2017-11-28 18:42:51,805340,@115888 can you please implement a block feature? I had to delete my account and lose all my music bec my ex is still creeping after way over a year and a half 🙄,SpotifyCares
2904575,2017-11-28 18:44:41,434655,Wow @AmericanAir! Delayed flight &amp; delayed arrival... I've been stuck on this plane for 44 mins on the runway! I have places to be.,AmericanAir
2903632,2017-11-28 18:45:25,804157,"@AmazonHelp há tempos não tenho conseguido efetuar minhas compras por meio do cartão débito. Minhas compras cumprem os requisitos para pagamento por essa forma, ou seja, não são e-books e nem itens em pré-venda .",AmazonHelp
2903638,2017-11-28 18:47:48,804159,@115830 @AmazonHelp how is it acceptable that a parcel delivered to my house today was thrown over my back gate with no notification,AmazonHelp
2903145,2017-11-28 18:48:52,532017,@TMobileHelp why is it only some of your customers are receiving free panda express bowls along with this week's free promotion? I have no such offer,TMobileHelp
2898986,2017-11-28 18:50:23,148426,@AppleSupport 11.1.2 - it’s been happening consistently for the last 2/3 months - it’s fully updated - very frustrating,AppleSupport
2903517,2017-11-28 18:51:49,804140,"@AmazonHelp Bonsoir, j'ai reçu une demande de fax par mail, apparemment mes informations de paiement n'ont pas pu être confirmer",AmazonHelp
2898189,2017-11-28 18:53:27,197483,@139533 @802961 @Uber_Support I'm sure the owner of the car he had woke him up and ask him for his information,Uber_Support
2903546,2017-11-28 18:55:57,804144,"@116875 En su página no dice nada sobre facturación, podrían aclararme este punto?",AmazonHelp
2905177,2017-11-28 18:58:23,804518,@115821 seriously is fucking with my life and anger issues,AmazonHelp
2892667,2017-11-28 19:01:05,801790,@Delta Yes no more flights this year. Anticipate as many personal flights in 2018 as mom had a stroke last year. It would be nice to have some benefits.,Delta
2903679,2017-11-28 19:02:43,804170,"Ok, just upgraded to MAC OS High Sierra and now NO Adobe programmes work...... Please help @AppleSupport @115858 #MAC #OS #HighSierra",AppleSupport
2903608,2017-11-28 19:04:08,804152,@AmazonHelp Still confused. Item I purchased is marked as Prime and in stock. Therefore should be despatched tomorrow latest surely? So I should have it Thursday? https://t.co/SaqeLWGZzK,AmazonHelp
2905150,2017-11-28 19:06:47,804510,@117634 #KindleFireHDX3Gen is a painful device to use. The device keeps malfunctioning. It is a arduous task to read on the device as the device doesn’t respond to touch. Worst kindle experience. Really disappointed.,AmazonHelp
2845446,2017-11-28 19:10:47,791475,"@AmazonHelp From your driver, so he's obviously been but no sign of my parcel and no email saying you've been?",AmazonHelp
2905191,2017-11-28 19:12:22,804522,How to fix this problem??@AppleSupport,AppleSupport
2906646,2017-11-28 19:15:45,804865,Wooo hooo! The coffee mug I ordered from Amazon is out for delivery! https://t.co/y2asCaaL78,AmazonHelp
2903510,2017-11-28 19:19:57,804140,"@AmazonHelp Répondre à l'email en scannant les documents ? Ils demandent d'envoyé un fax mais je n'ai absolument aucune idée de comment envoyé un fax, je saisis aussi pas bien pas les documents à fournir, pour une demande de sécurité pareil la procédure est très flou je trouve",AmazonHelp
2906730,2017-11-28 19:23:35,804884,Shout out to @118706 for the awesome customer service in the SF Bay Area when they had to deliver 50 @117093 totes to us each containing ONE little pack of sea weed snacks. Ridiculous. Is this a joke? Because nobody is laughing ✌,AmazonHelp
2893937,2017-11-28 19:23:36,724016,@Uber_Support I sent you all my info by DM.  Thank you,Uber_Support
2904538,2017-11-28 19:27:35,272046,@VirginTrains I have left now anyway but it’s a poor show and happens too often here,VirginTrains
2905034,2017-11-28 19:28:26,804488,@115830 my property was damaged today by your amazon logistics team. Please get in touch to rectify situation.,AmazonHelp
2906785,2017-11-28 19:30:16,804902,"@AppleSupport my iMessage and FaceTime fail to activate. I have tried restarting the iPhone and repeating the process, but it continues to say “activation unsuccessful”",AppleSupport
2905171,2017-11-28 19:33:49,804516,@AmazonHelp I have just never seen it take this long. Usually it literally is in 2 days. I tried ordering yesterday and said it would take a week. Kinda disappointed in that. Not something I can wait that long for. Hence why I have prime membership,AmazonHelp
2906162,2017-11-28 19:34:43,804763,@SouthwestAir please find my luggage 😫,SouthwestAir
2907426,2017-11-28 19:36:30,805056,@AmericanAir you guys are a master of ripping off customers with poor customer service. Charging insane $$ for minor ticket changes 5 months ahead of travel date. Ridiculously poor customer service,AmericanAir
2907365,2017-11-28 19:37:00,805040,"@SpotifyCares Dear Spotify! Is there a way you can add the release date for singles and albums? If the release is new, you can see it for a limited period of time. Would be awesome if you could see this all the time through browsing the artists! Thanks ^_^",SpotifyCares
2906301,2017-11-28 19:37:48,119654,"After weeks of back and forth, my @115911 woes seem to be at an end! i CAN MAKE CALLS FROM INSIDE MY HOUSE!!!",TMobileHelp
2903698,2017-11-28 19:39:07,788097,"@AppleSupport @135589 While you are fixing OS X, could you also make ""Automatically adjust brightness"" checkbox ""off"" state work again?",AppleSupport
2906704,2017-11-28 19:41:34,804878,"@115823 Thanks for suspending my account during #CyberMonday bc #amazonpay charges from 10 days ago were declined. I don't even know why they were declined bc I sure #spentcrazy on #BlackFriday and #CustomerService was useless. Now, I can't track my orders. #AmazonBreakup.",AmazonHelp
2905957,2017-11-28 19:45:23,140907,Alright @Delta I got another bone to pick with you for my way back: IT WAS HOTTER THAN SATAN'S ASSHOLE ON MY 4.5 HOUR FLIGHT. My whole row was sweating and we asked 5 times for air but the flight attendant said she was cold. Good news: I think I lost 5 lbs in sweat.,Delta
2906623,2017-11-28 19:48:32,804862,"@AmazonHelp Email: ""When something like this happens, we normally send out a replacement order. In this case, though, a replacement wasn't possible, so we've requested a full refund for your order. You'll see the refund apply to your original payment method within the next few days.""",AmazonHelp
2907282,2017-11-28 19:50:31,148159,"I got two issues at Uber.. Both unresolved... Because these people cheat and deceive in terms of support.. And resolve nothing, @115873 @Uber_Support ola rules.. @1143.. Uber su ks",Uber_Support
2906674,2017-11-28 19:51:36,258057,"Anyone else experienced @115830 delivery delays since Black Friday? 
Notice that they aren't really doing next day delivery atm mainly 2 days.
Have they got a backlog?",AmazonHelp
2906761,2017-11-28 19:52:47,804896,"My Iphone 5c wont turn on and i tried placing it in charger, still no sign. Please help @AppleSupport @115858",AppleSupport
2903627,2017-11-28 19:55:40,139188,@AmazonHelp im getting the feeling somebody at amazon have decided to block my emails from getting to them. ive simply replied and even this one bounced https://t.co/QkLDNpDEfd,AmazonHelp
2907912,2017-11-28 19:58:43,172359,"@115821 Hello. I am having a repeat, aggravating problem with your last-mile delivery service. They just did it again today.",AmazonHelp
2942916,2017-11-28 20:01:45,813052,Looking for opinions on Internet providers!! @127249 is never consistent and takes about 20 min to even get to a real person to get an issue resolved!! Need a more reliable solution,comcastcares
2906603,2017-11-28 20:02:28,804860,@AmazonHelp Começando agora \o/,AmazonHelp
2906845,2017-11-28 20:04:54,150069,"@VirginTrains @nationalrailenq how come the services before and after the 18.39 were unaffected, yet the 18.39 was delayed so severely? I can’t seem to get an explanation as to what caused the delay from anybody?",VirginTrains
2907946,2017-11-28 20:05:23,805157,Why is my battery messing up @AppleSupport i cant go 2 hours without having to charge it. It’s annoying,AppleSupport
2906568,2017-11-28 20:08:50,804853,"@AmazonHelp Yes Canada post always return back the packages to the post office to pick them while I left them a note to leave it on front of the door. So now I have to go to the post office and drag my 49"" TV and my ps4 home walking!",AmazonHelp
2910926,2017-11-28 20:12:23,805843,@115888 where’s that new Cyanide and Silicone EP?,SpotifyCares
2907853,2017-11-28 20:14:48,553163,"@115851 @115821 can someone please explain why 3 amazon prime packages have been lost by amazon logistics, the same facility, in a weeks time and now i have to wait 2 more days for them to locate the package and redelivery. 2 day shipping has turned into 4 day shipping. Wtf",AmazonHelp
2906582,2017-11-28 20:17:59,804854,"@AmazonHelp Orders supposedly guaranteed next day turning up days later.

Ordered 2 prime items on Saturday and still no sign of them. They’ll turn up but I paid for prime to get stuff quick, what’s the point when I don’t get them on time and they are more expensive?",AmazonHelp
2907951,2017-11-28 20:18:06,677524,@AppleSupport how do I unsubscribe from  @115948 ?,AppleSupport
2910962,2017-11-28 20:20:50,702507,"@SpotifyCares I'm having some issues with the web player and the app both on separate networks, any ideas ?",SpotifyCares
2908818,2017-11-28 20:22:07,203933,"Heading to Florida next Tuesday out of BWI on @SouthwestAir and my wife really wants to fly on one of the planes with the special paint scheme; I know it is a tall order, but it doesn't hurt to ask",SouthwestAir
2908553,2017-11-28 20:23:36,805301,@Uber_Support i haven't gotten my account activated and its been more than seven business days. Everything else is checked and ready to go,Uber_Support
2908865,2017-11-28 20:24:11,631403,@115911 So give it to us already stop false advertising,TMobileHelp
2907892,2017-11-28 20:24:20,805147,@AmazonHelp OnePlus 5T contest,AmazonHelp
2908783,2017-11-28 20:28:13,730331,Headed back to Seattle..let’s see if my seat is cleaner than it was on the last trip @AmericanAir,AmericanAir
2915196,2017-11-28 20:28:33,521099,Anyone care to explain why @115888 is dead???,SpotifyCares
2908111,2017-11-28 20:28:55,259259,@AppleSupport macOS High Sierra 10.13.1,AppleSupport
2907847,2017-11-28 20:30:44,805138,"@116090 like yes i'm in an apartment but there's a buzzer, and i am home, and they didn't try https://t.co/m3KAq9GU3k",AmazonHelp
2907769,2017-11-28 20:34:41,805124,"@9474 @116928 dejando a un lado el hecho de intentar repartir en una empresa a partir de las 19h, lo de hoy es directamente mentira. https://t.co/Rbwm1KIFT2",AmazonHelp
2913974,2017-11-28 20:36:21,806655,@SpotifyCares i cant search anything even though im connected to wifi,SpotifyCares
2889510,2017-11-28 20:38:13,801142,"@AppleSupport I’ve reset my phone many times , tried to fix the keyboard issue by puttin in short cuts but still is the same",AppleSupport
2909782,2017-11-28 20:38:58,805574,hi @Uber_Support ive just been driven in a massive circle so my fare cost me double pls help im a student with no money thank u,Uber_Support
2912369,2017-11-28 20:39:31,501646,@SpotifyCares uh https://t.co/snYdK8YxpJ,SpotifyCares
2907916,2017-11-28 20:39:58,172359,@AmazonHelp I cannot stress enough that there is no mail room.,AmazonHelp
2913897,2017-11-28 20:42:36,806631,@115888 fix urself,SpotifyCares
2908735,2017-11-28 20:45:44,796181,@Delta I wouldn’t be pissed if this was a two hour flight but this is cross country which makes me even saltier,Delta
2905091,2017-11-28 20:45:49,804497,@AmazonHelp Voici la réponse... J'espère que vous plaisantez ??? https://t.co/gk4OhgRlGJ,AmazonHelp
2907329,2017-11-28 20:47:27,805026,@SpotifyCares Thanx.,SpotifyCares
2906771,2017-11-28 20:50:14,804899,@AppleSupport The information required is not on there?,AppleSupport
2899698,2017-11-28 20:50:49,803305,"@AmazonHelp 2 orders placed and Amazon logistics keep saying tried to delivery 3 times, but i know this has not been done. Now my items are been returned ! Never had a service like this before. 😡",AmazonHelp
2916643,2017-11-28 20:51:39,419307,"Why does @115888 web player suck so much? Chrome is updated, cookies are cleared, nothing is helping! Arghhhh",SpotifyCares
2909131,2017-11-28 20:55:18,651537,@AmazonHelp Yes. It was suppose to come today and I paid $3.99 extra for it.,AmazonHelp
100171,2017-11-28 20:55:55,137955,@SpotifyCares This isn't the first time Spotify pooped out mid day 😪,SpotifyCares
2897015,2017-11-28 20:57:28,325105,@comcastcares Did this happen because of the TiVo situation?,comcastcares
2909076,2017-11-28 20:58:21,805422,@115830 I think this packaging was a bit excessive. https://t.co/mjXUJfnbh8,AmazonHelp
100170,2017-11-28 20:58:53,137955,@SpotifyCares Actually.. this is at least the third time this has happened during a work day... so I'm gonna need at least 3 free months,SpotifyCares
2909785,2017-11-28 20:59:01,805575,"@115873 NOT FAKE NEWS,it looks like you folks dont want to pay your employees for the promotions that you conduct. So far I've called Uber support three times to get paid out for something I qualified for. Your company is just a big scam!!",Uber_Support
2910488,2017-11-28 21:01:47,128911,@115858 thanks for the horrible camera it won’t even focus when trying to take a pic of the shoe tag for @25256,AppleSupport
2917948,2017-11-28 21:02:12,807667,@SpotifyCares I not able to search or stream music using my Premium account. Looks like I’m not alone: https://t.co/CM4iHPza1X,SpotifyCares
2917873,2017-11-28 21:05:32,225208,@115888 can suck my dick. It never wants to work.,SpotifyCares
2909093,2017-11-28 21:05:51,565490,when you have a panic attack because an @115830 @AmazonHelp delivery driver tried to open your front door :) :) :),AmazonHelp
2917810,2017-11-28 21:08:07,807619,@115888 @SpotifyCares I keep getting these error messages when I search or try to go from the main page! Help pls! https://t.co/M68hEmAnHu,SpotifyCares
2912365,2017-11-28 21:10:34,806199,"@SpotifyCares @115888 is there a particular reason why ""Kashmir"" is missing from LZ's Mothership?!? I reactivated this twitter just to get answers, here.",SpotifyCares
2909178,2017-11-28 21:11:27,805436,@AmazonHelp This is Amazon.de,AmazonHelp
2909937,2017-11-28 21:12:44,805613,@VirginTrains Please do. Thankyou again x,VirginTrains
2919413,2017-11-28 21:14:45,357844,y isn’t spotify working,SpotifyCares
2901050,2017-11-28 21:14:50,384707,"@AmazonHelp It was delivered at 8pm, no idea what the earlier ""failed"" delivery message was about",AmazonHelp
2910460,2017-11-28 21:15:33,235333,@AppleSupport I have hit the max authorized computers. How to deauthorize them so I can set up a new machine?,AppleSupport
2909114,2017-11-28 21:17:19,805426,@AmazonHelp it said shipped yesterday and to del Monday. I’ll just be sure not to order from that company ever again. https://t.co/vzPjvE8eHX,AmazonHelp
2934753,2017-11-28 21:19:21,601161,"@SpotifyCares have an issue on iPhone App. IOS 10.3.3. Uninstalled and reinstalled, rebooted phone. Black screen with three dots followed by this. https://t.co/P9BhOpUKOE",SpotifyCares
2909768,2017-11-28 21:22:08,139533,@Uber_Support @696656 Did you try the greenlight hub? Not that they would be much help....best thing to do is find real employment and leave uber in the toilet where they belong;) Welcome to vegas sir;),Uber_Support
2919332,2017-11-28 21:23:05,798270,@117153 hello. what's going on? #FirstWorldProblems,SpotifyCares
2893180,2017-11-28 21:24:29,801897,"@AmazonHelp The email says my guaranteed delivery date (for 2 day shipping) is Monday Dec 4. FYI, this is not the first time 2 days means &gt;4",AmazonHelp
2911775,2017-11-28 21:26:38,806048,"I didn’t have any problems with my iPhone until iOS 11 came out, what is up with this @115858? https://t.co/x3gUgsKUTX",AppleSupport
2909258,2017-11-28 21:28:12,805454,@AmazonHelp HELP ME!!!!! 💁🏼‍♂️,AmazonHelp
2920805,2017-11-28 21:28:19,808383,So @115888 is a little broken at the moment but you can get our record on @115948 or @118721 too! https://t.co/eoWnHPpj9n,SpotifyCares
2911114,2017-11-28 21:30:31,805891,Congrats Mom on your last day as a #flightattendant! @americanair is losing a classy one! Happy Retirement! You deserve it more than anyone I know! #AmericanAirlines #oneoftheoriginals #47years https://t.co/F8TrHmVP2w,AmericanAir
2829490,2017-11-28 21:31:46,407432,@116316 @124285 Was für eine Mail? Habe keine bekommen. Der ganze Vorgang ist schon mehr als 4 Wochen her.,AmazonHelp
2884704,2017-11-28 21:32:26,800179,@TMobileHelp @115913 I've been a good customer. I had 4 lines but my kids jumped ship. I'd like them to return so a nice deal would be great,TMobileHelp
2920725,2017-11-28 21:32:43,808353,Spotify down? #Spotify :O :O  :O  :O  :O  :O  :O  :O  :O  :O  :O  :O  :O  :O  :O @115888 https://t.co/gAKJKKcpPB,SpotifyCares
2911220,2017-11-28 21:33:56,805916,@SouthwestAir That's a terrible policy and it didn't use to be that way! #UNFAIRENCY,SouthwestAir
2920678,2017-11-28 21:36:12,808339,@SpotifyCares @115888 I’m having issues on my iPhone 😞 I can’t search 😵 I still love you though!  This is the first time in 5 or 6 years I’ve ever had a problem.,SpotifyCares
2762929,2017-11-28 21:39:13,772932,@Uber_Support Would like to follow up with this,Uber_Support
2910366,2017-11-28 21:43:20,805704,"@AmazonHelp Sim, claro",AmazonHelp
2911735,2017-11-28 21:44:45,806039,@115858 iOS 11.1.2 draining battery life. Last almost a day from full charge. Half as long when compared to previous iOS. Please sort.,AppleSupport
2911282,2017-11-28 21:46:32,805930,@comcastcares Just spent 30 minutes on hold waiting to clear up a billing issue to be disconnected when transferred. This is second call on the same problem.  Worst customer service ever!!!,comcastcares
489459,2017-11-28 21:49:05,231573,@AmazonHelp Hello?,AmazonHelp
2911650,2017-11-28 21:56:34,145896,@AmazonHelp L’album Booba - Trōne serra dispo quand?,AmazonHelp
2900347,2017-11-28 21:56:41,803442,@AppleSupport First time I attempted to re-add an event I believe it ignored the day I added it to and set it to the next day. The second attempt resulted in nothing being added.,AppleSupport
2912427,2017-11-28 22:01:02,806217,"@SpotifyCares Sweet cheers guys, it actually started working the moment you responded 👌🏾",SpotifyCares
2912636,2017-11-28 22:01:30,806283,How many days do I have to cancel a flight after booking? @824 @Delta,Delta
2911627,2017-11-28 22:04:34,806017,Trying to figure out why @115821 hasn't shipped my order yet. 🤷‍♀️,AmazonHelp
2912270,2017-11-28 22:07:47,806174,"@Uber_Support  I’ve been logged out of my account, I enter my phone number I am taken through the sign up screens, email etc once I get to the accept terms  after I click the accept arrow I am sent in a continuous loop back to the previous screens,can I resolve this issue? thanks",Uber_Support
2913314,2017-11-28 22:08:02,806478,@115858 can you explain why my phone is buggin out when I’ve had it for less then a year???,AppleSupport
2912695,2017-11-28 22:10:34,806305,@AmericanAir the shuttle bus situation to gates C35-C44 at LGA can’t be real. #fail #disaster #terrible,AmericanAir
2910403,2017-11-28 22:14:30,805712,"@AmazonHelp Yes, I know, but this did not really have to happen. It's not right, it's not professional, it's not a good service. Sorry",AmazonHelp
2870403,2017-11-28 22:15:12,679543,"4 days later, #’s are still not ported from verizon.  This is totally absurd and makes me incredible apprehensive about running my business on #tmobile cell phones.  @115913 @115911",TMobileHelp
2913274,2017-11-28 22:20:14,229228,"""I'm very level headed and don't get upset at trivial, shallow things"" I thought to myself until I realized, just now, how unreasonably annoyed I've become at the fact that my texts are only showing up on my iPhone and not on any of my other three @115858 products",AppleSupport
105270,2017-11-28 22:21:11,139245,"Really not impressed with @115830 ordered a TV with delivery of 29/11. Got N email saying it would be delivered 28/11. Took time off to stay in, kids also missed clubs. Didn't arrive. Contacted your customer service who told me it would be 29/11. Why?",AmazonHelp
2909863,2017-11-28 22:21:18,805599,"@SpotifyCares Running Android 7 on OnePlus5t, I don't want spotify to act like a wallpaper. Even if i pause a song album artwork still appears. https://t.co/x4D8orYt50",SpotifyCares
2914223,2017-11-28 22:26:54,806714,"Hey @116136, I already pay for your cable service and I have to pay again for Gold Rush because I missed it on Friday?! That's a free damn channel!!!",comcastcares
2913204,2017-11-28 22:27:51,806454,@AmazonHelp I had a £25 gift voucher given to me by my dad that’s been lost through online transaction. It was a birthday gift- is there any way that you can help get that back for us?,AmazonHelp
2913685,2017-11-28 22:29:00,806574,Is it just me that the rates for my ride isn't showing? @115873 @Uber_Support https://t.co/uM7akoV2tm,Uber_Support
2913995,2017-11-28 22:29:51,642367,@Delta Purchased a ticket on 10/19 - cancelled within 2 hours and Delta promised a refund. Fast forward to 11/28 - still no refund. Called customer service and Ms. Wilson promised it would be in my account within 5 minutes. Please provide me interest now,Delta
2913177,2017-11-28 22:33:22,806446,@AmazonHelp The package was sealed and delivered but the headphones weren’t in the box that was inside the sealed bag. I already contacted Amazon. Not a good experience.,AmazonHelp
67707,2017-11-28 22:35:43,806637,@SpotifyCares Still no lyrics!. 😕,SpotifyCares
2914153,2017-11-28 22:35:51,806696,@SouthwestAir What's up with the error message when trying to access your shopping site in Chrome? https://t.co/1gNUXfDWAd,SouthwestAir
2917248,2017-11-28 22:39:34,807460,@116090 Why is it so hard to provide basic site feedback to Amazon. The only option I have is for you to call me????,AmazonHelp
2915922,2017-11-28 22:39:41,807114,"Nice job @115858 @AppleSupport  https://t.co/mlCiYSmgsX no security on my mac, root without password, top security guys! https://t.co/3wEx4BGZdC",AppleSupport
2912298,2017-11-28 22:43:06,146015,@Uber_Support Still waiting for your answer,Uber_Support
474362,2017-11-28 22:46:49,132139,"@AmazonHelp Sehr gern, könnt dann auch gern Festnetz nehmen. ;-) vielleicht habe ich bis dahin ja das Flugzeug aus der Werbung erwischt. ;-)",AmazonHelp
2908072,2017-11-28 22:49:30,682279,@AppleSupport @805168 This is the same message I got regarding its stocks app. They want your full personal info even though the problem is obvious and affects everyone. They won’t look into anything unless you provide them with your personal info.,AppleSupport
2915192,2017-11-28 22:50:58,806946,"k nvm spotify, pb solved 🤗 (idek how) sorry",SpotifyCares
661931,2017-11-28 22:51:17,277700,@277392 @AmericanAir Do yourself and your blood pressure a favor and avoid AA at ALL costs.. Worst customer service Ive ever experienced. #aasucks,AmericanAir
2914546,2017-11-28 22:53:40,806789,"2/2 if I am a ""politically exposed person"".  No I'm not.  @115830 please reinstate my seller account.  #missed sales #peak #untimely",AmazonHelp
2914489,2017-11-28 22:58:50,267286,So @115821 had two deliveries to make to me this week. Neither made it. One driver just “ran out of time” and another didn’t have the balls to ask for directions. Amazon’s own delivery is 100% a failure. Go back to using @81 @118706 @115817 to deliver cuz your people are incapable!,AmazonHelp
2915554,2017-11-28 22:59:37,778017,Finally @115911 Tuesdays is halfway decent again.,TMobileHelp
2914506,2017-11-28 23:04:43,568563,"@AmazonHelp My order for ""Terminator 2 : Endo Arm Edition"" was cancelled due you no longer being able to supply it. 1 hour passes and I get an email saying ""Your https://t.co/Xa88s3VCcA account has been reinstated"", it was NEVER cancelled or terminated.",AmazonHelp
2914637,2017-11-28 23:05:55,444804,"Ugh, @115858, why do so many words auto capitalize since the new iOS? None of the updates have resolved this and it’s REALLY annoying! @AppleSupport",AppleSupport
2853006,2017-11-28 23:07:35,793153,@SpotifyCares @793152 Yes please! We need Spotify on our TV!,SpotifyCares
2914460,2017-11-28 23:08:59,640583,@AmazonHelp yes it has.,AmazonHelp
2915141,2017-11-28 23:09:46,806934,@Uber_Support may i please speak with an actual human being? Robot not able to understand a simple request. Received same response 3x in a row now.,Uber_Support
2915464,2017-11-28 23:12:22,807007,"@ComcastCares
#mobile_Care Comcast, you have really screwed up canceling recording from apps when everyone is going mobile and also cutting cable.",comcastcares
2909064,2017-11-28 23:18:50,805420,"@AmazonHelp I've done a fair amount of NLP work, so I find the behavior kind of interesting... more like a feature.",AmazonHelp
2914662,2017-11-28 23:21:44,806810,@AppleSupport Just the third party,AppleSupport
2915512,2017-11-28 23:22:31,156059,@TMobileHelp @115913 T-Force the t mobile customer support line and the T-Mobile stores this was many of your employees doing this all through the customer service the people who are supposed to provide you help who have been committing extortion fraud falsifying documentation how to make a sale,TMobileHelp
141541,2017-11-28 23:24:36,147934,@Uber_Support Your team has not taken the time to properly look into the matter because if they did they would notice that your company still has the money on hold and my bank can not receive back till you do,Uber_Support
2915835,2017-11-28 23:26:16,254699,I’ve been calling @115821 all day! And I never got my package. I had one day shipping and I’m so frustrated...it was supposed to be here yesterday but now it won’t be here until next week 😔.,AmazonHelp
2920768,2017-11-28 23:26:30,808370,"@115888 I've been a customer for more than 5 years, but now my premium service has stopped as I've moved to Vietnam. What's the issue? It's worked for five months until now.",SpotifyCares
2916787,2017-11-28 23:27:19,807343,"@AmericanAir when you fly with a two year old, it’s hard enough without attitudes from flight attendants #badservice",AmericanAir
2915930,2017-11-28 23:31:19,530927,@AppleSupport I already have. No success.,AppleSupport
2915280,2017-11-28 23:32:34,232394,"@Delta @Delta thank you. However, I have already called the baggage number multiple (8) times, and my claim was submitted - 5 weeks ago. #patience #findmystuff",Delta
2909067,2017-11-28 23:33:16,805420,"@AmazonHelp Not good. 10 minutes of questions, then I got transferred to someone who said she was going to help me with my damaged Amazon shipment. Not at all appropriate. Now she's all confused. Please, I'm happy to work with someone but I need a someone who's listening. PM me",AmazonHelp
2915770,2017-11-28 23:38:04,807086,@AmazonHelp hi. I spoke to Megha yesterday regarding an item that was ‘delivered to a resident’ but actually wasn’t as nobody was in. Was told I’d have an update today.. not heard anything.,AmazonHelp
2916824,2017-11-28 23:41:43,807352,@SouthwestAir Really disappointed @SouthwestAir Puerto Rico front desk. You just lost a  hole family as customers.,SouthwestAir
2916924,2017-11-28 23:42:04,807379,@115911 y’all suck,TMobileHelp
2917271,2017-11-28 23:42:35,807470,I will never understand how @115821 has the most amazing customer service while @117634 gives me ulcers and makes me want to throw my phone out the window every time.,AmazonHelp
2917273,2017-11-28 23:48:06,807471,@AmazonHelp Me aparece como entregado un paquete el cual aún no recibo. A parte creo se realizó más de 1 cargo a mi tarjeta de compra .,AmazonHelp
2916573,2017-11-28 23:48:27,269331,@SpotifyCares No issues now. Thanks!,SpotifyCares
2914689,2017-11-28 23:49:14,806818,@AppleSupport Seriously your reply... 🤦🏻‍♂️,AppleSupport
2917218,2017-11-28 23:55:03,807451,.@AmazonHelp your packaging department really needs to step their eco friendly game up. i’m tired of receiving GIANT boxes with small items in it. despicable.   that scarf could’ve easily fit in a small envelope. https://t.co/1mh2iDtIYH,AmazonHelp
2918434,2017-11-28 23:56:33,807778,"@115911 Hey there, I was looking through today's T-Mobile Tuesdays and didn't realize I had to be by a cashier to redeem the free Panda bowl. Is there any way to restore since I haven't actually used it yet?",TMobileHelp
2917145,2017-11-29 00:00:43,807437,@AmazonHelp Never mind just read the article. Thanks for the speedy response!,AmazonHelp
2917751,2017-11-29 00:03:16,807595,@Uber_Support I’ve been charged twice for all of my Uber’s the last 3 days. Who do I️ speak with about my refunds,Uber_Support
2920951,2017-11-29 00:03:38,808418,@comcastcares How is it someone comes at 645pm to sell me services door to door at my home.R the weekly phone calls u make not enough.It’s unacceptable and I’m dumbfounded who from Comcast or member of Mensa approved this marketing. How do u have a #DoNotKnock list in 2017!,comcastcares
2918313,2017-11-29 00:03:50,807755,@SouthwestAir R A R I T Y https://t.co/YBKcBG0qJ8,SouthwestAir
2918791,2017-11-29 00:11:32,158575,@115821 where is my order?!? Supposed to come 2day shipping last week with #AmazonPrime . Still not here! #whypayforamazonprime ?!!!,AmazonHelp
2909948,2017-11-29 00:11:47,805615,@AmericanAir This just in... American Airlines doesnt even support windows 10 for their inflight entertainment.... somebody see if they support dos or windows 98! Maybe they could use all those fees to bring themselves into the current decade of technology! What a joke...,AmericanAir
2918079,2017-11-29 00:12:39,394857,@Delta Do you know if this flight is officially cancelled? They don’t seem to be giving updates and the 2:30pm revised departure time seems like it will pass since no one is in the process of boarding yet,Delta
2918909,2017-11-29 00:13:22,172583,@AppleSupport is there a different way to reset security questions? It’s giving me an error saying I can’t because there isn’t enough info to reset my security questions,AppleSupport
2918779,2017-11-29 00:17:55,807862,Soooo I ordered the Capital Gaines book on @115821 and it got delivered to Texas...,AmazonHelp
2926896,2017-11-29 00:21:21,248154,lol $100 a month for just internet fuck offff @116136,comcastcares
2912523,2017-11-29 00:22:11,225820,"@SpotifyCares Hi I'm using an HP 15-ay177cl, working on Windows 10, and I'm just using the most recent version of Spotify for desktop.",SpotifyCares
2918804,2017-11-29 00:24:52,807870,@AmazonHelp Yes!,AmazonHelp
2918898,2017-11-29 00:27:33,807887,Why is it that the charging port breaks on every iPhone I buy? @AppleSupport #ComeOnMan,AppleSupport
2918638,2017-11-29 00:30:36,807838,@AmazonHelp Fulfilled by Amazon. This is 2 different packages. Both had shipping labels slapped on the collectors box rather than placed in a shipping box.,AmazonHelp
2919428,2017-11-29 00:33:59,807609,"@SpotifyCares Will do, thanks again! 😃",SpotifyCares
2919246,2017-11-29 00:35:21,807985,"@Uber_Support just got a new phone and Uber isn’t allowing me to sign in, it wants a new account created. Help!",Uber_Support
2919507,2017-11-29 00:36:03,805618,@AmericanAir How about the rude gate agent who would not even attempt to assist me when I got to the gate?,AmericanAir
2918894,2017-11-29 00:36:24,221225,@AppleSupport As well..,AppleSupport
2918707,2017-11-29 00:36:32,807850,"@AmazonHelp Not only did I call back time and again saying I am receiving real time notifications that Amazon keeps charging me and over charging me, but no one ever took me seriously.",AmazonHelp
2921020,2017-11-29 00:43:01,118850,Shout out to @115911 for the #GivingTWOgether campaign.,TMobileHelp
2919961,2017-11-29 00:43:15,808168,It’d be great if @115821 could have their carriers STOP LEAVING MY PACKAGES IN THE HALLWAY TO GET STOLEN. I have a leasing office for a reason.,AmazonHelp
2919602,2017-11-29 00:45:29,808096,"@SouthwestAir #greatservice #ThankYou
Shout out to Southwest!  Booked last minute flight change with Southwest.  Wife needed help with wheelchair.  Excellent service in Ft Lauderdale curbside and porter service.  Thank you for great experience!",SouthwestAir
2919828,2017-11-29 00:50:12,808144,Oh @AmazonHelp @115821 Amazon. Can you find the person who packed this and give them a hug and day off because THEY HAVE HAD IT WITH BLACK FRIDAY and threw stuff into the box with a vengeance. I’m serious. 🤓 https://t.co/SNFgX45xwt,AmazonHelp
2920038,2017-11-29 00:53:32,808182,What’s up with game center? @112015 @AppleSupport  #apple #gamecenter #boombeach #ios #fuck https://t.co/bYGX1VYvhy,AppleSupport
2923080,2017-11-29 00:54:02,808922,Second time I’ve tried using @115877 and second time my food was never delivered. #NeverAgain😒😑,Uber_Support
2919907,2017-11-29 00:56:13,808156,Yo disfruté comprando un móvil en @116875 que me cargasteis 2 veces. Sigo esperando la devolución. No vuelvo a comprar nada con la maldita tarjeta @118818 @112033 https://t.co/XAiUu5kzZh,AmazonHelp
2901333,2017-11-29 00:57:00,803658,@AmericanAir Butbutbut...voucher?,AmericanAir
2920832,2017-11-29 00:58:25,678054,"@Delta Hey there! For some reason, it appears that I'm not on the C+ upgrade list for my flight tomorrow even though I thought I had checked it. Is there any way to manually put me on it?",Delta
2918691,2017-11-29 01:00:31,807848,@AmazonHelp It’s 8 pm and it isn’t here .   Also I ordered these items yesterday .,AmazonHelp
2919977,2017-11-29 01:04:02,446990,@AppleSupport I accidentally pressed something on my phone to do a software update on the phone.  How can I cancel that?,AppleSupport
2917977,2017-11-29 01:04:48,491261,@SpotifyCares All good,SpotifyCares
2919842,2017-11-29 01:07:16,808146,@115821  boi my Christmas package say they are  delivered but they ant here bro I’ve checked around the delivery site and there be nothing.,AmazonHelp
2923082,2017-11-29 01:09:40,284566,@284567 @Uber_Support @115873 And on top of it all @115873 Never offered to send a driver nor did they tell me what happened and why their app was not working,Uber_Support
2921541,2017-11-29 01:14:14,808564,@AppleSupport just got my 4K Apple TV and can’t believe how much difference the raised white circle makes on the menu button. Can’t believe the original 4G didn’t ship with it! Can I send you my old remote and have you swap it out? Thx.,AppleSupport
2915872,2017-11-29 01:14:58,807103,@AmazonHelp @5965 good customer service @115821,AmazonHelp
2922153,2017-11-29 01:18:43,808704,"@116136 I️ pay for Premium service of 100 down and 5 up, but get less than 20 down for the last year. They say it’s due to WiFi. What a crock. This company is the biggest liar and the worst customer service. Outsources their tech support to other countries and is lying to us",comcastcares
2920991,2017-11-29 01:20:20,808424,@115913 I’m disappointed with tmobile.  I was given incorrect information on a promotion and now my son won’t be able to get a phone for the holidays.  Pleas train your staff better.  I have been a T-Mobile customer for SEVERAL years and I’m considering switching👎🏼,TMobileHelp
2921465,2017-11-29 01:22:29,808547,@AmazonHelp Amz us is carrier https://t.co/F4Zdmjhs2Q,AmazonHelp
2922072,2017-11-29 01:25:11,289970,"I’ve met the requirements for Platinum, but have $3,035 EQD, @AmericanAir wants another $3,035 to boost. Where’s the math, $6000? https://t.co/lDa6SJ7nIt",AmericanAir
2921508,2017-11-29 01:26:56,730889,Hey @AppleSupport @115858 when are you going to fix this “I.T” glitch... you had the “I” glitch now this one get it together.!!,AppleSupport
2922639,2017-11-29 01:29:49,808816,@AmazonHelp Got an email from seller re; my Amazon order placed 2 days ago. They now say they don't have the item &amp; want ME to cancel the order on MY end so it doesn't affect their rating &amp; they will refund me. Feedback on site says another asked to do the same. HELP?,AmazonHelp
2921936,2017-11-29 01:31:06,808652,"@115873 guys, could u pls fix this problem on Windows phone.. It is so bothering",Uber_Support
2826936,2017-11-29 01:34:32,787418,"@SpotifyCares Okay, I definitely will!!",SpotifyCares
2921390,2017-11-29 01:37:32,152489,@115850 @132995 Already bought it Sir!,AmazonHelp
2920902,2017-11-29 01:38:18,143433,@SouthwestAir Thank you I love you guys are the best airline,SouthwestAir
2918925,2017-11-29 01:39:08,807895,@AppleSupport @807894  https://t.co/hMTXufLbxB,AppleSupport
2922015,2017-11-29 01:42:14,808670,@delta I am scheduled to fly out of Bali on Friday morning but the airport is still supposed to be closed. Please PM me so I can get home!,Delta
2922627,2017-11-29 01:42:36,808812,"んー、どこで間違えた
僕のAmazonのアカウント、知らないうちにプライム会員になってた",AmazonHelp
2922617,2017-11-29 01:48:41,808809,@115821 Why has my package taken more than 48 hrs to even be shipped? It’s not even gone out yet. It never takes this long!,AmazonHelp
2922737,2017-11-29 01:51:11,808838,@AppleSupport warum wird mein anker Ladekabel seit dem neuesten iOS Update nicht mehr vom iPhone unterstützt? 😕,AppleSupport
546206,2017-11-29 01:54:15,247001,@115911 is the by 1 get 1 free iPhone 8 promo still going on?,TMobileHelp
2923187,2017-11-29 01:58:38,808947,"@AmericanAir 

Payed and trusted y’all to keep my belongings safe and someone went into my luggage and stole over $190 worth of merchandise. Then I put a claim in, talked to TSA, only thing I could get back was a Sorry &amp; The $25 baggage fee I paid for. 

WOW NEVER AGAIN…",AmericanAir
2922533,2017-11-29 01:59:00,808793,@AmazonHelp the last two items I ordered took 3 days ..now this pops up on my most recent purchase. What’s going on guys????? https://t.co/QgwAezcNay,AmazonHelp
91617,2017-11-29 02:00:47,135868,@Uber_Support sir what about the status of my query...,Uber_Support
2922527,2017-11-29 02:04:01,808790,"@115850 
All the items in my cart are showing free delivery on order above ₹599 but at time of checkout it is adding ₹100 delivery charge
Please help https://t.co/nx9N9oaPUq",AmazonHelp
2908087,2017-11-29 02:04:34,805177,@805176 @805171 @AppleSupport @805168 On the bright side no Chromebook has this issue.,AppleSupport
2922624,2017-11-29 02:08:10,808811,@AmazonHelp Yes we are 💕,AmazonHelp
2925309,2017-11-29 02:08:49,809418,"@ComcastCares
#mobile_Care
I get the last 20 min of 1 show &amp; then I'm missing the last 20 of my show.  What is going on with DVR?",comcastcares
2922103,2017-11-29 02:10:37,805641,@SouthwestAir You’re welcome 😊,SouthwestAir
2922552,2017-11-29 02:12:05,808797,@AmazonHelp Link not secure will contact in am.Searching high/low 4  “resident”who was given my package. (Shh🤫 don’t tell any1 - they don’t exist)amzl=🤥,AmazonHelp
2923644,2017-11-29 02:18:17,809043,@AppleSupport in the iOS 11.446778.1 update make my music not skip when Bluetoothed to my truck radio?? Feel like I’m listening to a scratched CD,AppleSupport
2923051,2017-11-29 02:18:48,182075,"@Uber_Support i did not sign up for multiple accounts, I have had 2 uber accounts and only 1 ubereats account, the reason I had 2 uber accounts was because I was trying to separate business from personal. Also that was Uber not UberEats, so now they're just making up stuff.",Uber_Support
2834161,2017-11-29 02:19:25,788961,"@AmazonHelp Yes, so got it for today instead and it still didn’t make it.",AmazonHelp
2923485,2017-11-29 02:25:52,809015,@115821  stop having your drivers lie and say they attempted to deliver a package when they didn’t.,AmazonHelp
2941755,2017-11-29 02:27:59,131239,"@812788 @115911 @TMobileHelp @115858 @AppleSupport @ATT Tmobile had a deal where you buy 1 iPhone &amp; get 1 free ... can do that with the 8's or 7's.  Talked to the one in Volo about it on Friday, and they said it should go on for a while now, but then they ended the deal yesterday - was going to get my mom on the play w/ a new phone.",TMobileHelp
2920621,2017-11-29 02:28:39,316439,@SpotifyCares Thank you so much!,SpotifyCares
2923478,2017-11-29 02:31:30,219111,".@115821 unacceptable that a package I have been waiting a week for, that was to be delivered today is mysteriously delayed until Thursday. Do better. Don’t use unreliable delivery services. I NEED my order. You should use UPS, FEDEX and USPS only during busy seasons. 😡",AmazonHelp
2924708,2017-11-29 02:32:16,809278,@AppleSupport i have problem with my notificacions whatsapp please fix!!!!!,AppleSupport
2925303,2017-11-29 02:35:31,809415,"@ComcastCares
#mobile_Care I get an internet outage so often it’s ridiculous. Wtf people got shit to do and losing internet locks me out in things that can only be done once. God damn",comcastcares
2910411,2017-11-29 02:36:29,805713,@AmazonHelp Oh shit dude it’s shipping from China lmao😂why the fuck y’all on that China shipping?,AmazonHelp
2923408,2017-11-29 02:39:42,809003,"@AmazonHelp Parabéns pela dedicação! O lance dos livros dentro dos plásticos é um detalhe pequeno que muita gente pode não valorizar, mas que reflete o cuidado de vocês em oferecer bom serviço e bons produtos. Nunca mudem!
Comprei esses aqui: https://t.co/WFmsLJI9az",AmazonHelp
2920874,2017-11-29 02:39:55,144634,"@AmericanAir My partner didn't check his bag to avoid the charge, but he wanted to. Also, why was the reservation split at departure airport (JFK)? We checked-in online and didn't interact with anyone at JFK on outbound flight. Also, why were we not emailed about new reservation #? Thanks",AmericanAir
2924011,2017-11-29 02:43:59,809138,"@Uber_Support I already filled out the information + it gave me an app credit, not a refund.",Uber_Support
2918943,2017-11-29 02:45:10,807903,@AppleSupport 11.1.2 Dre beats have to restart my phone a few times for it to pick up the connection,AppleSupport
2924097,2017-11-29 02:46:43,809155,"It is a shame @Delta doesn’t support working moms. Diamond to gold just for taking maternity leave, it is like cruel and unusual punishment",Delta
2924617,2017-11-29 02:48:03,809258,Hey @115821 I ordered a pair of headphones yesterday at around 3pm and used my amazon prime to get 1day free shipping and they haven't even shipped yet... What's the deal?,AmazonHelp
2924479,2017-11-29 02:56:03,491681,"Ok if my new Echo is going to need a factory reset every damn day, you and I will need to have word, Alexa.

I care less about mine than the one I plan to give to my dad. I don't really want to gift a customer service nightmare brick.
@115821 , make your signature product work.",AmazonHelp
2925661,2017-11-29 02:57:26,809498,Hey @AppleSupport this seems like it might be a problem. https://t.co/T6Qb0sZM9V,AppleSupport
2922573,2017-11-29 03:00:36,808802,"@AmazonHelp My order never should've gone through. Had it been declined at checkout, I would've adjusted my cc (an Amazon visa that was hacked)",AmazonHelp
2814511,2017-11-29 03:04:12,784682,@AmazonHelp 確認できません。リクエストを受理としかなく進行具合が不明。対応もマニュアルどおりで詳細を教えない。あげくの果てに不要品を戻す。返品センターの対応ゎどうなってるんですか？電話でゎアカウント情報確認出来てるのに返品時でゎアカウント情報確認できないと(-_-#),AmazonHelp
2927399,2017-11-29 03:05:52,809904,@SpotifyCares why my account n phone number can't buy this package? https://t.co/MIxHHGrKYe,SpotifyCares
2925615,2017-11-29 03:06:49,809248,@AmazonHelp podem sff responder às novas dms?!,AmazonHelp
2918906,2017-11-29 03:07:35,807889,"@AppleSupport No that's all, just wanted to help. #GoodDeedfortheday",AppleSupport
2925604,2017-11-29 03:12:43,809482,"Sad face incoming... my @115821 account was hacked, and someone went on a product review spree. Makes me wonder if I can trust reviews on Amazon.",AmazonHelp
2925259,2017-11-29 03:13:52,809402,@116136 PLEASE fix your service so we can update our DVR!!! So frustrating. Constantly deleting w/o reason and constantly down!! Zip 97219,comcastcares
2925094,2017-11-29 03:16:47,809365,@AmericanAir The connecting flight took off early because you gave away our seats.,AmericanAir
2925507,2017-11-29 03:18:06,809465,I am disgusted with @115821 customer service. 3 hrs later still no resolution to my missing pkg. Just useless apologies and excuses about delivery. @AmazonHelp,AmazonHelp
2925633,2017-11-29 03:21:40,809490,@115858 why the fuck my apps keep crashing and my phone keep freezing,AppleSupport
2925001,2017-11-29 03:21:56,213347,@Uber_Support  https://t.co/OYOEEDTnRB,Uber_Support
2925554,2017-11-29 03:23:11,788055,@115850 #SyskaAppQuiz dn biggest wish to win,AmazonHelp
2926199,2017-11-29 03:23:29,809627,Hey @115911 or @125607 if I block a number on a GS7 why can they still leave me a voicemail?,TMobileHelp
2925540,2017-11-29 03:30:04,809471,@115821 thank you for the impeccable customer service. Had an issue with a late delivery @115821 was kind enough to keep the customer happy by giving a refund.,AmazonHelp
2925617,2017-11-29 03:36:25,549555,Dear @AppleSupport need help with Apple ID....again.,AppleSupport
2924560,2017-11-29 03:36:41,809251,@AmazonHelp  https://t.co/HbeppXmLMt,AmazonHelp
2926125,2017-11-29 03:42:59,809610,"@SouthwestAir I have a delayed flt at #MCO gate 110. The attendant that should be updating us, and standing at the desk, has done nothing but talk to other staff and loudly complaining he has to work late bc we are delayed.  #BadForBusiness",SouthwestAir
2889401,2017-11-29 03:43:06,209028,"@177578 @AppleSupport Not for me, I wish it was fixed.",AppleSupport
2917180,2017-11-29 03:43:48,138484,@AmazonHelp I can not spend a 3rd day waiting for a package. I’m a prime member for a reason,AmazonHelp
2926372,2017-11-29 03:52:10,809673,"Amazonから料金未納とSNSきたけど、検索したらあれ詐欺メールなのね。
じゃ、放置ww",AmazonHelp
2926362,2017-11-29 03:56:06,809670,"I honestly wish I could give @115821 a Christmas gift for being so good to me all year long. We had our ups and downs, but I appreciate y’all. So much. Thank you. 😘",AmazonHelp
2926426,2017-11-29 03:56:48,264000,@115858 First time I ever left an Apple Store because of lack of customer service! @AppleSupport,AppleSupport
2870595,2017-11-29 03:57:44,797105,"@SpotifyCares all good now, thanks :)",SpotifyCares
2926800,2017-11-29 04:00:30,712291,@115873 I would like to dispute my Uber from this morning. I can’t give the appropriate reason on the app but my driver messed up the directions twice and I still have NO idea what route he took. I had to instruct him where to go and my trip was unnecessarily long.,Uber_Support
2922638,2017-11-29 04:01:32,808816,@AmazonHelp OMGosh - could your customer service have f-ed up this ANY worse? From bad to worse to awful in one evening.,AmazonHelp
2923654,2017-11-29 04:05:05,671036,"@AppleSupport It’s not on, it’s not giving me notifications for any app except from text messages and the calendar",AppleSupport
2926851,2017-11-29 04:05:33,288407,@Delta made me check my almost $500 luggage when there was literally space in every cabin. Always some bullshit,Delta
2927069,2017-11-29 04:06:51,134806,Dear @115850 there are days when you guys just amaze me with some insane policy. How does two of aaa battery considered as bulk purchase hence limited to 1. Many elec these days need two pair. Ur supp busy with copy paste responses,AmazonHelp
2925285,2017-11-29 04:10:50,481071,"@comcastcares It’s a waste of my time! I’ve been trying to get credit since Hurricane Irma. You know, you people clam to take  notes but when it’s time to pay my bill, mysteriously U don’t C any notes on my account! You are liars and thieves. I’d like to know of ANY single customer that got it",comcastcares
2925595,2017-11-29 04:14:24,809232,@AmazonHelp @115851 ok.. Lesson learned.. there is no acknowledgement or acceptance of responsibility for the short comings of your company.. I get it... I will find another method to receive my parts for my small side business as I can see I do not matter to Amazon in the least,AmazonHelp
2928402,2017-11-29 04:20:45,650797,Jesus Christ @AmazonHelp @115850 @115821! This is how you’re dealing with prime members. AFTER you doubled the price for prime membership? https://t.co/zWfpwTs0HZ,AmazonHelp
2940418,2017-11-29 04:21:18,812666,ASAP!!!⚠️⚠️⚠️🚨🚨🚨Since there’s a problem about ROOT... how can I uninstall MAC OS HIGH SIEERA and go back to my old MAC OS???? @AppleSupport @116333,AppleSupport
2927087,2017-11-29 04:29:09,808146,Shoutout to sherry from @AmazonHelp for helping me with me lost package all my family’s Christmas presents are now safe and sound.,AmazonHelp
2927380,2017-11-29 04:30:57,809899,@115873 Please tell me you guys are coming up with smoking v nonsmoking rides. You're about to lose me as a customer because I can't stand another ride inside someone's rolling ashtray. #carsick,Uber_Support
2927750,2017-11-29 04:37:19,455096,@AmazonHelp I have elaborated tens time. I had to buy a phone from Flipkart that I never liked because of your poor services even after being prime member.,AmazonHelp
2927440,2017-11-29 04:37:38,248186,".@AmericanAir you just lost biz to @JetBlue 
Your website #FAILS. Jet blues does not
This is what happens when airlines compete.
Too rare, but great when it does occur
Time to make flight selections work when clicking purchase
Basic. But you Efail.",AmericanAir
2940394,2017-11-29 04:40:32,656930,@115858 Fix My Phone Please. The iPhone 4 was faster than this iPhone. Smh.,AppleSupport
2927704,2017-11-29 04:42:26,809983,"Amazon Music Unlimitedで、尾崎豊さんの曲、ほとんど聴けるんだね。
鈴木祥子さんも、配信されてるアルバムなら聴ける。
う～ん……Unlimitedまでは必要ないかなと思ったけど、これは無料体験後も続けてしまいそうだな……。",AmazonHelp
2927712,2017-11-29 04:54:19,809985,It's been 2+ hours and 3 representatives and @115821 can't tell me why an invoice amount is different from the order amount placed.,AmazonHelp
1616989,2017-11-29 04:56:38,495844,@AppleSupport 6plus,AppleSupport
2928663,2017-11-29 04:58:22,810214,"Dear @115873 kindly ask your drivers not to use those odious ‘car sprays’ and not to play loud music. 
Ban both please",Uber_Support
2928305,2017-11-29 04:58:48,140110,@TMobileHelp i messaged you guys regarding my lost iPhone X (been missing for over a week). I was under the impression that i was going to have The device removed from my account and a refund issued and then i receive this email even though my phone is 100% lost and not there https://t.co/CYDBc7xliG,TMobileHelp
2927014,2017-11-29 05:02:36,809821,@AmazonHelp It should’ve been delivered today by 3. So Amazon is going on 4 days late and UPS is going on 2 days late. I was supposed to get my package on Sat Nov 25,AmazonHelp
2928414,2017-11-29 05:10:22,719118,"@AmazonHelp 
Hi, amazon I had played honor 8 quiz contest. I gave all the answers correctly. But I don't kNow about its result. So, please tell me what was the result.
I shall be thankful to you for this kindness.",AmazonHelp
2928438,2017-11-29 05:14:15,809674,@115821 Why am I paying for amazon prime if things aren’t going to arrive when they say they will?,AmazonHelp
2928431,2017-11-29 05:20:12,809674,@AmazonHelp It still says it’s on the way. I am not able to be home tomorrow OR Thursday to receive it and this is supposed to be given as a birthday gift ON Thursday. Very very disappointing.,AmazonHelp
2868805,2017-11-29 05:24:15,796690,@Uber_Support Have anyway sent you a DM last night.,Uber_Support
2929839,2017-11-29 05:28:10,810492,@115888 Does this applies for existing Premium users too? 🤔,SpotifyCares
2934134,2017-11-29 05:28:26,811316,Internet went out thanks to @116136. Going to call it a night. thanks for those who came and hung out! SeemsGood… https://t.co/gZqq3Xfzoi,comcastcares
2928994,2017-11-29 05:28:32,240975,@115850 Return policy enquiry from Amazon customer MohanKrishna (Order: 404-1115917-5931559) u people r not responding properly  15 months onwards not refunding my amount https://t.co/OyxXj0qU0h,AmazonHelp
2320095,2017-11-29 05:33:43,672418,"@AppleSupport hi，thanks for your reply, I’ll send you few pictures, those problems didn’t appear in my iPhone 7and 6, especially the yellow screen,. When i  first boot the 8plus ,i feel it’s not like an apple product. Very disappointed.... https://t.co/CgTLJcdxTA",AppleSupport
2926350,2017-11-29 05:36:21,809669,@AmazonHelp @307929,AmazonHelp
2928425,2017-11-29 05:46:53,800685,"@115850 @115851 A little disenchanted with the service options of ur CC officers. They seem to be good, but lack in providing instant resolutions. Have always been Amazon loyalis
 Pls do not change ""have"" to ""had""!🙄",AmazonHelp
2930404,2017-11-29 05:47:09,776642,@810618 @Uber_Support @4018 @7640 The actually stuck with specification. On uber it's any car from year 2000. They discovered Nigerians want it cheap so they had to reduce year of manufacture to 2000. But that camry is not bad for the current price.,Uber_Support
2888306,2017-11-29 05:58:14,133905,"@AmazonHelp Seriously, if I don't receive my order by the end of the day. We are through and I am lodging a formal complaint",AmazonHelp
2928758,2017-11-29 05:59:00,810242,@SouthwestAir they were stellar!,SouthwestAir
2942196,2017-11-29 06:05:07,812879,my phone has been acting up ever since i updated it smh @115858 you better quit playin,AppleSupport
2927692,2017-11-29 06:05:09,184771,@AmazonHelp SH - I'll DM you what I'm working on and will have to continue tomorrow since my poor little puppy just tried to jump on my lap as I've ignored them over this all night - fell and hit his head hard .... I'm holding him now praying he'd okay - and off for the night ...,AmazonHelp
2928923,2017-11-29 06:11:28,192614,"@AmazonHelp I need courier charges but your customer service are not getting my courier slip that's why I posted here 
And please help me and issues my refund 
Thank you",AmazonHelp
2877778,2017-11-29 06:20:14,308340,@AmazonHelp yes..filled yesterday just after your response,AmazonHelp
2929281,2017-11-29 06:23:46,618204,@Delta I'll be fine checking in at the airport. Just reporting the error on the site. :),Delta
474766,2017-11-29 06:26:02,227988,@TMobileHelp Just sent an DM to you. Please look into this. So far the experience has been too bitter and I hope you can help fix things for me. Let me know if you need any details. Thanks!,TMobileHelp
2929520,2017-11-29 06:27:03,810415,@AmazonHelp Vendido y enviado por Amazon EEUU,AmazonHelp
2929485,2017-11-29 06:36:23,810407,@AmazonHelp Yes missed deliverey for today. Prime,AmazonHelp
2929795,2017-11-29 06:37:09,810482,"@117153 I'm having some issues these last few days/weeks, when I'm listening an album some songs don't seem to be available, instead of the duration of those songs I get 'NaN' and the music stops playing when reaching a song like that.",SpotifyCares
2928121,2017-11-29 06:40:03,810074,@Uber_Support Yes please. If needed I can send screen grabs of the ride.,Uber_Support
2942136,2017-11-29 06:41:30,187640,"My Apple Watch is slow and it’s always freezing 😡 @115858 @AppleSupport , I am bringing it back to you guys 😡",AppleSupport
2930101,2017-11-29 06:47:09,810556,"@AmazonHelp When I sign in, I am being served a higher price than when I am not signed in. How can I make a purchase at the price shown before I sign in? https://t.co/uoDepGocOp",AmazonHelp
2930076,2017-11-29 06:53:34,810551,coisas que deixam o dia mais incrível: o entregador chegar com a caixa da Black Friday. @117086 só faltou uns marcadores né?!! 😏❤ https://t.co/uIFG7r0mZm,AmazonHelp
2929882,2017-11-29 06:56:13,232035,@VirginTrains But not as welcome as is my @9295 breakfast while I wait 😁,VirginTrains
2929505,2017-11-29 07:00:20,810412,@AmazonHelp I want to exchange my old tv with new one but unable to make place the order with exchange offer.. And exchange offer is the on the tv,AmazonHelp
2930050,2017-11-29 07:09:54,471369,"À cause de la médiocre qualité de service de @4238, je ne commande plus chez @120533. En livraison, il y a meilleur ailleurs",AmazonHelp
2942921,2017-11-29 07:17:29,700319,"@ComcastCares
#mobile_CareXI - It’s really frustrating that my internet can’t seem to stay up for more that a week at a time.",comcastcares
2930681,2017-11-29 07:18:50,810680,@115830 Hi I returned two items to you 20 days ago &amp; still no refund can you help if i DM order number? It’s £100 which I need!,AmazonHelp
2930662,2017-11-29 07:28:27,810678,"早朝に頼んだ本が、もう届きました！！

amazon すごい！！

月曜日に圭佑さんから勧められた本買い忘れていて、今朝思い出して明け方に注文。
出かける前に届いて良かった。 https://t.co/Vm5ceMaQPP",AmazonHelp
2943381,2017-11-29 07:34:05,813149,@AppleSupport When ‘re u going to create an entrance for iPhone 7 ears. Can’t listen music from my MacAir. Will buy only new MacAir next year if this entry is there,AppleSupport
2931068,2017-11-29 07:39:19,810757,"@Uber_Support when I reply to an email from uber support it states that I am using a email address that is different to my initial response , which is incorrect. I clicked reply and email is exactly the same as in all correspondence.",Uber_Support
2930072,2017-11-29 07:40:22,810550,@AmazonHelp But with no warning to people still watching the show?,AmazonHelp
2930109,2017-11-29 07:48:00,178751,"@AmazonHelp Are you kidding? OK, for the fourth time, all 5 items arrived between 2 and 6 am at my local depot that is about 7 miles from my home. I don't mean to be rude but it feels like you are not reading my messages. Thanks",AmazonHelp
2931292,2017-11-29 07:55:23,810801,@115830 a little disappointed. Ordered some pans. I get emails telling me that the courier is having problems and that they’ll deliver later in the week. No delivery attempt is made. So amazon cancels my order and refunds me but now the pans have gone up in price. Not happy!!!,AmazonHelp
2931722,2017-11-29 08:02:18,810879,@VirginTrains Morning. Would I be able to buy a ticket at stafford station using contactless?,VirginTrains
2931289,2017-11-29 08:02:59,810801,"@AmazonHelp I believe dispatched and sold by amazon. I have already repurchased them at the higher price as I am needing them. 

Originally purchased them on the 24th but found out they were returned this morning. https://t.co/zzk68fYLX3",AmazonHelp
2931768,2017-11-29 08:05:19,484620,Thanks @AmericanAir......thanks for breaking my luggage https://t.co/sKl2lhysbE,AmericanAir
474442,2017-11-29 08:09:41,227915,@Uber_Support @115873 already wrote a comment in tge help feature of the app no one picked it up??? #uberfail feaster response and care for customers on tweeter than on the app #ubercrash,Uber_Support
2931975,2017-11-29 08:10:21,810925,"Anyone else's echo dot started playing up and not responding to requests, even when standing right next to them? #echodot #amazonecho @AmazonHelp",AmazonHelp
515449,2017-11-29 08:11:36,238736,"@SpotifyCares That worked on one of the songs. The problem is that there are multiple versions of the songs (studio, live, compilations)",SpotifyCares
481726,2017-11-29 08:12:36,229498,Morning @AppleSupport Just to let you know Safari on iOS crashes every time I try to open my favs. On my iPhone and iPad. Hope a fix will be provided shortly. Thanks.,AppleSupport
2931331,2017-11-29 08:17:12,810808,@AmazonHelp @AmazonHelp I've gone on the royal mail website and because I don't have a card (because they never attempted delivery) I can't rearrange??,AmazonHelp
2931697,2017-11-29 08:19:28,485914,@Delta @120565 Not home yet. Just got notified of changes for our return journey.,Delta
2931897,2017-11-29 08:26:23,810909,"@116316 ""Die Sendung konnte nicht zugestellt werden, da der Ort geschlossen war."" Könnt ihr mir bitte eure Ausrede erklären? Sagt doch einfach ihr habt es nicht mehr geschafft! Ich schließe zwar ab, aber dann kann man doch klingeln oder? hahaha",AmazonHelp
2931903,2017-11-29 08:33:22,810911,Amazonプライムビデオ登録したから前から見たかった仮面ライダーカブトをちょこちょこ見てこー,AmazonHelp
2932471,2017-11-29 08:39:48,811010,@virgintrains people looking around at each other in shock at the rudeness over the tannoy.. always wondered what happened to victor meldrew 🤣,VirginTrains
2932805,2017-11-29 08:42:10,811053,@115821 INDIA. @1840. i HAVE ORDERED  TV AND PAYMENT DONE STILL NOT REACH LAST 20 DAYS. TRACKING NUMBER NOT ASSIGNED HOW TO TRACK COMPLAINT ALREADY CREATED.,AmazonHelp
2929555,2017-11-29 08:48:52,810424,"@AmazonHelp Pickup Tracking ID: 
511384141796",AmazonHelp
2932837,2017-11-29 08:55:41,811066,@115830 says a parcel was handed to resident. But I have not received it. Can anyone help please,AmazonHelp
2932830,2017-11-29 09:02:33,811062,@AmazonHelp How will I have the same issue when sending a message through a web form?,AmazonHelp
2932277,2017-11-29 09:02:53,157061,"@Uber_Support You lie like a Persian rug as recent history has proved the exact opposite and to claim otherwise is to invite ridicule and comparison to an evil tiny fingered vulgarian.
I will do as you ask &amp; expect nothing to happen this time just like the past.
SEE YOU IN (small claims) COURT",Uber_Support
2934023,2017-11-29 09:06:17,627834,@SpotifyCares On the other hand spotify:album:6UfWNCekwyX8z5VIZgYJCA doesn’t belong to spotify:artist:4sriy0rUaDm6U7cNo5FeSK. Unlisted artist w/ same name.,SpotifyCares
2782017,2017-11-29 09:07:59,776915,"@AppleSupport Hey buddy, you never finished me off daddy",AppleSupport
77617,2017-11-29 09:12:37,133290,"@115850 making fool of us and playing with their Database.

First of All, taking 5 days delivery for ""Prime-Customer"" and on 5th days updated their records with order status Delivered while not attempting for delivery.

Later than ask you to wait for next 3 days.

#Logical ????",AmazonHelp
2934465,2017-11-29 09:19:03,149086,@132994 @AmazonHelp r u Giving Bajaj Finance 0% intres on EMI facility to us ?? cause i want To Buy 5T @149087,AmazonHelp
2933538,2017-11-29 09:27:39,136487,"@AmazonHelp Yep, none of them have it. It was “delivered to a resident” but no one was in as we were all at work",AmazonHelp
2932289,2017-11-29 09:34:29,128445,@Uber_Support @806177 @116276 @196983 I can’t understand why you’d DM me instead of acknowledging the lack of contact options your company has. I don’t have an account with you but you suggested multiple times that I had provided authorization to my account. Everyone on that does business with you should be concerned,Uber_Support
2933542,2017-11-29 09:35:04,811201,Amazon fire TVが届いて音声認識検索機能で遊ぶ27歳児 https://t.co/eDx8uvFFZV,AmazonHelp
2934074,2017-11-29 09:37:46,811301,Dear @VirginTrains please could you make it an imprisonable offence for people to use FaceTime without earphones on your services. Thanks,VirginTrains
2944526,2017-11-29 09:41:17,813407,@115858 @AppleSupport how is my 2014 MacBook Pro Retina outdoing my “top of the line” 2017 iMac 27??? Please explain.,AppleSupport
2934166,2017-11-29 09:41:54,811325,@115911 please help me. My #tmobiletuesday @116688 code does not work. It keeps saying somethings not right. Please help,TMobileHelp
100187,2017-11-29 09:43:15,281527,@117153 Really @SpotifyCares ? 😡,SpotifyCares
2933553,2017-11-29 09:44:10,800695,"@AmazonHelp Today is day 2. And with a 13 hour time difference I doubt they will be responding today. When I was first contacted by them they responded right away.. now all I  receive are automated replies of ""we are not in the office""",AmazonHelp
2934403,2017-11-29 09:50:59,811375,very disappointed with @115830 !! Ordered a Christmas present for my little cousin and the box was damaged and open😩 don’t really think this is the quality to be giving as a Christmas present😤 https://t.co/S0CpJtEDuL,AmazonHelp
2934397,2017-11-29 09:58:20,811374,@AmazonHelp For some reason my order has duplicated and you are sending me 2 of the same item. Can I cancel one please? Order is 206-6069573-0432343,AmazonHelp
2934380,2017-11-29 10:04:27,811371,"@AmazonHelp ありがとうございます。
いつも利用させてもらってます!(^^)!",AmazonHelp
2934735,2017-11-29 10:06:00,806177,@Uber_Support guys my query is not very difficult to resolve and Im pretty sure you get these all the time. Get your things together please.,Uber_Support
2935199,2017-11-29 10:12:30,811529,"@AmazonHelp Customer service is a joke! What's the point of pre ordering to wait until a week after release to receive the item! Hasn't even been dispatched yet and release was yesterday! CS just reiterate estimated delivery, no help at all.",AmazonHelp
2934865,2017-11-29 10:16:00,811475,@VirginTrains Hi I bought a ticket for the 11 Nov but it was the wrong ticket so I want to get a refund but it is not showing in my account so I can’t print the form.,VirginTrains
2935211,2017-11-29 10:17:49,811533,@AmazonHelp Nan jdec jvais défoncer votre boutique soon :),AmazonHelp
2934838,2017-11-29 10:19:24,811469,@Delta I have a family emergency and have a tight connection in DTW. Would greatly appreciate an assist.,Delta
2935148,2017-11-29 10:24:50,811520,"@AmazonHelp Thanks for contacting, I’ve tried to email you through the email chain in the attached photos but my email now seems to be blocked and undeliverable!?",AmazonHelp
2934353,2017-11-29 10:31:34,811366,@AmazonHelp I’ve tried and they’ve not responded. 5 items stated “handed to me” turns out they lost one despite saying handed to me but other 4 missing. Think you have a thief in your team,AmazonHelp
2935100,2017-11-29 10:36:26,811510,"Hello @115830. My return was collected by a MyHermes courir, however its not showing up as having been collected. Should I have got a receipt from him?",AmazonHelp
2935109,2017-11-29 10:40:40,811514,@AmazonHelp Both were dropped off Thursday 23rd Nov at 17:30. The one not missing was picked up the next morning.,AmazonHelp
2935451,2017-11-29 10:42:28,566747,"@115873 no intention of solving issue on your help tab of application, keeps giving same generic reply, copy and paste, irritating!!!",Uber_Support
2935914,2017-11-29 10:45:09,811668,@115821 how is this prime 2 day shipping?  Now will be late for my Mom’s birthday and she’ll probably never forgive me. https://t.co/96G6L4Ha7w,AmazonHelp
2834485,2017-11-29 10:49:09,397017,@AppleSupport Yes the status light comes on but the right AirPod won’t charge. The left one charges without a issue,AppleSupport
2935160,2017-11-29 10:51:43,811522,@AmazonHelp Alexaかわいいです！,AmazonHelp
2934437,2017-11-29 10:58:13,811378,@AmazonHelp CS response claimed my payment method didn't work (which was not the problem). Clearly the employee did not understand my email. Could not reply to the mail as it was sent from an address which can not accept replies.  2/2,AmazonHelp
2938716,2017-11-29 11:02:11,812267,"@115888 Min ko ga bisa berlanggana promo ya? Pdhl saldo cukup, tp di bilangnya saldonya ga mencukupi",SpotifyCares
69719,2017-11-29 11:03:40,131794,"@AmazonHelp My order is lying at Gorakhpur hub today since 6Am but no courier boy has been assigned for delivery though it is to be delivered in center city  You cant even deliver one day before. Very poor service.

Flipkart do mentions 3-4 but delivers in 1-2 day. My mistek chosse amazn",AmazonHelp
2934484,2017-11-29 11:10:28,811387,@AmazonHelp I subscribed to Inaugural Prime when it was rolled out in India and all your advertisements have flashed offering Rs.499/- lifetime renewal.  I am sure that you would be having the promotions you ran during the 1st week of November last year.,AmazonHelp
2936449,2017-11-29 11:14:16,787892,"@ComcastCares
#mobile_Care
Constant outages for more than a week. Lobbying for our 900 users in our HOA to change service providers",comcastcares
2936246,2017-11-29 11:14:37,133037,@Uber_Support No just explain it here please because ur team send me automatic response which doesn’t make sense!,Uber_Support
2936352,2017-11-29 11:16:13,811767,@VirginTrains From Stockport to Stock on Trent 11.23,VirginTrains
2936671,2017-11-29 11:16:55,811833,@AmazonHelp Esto ya lo he probado 3 veces... por eso pruebo por aqui,AmazonHelp
2936605,2017-11-29 11:23:39,811817,@AmazonHelp @AmazonHelp besoin du numéro de commande ?,AmazonHelp
2936587,2017-11-29 11:29:03,811813,@AmazonHelp Arriving tomorrow,AmazonHelp
2945826,2017-11-29 11:33:08,222794,"@AppleSupport since the new update my phone has been extremely slow and laggy. Example 3 tabs open and when I double press home it took 30 seconds to switch to another open app (iPhone 7) this update has ruined my experience.
Go back to iOS 10",AppleSupport
69926,2017-11-29 11:35:35,131820,@AmazonHelp There’s no update from your side. Didn’t expected such things from @115850 &amp; @119625!,AmazonHelp
2931050,2017-11-29 11:41:51,810753,@AmazonHelp My name jayesh CHOUHAN and contact me 7223059556 . I want as soon as possible resolution.,AmazonHelp
2899523,2017-11-29 11:47:06,596993,"@115830 @AmazonHelp Another delivery this morning, a mug as part of my surprise presents! You lot are awesome! Thank you 😘 https://t.co/XKJvP7lptB",AmazonHelp
2937120,2017-11-29 11:50:23,811926,@Uber_Support driver cancelled the booking and u charged me rs 30 .. for what?,Uber_Support
2934438,2017-11-29 11:51:22,811378,"@AmazonHelp No payment issues. Was never mentioned until agent replied to my query in this confused manner.

Original email just said, ""Our supplier has informed us that this item is no longer available.  This item has now been cancelled from your order"".",AmazonHelp
2935779,2017-11-29 11:56:39,811646,@AmazonHelp Otra vez?,AmazonHelp
2936571,2017-11-29 12:01:02,811809,"@AmazonHelp No lo he hecho. Con que contacte @9474 conmigo y me diga las opciones de reparto, más que suficiente y mucho más sencillo.",AmazonHelp
2948261,2017-11-29 12:01:26,667926,"@126844 @AppleSupport Weird. I turned off #backgroundRefresh for most apps (namely SoundCloud). Uninstalled FB &amp; Uber for space, and connected to #iTunes to do a backup which failed due to lack of storage on PC. But my #iPhone is smooth and #batteryLife seems normal again. #iOS11 #Apple #iOS11fail #6s https://t.co/ApunjYGRHv",AppleSupport
2937396,2017-11-29 12:05:17,811996,@AmazonHelp It says no orders found?,AmazonHelp
25421,2017-11-29 12:07:53,812749,@115888 how?,SpotifyCares
2935919,2017-11-29 12:09:11,811669,@AmazonHelp a entrega é rápida e chega em perfeito estado! e poder rastrear e ver a previsão da entrega é maravilhoso pra gente ansiosa como eu ahaha 💖,AmazonHelp
2937387,2017-11-29 12:14:18,811646,@AmazonHelp Ya os e contestado en otro Tweet,AmazonHelp
2932582,2017-11-29 12:14:25,811029,@TMobileHelp Thank you so much. Appreciate it LouM,TMobileHelp
592925,2017-11-29 12:16:55,260351,@AmericanAir I was assigned the middle seat..,AmericanAir
2937729,2017-11-29 12:18:42,812061,"@Uber_Support Sir i have lost my phone,  so i cant login my uber account.
I am attaching the details of the uber ride. Uber ride receipt.
My Registered mobile number from which i took ride: 7010996456
Email id: __email__ 
Car number: TN07CJ7792
Driver name: Poovaraghavan https://t.co/JGscNm8Sfj",Uber_Support
78734,2017-11-29 12:19:12,133563,"@AmazonHelp Hey, I placed an order as a gift, the order says it was left in secure location but my friend hasn't received. No option to contact seller on my order page. What can I do to get refund/other one sent? Thanks",AmazonHelp
2931864,2017-11-29 12:23:09,810905,@AmazonHelp Thank You!,AmazonHelp
2938312,2017-11-29 12:27:16,812188,"@AmazonHelp Just that it's been delayed and will hopefully arrive by the 5th, just concerned because it said it was out for delivery but then nothing",AmazonHelp
2945748,2017-11-29 12:31:11,813678,"@AppleSupport my phone is constantly restarting since the last update, how can this be solved please ????",AppleSupport
2938269,2017-11-29 12:31:49,812178,"@AmazonHelp I’ve just messaged them now. I videoed me opening the parcel, will anyone need it? Really hope I get refunded!",AmazonHelp
2938664,2017-11-29 12:35:56,480766,"@Uber_Support met an uber driver who wants to end her life because your team treated her unjustly. You need to reach out to __email__ 
#restoresafiatumoh",Uber_Support
2942059,2017-11-29 12:38:18,812850,@AmazonHelp Your courier has failed twice to deliver my parcels. What’s the point of prime if they can’t get me my stuff??,AmazonHelp
2941570,2017-11-29 12:40:55,116339,"@Delta I’m trying to check in for DL 1065 BDL/ATL tomorrow. App won’t let me add a bag &amp; Refreshing Itinerary message continues, with amount of time always increasing.",Delta
600331,2017-11-29 12:43:26,262372,@AmazonHelp I need a quick response and a solution for this issue.. and ask seller #hotpepper.in to revert to their customers as they never revert or pick up the calls,AmazonHelp
2939202,2017-11-29 12:49:26,812379,@115850 How bad is your service. really disappointing. Poor customer service,AmazonHelp
2937966,2017-11-29 12:52:04,811616,@VirginTrains The 10:00 Newcastle to London Kings Cross service,VirginTrains
2939215,2017-11-29 12:52:32,812382,"@115821 is trying to rip me off, they had me to wait extra 5 days for my parcel, it is quite obviously now that they lost it or someone stolen it, and now I must pay double price, because they cannot issue an adequate refund or replacement. Poor I am journalist !",AmazonHelp
2939144,2017-11-29 12:56:39,812369,@115821 HELP! My mother's account was hacked and her email was changed!!!!!,AmazonHelp
2939687,2017-11-29 12:56:43,812493,@Uber_Support don’t see why I was ignored when I have been trying to contact you all yesterday evening,Uber_Support
2911800,2017-11-29 12:58:50,262393,"|@AppleSupport, Current iOS version is not noted.",AppleSupport
65763,2017-11-29 13:03:14,131042,@AmazonHelp @117634 why does the refurbished black kindle not ship to Northern Ireland but it’s the white one does?!🤷🏻‍♀️😐,AmazonHelp
654270,2017-11-29 13:06:40,157017,@AmazonHelp Can you DM please as this issue is still not resolved and I would like to talk to someone who’s from England please as no one has helped!!,AmazonHelp
2940242,2017-11-29 13:11:18,812620,"@115850 hello ..m not able to login to my account. It is asking me otp.. but unfortunately my email is wrong:-  __email__ , which actually should be ""https://t.co/eZDeto0Par' , also my registered nom is now closed. So neither m getting otp on mail nor on phone.",AmazonHelp
2928945,2017-11-29 13:17:22,810285,@AmazonHelp Attendo un riscontro..,AmazonHelp
2940284,2017-11-29 13:21:09,812627,"@AmazonHelp Non, je dois passer par le site, un formulaire de contact ?",AmazonHelp
2939981,2017-11-29 13:23:54,728915,@551211 @SouthwestAir May the odds be ever in your favor.,SouthwestAir
2940234,2017-11-29 13:25:08,812618,@AmazonHelp https://t.co/MdacUC8GyO I understand that but to not package something like chocolates where the top could just slide off is ridiculous. I’m not going to be able to get the sticker off either,AmazonHelp
2939657,2017-11-29 13:25:49,812486,"@Uber_Support Hello, I have made this Twitter account just to get a response to my issue. Why wont the app let me login? I even tried using the details I registered with FAIL! I can login online though! https://t.co/S1755lV0YR",Uber_Support
2942703,2017-11-29 13:27:46,813000,"Today I learned: 1.) Spotify account recovery support works fast.

2.) People hack spotify accounts? Its only like $2 a month. 

@148611 @115888 @SpotifyCares",SpotifyCares
2939961,2017-11-29 13:28:39,812558,@AmericanAir How bout a follow back?,AmericanAir
92866,2017-11-29 13:29:03,813995,"@AppleSupport Face ID is a dangerous thing, my friends were able to use my photos to unlock my phone. Sort it out pls!!!",AppleSupport
2940245,2017-11-29 13:33:05,812622,"@AmazonHelp @812621 Didn't you anticipate an upsurge in sales this weekend, though? I mean, we all did, and we aren't running a retail company!",AmazonHelp
2941565,2017-11-29 13:33:38,812762,Hey @Delta I am trying to get ahold on the number for bereavement flight booking for an international flight. A relative just died yesterday morning.  The number on the site does not work. Any tips?,Delta
2940212,2017-11-29 13:38:17,812613,"@AmazonHelp The reason for re-directing to a local store was to avoid exactly this type of nobody-in-to-sign-for-it problem. Also, where has it been for the last 2 days? You need to pick a better courier as they are beyond useless",AmazonHelp
2949096,2017-11-29 13:40:07,814460,I just want my wifi back working CONSISTENTLY @115900,comcastcares
2942055,2017-11-29 13:44:49,812848,"Wenn man @116316 sowohl privat als auch Amazon Business benutzt, kommt man doch ins Stutzen, welchen Account man genutzt hatte, wenn auch die Privateinkäufe an die Firmenadresse gehen. Zum Glück den richtigen, privaten Account genutzt. 😅",AmazonHelp
2939919,2017-11-29 13:46:38,812551,@VirginTrains On the plus side a very nice bacon roll so not all bad👍,VirginTrains
2942101,2017-11-29 13:50:50,759158,@AmazonHelp Doing that at the moment you set of clowns @AmazonHelp  .... reach out !!!! Be relieved i cant as i couldnt be held responsible for my actions,AmazonHelp
2935093,2017-11-29 13:56:18,295030,"@AmazonHelp Seems unlikely considering it's still not dispatched, and as the delivery dates have now mysteriously changed to 'Nov 29 - 1 Dec'... and another Amazon Shipping delivery arrived today.",AmazonHelp
2942681,2017-11-29 13:58:28,812994,@Uber_Support I keep on getting messages claiming to be from uber saying to enter a four digit code to confirm my number. I haven’t used the app in nearly a month.,Uber_Support
2941933,2017-11-29 14:00:21,344649,"@AmazonHelp Bonjour on m'a bien débloqué mon compte il y a quelque jour de cela je vous en remercie, mais  je n'ai plus eu de réponse concernant le geste commercial que l'on m'a promis, merci d'avance",AmazonHelp
2942962,2017-11-29 14:03:01,813061,"@115913, pre-paid SIM cards, that were ordered online, are expiring before the expiration date. Customer service can’t help resolved the issue. #FTC",TMobileHelp
2941929,2017-11-29 14:03:49,202067,Never again will I sign up for @115821 @117795 you are horrendous why did I spend 2 hours while on vacation 🖕🏾for late packages after paying extra fees,AmazonHelp
2947135,2017-11-29 14:03:52,187824,"Removed @3715 with help of @AppleSupport
How can it still send me repeated notifications?
#privacy #macOS https://t.co/kAo88va063",AppleSupport
2936981,2017-11-29 14:05:30,811901,@Delta Ya it would be nice to fly in comfort + but since you broke up with @AlaskaAir and devalued skymiles again that’s a shot in hell to get that upgrade,Delta
2943163,2017-11-29 14:08:39,813107,"I ordered a product on @115850 few days ago and delivery date was 24-29 November.
Now 29 Nov is going to end and still I don't know anything about my product delivery.
@AmazonHelp plz consider !
@115821 https://t.co/SG6fHCONUZ",AmazonHelp
2942655,2017-11-29 14:12:20,812988,"Dear @Uber_Support
I was threatened during a ride in Odessa, Ukraine, and I left a review in your app, but nobody is reacting at all! I don’t want this driver to keep threatening people, neither do you?",Uber_Support
2941998,2017-11-29 14:13:55,170806,@AmazonHelp Did you even read my tweet? 🤦‍♀️,AmazonHelp
2943285,2017-11-29 14:17:58,759158,@AmazonHelp current status .... who knows ......... your online help (chat) team dont even seem to know.,AmazonHelp
2942721,2017-11-29 14:21:38,813005,"@SpotifyCares No, I was saying that I noticed that it's now a feature when I play my Discover list and just wanted to let you know I appreciate it!",SpotifyCares
2943159,2017-11-29 14:23:10,813106,"@120533 vos livreurs qui soit disant ne peuvent pas livrer mon colis en sachant que je suis à mon domicile et qu'ils n'ont pas appelé pour me signaler leur arrivée, bravo. 👏🏽",AmazonHelp
96919,2017-11-29 14:26:13,137153,@115858 why are my photos in opposite chronological order it’s annoying plz advise,AppleSupport
448820,2017-11-29 14:27:19,221333,"@Uber_Support Hi, sorry for pestering, I haven’t received any correspondence.  May I please request an update, at your earliest?  Many many thanks!",Uber_Support
2943943,2017-11-29 14:28:40,813267,Once again there's a problem with the airlines... This time someone stole my prescription medication from my bag. Left my my advil... How kind. Think it's time for a change @AmericanAir @120943,AmericanAir
2943225,2017-11-29 14:28:50,233134,@AmazonHelp Email says Saturday December 5th. Just don't understand why it would take 4 days to process.,AmazonHelp
2943738,2017-11-29 14:34:51,813225,@Uber_Support delete my account,Uber_Support
2944315,2017-11-29 14:35:50,813361,"@116928 Hola. Una duda: en caso de realizar un cambio en Amazon de unas sartenes (vendidas por vosotros) por otras, el cliente tiene que pagar los gastos de envío del cambio? Gracias.",AmazonHelp
2944289,2017-11-29 14:43:27,813357,@AmazonHelp I had an order that was supposed to ship yesterday but it hasn’t shipped yet....,AmazonHelp
2396276,2017-11-29 14:48:48,689756,"@AmazonHelp Yes, they were all from Amazon Shipping.",AmazonHelp
2947073,2017-11-29 14:49:28,813979,"@AppleSupport soooooo mad right now, updated the software on my Mac book and my iCloud account from all my 3 devices logged out, keeps brining an ERROR when I try log in! I have now lost all my MUSIC, iMessage won't work on all devices!!!!!!!!!!!!!!! #WORSTUPDATE",AppleSupport
2944283,2017-11-29 14:53:00,738460,"@120533 @AmazonHelp @120534  Salut Amazon, tu sais quoi ? C'est la 9eme commande que ta société de transport Colis Privé ne livre pas en moins de 2 mois .. Vs ouvrez une énième enquête ? Vs n'avez pas l'impression qu'il un a un sérieux problème ? https://t.co/jIHoHjZPLe",AmazonHelp
2943273,2017-11-29 14:56:28,813121,@AmazonHelp Done now it's your turn,AmazonHelp
2946135,2017-11-29 14:57:14,813774,does anyone here ever made payment via molpay for Spotify premium..how ??,SpotifyCares
2943721,2017-11-29 15:00:48,813221,@Uber_Support You charged for a trip I couldn't sit for. This is the height of scam.,Uber_Support
2945261,2017-11-29 15:01:00,813560,@SouthwestAir When will this online check in feature be corrected?,SouthwestAir
2945120,2017-11-29 15:01:57,416875,@VirginTrains Instead of pissing about on here get someone to answer the phone at Customer Services.,VirginTrains
2944300,2017-11-29 15:02:02,813359,"@AmazonHelp We've already spoken to customer service and gave them directions, the delivery person was outside the address and still failed to deliver",AmazonHelp
2941607,2017-11-29 15:04:23,312983,"@AmericanAir OR, there should be a very clear and specific reason that is well known.  Failing to load ALL the bags for a flight should not be so casually dismissed.",AmericanAir
2948374,2017-11-29 15:04:57,814283,"okay @115858 I have had my #iPhoneX for about two weeks and just got the #AppleWatchSeries3 . I have tried EVERYTHING to pair the phone to my truck and to pair the watch to my phone, nothing is working and #bluetooth keeps being interrupted. What do I do in a situation like this?",AppleSupport
2944256,2017-11-29 15:07:33,813352,"Amazon delivery service is crap still waiting for an item, one minute to order, a non delivery, typical rich company paying cheapshit wages, delivering cheapshit service",AmazonHelp
2945295,2017-11-29 15:07:52,229494,@TMobileHelp are you having issues with calls? I hear a loud beep randomly on all my calls.  I’ve noticed it usually on wifi calling.,TMobileHelp
2945027,2017-11-29 15:12:01,621192,C'mon @Delta ......we need a little status jump help!!  Help a Brother out!,Delta
2943234,2017-11-29 15:12:27,813118,@AmazonHelp Thank you!,AmazonHelp
2945241,2017-11-29 15:16:15,136473,"@comcastcares @116136 Btw.. that was 75% dropped frames, and kbps dumping to 0 the shooting back up to 1500.",comcastcares
2944244,2017-11-29 15:17:22,813350,"@AmazonHelp Hola , es hoy, ayer acordamos telefonicamente  que lo entregarían hoy, dijeron que vendrían entre las 9 y las 18:00 !! vaya rango.Hoy miras en su web y no está en reparto esta pendiente de asignar fecha!! Intentas hablar por telefono y no hay nadie al otro lado, solo una máquina",AmazonHelp
2946999,2017-11-29 15:17:29,813955,Yo @115858 you need to get your shit together this is like the 3rd time youve deleted my fucking library with an update YOU AND I BOTH KNOW THAT CAM’RON KILLA SEASON WAS NOT THE LAST ALBUM I DOWNLOADED. WE SWITCHING TO SPOTIFY.,AppleSupport
2946119,2017-11-29 15:21:48,440922,@Uber_Support LA uber passes are up today. When do the new ones go on sale? Usually the emails would be out yesterday. @115873  @2780,Uber_Support
2945531,2017-11-29 15:23:42,812610,@AmazonHelp Super on me livre ma commande a une adresse bidon et comme ya plus de stock bah on me rembourse. OSEF je veux ma commande moi !! GG Amazon.de !,AmazonHelp
2910333,2017-11-29 15:28:01,758282,@AmazonHelp I have contacted customer service. Apparently my parcel was lost (no update in the order tracker on that) and got a replacement order. Due to arrive in a week and a half! That's all in all almost 3 weeks late. In Prime.,AmazonHelp
2946983,2017-11-29 15:29:31,813952,"@AppleSupport lost my iphone, check DMs please",AppleSupport
2945455,2017-11-29 15:32:35,813612,"@AmazonHelp It was 4 items to be exact. An antivrus software, an xbox, one piece figure and mug. From amazon",AmazonHelp
2883361,2017-11-29 15:35:27,799917,"@AmazonHelp I m sick n tired of dealing with amazon... just refund the money i paid, or b ready for some consumer action!!",AmazonHelp
2948347,2017-11-29 15:38:40,814278,I’ve been awake for an hour and a half and my phone is at 3% @115858  why do you suck so hard now,AppleSupport
2946296,2017-11-29 15:40:34,813796,@Delta that makes sense! thanks,Delta
2945487,2017-11-29 15:41:01,807850,"@AmazonHelp I have the entire email chain of people sending me to billing for a refund, who sends me back to the original general Canadian department because they can't help.",AmazonHelp
2946424,2017-11-29 15:42:52,813830,@VirginTrains - Awful customer service!! https://t.co/d6ZItQCgxu,VirginTrains
2948163,2017-11-29 15:45:15,267531,@115830 are pleased to tell me my order had been delivered to my letter box. No it hasn't and I have been here all day. Not pleased.,AmazonHelp
2946084,2017-11-29 15:47:06,813763,Cannot accepting this kind of service. @115873 @119983 @Uber_Support. Still waiting for the cab. In wat world this is called service. https://t.co/aPbzwrfK9O,Uber_Support
2946836,2017-11-29 15:48:23,813924,"@AmazonHelp Hola, podemos hablar por mensaje privado?? Gracias.",AmazonHelp
2946847,2017-11-29 15:51:32,601135,"@622692 @115830 No idea, it was from the US account charging me for god knows what 🙄",AmazonHelp
469552,2017-11-29 15:52:25,226805,"@151631 No, I was not using Hulu before. Whenever I opted for Hulu with my Spotify Premium (Student Discount), it began to charge me $9.99 (plus tax) instead of $4.99 (plus tax). I never have any luck with this stuff.",SpotifyCares
2946790,2017-11-29 15:54:16,207057,Euh hey @115830 @AmazonHelp what is this? Is my parcel having a tour of Europe or is the deliveryman having a seizure? https://t.co/z5QpSiad4g,AmazonHelp
2895559,2017-11-29 15:56:09,802417,@AmericanAir Yes...mine and a coworkers' bag was loaded onto a flt to CLT and eventually caught up to us hours later.  Have yet to have a good flight with AA.,AmericanAir
2946822,2017-11-29 15:58:11,248155,"@AmazonHelp Strictly a shipping issue it appears. Left Wilmington DE 3days ago and is missing. Order 111-3912703-9984245.
Wife needs by tmrw evening. Disappointing.",AmazonHelp
2946786,2017-11-29 16:01:54,144298,@AmazonHelp se eu não estiver em casa após três tentativas de entrega o quê acontece? Ele volta pra matriz? Ou eu posso pegar na transportadora?,AmazonHelp
2948295,2017-11-29 16:02:33,814266,Yo @AppleSupport I have been trying to recover my account since nov 20th and cannot access my account whatsoever and cant use my phone help,AppleSupport
2945495,2017-11-29 16:05:48,807850,@AmazonHelp Nvm. My credit card company just said to no longer be in contact with you about it and they will take care of it from their end.  Thank you.,AmazonHelp
2947599,2017-11-29 16:07:35,814107,@115873 @Uber_Support @119983   Your driver canceled my trip without knowing me... He was not able to come correct pickup point..,Uber_Support
2948196,2017-11-29 16:10:48,814239,"@115830 hello, how do you find out how much is in your digital benefit pot? I often select no rush delivery to get the £1 benefit but can never work out how to find out my balance :) thanks!",AmazonHelp
2943122,2017-11-29 16:13:54,222181,@AmazonHelp The fact on these orders is stated that Saturday 25th they attempted to deliver but couldn't gain access - it was going to a locker in a supermarket so how couldn't they deliver it?????,AmazonHelp
2948236,2017-11-29 16:14:08,814252,Can anyone enlighten me to the differences between the @115858 iPhone 8 &amp; the iPhone X?! Which one is worth getting? Which camera is better? And I’m not #AskingForAFriend - I’m asking for me 🤣 #toolazytoresearch #help #ineedanewphone #Apple #iphone #iPhoneX #IPhone8Plus https://t.co/MXH62YJ0tk,AppleSupport
2947564,2017-11-29 16:18:20,232745,More problems with @115873 in Paris today. Driver overcharged by €27 by not ending trip. Not fit for purpose #f4p,Uber_Support
2944363,2017-11-29 16:19:49,204171,@AmazonHelp Isso. Aquele que tem disponível pra IOS é Android!,AmazonHelp
2948203,2017-11-29 16:19:59,814241,@AppleSupport Please reply :),AppleSupport
2951634,2017-11-29 16:23:59,223769,Disheartened by the absolute lack of appropriate customer service from @Delta,Delta
2948129,2017-11-29 16:24:00,814223,"@AmazonHelp Realmente estoy muy contenta, porque se ha adelantado la entrega un montón, primero ha pasado de llegar el día 5-12 al 30-11 y me ha llegado la notificación por la mañana de que llega hoy al final, es sólo que ahora estoy con muchas más ganas de que llegue ^^",AmazonHelp
2946772,2017-11-29 16:27:12,808795,@AmazonHelp It just says the Carrier is: AMZCA I don't know what that means,AmazonHelp
2949631,2017-11-29 16:27:33,814582,@115858 @AppleSupport is no help. Over an hour of them transferring me to every department possible and no one knew how to help me over the simplest issue. #ridiculous,AppleSupport
2947539,2017-11-29 16:30:35,814097,@Uber_Support I am unable to connect to the server. Please help,Uber_Support
2949501,2017-11-29 16:34:13,133252,@AmazonHelp c’est la 2ème fois que vous ne livrez pas à l’heure en à peine 2 semaines. On m’avait promis un mois de Prime gratuit j’attends toujours. https://t.co/kBgQ9YW6Tz,AmazonHelp
2911701,2017-11-29 16:37:25,806030,"@AmazonHelp Thanks. And when will reading be available in Pakistan? I mean, expecting me to pay $11 per month just for video is unfair.",AmazonHelp
2949589,2017-11-29 16:38:59,814570,@814571 @AppleSupport please update the published date of Security Update 2017-001.  Unless you have a time machine this date is incorrect and manual downloaders may be confused about whether its the right patch. https://t.co/gutki0WsMH,AppleSupport
2949119,2017-11-29 16:39:55,117550,"Great flight @SouthwestAir 454 today with the flight attendants from @126119 to Phoenix - Al and crew were funny, kind and kept us entertained! https://t.co/p2U6NybdtE",SouthwestAir
2953234,2017-11-29 16:40:55,368160,"@116136 @comcastcares so, all of you, kindly fuck off and die in a cold, damp, shitcovered hole in the woods, I hate you so much. Fuck you",comcastcares
2948148,2017-11-29 16:42:18,814227,@AmazonHelp I could take a picture of the label on the package?,AmazonHelp
2947810,2017-11-29 16:43:38,814146,@AmericanAir I’m sure you must understand that it’s difficult not to take this personally when it occurs almost every time I reach one of your Aadvantage levels. That indicates to me that it’s not random and is targeted at your most frequent flyers.,AmericanAir
2950856,2017-11-29 16:47:13,814872,"@115850 @115821 ordered walnut, full of bugs although expiry still 9 months away. No action against manufacturer taken https://t.co/pTnCFk9YYd",AmazonHelp
2949155,2017-11-29 16:47:23,784624,@TMobileHelp I am having issues with the orders I placed. Can you please help with expidited shipping as these are my new lines added to my account?,TMobileHelp
2947756,2017-11-29 16:48:42,120900,@VirginTrains That's good to know.,VirginTrains
2871127,2017-11-29 16:48:59,797220,@SpotifyCares https://t.co/4NKPp8YCGX there are no songs listed,SpotifyCares
2949625,2017-11-29 16:49:47,416260,@AppleSupport I've tried Turn off and restart iMessage and FaceTime. But it's still waiting for activation.,AppleSupport
2947544,2017-11-29 16:52:05,814097,@Uber_Support My Uber account is associated with e-mail I’d : __email__,Uber_Support
2949433,2017-11-29 16:52:54,814537,"@AmazonHelp É sobre um pedido que fiz, foi cancelado, porém ainda estou sendo cobrado por ele.",AmazonHelp
2946915,2017-11-29 16:57:15,137253,@AmazonHelp I have spent nearly 2k in a months time and was planning by on spend more But I will never ever order again from @115821 will tweet  the ceo,AmazonHelp
2945719,2017-11-29 16:58:41,813669,"@AppleSupport Thank you for that! But unfortunately, I still cant save my gif even though i went through the activities list.",AppleSupport
2948150,2017-11-29 17:02:24,814227,@AmazonHelp  https://t.co/0uEqAUgdMl,AmazonHelp
2949363,2017-11-29 17:06:59,814527,@117086 preciso de ajuda com o meu Kindle e o SAC é horrível.,AmazonHelp
2950952,2017-11-29 17:09:31,122191,Anyone know how to remove an update from @115858  phone. Just had a replacement phone &amp; it’s updated and the issues have started again! @AppleSupport I need to get this update off!,AppleSupport
2950074,2017-11-29 17:09:58,786244,I called for an @Uber_Support pool and it never came and then when I canceled to call another one the uber pool went from 4.66 to 6.22. Shits annoyingggg and now I’m late 🖕🏻,Uber_Support
2949381,2017-11-29 17:12:43,137253,@AmazonHelp I did that already,AmazonHelp
2950840,2017-11-29 17:15:55,814868,"Sto""sudando"" via la febbre (spero) 😷 con #themaninthehighcastle (grazie @134803)",AmazonHelp
69648,2017-11-29 17:18:38,131784,@AmazonHelp We have only been told it may be another day or two. I can't plan my working days around Amazon deliveries. Pretty shocked at how late in the day this notification came through as well.,AmazonHelp
2950117,2017-11-29 17:20:02,814717,"Hey @SpotifyCares, would you guys be able to re-add the song ""Christmas Is"" to ""The Best of Johnny Maestro"" album? The album is almost full, but that song isn't available, and it used to be. Kinda defeats my ""Christmas Is..."" playlist, lol. Thank you!",SpotifyCares
2949419,2017-11-29 17:21:28,814534,@AmazonHelp Também adoro a capa (e os livros) da @18572. Os livros em inglês são de uma trilogia sobre um coven de bruxas e o da darkside sobre uma princesa que foge pq não quer casar kkkkkk,AmazonHelp
2950924,2017-11-29 17:22:44,814880,"@AppleSupport why have all my messages disappeared?! Contacted Apple support via phone, but the only suggestion was to update my software, which has done nothing!",AppleSupport
2201535,2017-11-29 17:24:31,815081,@643839 @AmericanAir These additional fees have become one big scam and I believe consumers are fed up with the game. How about getting back to good old fashioned customer service? @AmericanAir,AmericanAir
2951490,2017-11-29 17:25:57,815005,When @115873 drivers show 2 min away. And then mysteriously shows 9 min away across town. Dislike,Uber_Support
2949335,2017-11-29 17:27:20,814521,"@AmazonHelp Bonjour,
la boite de l'article a bien souffert...voyez par vous même...vraiment dommage car c'est un jeu qu'on garde pour la collection... https://t.co/eGRxHUZ7E2",AmazonHelp
78790,2017-11-29 17:30:37,133571,@AmazonHelp e-mail verschickt,AmazonHelp
2950910,2017-11-29 17:32:52,728005,"@115858 
As someone who has had a iPad for years &amp; currently have a IPad mini 4 128g + cell and a iPad Pro 128 gig BOTH of them are unusable with lag &amp; SLOW with iOS 11.1.2 
Between the poor performance &amp; iTunes I’m finally going to be selling these &amp; going to another platform.",AppleSupport
2950686,2017-11-29 17:36:14,814843,Pro tip: don’t order chalk from @115830 https://t.co/WZ1Nij7CBS,AmazonHelp
2951772,2017-11-29 17:38:42,815070,Love the signs saying 1730 to London is on time...when we we sat still on the platform at 1737 @virgintrains,VirginTrains
2948342,2017-11-29 17:39:08,814276,@AppleSupport I did that Monday night and still have the issue,AppleSupport
2953137,2017-11-29 17:39:31,815377,Thank you @Delta for recycling the cans and cups. Hope this happens on all flights. Beth on my flight to ATL from CRW was lightening fast with those cans. https://t.co/cWkoXAOLM2,Delta
2951446,2017-11-29 17:40:40,707598,.@115873 @Uber_Support also I should NOT have to talk to anyone on the phone to report a lost item.  I do not talk on the phone.,Uber_Support
2952323,2017-11-29 17:42:12,125005,@AmazonHelp How good are you with LaserShip,AmazonHelp
2949476,2017-11-29 17:46:43,814544,"@AmazonHelp It seems intact excepted a book whose corner is a bit used... I dunno, it was delivered by my postman...",AmazonHelp
2952276,2017-11-29 17:49:13,815193,".@AmazonHelp You guys, Monroe was probably the best customer service rep I've ever had. Incredibly helpful and threw in a few jokes. Also, the man's got a voice for radio...y'all need to get this guy on the airwaves, ASAP.",AmazonHelp
2970649,2017-11-29 17:54:07,819391,てか、プライム会員なら無料で利用できるAmazon readingいいな。先月からサービス開始されてたらしいけど、全然利用してなかった。他に気になる本ないか見てみよ。,AmazonHelp
69885,2017-11-29 17:57:28,815528,@115850 Awaiting for my refund for the item I returned a week back !!! Raised a complained twice with amazon?? No action yet 😢 I paid for refund as well? Supplier is not responding? What is going on @115851,AmazonHelp
2952426,2017-11-29 17:57:48,706315,@815221 @AppleSupport 😂😂,AppleSupport
2952252,2017-11-29 18:00:04,815187,@115830 it's nice if your drivers give customers a little longer than 3 seconds to answer the door before their van door slams shut and drive off. If they are that pushed for time your traffic office needs to plan better or employ more drivers,AmazonHelp
2938956,2017-11-29 18:02:06,130878,"@TMobileHelp @115913 I really had high expectations when u replied,  now 3 hours later my brother hasn't been reached out to,  even thou yes u r corresponding w-me asking me 2b authorized on his acct?  So it can b resolved here on social media I am really sad &amp; honestly exhausted",TMobileHelp
2952188,2017-11-29 18:03:12,815176,@AmazonHelp A simple vista no parece que tenga daños.,AmazonHelp
2952988,2017-11-29 18:05:14,815336,"Still can't over how f up last nights trip was:(( 
*fare indicated in booking is just 180-240php but payed 712php! nuna teh? Makati to makati lang po tayo heh 

anyare??! @115873 @uber_support convenient and reliable pero wag niyo naman sinasamantala jusq -_- https://t.co/RKwiNjiRGV",Uber_Support
2954674,2017-11-29 18:06:58,815708,"@SpotifyCares Hey, what do the new heart (like) and stop sign (don't like) buttons do on Discover Weekly songs? I thought they'd just affect future lists, but it says something about my library when I click the like one.",SpotifyCares
2934956,2017-11-29 18:07:25,225290,@comcastcares Is there a story about this somewhere I can read?,comcastcares
2952401,2017-11-29 18:09:41,815214,@AppleSupport More info: https://t.co/lQ2yAgbwpI,AppleSupport
2953682,2017-11-29 18:10:21,815517,"@118706 Just a guess, but this is likely one BIG reason @115821 is starting to make its own deliveries. #servicefailure https://t.co/ggGXoh4Naf",AmazonHelp
2946731,2017-11-29 18:14:47,638563,"@southwestair Conf # NEU3YM for Enriqueta Bauer flight tomorrow Thurs 11/30 going to SAN from MDW, I need a wheelchair please.",SouthwestAir
74712,2017-11-29 18:15:28,132727,@AmazonHelp Pourtant on m'a dit qu'on allait annuler ma commande même si le processus d'expédition était en cours. Il faudrait savoir.....,AmazonHelp
2954659,2017-11-29 18:17:18,815702,"@Uber_Support noticed my ride pass went through 11/29, yet the pass expired yesterday. i also was emailed a link to repurchase the ride pass, but it was sold out within SECONDS. can you please advise? just sent your team a DM. Thank you!",Uber_Support
77605,2017-11-29 18:20:00,133290,"@AmazonHelp I don't care if its visible to public.

If things will not going on track, I'll share both the Chats here, for all the world and people can see how your executives do what they want and avoiding customers troubles.

@115851 @115821 @115850 @5339",AmazonHelp
2953776,2017-11-29 18:22:52,815536,Anyone else with a Mac got the problem of the quick view (space bar on a file) stopped working since #HighSierra? @AppleSupport,AppleSupport
2953133,2017-11-29 18:24:52,345158,@Delta  https://t.co/rvHvooFc28,Delta
2954532,2017-11-29 18:25:25,245632,"Hello 
@AmazonHelp 
I'm receiving parcels I've not ordered 
Can I return ""freepost"" ??",AmazonHelp
2952967,2017-11-29 18:26:11,803315,@Uber_Support @815332 It didn't sell out. The link in your email didn't work from the second the email came.,Uber_Support
2953149,2017-11-29 18:29:16,815381,@VirginTrains Yes I am OK but feeling bad because others aren’t - hope it eases when we get to the next station or two,VirginTrains
476828,2017-11-29 18:29:48,228322,"@119625 was planning to watch ""The Prestige"" from long time added it to watchlist, and today finally when I went to watch it, It is not available anymore at my location. Why?? 😢😢😢",AmazonHelp
2954621,2017-11-29 18:35:11,815691,"@Uber_Support The link doesn’t help. I got the email saying it was available, but it did not show up in the Uber app. Tried within 60 seconds of getting the email.",Uber_Support
104349,2017-11-29 18:36:21,474721,"@AmericanAir Trying out millennial speak? Forgot to write that it’s lit, fam",AmericanAir
2954465,2017-11-29 18:36:22,815669,¡¡Ya desbloqueen mi cuenta prros @116875!!,AmazonHelp
2955430,2017-11-29 18:37:30,815839,@AppleSupport Que se passe-t-il avec #Apple music ?? Impossible de se connecter. Écran blanc.. https://t.co/dGCrBKd06S,AppleSupport
2950140,2017-11-29 18:37:50,814721,@SpotifyCares Sent,SpotifyCares
2954518,2017-11-29 18:41:18,209609,"@AmazonHelp je me dis que cette putain de carte microSD j'aurais du l'acheter en ville et non sur votre site internet vu la durée de livraison, et après vous êtes leader mondiale ? pardon ?",AmazonHelp
2955074,2017-11-29 18:42:00,815795,@115911 I payed for 2 day shipping on my iPad Pro but won’t get it until Monday?? I order this tablet on the 27th of this month wtf?,TMobileHelp
2946925,2017-11-29 18:44:29,812378,@AmazonHelp All I am looking for is a the truth and not a generic answer..Will two-day prime shipping be on time on my order or will it be delayed and what is the waiting time on that order..because it seems most orders on amazon were delayed over the weekend,AmazonHelp
2955504,2017-11-29 18:46:07,815858,I can't be the only person with the new iOS 11 that keeps getting 'not delivered' messages for every pic I send... even if it sends... @AppleSupport I've looked everywhere and can't find a solution... #frustrated #appleiphone8plus #helpme,AppleSupport
2954557,2017-11-29 18:48:53,244851,So basically today I treated lunch for six people that don’t even fucking like because @115877 messed up the payment.,Uber_Support
2954439,2017-11-29 18:50:00,646622,@AmazonHelp Refund option not available,AmazonHelp
2955463,2017-11-29 18:52:24,153343,@115858 I swear you’ve intentionally destroyed my iPhone 6 with the latest iOS. A little disappointing after all the money I’ve spent over the years with you....#ripoff #slowmotion,AppleSupport
2950874,2017-11-29 18:54:21,132139,@AmazonHelp Danke ;-),AmazonHelp
2954948,2017-11-29 18:56:13,815764,"@comcastcares Hey the team on reddit got my packages changed over and I got gigabit internet, just curious if this is going to require a install? They didn't schedule an appointment.  I did have internet and tv before",comcastcares
2954354,2017-11-29 18:57:35,762803,@AmazonHelp thanks! I looked before tweeting but couldn’t find that link,AmazonHelp
2954573,2017-11-29 18:58:05,803315,"@815684 @Uber_Support It's bs honestly. The link didn't work and now they say it's ""sold out"" which is ridiculous since there was no pass available the second they released it. Such a stupid system.",Uber_Support
2956379,2017-11-29 18:58:46,816060,@Delta can I add my wife's skymiles number to a flight I already purchased?,Delta
2955424,2017-11-29 18:59:24,815839,@AppleSupport Yes no problem with them.,AppleSupport
2956571,2017-11-29 18:59:48,816134,@AmericanAir is this true? https://t.co/LVO61mpS8i,AmericanAir
2954295,2017-11-29 19:02:05,130468,"@AmazonHelp Because its a battery, im hesitant abt keeping it when it looks like it took a knock. But I do want the battery",AmazonHelp
2956941,2017-11-29 19:06:11,816235,@120533 @132988 @132743 Tout part en sucette en fait. ne promettez pas une chose si vous n'êtes pas capable d'assurer. https://t.co/moVxxyAm0t,AmazonHelp
2956452,2017-11-29 19:06:22,816078,@VirginTrains @373099 @121428 No problem with you guys @virgintrains always had great service!,VirginTrains
2942179,2017-11-29 19:06:28,723641,@AppleSupport Sure . I’ll DM all the snapshots. Because I have noticed multiple instances by this time .,AppleSupport
2956250,2017-11-29 19:08:14,816021,"@Uber_Support so a driver has been in traffic completing a trip, I want to cancel because the wait time is not the best for me and I have to pay £4.25 for the driver's time whilst his still completing a trip? Doesn't make much sense... https://t.co/ma0KK25obx",Uber_Support
2956035,2017-11-29 19:12:07,220519,"@AmazonHelp Done - will that go through to someone in the UK, or the same call centre in India where they know nothing whatsoever?",AmazonHelp
2956619,2017-11-29 19:12:45,816149,@SouthwestAir Online check-in is not working,SouthwestAir
2956460,2017-11-29 19:15:17,816080,Dear @AmericanAir thanks for making me check my bag when there is plenty of room in there overhead bins. Specifically asked the gate agent about this and she replied oh don't worry your bag will be at the carousel. Chances of seeing my kids tonight quickly dropping,AmericanAir
2955972,2017-11-29 19:15:38,815970,@AmazonHelp  https://t.co/o1sc3K8ZZb,AmazonHelp
2956259,2017-11-29 19:15:45,816025,@Uber_Support It's working ! Thanks!,Uber_Support
2959366,2017-11-29 19:16:13,816781,@SpotifyCares Can my kids use Spotify on their tablets as part of family plan? They are under 12,SpotifyCares
2957120,2017-11-29 19:18:08,594490,@115858 come on now with this I.T shit why are you making I.T so difficult to spell “it”,AppleSupport
2956056,2017-11-29 19:19:49,815980,@AmazonHelp I am unable to post the link to the tweet. I am on a tablet and cannot copy the tweet URL. I have filled out the form and sent all of the information I have. I am now on hold with a second customer service rep who also has no clue on how to fix this.,AmazonHelp
2955102,2017-11-29 19:21:19,130878,@115913 Still no resolution I feel like ive been bullied really really sad,TMobileHelp
2952218,2017-11-29 19:22:51,815183,@AmazonHelp Hermes,AmazonHelp
2957096,2017-11-29 19:24:20,816263,@AppleSupport it’s a new phone and the first pair of sunglasses I tried don’t work.,AppleSupport
2956896,2017-11-29 19:27:46,816228,@AmazonHelp Of course! It was https://t.co/ceeMKHWL4f,AmazonHelp
2958645,2017-11-29 19:32:22,816583,"@AmazonHelp my order no is 406-6017769-7919565.
I have an issue regarding cash back.I have filed many complaints.Earlier I was getting responses from Amazon but now they are neither responding nor giving cash back.Is this the way Amazon treat their customer.",AmazonHelp
2955468,2017-11-29 19:33:46,815847,@AppleSupport The software is iOS 11.1.2,AppleSupport
2957011,2017-11-29 19:36:39,816249,@AmazonHelp C’est Amazon Logistics,AmazonHelp
2957797,2017-11-29 19:38:05,816394,@Uber_Support @816395 here you go love get this fixed 👏🏽,Uber_Support
2958075,2017-11-29 19:38:39,816462,@328322 @AmericanAir is my flight on 12/19 at 7:05 to Orlando cancelled?,AmericanAir
2958682,2017-11-29 19:40:41,816592,Minha edição de 10 anos não veio perfeita não @117086 veio com essa página invertida e outros pequenos amassados https://t.co/J2KA2qvP3U,AmazonHelp
2956581,2017-11-29 19:43:01,816138,@comcastcares 1) Was just transferred to 3rd customer care rep so I can cancel my cable TV. 2) The 2nd customer care rep dropped the call when transferring me to the 3rd. 3) I had to explain I'm disabled &amp; can't drive the equipment to a drop spot. 4) I now have to start over. 5) #ComcastSucks,comcastcares
2957979,2017-11-29 19:44:43,816442,@VirginTrains you’ve compensated me with West Coast tickets but I live on your East Coast line...,VirginTrains
2958677,2017-11-29 19:45:00,816590,"Liebes @116316 ..seit wann ist denn bitte meine Private Adresse ein 'Ort' bzw. ein 'Unternehmen', das am Zustelltag angeblich geschlossen war? 🤔.. ~Hmm also meine Haustür war heute die ganze Zeit offen, ich war Zuhause und die Klingel hat auch funktioniert.. 😌😏 @AmazonHelp https://t.co/QboISjmEWF",AmazonHelp
2958705,2017-11-29 19:46:46,468442,@AppleSupport context aware reminders were added to Siri in ios9. I could ask Siri to remind me about an email I was reading or a web page and it would set a reminder with a link back to the email or webpage. This isn’t working anymore. Has it been removed?,AppleSupport
2957918,2017-11-29 19:47:24,181786,@DELTA is this a corporate manned site?,Delta
2958544,2017-11-29 19:51:52,816567,@AmazonHelp Market place seller and too big for their courier.,AmazonHelp
2956489,2017-11-29 19:52:52,130795,@AmericanAir Here is how you responded https://t.co/7FAaKv9qgq,AmericanAir
2958745,2017-11-29 19:53:11,816606,"I'm sure this is not legit, but I just want to make sure. Please help! @AppleSupport https://t.co/vH2jbSkiW0",AppleSupport
2954690,2017-11-29 19:54:33,815714,@SpotifyCares Finally found it. There was a comment box over the response area that needed to be closed to see where to respond.  Message sent. Thanks!,SpotifyCares
2958624,2017-11-29 19:57:19,816580,@AmazonHelp Vendidos y enviados por Amazon,AmazonHelp
2958688,2017-11-29 20:00:46,816594,"@AppleSupport have deleted ~1000 images from iPhone7+ yet Photos usage has not decreased. No help from apple forums. With Photos taking up &gt;50% of phone storage, I need to reduce it. Recently deleted also empty. Any advice?",AppleSupport
2958577,2017-11-29 20:00:53,816573,@113490 @115821 @123644 Yes see I’m making an effort not to ruin me life and the delivery drivers nicked off with it!!!!,AmazonHelp
2961028,2017-11-29 20:01:20,290618,So shoutouts to @115900 for fucking up their own service. Your port forwarding doesn't work since you removed direct router control. Gotta spend the afternoon fixing this now so thanks.,comcastcares
2959987,2017-11-29 20:06:26,816941,Hey @AmazonHelp I'm a Prime member and when trying to sign up for the early Jumanji screening I run into an endless loop of Atom attempting to verify my prime account. Any suggestions?,AmazonHelp
2959304,2017-11-29 20:06:56,529064,"According to the Uber app, I was supposed to be credited $5 for the driver canceling the trip. I am asked to scroll down to uber credits to see the credit.  This option does not appear on the menu.  Click ""Payment"" then scroll down to uber credits, how do I get my credit? @116276",Uber_Support
2959682,2017-11-29 20:09:35,816861,@816860 @AmericanAir I feel like this situation is being underreported today. It strikes me as an pretty big deal.,AmericanAir
2958239,2017-11-29 20:12:04,226364,@TMobileHelp @115913 @226365 @115913 @226366 @TMobileHelp I don't understand how you guys can help me behind a desk without even going through all the information in phone calls and recordings,TMobileHelp
2946880,2017-11-29 20:13:10,813933,@AmazonHelp Pkg arrived this afternoon feeling much better!,AmazonHelp
2960132,2017-11-29 20:15:37,816978,@AppleSupport my Mac screen has been like this for 15mins any help? https://t.co/DkLcHoqFU0,AppleSupport
2960669,2017-11-29 20:20:00,817097,@SpotifyCares My Facebook won’t connect to my Spotify account. Please help!,SpotifyCares
448220,2017-11-29 20:21:04,221186,@AmazonHelp Laut DHL ist die Retoure seit 24.11 bei euch,AmazonHelp
2959831,2017-11-29 20:23:29,816903,"@SouthwestAir Yes. But should the app indicate that I'm already checked in? When I opened the app, there was a button to check in that I had to click.",SouthwestAir
2960765,2017-11-29 20:23:41,188231,In the #MSY @201505 @Delta #SkyClub heading to #TPA @122524 ✈️ #Delta,Delta
2960554,2017-11-29 20:24:43,817067,can y'all tell me what the fuck happened to my packages before i call the fucking law @115821,AmazonHelp
2959621,2017-11-29 20:25:53,542927,@AmericanAir @816846 @816845 Good luck with the PR disaster for all the people's Christmas's that get ruined over this bullshit.,AmericanAir
2959275,2017-11-29 20:28:03,257995,"@Uber_Support Thank you, I have just done this now.",Uber_Support
2960514,2017-11-29 20:28:37,817060,Merci @120533 ... https://t.co/Ymt1tpAwHH,AmazonHelp
2961001,2017-11-29 20:29:29,817155,@comcastcares how do I configure the Xfinity My Account app to show my data usage based on my billing cycle?,comcastcares
2958640,2017-11-29 20:30:32,816582,@AmazonHelp delivered by amazon shipping,AmazonHelp
2960861,2017-11-29 20:32:58,332051,@AmericanAir due to military obligations I can't have intinerary shifts - your CSR was atrocious at empathizing with my situation.,AmericanAir
2960958,2017-11-29 20:33:46,816873,I now think @46711 will have finished before I arrive inChester. What is going on @virgintrains ? https://t.co/1w1zDgTplP,VirginTrains
2961421,2017-11-29 20:34:41,334898,"What happened to my #ControlCenter ? iOS 11.1.2

The brightness setting disappeared. Can’t seem to add it back. Can add other things.

@AppleSupport #Help https://t.co/xYhzg4sjRx",AppleSupport
2959927,2017-11-29 20:37:02,816926,"@AmazonHelp Intelcom. I never heard of them before and read bad reviews on them that are coming true in my situation. When I ordered before, I never had this issue with UPS or Canada Post.",AmazonHelp
2960458,2017-11-29 20:41:15,186306,Hey @115821 do you still monitor the Amazon Cares twitter account?,AmazonHelp
2960577,2017-11-29 20:44:27,487431,@Uber_Support A customer gave me the wrong address and the correct address ended up being 30 minutes away so my total driving was 12 miles and I only got paid $4 for it that's not fair I feel like I should be paid what you get paid for if you drive 12 miles,Uber_Support
2959630,2017-11-29 20:46:35,816847,"@816848 @542927 @AmericanAir @816846 @816845 Nah man, he blocked me. https://t.co/b1xY2JmYaM",AmericanAir
2961708,2017-11-29 20:46:41,234421,I am so surprised my @115830 hasn’t turned up for the 3rd time despite being told for the 3rd time it would. Absolutely fucking useless,AmazonHelp
2961094,2017-11-29 20:46:51,292528,@115911 @115913 leaving the country tomorrow need to JOD but it’s not working.,TMobileHelp
2960092,2017-11-29 20:47:19,816967,@AppleSupport I’m using headphones and using the music app,AppleSupport
2954508,2017-11-29 20:53:11,815674,"@AmazonHelp Oui je sais comment suivre ma commande. Ce que je ne sais pas faire c'est comment suivre ma réclamation. Je n'ai pas été livré, alors que le statut est marqué livré. J'ai expliqué mon cas sur le premier lien fourni, mais je voudrais suivre ma demande",AmazonHelp
2961991,2017-11-29 20:53:47,817378,Should I get spotify premium,SpotifyCares
474458,2017-11-29 20:57:01,227920,@Uber_Support It’s not an option here https://t.co/scA3mGcdVX,Uber_Support
2950965,2017-11-29 20:58:19,814891,"@AppleSupport Thanks, yes have done a hard reset and still nothing. Have the issue with calls and music.",AppleSupport
2960504,2017-11-29 20:58:31,799915,@AmazonHelp I keep getting responses that do not fit the situation... that was caused by an incorrect product title and two CSReps that couldn’t comprehend this when I pointed it out to them.,AmazonHelp
2962216,2017-11-29 21:02:44,162384,@comcastcares what channel can i watch ring of honor,comcastcares
2960417,2017-11-29 21:03:53,817044,@AmazonHelp While I have your attention… The aux out jacks are a security risk especially for blind people. If that speaker is off you have no idea if someone is dropping in on you. Is there a way to make the speaker always active in future update? @5503  @115833,AmazonHelp
2960910,2017-11-29 21:05:55,706765,@817139 @VirginTrains @124107 @120576 Thankyou!,VirginTrains
2961374,2017-11-29 21:06:26,817244,"@AppleSupport Yes I’ve closed all open apps down, turned phone off and back on. I’ve tried it connected to WiFi &amp; just using 4G but nothing is working.",AppleSupport
2961927,2017-11-29 21:09:10,514915,@115873 I received a link for ride pass but can’t seem to purchase?,Uber_Support
2962673,2017-11-29 21:09:51,655524,"@120533 Pour une commande passée mardi vers midi et dont la livraison doit s’effectuer en 1 jour ouvré, rien ne vous choque dans le fait qu’elle arrive trois jours plus tard ?",AmazonHelp
2956472,2017-11-29 21:13:15,816097,@224994 @AmericanAir Best set of three tweets I’ve seen today. https://t.co/jsTVTW09Ne,AmericanAir
2960095,2017-11-29 21:14:43,816967,@AppleSupport I think it has happened without headphones but I’ve mainly noticed it when I use headphones and I’m using an iPhone,AppleSupport
2962810,2017-11-29 21:16:14,817548,@116618 hello! When will Vikings be available on prime? Thanks!,AmazonHelp
2962075,2017-11-29 21:18:14,817392,@delta. Thanks for getting me home early today. Beats hanging out in the airport for 8 hours.  :-),Delta
2961731,2017-11-29 21:18:51,817323,@AmazonHelp Si on peut séparer la commande et recevoir le colis expédiée par Amazon avant ça m’arrangerai beaucoup car ce colis est important et j’aimerai partir le 2 décembre avec car après je partirai en vacance et je reviendrais pas avant 1 mois.. tenez moi au courant. Merci,AmazonHelp
2962294,2017-11-29 21:21:02,817434,@TMobileHelp This is current https://t.co/UuYZTJiJYw,TMobileHelp
2962855,2017-11-29 21:21:43,817557,@AppleSupport I have noticed day old messages coming up as new messages when I start my iPhone 6 plus up in the morning after I did the latest upgrade. Version 11.0.3,AppleSupport
2962796,2017-11-29 21:23:04,817543,When @115821’s 2 day delivery turns into 3 days.............. 🙄,AmazonHelp
2962643,2017-11-29 21:25:32,817518,"@AmazonHelp Así es, unas zapatillas con la plantilla izquierda despegada. Contacté con el vendedor y me indicó que el producto se encontraba agotado y tendría que contactar con ustedes",AmazonHelp
2961757,2017-11-29 21:30:01,221293,@AmazonHelp Dos de tres son por vendedor externo y el tercero por Amazon,AmazonHelp
2963780,2017-11-29 21:30:37,817779,"@SouthwestAir I'll sacrifice first class for on-time arrivals and affordable fares any day of the week, thank you very much.",SouthwestAir
2962676,2017-11-29 21:33:24,817521,"When you order something from @115821 and it's prime 2-day shipping and says it should have been here yesterday, but then USPS hasn't updated tracking since 7:30 am yesterday morning (and it's on the other side of the country), and you're wondering if USPS lost your package... https://t.co/ZzTI5HkjV9",AmazonHelp
2964184,2017-11-29 21:34:20,817864,Phone screen is crazy &amp; thinks I'm touching it when I'm not. Somehow just managed to send this picture to 3 people I follow (but have never met) on instagram. I'm done with touchscreen phones! #technologyfail @115858 (I dictated this tweet) https://t.co/3S8scYZJrv,AppleSupport
2962689,2017-11-29 21:35:37,674375,"@117634 Having trouble launching the Kindle app on my MacBook Air running macOS Sierra 10.12.6. I'm running latest version, downloaded today. Launch screen stuck on ""Initializing..."" Got any advice? Thanks in advance! https://t.co/HJ4PqeGIf6",AmazonHelp
2959658,2017-11-29 21:37:40,816853,@AmericanAir Will American inform passengers if their flight is going to be affected? And how far out before departure date will the passenger be notified?,AmericanAir
2958660,2017-11-29 21:39:15,816584,@AmazonHelp It was your carrier. #1 https://t.co/4INElQVU5O,AmazonHelp
2961920,2017-11-29 21:39:26,817359,@Uber_Support Seriously? The delivery guy f***s up and the customer has to pay? You really thought this through... https://t.co/mijCzzqv37,Uber_Support
2963658,2017-11-29 21:40:47,442214,@VirginTrains sitting in Lancaster. Not moving. Any idea how long we'll be stuck?,VirginTrains
2964145,2017-11-29 21:44:24,817854,@AppleSupport iMessage isn’t working,AppleSupport
95296,2017-11-29 21:44:34,136723,@AmazonHelp Thanks. Will do.,AmazonHelp
2963568,2017-11-29 21:48:00,263479,@AmericanAir didn't grant early boarding for people with young children... which is the only reason why we had a kid in the first place.,AmericanAir
2962619,2017-11-29 21:48:12,817515,"@AmazonHelp Faz tempo que acompanho o trabalho do Terada, é um dos meus artistas preferidos, assim como o Del Toro.",AmazonHelp
2962777,2017-11-29 21:52:33,817538,"@AmazonHelp No I know that. I've just never ever known anyone to save the bank details used to purchase it onto a product. Ever. Clearly I'm not with the times but with security protection if that was delivered to the wrong address or fell in the wrong hands, they have her details. 🤔",AmazonHelp
70713,2017-11-29 21:53:51,131860,@125633 Hello - I recently deleted my personal Facebook page (which is how I used to log in). How do I update my new password?,SpotifyCares
2963495,2017-11-29 21:54:15,712990,@Delta AWFUL CUSTOMER SERVICE... My wife missed her flight because of documentation errors. Customer service originally quoted her $1500 to rebook.. then $700 after I got on the line and challenged.. now willing to do it for $400'ish.I had exact same... 1/2,Delta
2965424,2017-11-29 21:55:34,818134,PSA: there’s a new scam being emailed to people by “Apple” it is NOT real. It says someone is using your account and spending $$. It’s a hack for them to get your credit card info AND social security #. 🙄  @115858 @AppleSupport https://t.co/isQDNfQm25,AppleSupport
2963270,2017-11-29 21:56:00,817663,@Uber_Support How does that link help me? It just says to get more info submit there.,Uber_Support
2964035,2017-11-29 22:01:16,817830,@115830 where the hell is my book? Preordered on prime and two days after release and it’s still not here!,AmazonHelp
2964013,2017-11-29 22:05:51,817827,"Trying to do some holiday shopping and @115821 has screwed up 1/2 the deliveries.  I'm done.  ""Prime"" is a joke. Off to the mall I go.  I'd rather deal with idiot people in person than idiot people who sit behind ""noreply"" email addresses.  😠",AmazonHelp
2965419,2017-11-29 22:06:09,461121,"@AppleSupport Now I am really unhappy. Yesterday my iPad Pro could not determine my location whilst using a Telstra wifi device, in fact it still cant.  And now, my $235 Apple iPad Pro keyboard stops working.

Less than happy, both my previous iPads worked near flawlessly.",AppleSupport
2964868,2017-11-29 22:09:59,818008,"@ComcastCares I have reached out by phone and have stopped in a store to get an answer to a billing question and I still have not gotten an answer. 
#mobile_Care",comcastcares
2964053,2017-11-29 22:13:12,817836,"@AmazonHelp I've already had two live chats with two different CSRs, and two different email exchanges today. Apologies but no solutions!",AmazonHelp
2964602,2017-11-29 22:13:22,817948,@Uber_Support I am the account holder. We can talk here.,Uber_Support
2965319,2017-11-29 22:18:00,818106,"@AmazonHelp I ordered that Product from my father's account and he unable to access to his account.
Further more the contact number you provided never helps me out as the registered number  on the account is not with https://t.co/ihhfgNSZT8 me to directly contact the customer care number.",AmazonHelp
2965962,2017-11-29 22:19:17,818272,@AmericanAir What is this on the CLT news that AA Christmas flights are in jeapordy because the system let pilots take off! I just booked a flight yesterday for 4 on Christmas Eve to spend Christmas with my brother for the first time since he is now retired from the Navy.,AmericanAir
2960134,2017-11-29 22:21:28,240578,"@AppleSupport OK, thanks 👍🏻",AppleSupport
2964662,2017-11-29 22:23:07,817961,@SpotifyCares hey your lyrics for You’re Beautiful by James Blunt are wrong he doesn’t say flying high he says fucking high,SpotifyCares
2965297,2017-11-29 22:23:11,818101,Hey @115821 if you wanna keep screwing me then buy me dinner first or at least pay my overdraft fees for charging me for prime 4 times in the last 2 days :-),AmazonHelp
2965811,2017-11-29 22:27:02,571772,@Uber_Support I tried to give you all the info on the accident last night but it says it can't submit.,Uber_Support
2954531,2017-11-29 22:28:01,245632,"@AmazonHelp So?
Not heard of resolution from you

I'm ""returning to sender""
Not my parcel 
Not my responsibility",AmazonHelp
2965370,2017-11-29 22:29:00,818120,"@AppleSupport my new iphone 8 isn't working properly, I can't use facetime, imessages or regular SMS.  How can I fix this?  Thanks!",AppleSupport
2967320,2017-11-29 22:33:01,818588,How unacceptable is it to throw something at someone snoring on the train @VirginTrains? Im weighing up my options...,VirginTrains
2966554,2017-11-29 22:33:10,818409,@AmazonHelp I have a missing package and cannot seem to find a resolution despite having called Amazon. The phone reps are horrible! -_- Do you have a solution for me???,AmazonHelp
2965816,2017-11-29 22:34:06,818237,"@Uber_Support for drivers calling support, is 50 minute hold time normal?  Just wondering if the system is broken or if I should keep holding",Uber_Support
2959423,2017-11-29 22:36:14,133084,"@Delta I don’t mean to be a pest, but the information I was given re my last question seems to be incorrect. https://t.co/SyIr25dsWo",Delta
2928313,2017-11-29 22:36:34,226364,@810122 @TMobileHelp @115913 @226365 @115913 @226366 @TMobileHelp  i have been dealing with this for some time take notes. I have someone dm me and are listening not sure where it will go yet @226367  @136083 new @226368,TMobileHelp
2958778,2017-11-29 22:40:48,816616,@AppleSupport Thanks. I’ll let u know if I can’t find it.    🌴😎,AppleSupport
2966384,2017-11-29 22:41:10,818377,"@116875 pregunta, las tarjetas de regalo compradas en centros comerciales, tienen validez para activación en la cuenta de usuario de Amazon?, el fin d semana compré un par mas las voy a regalar hasta mediados de diciembre , gracias!",AmazonHelp
2966076,2017-11-29 22:41:46,818297,@SouthwestAir No policy on seat saving makes me want to fly another airline.  Open seating doesn’t mean find any unsaved seat!,SouthwestAir
2966565,2017-11-29 22:46:31,818410,@AppleSupport I’ve done a tally of how far I’ve gone this month and this is wrong. It’s actually been wrong all month (from the start it’s said 201.3km/221.3km). What’s going on here? https://t.co/6V0gofHMh1,AppleSupport
2967234,2017-11-29 22:48:02,221707,"@AmericanAir Plz help! I gate checked my bag from MIA-SFO yesterday. it ""arrived at SFO"" but never came to baggage claim. No updates, just radio silence. Whats a loyal customer to do?",AmericanAir
2965238,2017-11-29 22:48:13,226939,@AmazonHelp Dankeschön (:,AmazonHelp
2965772,2017-11-29 22:48:37,818226,@Uber_Support question if you can mail me,Uber_Support
2966403,2017-11-29 22:54:10,806788,"De nada sirve la disculpa q ofrecen,necesito mi pedido!! No estoy jugando!!! https://t.co/ye6GqqKZAT",AmazonHelp
2966558,2017-11-29 22:54:33,727154,@118845 uhm. help? https://t.co/OUchNqD5r0,AppleSupport
2965992,2017-11-29 22:56:15,816886,Doesn’t help when you didn’t know you’re going to be late getting home and wanted to record a hockey game you’re gonna miss the beginning of that you would like to watch from the beginning by setting the DVR https://t.co/vh8kNOXgER,comcastcares
2928685,2017-11-29 22:58:49,810223,@SpotifyCares Yes,SpotifyCares
448773,2017-11-29 23:01:42,221325,@116090 @AmazonHelp,AmazonHelp
2967083,2017-11-29 23:04:26,818527,"Waiting for an @115873 for over 30mins at Gatwick. First one was in a crash, 2nd couldn’t start the car and the next 2 Canceled after 5 mins! Freezing!",Uber_Support
2966445,2017-11-29 23:06:17,818387,@AmazonHelp Oui sans problème. Comment récupérer ma commande en revanche ?,AmazonHelp
2966577,2017-11-29 23:06:48,818413,@AppleSupport Restart didnt help,AppleSupport
2967699,2017-11-29 23:11:13,363085,What a farce. @115830 is asking for feedback on two orders that they say were delivered to my house but we did not receive. Have sent loads of emails detailing the problem and no solutions yet. Hello Big A - anyone out there? https://t.co/94Iv81ZEgk,AmazonHelp
2967868,2017-11-29 23:15:30,818717,@AppleSupport my iPhone X just started displaying this green line down the right side of the screen. Apparently it’s an existing issue. What can I do to resolve this? https://t.co/NaH9iaMuFy,AppleSupport
2967704,2017-11-29 23:15:58,818682,@AmazonHelp Really disappointed in your customer service and return policy.,AmazonHelp
2968666,2017-11-29 23:16:11,818898,Cable/internet out...again. Twister it is! #damnoutage #comcast #dobettercomcast,comcastcares
2969740,2017-11-29 23:16:42,819134,@AmericanAir how concerned should I bet about my flight from Charlotte to Cancun on Christmas Eve not having a pilot???? Will the glitch be fixed by then????,AmericanAir
2967153,2017-11-29 23:19:24,470044,@Delta could someone help me with a flight change?,Delta
2967703,2017-11-29 23:20:30,818682,"@AmazonHelp I ordered the Audioengine HD6 Powered speakers, but received the Passive version instead. I can return them and repurchase, BUT would like the $599 sale price honored. Please assist.",AmazonHelp
2967770,2017-11-29 23:25:03,818686,@AmazonHelp My package should have been delivered today it was next day air but hasn't had any update for 24hrs no one can find it anywhere!!,AmazonHelp
35899,2017-11-29 23:29:37,818835,@123813 Y la temporada 3 de Mr Robot cuándo llega?,AmazonHelp
2967070,2017-11-29 23:29:37,818522,@Uber_Support fasfasfasdfasf asf,Uber_Support
2969010,2017-11-29 23:34:51,818983,Yes @AppleSupport please tell me again how the battery on my iPhone 7 is TOTALLY healthy and brush me off 🙄 https://t.co/QBi8QFQbZZ,AppleSupport
89554,2017-11-29 23:34:59,135370,@SpotifyCares Unfortunately it’s giving me an error when I try to uninstall as well /:,SpotifyCares
76075,2017-11-29 23:35:10,133022,@AmazonHelp So still nothing.,AmazonHelp
2968861,2017-11-29 23:36:15,134035,Now I know how @141157 #battlefront2 customers feel like. Thank you @115911 @TMobileHelp and @115817  @UPSHelp for a sense of pride and accomplishment #customerservice,TMobileHelp
2968579,2017-11-29 23:39:05,818878,"@120576 @VirginTrains @818877 Yes, he said he’s looking forward to being on strike over the Xmas holidays😊😎👍👌☝️",VirginTrains
2966450,2017-11-29 23:43:24,818387,@AmazonHelp Je ne suis pas vraiment rassuré pour le moment... J'attends donc vivement des nouvelles de votre service client.,AmazonHelp
2965756,2017-11-29 23:43:49,818221,Yo @AmericanAir I just need to get to Jamaica right after Christmas... not too concerned about a return flight. Help a brother out.,AmericanAir
2968412,2017-11-29 23:49:56,818848,"@Uber_Support I sent it out from your website, it seems that the driver was not worried of the consequences as he laughed. I did get a refund from what I was charged but I like to express this for other users",Uber_Support
2967846,2017-11-29 23:50:43,818713,@AppleSupport That’s not helpful,AppleSupport
2968281,2017-11-29 23:53:44,523431,"@AmazonHelp No, I received a response telling me about spam emails, only they aren't spam emails I am receiving, i responded again asking that the account was closed &amp; haven't heard anything since.",AmazonHelp
2969707,2017-11-29 23:56:36,643880,Hiya @Delta can you just make sure I’m on the upgrade list for my flight to Denver JPXXDG is my confirmation,Delta
2969863,2017-11-29 23:58:15,819173,"@southwestair flight5989/9001 has been poor by your standards delayed, service slow, excuses, poor communication for delay  you can do better",SouthwestAir
2969514,2017-11-30 00:00:42,784854,"@AmazonHelp Hi Amazon, I need help, my order says it was delivered to my house, but my brother and I all day were here, and never received my shipment from Intelcom Express, ""Delivered without signature"", I've never had this issue before, and need help",AmazonHelp
2969000,2017-11-30 00:05:55,818981,@AppleSupport 11.1.2 and whenever that came out,AppleSupport
2969530,2017-11-30 00:06:07,819098,@AmazonHelp nothing whatsoever! it was previously listed as a completed transaction and then it just disappeared,AmazonHelp
2969793,2017-11-30 00:06:48,819150,I pay for 60mbps downloads. This is stupid. #comcast #xfinity https://t.co/ESVP14BIFc,comcastcares
2969590,2017-11-30 00:08:49,819107,@Uber_Support Been on hold for over 15 minutes trying to resolve an issue with an Uber Eats order...... maybe Twitter is faster?? #UberSupport,Uber_Support
2972118,2017-11-30 00:10:38,269885,"Had a great time showing Landry the cockpit today. He was flying to DFW from Stillwater, OK to meet up with his dad. Super cool dude! You never know how you could end up impacting someone’s life. @238771 @AmericanAir @4898 https://t.co/giLZZWRFVT",AmericanAir
2969443,2017-11-30 00:10:50,580636,"@115821, received 4 items today, 2 were broken - 1 dangerously so. 😫 I know y’all are busy with cyber Monday but you’re better than this 😞😩 https://t.co/RbGChNyPH3",AmazonHelp
2970227,2017-11-30 00:14:45,263569,@AppleSupport When will it be available apple pay cash in Spain?. Thanks,AppleSupport
2969473,2017-11-30 00:17:48,819086,@AmazonHelp I was on the phone for 33 minutes and they weren’t able to cancel part of my order. I’ll be moving out of this address this week therefore won’t be there to “refuse to receive the parcel”. I’ve already accepted that I’m losing that money and now I’m late for class,AmazonHelp
2969489,2017-11-30 00:22:59,819090,@AmazonHelp It seems that I can't make a feedback on the package because I pre-ordered it a while back. The package is damaged. https://t.co/D5fS9CEfZh,AmazonHelp
2970804,2017-11-30 00:24:43,819440,@SpotifyCares my Hulu won’t connect to my Spotify premium account..help,SpotifyCares
2969430,2017-11-30 00:28:03,819076,@AmazonHelp Nov 24 2017,AmazonHelp
2951587,2017-11-30 00:28:14,815030,@Delta Just keep on being ur best selves and the best airline! Maybe I'll come back one day boss,Delta
2971028,2017-11-30 00:33:13,819486,"@115913 @115911 @TMobileHelp Store Number: 4713 can't seem to fix an issue caused by one of their associates. Lucky for him, he has taken PTO until next week. Like an episode of Where's Waldo instead we are looking for Robert?",TMobileHelp
2971316,2017-11-30 00:35:02,819572,@AppleSupport hope is glitch yanno https://t.co/CHzOrqq1N7,AppleSupport
2970754,2017-11-30 00:36:20,236850,@Uber_Support I have done that about 30 times...,Uber_Support
2969535,2017-11-30 00:37:23,202511,@AmazonHelp I snapped a photo of the label of the package that was delivered to our address.,AmazonHelp
2965193,2017-11-30 00:41:05,818085,@AmericanAir But when will you know. I.e. do my flights have pilots now?,AmericanAir
94320,2017-11-30 00:41:41,136475,@116136 You can help by providing internet that doesn't go down &amp; stay down for more than half the day. You're slowing down business &amp; it's the holidays! #shameful #pullittogether @116136 @comcastcares,comcastcares
2970519,2017-11-30 00:44:06,813621,Funny story-I've been on the phone etc with @115821 all day just to find out that my order is once again undeliverable. But thank God @115851 is getting a huge tax break.,AmazonHelp
2970503,2017-11-30 00:50:05,819361,"@AmazonHelp why pay for ""guaranteed"" one-day shipping when the item doesn't arrive in one day? ""Guaranteed on Nov 29."" Well... it never came.",AmazonHelp
2972042,2017-11-30 00:55:11,236075,"@115873 Hi! I'm pretty disappointed with the customer service I've been getting from you. I'm a loyal uber user, I take at least two rides a day, and had the Miami pass activated for automatic renewal, now all of the sudden I don't have my pass. even though I had turned ON.",Uber_Support
2971292,2017-11-30 00:56:39,819567,@115858 you have had how long to fix the I️ and I️t bug? Fix it in two days or I convert to Androids,AppleSupport
2972084,2017-11-30 00:56:46,819737,The typos in this kill me. But shout out to Patrisha G working for the @115888 customer support chat. She's a true blessing to this planet who fixed all my problems and made me laugh when I was all moody. Mariah &amp; I thank you. Give her a raise! https://t.co/NYVC4t2OnG,SpotifyCares
2970538,2017-11-30 00:57:22,179717,"@AmazonHelp I have everything set up (UPS pick up and return), but what I want to re-buy was on sale when I purchased the items.

Can I get those at the original price I did or do I have to pay what the current price is?",AmazonHelp
2971975,2017-11-30 01:01:47,819709,@AmazonHelp prime entails 2 day shipping. Why is this scheduled to come on 12/7? What am I paying for my prime membership for? https://t.co/bM3E4feIVN,AmazonHelp
2972174,2017-11-30 01:02:21,819757,@SouthwestAir The email will have to do then! Thank you!! Jajaja 😂,SouthwestAir
2970506,2017-11-30 01:06:31,819361,"@AmazonHelp It doesn't even say ""Out for Delivery"" yet, just ""In Transit."" Doesn't sound like I'm getting this package today even though that's what was paid for.",AmazonHelp
2974058,2017-11-30 01:07:39,820225,@AmericanAir where can I purchase a checked luggage to add to my reservation on the website?,AmericanAir
2972492,2017-11-30 01:12:10,819841,@AppleSupport iPhone 8 not marking email as “read” when I check email on my MacBook. Just started doing this #whatsup,AppleSupport
2970559,2017-11-30 01:13:36,819369,@AmazonHelp お前んとこのサポセン馬鹿だわ,AmazonHelp
2972095,2017-11-30 01:14:35,819739,Terrific customer service from *TMS at @Delta. #Thankyou again.,Delta
2971907,2017-11-30 01:17:40,721544,@114028 @115821 you have yet to explain to me your policy on damaged deliveries. Keep in mind this is the email you sent me to resolve your error. Do you only conduct business in a court of law? https://t.co/zkx8duN6Xo,AmazonHelp
2972923,2017-11-30 01:21:45,819943,"If @115873 @Uber_Support charges me $5 when I cancel, why don't I get $5 when the driver cancels?",Uber_Support
2978637,2017-11-30 01:23:35,821489,Dear @115900 can we get through an entire week without an internet outage in my neighborhood?  Your own customer service guys told me I’ve been offline 30% of the time in November.,comcastcares
2972884,2017-11-30 01:23:53,322579,"@115821, I want my account tagged. I do not want @118706 to be allowed, to send not one piece of mail from your organization to through @118706. You are fine but @118706 is horrid, dreadful and completely useless.",AmazonHelp
2972210,2017-11-30 01:24:11,138054,@115913 @TMobileHelp @115911 I need your help John. Can you PLEASE look into my issue???,TMobileHelp
2971303,2017-11-30 01:25:36,819570,@AppleSupport My screen is constantly freezing and not being responsive... screen ends up being distorted. Troubles sending images via iMessage/text from the gallery and taking/sending images from text.,AppleSupport
2972880,2017-11-30 01:29:19,127769,"Hey @115821, my package was supposed to be here on Monday. Still isn’t here. And it doesn’t even let me see where it is or track it. Just gives me this when I click “Track Package” https://t.co/jcWbJhHAWC",AmazonHelp
2972858,2017-11-30 01:33:52,310702,"@AmazonHelp The item was purchased October 11, but I applied for refund before then. The package did not get picked up by usps (I live in a building) and it just re-appeared today in the foyer.",AmazonHelp
2973461,2017-11-30 01:38:16,358695,@AppleSupport if you could answer my phone call and not make me sit on hold for 20 minutes that would be cool. 👍🏼😠,AppleSupport
2970806,2017-11-30 01:38:26,819441,@SpotifyCares ya thanks.  thank you spotify cares,SpotifyCares
2972830,2017-11-30 01:39:16,819924,@115821 WHY do I pay for prime if everything is gonna be delayed?? Twice in one week!!!!!,AmazonHelp
2970651,2017-11-30 01:45:03,819392,"@AmazonHelp 3巻が見放題ではなかったです……！(&gt;_&lt;)
でもちょっと読んでみたかったやつなんですよね。ありがとうございます",AmazonHelp
2975244,2017-11-30 01:46:15,820548,@AmericanAir So you’re saying you have enough pilots to fly? Because unless that’s the case there’s still a chance they won’t operated as expected.,AmericanAir
2972805,2017-11-30 01:47:38,819920,"Didn't make good on their offer, but has no problem taking my money @115821 @AmazonHelp resolve this or it will be exposed.",AmazonHelp
489618,2017-11-30 01:54:06,231609,"@AppleSupport Hi, i been experiencing a weird bug on my 2015 MBP today. I have documented it here on https://t.co/A2KYXQOlJL (apple's stackexchange). I cant find any solutions anywhere :(",AppleSupport
2972783,2017-11-30 01:54:20,819918,@AmazonHelp Yes i do! Multiple orders every month it seems.,AmazonHelp
2972986,2017-11-30 01:54:43,819960,@Delta thank you for getting me home earlier than scheduled! Appreciated,Delta
2972898,2017-11-30 01:56:08,819938,@Uber_Support Sent a dm about 10 mins ago,Uber_Support
2973851,2017-11-30 01:59:44,820170,@123813 ya hay fecha para q tenga la App en mi AppleTV? 🙄,AmazonHelp
2973782,2017-11-30 02:04:50,217241,"Guaranteed delivery by today, right now, I doubt that given that it is not even out for delivery. @115821 Prime have been less than stellar in hitting their delivery guarantees, ultimately it doesn't matter, but if the item was time critical, it could be disastrous. https://t.co/f1YuHaC6By",AmazonHelp
2987622,2017-11-30 02:06:37,823769,@comcastcares I need someone to contact me. I AM OVER IT! English speaking please,comcastcares
2974489,2017-11-30 02:10:17,820340,"Is there a way to downgrade my iPhone 6 back to iOS 10? 

It upgraded to 11 against my wishes and is now basically unusable.  

Hey @115858 #iOS11 sucks.",AppleSupport
2973804,2017-11-30 02:10:52,239698,"Shit been out for delivery since 7:57am...&amp; I ordered this shit Nov 1st WTF KINDA ""PRIME"" Service is this @115821 https://t.co/ivTfzUMxlI",AmazonHelp
2973908,2017-11-30 02:14:52,820186,@Uber_Support hey guys I’ve forgotten the email address associated with my mobile number! What to do? I’m locked out of my account,Uber_Support
2973827,2017-11-30 02:16:03,221866,@AmazonHelp Original delivery date was 29 Wednesday 2017. I chose 2 day delivery and I ordered 3 days ago. https://t.co/RMHhRThQBu,AmazonHelp
2974177,2017-11-30 02:16:05,820257,WTG @SouthwestAir   Best in class PROACTIVE customer service. https://t.co/4j6tpSi6N8,SouthwestAir
2974018,2017-11-30 02:20:03,820217,"Hey @Delta, keep getting this msg when I try to buy ATL-MVD, EZE-ATL. Price advertised is almost $500 less than the final price, can you pls fix website to reflect actual price? Would prefer to make an informed decision. Thanks! https://t.co/onDM3mmGKE",Delta
2975719,2017-11-30 02:22:55,820680,@115858 wtf is going on with my phone!!,AppleSupport
2974236,2017-11-30 02:23:56,820277,"@115913 @115911 @TMobileHelp We brought over 12 lines, 6 accounts, from VZ and are now having billing issues. Can use some help, 800 number not doing the trick. H.E.L.P.",TMobileHelp
2974991,2017-11-30 02:25:40,820474,@AmazonHelp can you help me with the status of a couple packages?,AmazonHelp
2978585,2017-11-30 02:29:29,821475,Dear @AmericanAir the LAST thing I need to worry about during finals week is if I'll be experiencing my 1st Christmas away from my family because there are no pilots to fly the planes. Fix this please. 🙏🏾,AmericanAir
2973879,2017-11-30 02:31:10,820178,"@AmazonHelp Wow, @115817 is working late; it just arrived!!  Thank you!!",AmazonHelp
2974418,2017-11-30 02:32:03,139092,Dude it’s like I can’t even be on my phone while it’s charging anymore or it dies @115858 the fuck is y’all doin,AppleSupport
2975019,2017-11-30 02:34:07,820483,"I booked the cab via uber on 28/11 at 8.07am via uber no-9437079203.I got the cab( -MH 14 CX 2549) .I put the mobile in charging. I forgot to collect it.  I called the driver, Driver denied and block all the numbers.
@115873 @116288 https://t.co/MN2hFWatbo",Uber_Support
95437,2017-11-30 02:35:42,136751,@AmazonHelp - It is really poor service or has your online chat support been hacked ?,AmazonHelp
2975671,2017-11-30 02:38:53,154900,@AppleSupport I’m having touch screen issues with my iPhone X. Every so often when I go to type or click somewhere towards the middle of my screen it’s unresponsive.,AppleSupport
2974877,2017-11-30 02:42:38,820444,"@AmazonHelp Initial delivery date was today (2-day shipping). Wasn't delivered, and delivery date updated to Monday. Chatted with rep &amp; they were super unresponsive &amp; blew me off",AmazonHelp
64596,2017-11-30 02:43:42,130816,"xfinitywifi is just Comcast’s massive troll on all of us, right?",comcastcares
2975265,2017-11-30 02:44:27,820557,@820556 @AmericanAir @114180 @Delta It not like the brownies are available for all members. I flew 50k this year and I’m not getting a damn brownie 😒,AmericanAir
2974822,2017-11-30 02:47:15,261401,@AmazonHelp It was to be delivered Tuesday the 28th. UPS is the carrier. Two days now it has been marked out for delivery with no delivery.,AmazonHelp
2978430,2017-11-30 02:49:18,821434,@115888 needs to have an edit username option,SpotifyCares
2972498,2017-11-30 02:52:43,819844,@AppleSupport Didn’t work .... know multiple people having this issue. It’s a new glitch.,AppleSupport
2971988,2017-11-30 02:55:02,819713,@AmazonHelp my latest message states: wait until Sunday and then ask for help. hopefully it won't take that long.,AmazonHelp
2975100,2017-11-30 02:57:48,820510,@Delta Correct. But the link to the elevate your status page that is given doesn’t work.,Delta
2953732,2017-11-30 03:01:25,120480,@AmazonHelp Check dm/inbox,AmazonHelp
2976728,2017-11-30 03:03:04,820952,Also I want to express my HATRED for @Uber_Support @115873 because they make it close to IMPOSSIBLE to accurately dispute a charge on your account in a timely manner. Filling out a text box online isn’t ideal and is frustrating for the victims in these circumstances.,Uber_Support
2959633,2017-11-30 03:05:10,816847,"@816845 @542927 @AmericanAir @816846 Y’all are acting like you have zero other options. FFS, they’ve given you almost a non he notice to have a back up plan in place. Geesh, put on some big girl panties and adult.",AmericanAir
2976446,2017-11-30 03:07:36,820876,"@115850 @115850 i have recording of that. He was saying bike kharab ho gai hai, I m waking, I m coming, and he didn't. Great job Amazon India",AmazonHelp
2970708,2017-11-30 03:14:31,306035,@818644 @819406 @186165 @819402 @Uber_Support @236850 @115873 @115879 Well they’re bad at it and limited with their responses so they should re-evaluate. Other businesses have figured this out.,Uber_Support
2889431,2017-11-30 03:15:18,801118,"@AppleSupport No effect, still having no throughput via Wi-Fi after waking from sleep.",AppleSupport
2976483,2017-11-30 03:16:50,820888,@115821 opened my package and I'm missing half the cover. What steps do I take to fix this? https://t.co/8RMUaOLzjs,AmazonHelp
2983934,2017-11-30 03:21:30,115893,"@116136 @comcastcares 45 minutes, three techs, same 4 questions by each tech answered.  Finally fixed.  What a crap process.",comcastcares
2977237,2017-11-30 03:23:07,821089,@354094 @135517 @TMobileHelp @115911 @115913 my insurance claim is being denied and no body can tell me why @118272 making me send a letter to corporate. I have to buy and envelope and stamp... and write a letter to ask why my claim is being denied. PLEASE HELP,TMobileHelp
2976443,2017-11-30 03:23:39,820875,"When your @115821 order arrives 🙌🏼 and the box is already partially open so you don’t need ✂️, but the top book still ends up with a slice on the edge of the cover? #simplifiedlife #anotsosimplifiedlife https://t.co/Dy7jWm0ru8",AmazonHelp
2970713,2017-11-30 03:24:49,819406,"@306035 @819410 @818644 @186165 @819402 @Uber_Support @236850 @115873 @115879 Or more accurate. The percentage of issues that need a phone call may be incredibly low, making a phone number inefficient.",Uber_Support
2970720,2017-11-30 03:30:28,819410,@819406 @306035 @818644 @186165 @819402 @Uber_Support @236850 @115873 @115879 Am I crazy? Is that a confusing concept???,Uber_Support
2978187,2017-11-30 03:33:59,821366,"@821368 @821367 I've been chatting with @AmazonHelp for about an hour. Their product page of https://t.co/58I34DZDV5 is busted and doesn't reflect the bogo deal, and apparently has the wrong movies in it as well as being broken!",AmazonHelp
2978400,2017-11-30 03:38:42,821427,@Uber_Support What other details do you need? That goes on another 20 times or so. Same day over and over https://t.co/UwxHMviOpy,Uber_Support
2978429,2017-11-30 03:39:13,821434,@SpotifyCares What if you like conquered your fear tho?,SpotifyCares
2976521,2017-11-30 03:41:02,224927,"@AmazonHelp No, I can't because I can't track the items. All I get is that screen, it literally gives me no ornery information aside from the order itself.",AmazonHelp
79997,2017-11-30 03:42:36,133756,Dear @AppleSupport I’ve tried to enter my password a few times now and it keeps kicking back to my iPhone. This is really aggravating https://t.co/OynUUzWA0t,AppleSupport
2978188,2017-11-30 03:51:53,821366,@AmazonHelp Which the person I'm on the phone with right now confirms.,AmazonHelp
2978370,2017-11-30 03:55:29,821419,@Uber_Support DMed,Uber_Support
2980251,2017-11-30 03:57:44,821962,"@AppleSupport Just lost over 500 RAW files because I needed to use adapters for my macbook's USB-C ports and the ports are so finnicky. What do I do, that was all my work for today?",AppleSupport
2950785,2017-11-30 03:59:53,240448,"@AmazonHelp Hiding information and reducing price is a very cheap trick and this is totally unacceptable.

It has been over a week and I have not received any contact from your end. It is so frustrating to run around you guys.
Contact me on 98857 27223 as mentioned earlier.",AmazonHelp
2979648,2017-11-30 04:07:26,131812,@AmazonHelp They are unable to solve the problem! This is unacceptable!,AmazonHelp
2978564,2017-11-30 04:10:06,821468,@AmericanAir Thank you!,AmericanAir
2981004,2017-11-30 04:13:31,193735,@115850 why this discrimination ? https://t.co/BOBV9c5pHQ,AmazonHelp
2981477,2017-11-30 04:13:41,822321,"@115911 I've been a customer for 5 years , your website didn't work for my iPhone 6 to the $300 iPhone x trade in credit  on cyber Monday and your loyalty dept wouldn't even help me out when I called and explained what happened ... terrible customer service",TMobileHelp
79999,2017-11-30 04:13:56,133757,"Dear @AppleSupport, *HUGE* issue at MacOS High Sierra. Ms Outlook is not working. Are you aware of it @115858?@116333 ?? https://t.co/sqrbAK3okU",AppleSupport
2979821,2017-11-30 04:16:33,305369,@Delta do hotel miles count toward medallion status?,Delta
2979737,2017-11-30 04:20:24,821780,@Uber_Support hi i just got charged $8 for a ride that never came to me but started on my trip without me in the car and suddenly ended. i’d like a refund,Uber_Support
2979573,2017-11-30 04:20:56,349964,@AmazonHelp I did not receive a package that says it was delivered. Please contact me.,AmazonHelp
2980989,2017-11-30 04:29:35,822189,"@116928 muy insatisfecha. El filtro de ósmosis inversa comprado por 2da vez ha llegado usado, dañado, viejo y con faltante de piezas. Los filtros parecían recogidos de la basura y envuelto en nailon. Ya les envié fotos. Un producto para regalo y ha sido muy vergonzoso para mi.",AmazonHelp
468728,2017-11-30 04:33:04,226612,@AmazonHelp Yes,AmazonHelp
2979731,2017-11-30 04:34:13,128445,@Uber_Support @821779 Good luck. Communication is far from streamlined over email. They offer the same level of email support as they do phone support.,Uber_Support
2980972,2017-11-30 04:37:16,822185,So the prime membership I pay for to get 2-day shipping on things really is a 2-whothehellknows day shipping? Thanks for being the worst @115821. https://t.co/Pd8iZFzuxU,AmazonHelp
2981984,2017-11-30 04:40:12,822458,when should i expect my top songs of 2017 @115888,SpotifyCares
82004,2017-11-30 04:42:18,134147,@AppleSupport since I’ve updated to the IOS 11 my battery has been draining to quickly I’ve only been using it for 15 mins&amp; it’s drained,AppleSupport
2981456,2017-11-30 04:44:27,822318,@SouthwestAir I’ve been meaning to share this amazing observation of the #WorldsHeroes 😍 https://t.co/pHCsG1qQVy,SouthwestAir
2980939,2017-11-30 04:45:54,822176,@115821 Why such a big box for such a small item? https://t.co/Kd7u1Wqu3y,AmazonHelp
67957,2017-11-30 04:46:10,131508,@comcastcares I've been unable to use the TV Xfinity online viewing for the past 2 weeks :-/ https://t.co/Glubz0daAS,comcastcares
2960541,2017-11-30 04:51:25,807034,@AmazonHelp A combination but appears to have shipped as one package,AmazonHelp
81819,2017-11-30 04:56:47,134122,Hey @AppleSupport why can’t I search on my music app for music without the whole app crashing??!! https://t.co/CweVYCRX3u,AppleSupport
2980897,2017-11-30 04:58:27,163994,@AmazonHelp I placed an order 11/25 from my prime account.  The delivery is now saying 12/6.  I can DM more details.,AmazonHelp
2981880,2017-11-30 05:01:26,822430,"@AmazonHelp Now I am opening the app by clicking the ""View in the amazon app"" link from browser",AmazonHelp
2967305,2017-11-30 05:06:24,818585,@AmericanAir no,AmericanAir
65982,2017-11-30 05:08:28,131096,@Uber_Support ive dm-ed you but no response,Uber_Support
2981873,2017-11-30 05:10:27,822429,Why is @115821 using UPS SurePost instead of UPS Ground for Prime packages in normal 2 day TNT areas? SurePost in this case would deliver in 3 days (Ground +1 day for transfer to USPS). I thought #AmazonPrime = 2-day delivery???,AmazonHelp
2981062,2017-11-30 05:16:10,822210,"@AmazonHelp Amanda doesn’t know what the correct email is to send the verification documents. This is incredibly frustrating. I’ve loved using Prime, but I’m not sure if it is worth the hassle anymore.",AmazonHelp
75202,2017-11-30 05:23:05,132838,@115858 ios 11 on ipad sucks wtf,AppleSupport
2983727,2017-11-30 05:24:31,377696,"@AmazonHelp please help. I need to cancel or re-route an order that was ordered by mistake! It just was ordered yesterday, and just shipped today!!",AmazonHelp
2963997,2017-11-30 05:31:26,817826,@AmazonHelp Even when I put my physical address instead of my po box it still won't work,AmazonHelp
2970693,2017-11-30 05:37:48,819412,@306035 @186165 @819402 @Uber_Support @236850 @115873 I am a giant fan of NYC taxis!,Uber_Support
2980872,2017-11-30 05:39:14,822164,"@AmazonHelp Also, the new phone that i received has a small black spot on the screen which im not sure is in the screen or between the screen guard and the display. If its in the screen then the phone will need to be replaced. I will have to remove the screen guard to check.",AmazonHelp
64264,2017-11-30 05:48:07,130741,"I absolutely hate this fucking thing. I hate this fucking iPhone. Too often, I can’t even remember a tweet long enough to execute it, what with all the distractions. The phone will fall asleep before I’ve finished reading; before my thought is complete. I could go on. @115858",AppleSupport
2984633,2017-11-30 05:48:07,156741,@823022 ayyy @AmazonHelp - any help here? One of his black friday/cyber monday deals got canceled.,AmazonHelp
2984589,2017-11-30 05:55:50,823010,amazon india sucks,AmazonHelp
2984701,2017-11-30 05:56:50,280590,@115877 I'm unable to login as a delivery partner,Uber_Support
2984770,2017-11-30 05:57:29,823052,We need a Christmas album 😏🙏 https://t.co/Y8VSFiJKpp,SpotifyCares
70844,2017-11-30 06:00:31,131904,@115900 you are the worst,comcastcares
2980936,2017-11-30 06:04:38,822175,"@AmazonHelp I did, you can call anytime.",AmazonHelp
2905142,2017-11-30 06:11:11,316305,@AmazonHelp I have discovered the off regular business hours u.s. live chat is hard to read through horrible grammar etc. amazon messed up,AmazonHelp
2976919,2017-11-30 06:11:52,821008,"@AmericanAir If my flight does get canceled due to the recent events of pilots taking leave, what should I do in advance?",AmericanAir
2984573,2017-11-30 06:18:15,817519,@AmazonHelp Bonjour amazon j’ai commande des livres chez vous et il ont été expédié . Mais le numéro de colis n’est pas valide quant je vais sur le suivi de la post Luxembourg.Pouriez vous faire quelques choses ?,AmazonHelp
74902,2017-11-30 06:20:06,132761,When you’re running late and there’s an @115873 4 mins away but keeps connecting you with the one 11 mins away until it won’t let you request a ride anymore ffs uber is broken,Uber_Support
2981476,2017-11-30 06:23:24,822321,@TMobileHelp The uncarrier majorly let me down ... no effort to help me just to try and sell me more stuff ... what in the world ??,TMobileHelp
2980876,2017-11-30 06:29:44,822165,@AmazonHelp @822164 . @115851  this is one of the lamest reason I have heared.....so this proved now that Amazon is not coustmer centric..if you guys cannot accommodate in this condition then you guys are same as the other online portals.FAKE @115850  @AmazonHelp  thanks for the help guys kudos,AmazonHelp
76179,2017-11-30 06:32:16,133045,@Uber_Support I received an email for SF/ Bay area ride pass and when I click on it it says all out!! I’m a college student that needs to go to school for a low price!!!,Uber_Support
84201,2017-11-30 06:38:57,134518,@115858 @AppleSupport any chance that you can look into this?,AppleSupport
2985592,2017-11-30 06:41:01,823252,@Delta I've got two charges on my card for the same trip extra that I haven't received (because it said there was an error) any help?,Delta
2985509,2017-11-30 06:42:15,823221,@AmazonHelp I can’t log into my account. I’ve tried changing my password but it still says incorrect password every time. I need to access it because I bought an amazon egift card and I still haven’t received it.,AmazonHelp
80614,2017-11-30 06:49:11,823484,@116875 Con ese dinero puedo pagar la membresía Prime video?,AmazonHelp
66008,2017-11-30 06:55:37,131101,@SpotifyCares But why is it taking so long?  Royalties related I guess?,SpotifyCares
79371,2017-11-30 06:56:59,133613,"@Uber_Support Hi.. i have checked ,  no one has contacted me yet. Please look into it.
Thanks",Uber_Support
64220,2017-11-30 07:01:39,130737,@AmazonHelp resolved my problrm as soon as problem @AmazonHelp,AmazonHelp
64149,2017-11-30 07:09:20,130724,"So many days yet no update. @AmazonHelp 
There are cases of fraud pick ups.
Guys be aware @130725 @130726 @17497 @130727 @115530 @130728 @115531 @115532 @130729 @115533 @130730 https://t.co/dLyuiAUNro",AmazonHelp
84196,2017-11-30 07:09:48,134516,"@AppleSupport I have this problem with iPad Pro
https://t.co/erYianyQlK
But it does not do it all the time, so apple service does not recognize it.
What can I do?",AppleSupport
2986452,2017-11-30 07:17:13,823471,"@AmazonHelp I was given no explanation for the delay, no answer on why i didn't get my item on the ""guaranteed delivery"" date, and was not offered any update or resolution. ""You just have to wait it out. Call back if you don't have it by Saturday"" #thedumpsterfiregrows",AmazonHelp
2986441,2017-11-30 07:26:20,823468,@AmazonHelp The 28th :(,AmazonHelp
69819,2017-11-30 07:33:24,131812,@AmazonHelp You're customer experience team is not solving The problem. They Said they have no solution. I am preparing video for YouTube/ Facebook/ instagram . If I don't get replacement I will create awareness on weekends to entire India,AmazonHelp
64379,2017-11-30 07:41:20,130777,@SpotifyCares I am the owner of a family Spotify account.  There are four of us who live in the same house. Only two can activate....,SpotifyCares
64034,2017-11-30 07:41:28,130702,@130703 @115830 And this is how amazon deal with a request to close down an account. To bombard you with calls at half six in the morning https://t.co/l9HtnvkW67,AmazonHelp
72365,2017-11-30 07:46:35,132246,4 calls 2 cancelled tech appointments and making me purchase a new router slash modem and it still hasn’t fixed my problems call again they tell me again I need another tech appointment. Wtf Comcast! All the while paying for 100 megabytes and getting about 1. @115900,comcastcares
2953163,2017-11-30 07:49:11,131137,@815382 @VirginTrains @815383 Breakfast?,VirginTrains
87170,2017-11-30 07:50:23,135075,@135074 @115858 @AppleSupport @ATT @117735 no ones just texting u chill,AppleSupport
64167,2017-11-30 07:51:18,130732,"@AmazonHelp There is no contact establish by ur customer care.
I don't expect this form @AmazonHelp .",AmazonHelp
63925,2017-11-30 07:57:18,130684,"えっ……特典抜くと代引きが出来る……
これもう(Amazonの仕様)わかんねぇな",AmazonHelp
63938,2017-11-30 08:05:34,130667,"@AmazonHelp filled the form and got this message 
Your message has been sent. We will contact you within 12 business hours, 7 days a week 10:00 to 19:00 IST.
12 days you need to solve this issue
what the hell it is team",AmazonHelp
64332,2017-11-30 08:05:53,130761,@Uber_Support @130760 @Uber_Support - any specific reason why my queries since a week are being ignored? Including DMs?,Uber_Support
64030,2017-11-30 08:11:14,130702,@AmazonHelp So you want me to contact the same@customer@service that has got me wanting to never do business with you again. How do you think that’s going to go?,AmazonHelp
65887,2017-11-30 08:15:20,131070,@AmazonHelp Have already cancelled order mentioned since there was no meaning in delivered after valuable time. We live in a very much time respecting world and I wish this can be improved later by @115850 and delivery team. Unfortunately nobody called up for reason of order cancellation.,AmazonHelp
64156,2017-11-30 08:19:37,130698,@AmazonHelp No justification why you extended delivery date by 5 days. Even I requested them if I place fresh order will you deliver early...no words on that. Why you have prime service if you deliver in 8 days and in portal you show delivery by tomorrow.,AmazonHelp
64345,2017-11-30 08:19:50,130765,@SpotifyCares hey ! Since 1 hour i can't connect myself anymore with Facebook. https://t.co/afbvhnyfT8,SpotifyCares
64647,2017-11-30 08:23:35,130827,@VirginTrains now telling me they want me off their train all because I’m complaining.,VirginTrains
2969584,2017-11-30 08:26:10,560530,"@Uber_Support next time i will come out and measure the noise level. i am 100% sure it was above legal limits https://t.co/0WOgMgQYT4
lucky i have specialist equipment!!",Uber_Support
63848,2017-11-30 08:28:52,130670,"@AmazonHelp I can appreciate schedules etc, but a little less haste would be in order.",AmazonHelp
75107,2017-11-30 08:34:43,132813,I think I am going to switch from t-mobile to Sprint I keep having problems with my service. @116447 @115913 @TMobileHelp @115911 @115714 @sprintcare,TMobileHelp
65782,2017-11-30 08:37:38,131047,"@AmazonHelp Colis Amazon, j’ai contacté vos services qui ne donnent aucune solution. Carte bleue bloquée , impossible de m’en servir et malgré ça vous continuez à essayer de débiter mon compte",AmazonHelp
87175,2017-11-30 08:40:00,135076,@AppleSupport I'm. Pretty sure this is spam. Just thought I'd pass it on https://t.co/LKhiuqtnox,AppleSupport
67467,2017-11-30 08:48:04,131411,@115850 is this aachi masala costs ₹1776?? Wat is this to be used for?? Sperm whale curry?? https://t.co/feDA162o8J,AmazonHelp
70717,2017-11-30 08:55:52,131862,@115888 WHY WONT YOU LET ME LOG INTO THE APP. I HAVE WIFI. WORST WALK OF MY LIFE 😭😭😭 P.S. WHY WAS I LOGGED OUT IN THE FIRST PLACE????!!!!,SpotifyCares
67921,2017-11-30 08:56:00,131499,@AmericanAir  When are you planning to publish a re-book policy or confirm flight canx due to your scheduling glitch.  @British_Airways  will not let me change my AA operated LHR-JFK flight until you do!,AmericanAir
661411,2017-11-30 08:58:42,733703,@277595 @AmazonHelp 突然失礼します。全く同じ症状で悩んでいたので、大変助かりました。ありがとうございます。,AmazonHelp
65923,2017-11-30 09:02:35,131081,@Uber_Support Thanks for that. It wasn’t 100% helpful. What’s the best way to log a support ticket?,Uber_Support
63947,2017-11-30 09:03:29,130690,@AmazonHelp Yes 2 days then emailed after said wanted another 2 days and still nothing,AmazonHelp
69843,2017-11-30 09:11:17,131815,@AmazonHelp I'm hvng issues with my recently bought 100% original Motorola turbo power charger 2.8 amp delivered on 4th of Nov. It's been less than a month and I'm not getting any solution either from custmr support or the seller. Order id 4__credit_card__ amazon id. Ankursingh,AmazonHelp
68170,2017-11-30 09:12:44,131558,@VirginTrains The 9:28 from Darlington to kings cross.,VirginTrains
67460,2017-11-30 09:19:18,131409,"@AmazonHelp hi there. ordered some items via https://t.co/fHf6tpP90K which are lost in transit. nobody has contacted me, updated me, refunded me. wondering why I am paying for prime if this is the service I get. can you help? email: __email__. thanks.",AmazonHelp
65720,2017-11-30 09:23:10,131038,"@AmazonHelp Can I get a response please? Having checked the reviews for your app, it seems I’m not the only one with strange activity from it. Am I just supposed to suck up the cost of your app not working?",AmazonHelp
87032,2017-11-30 09:25:46,135046,@AppleSupport my iPhone won't let me delete any of my photos. I click delete and then they come back within seconds?!,AppleSupport
67452,2017-11-30 09:29:43,131408,"@AmazonHelp Not to be rude, but you’ve missed the point. I had already cancelled it previously and was charged after. I have also just again cancelled.",AmazonHelp
74908,2017-11-30 09:34:05,132763,@115888 Min musik stannar rätt ofta för att nån annan lyssnar på mitt konto. ”Spotiamb 0.2” nånting. Googlade och fler hade samma problem.,SpotifyCares
69838,2017-11-30 09:34:36,131814,"@AmazonHelp Hi there, still no response from anyone!",AmazonHelp
70662,2017-11-30 09:35:20,131846,"@131847 @115873 Asides keeping mute on our compromised data, your drivers in Ghana don't know how to use Google Maps. 🤨",Uber_Support
86638,2017-11-30 09:36:45,134940,@115900 At least once a week I lose internet late at night for hours. This is frustrating me to no end because you are interrupting my work and putting my job at risk. Can someone please address this or else I will go with CenturyLink.,comcastcares
69629,2017-11-30 09:41:37,131778,Hi @115830 I’m trying to order a Prime item as a Prime customer and only getting the option of delivery on the 2nd December?,AmazonHelp
70861,2017-11-30 09:48:15,131913,"@VirginTrains On the 9:15 to Euston from Man Piccadilly and the train manager, Alex is awesome - funny and lively. Do pass on my comments to his manager. Thanks.",VirginTrains
69855,2017-11-30 09:49:44,130696,@AmazonHelp @115850 I filled details again. Hope you get the details now. PLEASE NOTE: IT HAS BEEN OVER 15 DAYS AND I DONT HAVE MY CASH REFLECTED ON AMAZONPAY. GIVE ME MY MONEY. @115851 #AmazonFails #AmazonFraud #AmazonPayQuiz #AmazonPay,AmazonHelp
72019,2017-11-30 09:55:15,132159,"Amazonから届いた〜📦📦💓

今回買ったやつは､
家用掃除機
車用掃除機
車用ダストボックス
車用クッション
ヘッドライトアイラインフィルム
外装LED3点セット！！

うん、結構買っちゃいましたね笑笑 https://t.co/H3Dy46tsR9",AmazonHelp
71988,2017-11-30 10:00:25,132152,"Bonjour @120533, est-ce-que la livraison en France serait possible dans un futur proche pour cette article ? https://t.co/Z3DjH7qePG https://t.co/GYsDilmtZ1",AmazonHelp
69781,2017-11-30 10:03:45,131807,@115850 Thanks...!!!,AmazonHelp
2958702,2017-11-30 10:08:10,468442,@AppleSupport And it’s stopped working again - definitely a bug here!!,AppleSupport
69624,2017-11-30 10:08:39,131778,"@AmazonHelp It doesn’t say for most items. It says one-day delivery, and that doesn’t appear to be true.",AmazonHelp
70671,2017-11-30 10:12:56,131851,@Uber_Support What else you want me to say? Why don’t you answer publicly? I already spent 1/2 day answering to automated messages. Not this time,Uber_Support
2960003,2017-11-30 10:15:04,816942,@816943 @AmazonHelp A gente gosta tanto que compra pra dar de presente. 😇 https://t.co/EdwK6GdbCv,AmazonHelp
73443,2017-11-30 10:20:39,132425,アマゾンで注文した商品が到着予定日１週間過ぎても来ないんだけどなぜ,AmazonHelp
73988,2017-11-30 10:25:38,132558,@VirginTrains Still waiting for a response though...,VirginTrains
69796,2017-11-30 10:26:42,131812,@AmazonHelp I want replacement ! Don't fool people! I not  Stopping until I get original product!,AmazonHelp
71823,2017-11-30 10:31:45,130691,@AmazonHelp Make sure it gets delivered today. It has been in my city since yesterday early morning. I’m sure it can be done unless you would rather chose to make a fool out of your customers,AmazonHelp
90710,2017-11-30 10:37:17,135640,"@115858 I am having big time issues with Safari, using latest Mac OS High Sierra, automatically some new window keep popping up Mac Safekeeper and other ads I have tried various ad blocker but it doesn't work. please solve this issue. using MBP 2016 touchpad version.",AppleSupport
77683,2017-11-30 10:37:59,133313,@115888 I’ve been trying to change my payment to my Australian card from my UK and an error message saying Spotify isn’t available here keeps showing. Suggestions?? Followed FAQ help online.,SpotifyCares
73574,2017-11-30 10:39:04,132453,"@115830 If an e mail account has been hacked and can't be accessed, how else can you retrieve the link to reset Amazon password?",AmazonHelp
74777,2017-11-30 10:43:11,132737,@AmazonHelp Waiting for further update.,AmazonHelp
67471,2017-11-30 10:48:18,131413,"@AmazonHelp Ho caricato nuovamente i video già prima, ma per alcuni il backup non si avvia proprio. Mentre per altri si caricano, ma poi ricomiciano a ricaricarsi da capo.. https://t.co/jUoLsen8zn",AmazonHelp
73468,2017-11-30 10:53:57,132430,@AmazonHelp Merci beaucoup !,AmazonHelp
90647,2017-11-30 10:59:23,135623,@AppleSupport Hello! Do you guys know if it is possible to store the Photos app library in a NAS? I don’t need to sync iCloud. Thank you!,AppleSupport
74891,2017-11-30 10:59:32,132758,@Uber_Support I looks like the driver helped himself to my food order.,Uber_Support
69800,2017-11-30 11:00:14,131812,@AmazonHelp I am expecting a call from Amazon with date on which product will get replaced! If not I will create a video on how Amazon fools customer in India with fake product,AmazonHelp
75891,2017-11-30 11:07:26,132991,"@AmazonHelp All my past orders were being delivered at same address, still couldn't understand the problem.",AmazonHelp
74627,2017-11-30 11:13:48,132712,"@AmazonHelp @132713 必ず交換してください。

配達員の問題だとしてもそのような配達員がいる配達業者にお願いするAmazonの問題でもありますよね。",AmazonHelp
74845,2017-11-30 11:21:07,132746,@AmazonHelp Already reported. Please re-ship my order. I'll not place a fresh order.,AmazonHelp
76428,2017-11-30 11:21:28,133097,What’s the point of having a KTN if airlines aren’t going to honor it? @AmericanAir,AmericanAir
73426,2017-11-30 11:29:35,132421,"@AmazonHelp What a bummer :( it’s not just this order, DHL is like a synonym for issues (at least on delivery’s to my address).",AmazonHelp
76190,2017-11-30 11:29:42,133048,@115873 really sorry to write from some time your rider have no right to mail you and nothing to contact nos and mail id.,Uber_Support
76035,2017-11-30 11:34:10,133016,@116928  y @4498 unos inútiles. Llevo 2 semanas pidiendo la recogida de un paquete y todavía no se han presentado. #inutiles #decepcion #amazonsucks,AmazonHelp
75923,2017-11-30 11:40:02,132997,@120474 when are Robert Plant tickets for Birmingham being dispatched?,AmazonHelp
76371,2017-11-30 11:42:01,133083,"It appears that you, @Delta, mistyped an update and could have typed “order, only if [you] are priority” instead.",Delta
90649,2017-11-30 11:44:28,135624,"Hey @AppleSupport @115858 can you let me know why my iPhone 6 (normally fit&amp;well, no previous issues) suddenly has battery issues, mic doesn't work, so can't make calls...I won't be upgrading if that's what you want 😂 but I've paid for the phone now so... solve this pls?😃🙌🏽",AppleSupport
75930,2017-11-30 11:46:13,132999,@117634 it would be amazing if I don't have to keep downloading books ive already purchased and downloaded on my kindle. Im ready to get a nook because after years Im over it. Now I can't read because Im out and there are no hotspots #annoying,AmazonHelp
76134,2017-11-30 11:49:40,133035,@Uber_Support hello my app is saying my registration expires today but that is not correct. It does not expire until nxt year plz contact me,Uber_Support
76103,2017-11-30 11:51:45,133028,"@AmazonHelp It just shows ‘Your video library’, ‘Write a product review’ and ‘Hide Order’. No ‘Cancel item’",AmazonHelp
77552,2017-11-30 11:56:06,133278,Hey @115821 thanks for not delivering my package today like my account said for the past two days.. it was my dress for my husband's work Christmas party😭,AmazonHelp
78086,2017-11-30 11:56:40,133412,How early can I get an alcoholic beverage on my flight @SouthwestAir #ItsMyBday #DirtyThirty,SouthwestAir
77493,2017-11-30 11:59:01,133263,"lol, would you mind searching what I asked you to, @116316? 😂 https://t.co/Yu8fQNzL8L",AmazonHelp
78077,2017-11-30 12:02:41,133408,Will Ferrell’s toilet advice most welcome @VirginTrains,VirginTrains
69828,2017-11-30 12:04:10,131813,"@AmazonHelp Don't worry about it, I really can't be bothered. It's a *recurring*, clearly systemic issue...",AmazonHelp
77468,2017-11-30 12:08:52,133255,"@AmazonHelp Kann man irgendwo für solche Aktionen einen Newsletter einstellen, habe schon zum zweiten mal solche Auflade Aktion verpennt, gerade 90 Euro aufgeladen und erst danach gesehen. :( Genau das gleiche ist mir schon mal passiert^^ https://t.co/MV05aEfTae",AmazonHelp
77727,2017-11-30 12:09:31,131452,@SpotifyCares Thankyou :),SpotifyCares
77560,2017-11-30 12:11:48,133281,"@AmazonHelp I hadn't set up a safe place, but based on the fact the driver didn't even knock my door, I don't really have faith than the safe place would even get used. Thanks anyway. I've cancelled my Prime trial. I'll try my neighbour again later.",AmazonHelp
77461,2017-11-30 12:15:29,133254,"@AmazonHelp Not a thing. Just the tracking going from dispatched to ""let us know if it's not here by saturday""",AmazonHelp
77913,2017-11-30 12:18:00,133378,@AmericanAir can we just cancel our holiday flight now to avoid not being able to get on another airline with a full refund!? traveling december 18th!!,AmericanAir
92748,2017-11-30 12:21:05,136089,"@AppleSupport @115858 sometimes I get these emails that are full of dates, times, and things to do that I wish I could just take a screenshot of it and attach in my calendar. Is this a possibility?",AppleSupport
69830,2017-11-30 12:21:46,131813,"@AmazonHelp Tell you what, why don't you send a survey to 1000 randomly selected U.K. Prime customers and ask them how pleased they are with your next-day delivery service? I will bill Amazon £1500 for the consultancy and another £3500 for the execution and reporting. Deal?",AmazonHelp
78093,2017-11-30 12:22:44,133415,@TMobileHelp @115913 Huh. Alright I'll look over everything when I'm able then. Maybe in January,TMobileHelp
78854,2017-11-30 12:27:49,133582,@119625 Even the best quality video stream was blurry on my laptop. Any chance of getting better quality without it necessarily being HD?,AmazonHelp
78878,2017-11-30 12:33:20,133001,"@AmazonHelp los transportistas sois ustedes, Amazon Logistics",AmazonHelp
79361,2017-11-30 12:33:27,133046,"@Uber_Support They already emailed. They replied that gift cards are not refundable etc etc. we didn’t spend them , all we did was update your app! So if you are going to steal $ when the app is updated you should let people know so they don’t update",Uber_Support
78811,2017-11-30 12:38:29,133574,@AmazonHelp Please can you tell me where I can find a VAT invoice for an Amazon prime membership?,AmazonHelp
79594,2017-11-30 12:40:26,133663,@Delta generously credited FF miles after my cross country flight without wifi and inseat entertainment.  #confused as to why I got the same credit after paying for 4 ticketed travelers that a single traveler got.  #notfaircredit,Delta
78808,2017-11-30 12:42:44,133573,@115821 the last two items I ordered from prime aren’t expected until 3 days later even though at checkout they said arriving in 2 days. What’s the point of paying for prime if you can’t deliver? Please explain,AmazonHelp
92815,2017-11-30 12:45:59,136103,"@AppleSupport Hi I would like to ask a question about the iPhone X, Is it alright if is swim with it if I have a screen protector on it?",AppleSupport
80718,2017-11-30 12:46:33,130705,@AmazonHelp Why don't u upload the winner list on Amazon App..  And also taking too much time to accounce quiz winner and not accouncing on given time...  Sorry to say that but it looks like it's all fake fake fake fake.... Totally disappointed with d AmazonQuizApp process,AmazonHelp
79655,2017-11-30 12:50:35,133678,@AmericanAir Thanks.  Just waiting to check it and unable to.,AmericanAir
80792,2017-11-30 12:51:08,133923,@1016 @115850 when is audible launching in India?,AmazonHelp
80742,2017-11-30 12:54:59,133570,"@AmazonHelp When will the winner name will be announced of oneplus5T app quiz",AmazonHelp
80750,2017-11-30 12:58:18,133915,"@4774 sold an iPhone to a buyer who requested return &amp; returned phone with different IMEI. Apple confirmed the phone was not the same, and had also been tampered with. @115821 is taking the buyer’s side. I’m out $600! What can I do? What are my rights? @AmazonHelp",AmazonHelp
91653,2017-11-30 13:01:30,135876,@Uber_Support Uber is now rrying to play with words rather then accepting its own fault &amp; correcting it. It has closed all the doors to establish contact,Uber_Support
67514,2017-11-30 13:02:50,131418,"@AmazonHelp Sure thanks.

Hope @115821 @115850  have reach in atleast the capital city (""Delhi"") of India for which my request is under process and taking this much time for an order replacement.",AmazonHelp
84023,2017-11-30 13:04:21,134464,@VirginTrains hi virgin what's happening about my train on 22nd December As you striking! ?,VirginTrains
80654,2017-11-30 13:05:59,133895,"@AmazonHelp Na klar, geht das auch per DM?",AmazonHelp
80708,2017-11-30 13:09:10,133902,@AmazonHelp Merci :),AmazonHelp
80639,2017-11-30 13:12:22,133891,@AmazonHelp how clever. One of your delivery people just left my package on the doorstep without even knocking. Tracking says it was 'handed' to me! Postmen told me it was there!,AmazonHelp
79400,2017-11-30 13:16:08,133625,"@SpotifyCares Not me, but my bestie. She's trying to make acc on spotify because they said that something went wrong",SpotifyCares
83548,2017-11-30 13:17:18,132134,@AmazonHelp Please give me feedback asap,AmazonHelp
92727,2017-11-30 13:18:14,136078,@AppleSupport my MBP screen goes completely black out of nowhere. I can see it shows some glitter right before going off. Quite strange. Recently upgraded to High Sierra and got the root security fix this morning.,AppleSupport
104481,2017-11-30 13:21:41,139061,@115900 @comcastcares @4795 Extreme overage charges after hurricane. Wouldn’t reach overage even with 2 people streaming netflix nonstop 24/7. Customer service CONTINUES to be the worse. No adjustment at all after 3 hrs on phone!,comcastcares
80590,2017-11-30 13:25:00,133886,@AmazonHelp Hay es donde está el detalle desde ayer y lo que va de hoy los mensajes de texto no me llegan :(. Siempre me llegaban rápido,AmazonHelp
67627,2017-11-30 13:28:45,131440,@Uber_Support if u will not solve my promo error i will have to complaint against you,Uber_Support
80666,2017-11-30 13:29:35,133896,"@AmazonHelp Le 28 je ne reçois rien et je rejoins donc mon mari au restaurant les mains vides me cachant mon repas.  Pour résumé depuis je suis en contact tel avec le service client qui n'a jamais une réponse franche quant au délai, me laissant penser que le problème est chez Chronopost 2/2",AmazonHelp
92721,2017-11-30 13:34:59,136076,HEY @115858 FIX THE DANG BATTERY PROBLEM ON THE IPHONE 7S!!!!,AppleSupport
84038,2017-11-30 13:35:23,134470,@SouthwestAir when will I be able to book October flights? Cause #NKOTBCruise2018 🍾🚢🎉💃🏻#loveeternal #SouthwestHeart,SouthwestAir
80524,2017-11-30 13:36:22,133881,@AmazonHelp I didn’t receive a survey as I as told I was being put through to a manager and then he disconnected the chat completely.,AmazonHelp
83918,2017-11-30 13:36:43,134440,Great day for a flight with @AmericanAir https://t.co/kkbeo84jM1,AmericanAir
83357,2017-11-30 13:42:07,134318,"Mi pedido estaba retrasado por condiciones meteorológicas y casi me muero; pero llego un día antes de lo estimado en 2 de 3 días , i love @116875 prime",AmazonHelp
83445,2017-11-30 13:46:30,134332,@116324  @115830  messafe to amazon please dont use this company they are complet bull cheats and rude!,AmazonHelp
83410,2017-11-30 13:49:45,134325,@115830 Why do you not put some items into a box🙃 the people I buy presents for live at my house and now know everything they are getting 🙃 #fuming,AmazonHelp
83642,2017-11-30 13:52:43,134375,@Uber_Support Thanks. I’ve done that.,Uber_Support
83457,2017-11-30 13:54:23,134335,"@AmazonHelp Nope.  UPS, Fedex and USPS are equal offenders",AmazonHelp
92533,2017-11-30 13:57:47,136037,Absolute shock the iPhone 8 &amp; X come out and my 7 starts shutting down on 30% battery @115858 you are dirty eyed boys,AppleSupport
83370,2017-11-30 13:58:22,134321,"@AmazonHelp I had already called and talked. The guy said it is only available for HDFC bank, however you have mentioned that others banks are available too for the instant cashback in lieu of the interest charged for the EMI. I want to know how much instant discount will be offered?",AmazonHelp
89566,2017-11-30 13:58:57,135373,nako spotify,SpotifyCares
86244,2017-11-30 14:03:27,134827,@115830 could someone explain why I pay for prime one day shipping when everything comes up lately with “free one day delivery” and the delivery date is at least 4 days away? This has happened with every order in the last couple of weeks. What am I paying for.....?,AmazonHelp
86521,2017-11-30 14:06:40,134905,@Delta 12 minutes to check a bag at the Sky Priority PHX. Normal line faster. 😬 https://t.co/7BxZv4zf4X,Delta
86192,2017-11-30 14:09:32,134816,"@AmazonHelp That's three distinct #fails: Hiring IntelCom, IntelCom's total collapse, and 's chat promises broken. *sigh*",AmazonHelp
86332,2017-11-30 14:12:39,134849,@Uber_Support sent a DM,Uber_Support
86540,2017-11-30 14:13:11,134908,@AmericanAir So when will you tell us if our flights have been cancelled due to your scheduling issue? Don't want to trust you up till the last minute only to end up stranded on Christmas away from my family. How about a refund/rebooking in advance?,AmericanAir
83542,2017-11-30 14:14:13,134352,@AmazonHelp and your customer support url is just redirecting me to my tracking details page.. plz plz plz stop making fool. it just showing out for delivery since last 5hrs. can u imagine my patience level?? its 7:45 for one day delivery,AmazonHelp
94893,2017-11-30 14:17:37,136627,@115858 @AppleSupport @2310 have a Mac mini for business as soon as I got it had to return it didn’t work still have issues from that finally crashed lost everything Apple user for almost 20 years so disappointed and upset what are y’all going to do??,AppleSupport
2966416,2017-11-30 14:19:11,226056,"@AmazonHelp For clarity, my question is around why standards seem to have changed for Prime deliveries? When I called Customer Service, the agent really was clueless and gave me multiple excuses I easily refuted with prior examples (e.g., delay was due to shipper not being Amazon - FALSE).",AmazonHelp
89302,2017-11-30 14:26:39,135309,lamentable y denunciable servicio de @116928 entregando tus paquetes a completos desconocidos y desentendiéndose del tema y derivándote a SU proveedor para que te busques la vida tú solito... y mientras con TU dinero en SU cuenta bancaria...,AmazonHelp
89826,2017-11-30 14:27:16,135448,Did @TMobileHelp stop providing free GoGo WiFi on @Delta flights?! I have one plus but only options are paying on the landing page.,TMobileHelp
89435,2017-11-30 14:30:36,135353,If I’m the first person in an Uber pool why the fuck do I get dropped off last?! Turned a 20 minute ride into an hour+ long inconvenience. about to miss my flight and shit. 🙄 @Uber_Support,Uber_Support
89971,2017-11-30 14:33:03,135502,"@VirginTrains Hi, I have a train booked from Liverpool to Euston on 22nd December. Do you know if this train will be running due to the strikes ? Or is it possible to transfer to travel the day before? Thanks.",VirginTrains
89203,2017-11-30 14:34:07,135293,"@AmazonHelp  - dear Amazon help - HELP! I'm dealing with Amazon for more than over a week now trying to cancel my order that has been partially paid with a giftcard and partially with a creditcard, but Amazon does not accept the creditcard payment 1/2",AmazonHelp
94891,2017-11-30 14:35:23,136626,"I got my phone fixed 2 weeks ago and I just dropped my phone with a case on it ON CARPET from at MOST four feet, and my screen shattered.... @AppleSupport how?",AppleSupport
89315,2017-11-30 14:38:10,135314,@AmazonHelp That it’s @115817’s fault and that Amazon won’t fix it because “it’s not our fault.”,AmazonHelp
89218,2017-11-30 14:41:50,135294,Oh @AmazonHelp your support has failed me this morning and I'm terribly disappointed. Normally I rave about Amazon customer service but not today.,AmazonHelp
89389,2017-11-30 14:44:00,135339,@Uber_Support it’s my suggestion for customer support you have a toll free number at least... Uber is not a cap company it’s brand name #UberRide,Uber_Support
75871,2017-11-30 14:44:56,132985,"@AmazonHelp Didn't get the package today also, amazed. i waited till 7:15 pm though my office closes at 6 pm. Thank u very much",AmazonHelp
91932,2017-11-30 14:46:28,135931,"Considering that the 8am SFO-JFK was delayed till 5pm due to maintainance, and many were prob rebooked on the 11:45 (meaning not getting home for dinner) can you process the biz-first upgrades so some of us can get biz upgrades? @AmericanAir",AmericanAir
106753,2017-11-30 14:46:56,139679,@comcastcares It's me again. Dealing with our weekly internet outage. I sent FB message to #COMCRAP but no reply. $60 per month for less than 1 Mbps? 🤔 https://t.co/1RSL1C7JlF,comcastcares
80601,2017-11-30 14:51:45,135285,@116875 Buen días,AmazonHelp
94872,2017-11-30 14:52:31,136619,Pretty pissed off at @115858 right now.  #ios11 has completely fucked my iphone 6. Trying to roll back and it just got worse. Three hours charge is not cool #sopissedoffrightnow,AppleSupport
89514,2017-11-30 14:52:59,135363,@SpotifyCares Email is __email__,SpotifyCares
86037,2017-11-30 14:54:21,134787,"@AmazonHelp If I order something on Monday that is on Prime, I expect to get it AT THE LATEST on Thuraday. Not Friday or Saturday.",AmazonHelp
89794,2017-11-30 14:56:21,135437,Pretty pissed that @Delta won't let me use the voucher they gave me for a flight for my wife.,Delta
89428,2017-11-30 14:57:52,135351,@Uber_Support I will see if I have time for that,Uber_Support
89249,2017-11-30 14:58:12,135302,@AmazonHelp Chronopost,AmazonHelp
86034,2017-11-30 15:02:18,134786,@AmazonHelp Trovato! Grazie :),AmazonHelp
81801,2017-11-30 15:04:52,134117,@AppleSupport Nope looks normal again!,AppleSupport
91303,2017-11-30 15:08:40,135800,"@AmazonHelp An item was missing from a multi-order box. The gift receipt is there, but the item isn't. Can you point me to a link where I can resolve this?",AmazonHelp
91574,2017-11-30 15:12:44,135857,@Uber_Support how do delivery drivers see the fare amounts for their city? Pick up rate|drop off rate|mileage rate,Uber_Support
91316,2017-11-30 15:13:16,135805,@AmazonHelp Es un regalo de Navidad,AmazonHelp
89979,2017-11-30 15:14:08,135505,@SouthwestAir Next time I'm just flying to Middway and renting a car.,SouthwestAir
94241,2017-11-30 15:15:58,136455,@AmericanAir does this mean I’m stuck in California for Christmas,AmericanAir
91300,2017-11-30 15:18:31,135800,@AmazonHelp There's really no good way to report that an item was missing. It asks if I want to return an item but there is no item to return.,AmazonHelp
93659,2017-11-30 15:25:08,136300,"Coucou @120533 - pourriez vous me dire ce que vous entendez par ""Le colis a été livré à un résident"" avec Amazon Logistics ? Parce que là j'ai un peu peur pour mes commandes en cours à 100 euros et plus... (cc @136301 ) https://t.co/kBN3bxCaNE",AmazonHelp
94751,2017-11-30 15:26:08,136581,@AppleSupport iPhone X Bluetooth connectivity issues with JabraConnect headset. Cuts in and out all the time. Didn’t with my 7+,AppleSupport
76141,2017-11-30 15:27:02,133036,"@Uber_Support Thank you so much,best customer service by far!",Uber_Support
93879,2017-11-30 15:28:12,136359,"@SpotifyCares Hi, please help. I have recently renewed my mobile contract and they have offered me 24 months Spotify premium to sweeten the deal. I'm already a premium subscriber so what's my best option going fwd. Cancel and start from scratch? Tia",SpotifyCares
86243,2017-11-30 15:29:07,134827,@AmazonHelp Every item I’ve ordered in the last 2 weeks. Placed an order today said delivery tomorrow then at payment changes to 4th just one example. Not sure why I’m paying for prime....,AmazonHelp
93539,2017-11-30 15:32:47,136273,@AmazonHelp Further this latest very late shipment was a re-order of an item that Amazon lost from an order on 11/19. I needed this item BEFORE Thanksgiving and I am still waiting on it even now. This isn't a one time thing. This has become the norm,AmazonHelp
93826,2017-11-30 15:37:05,136342,@Uber_Support already tried that.,Uber_Support
93597,2017-11-30 15:37:15,120686,@AmazonHelp I think its oneplus 5T,AmazonHelp
94792,2017-11-30 15:37:44,136594,@AppleSupport  what is this https://t.co/b2Oj7Et67B,AppleSupport
93584,2017-11-30 15:40:06,136284,"@AmazonHelp Non je sais même pas où vous joindre, j'aimerais juste qu'on me livre de nouveaux ce colis jamais livré !",AmazonHelp
94431,2017-11-30 15:40:49,136504,"@TMobileHelp Are you still offering the WiFi hotspot wireless routers, and how many per account can you have?",TMobileHelp
94135,2017-11-30 15:44:07,136423,@Delta I love you.,Delta
95421,2017-11-30 15:45:07,136748,@120533 @132743 Commande qui devait arrivé aujourd'hui non livré ... rien sur le suivis,AmazonHelp
2959672,2017-11-30 15:46:14,200417,"@816857 @816858 @AmericanAir @730364 I called them yesterday to ask this very same question and was told that “flights can be cancelled as late as when you’re on the plane, so there’s no way of knowing. We will schedule you for the next available flight should yours be cancelled.” Super unhelpful.",AmericanAir
90582,2017-11-30 15:47:14,128527,@AppleSupport Sorry Twitter won't let me DM you because I refuse to give my phone number to a company that cannot safe guard data.   I'm on 11.1.1 and refuse to upgrade to 11.1.2 because of the huge security flaw.,AppleSupport
91266,2017-11-30 15:50:27,135793,"@AmazonHelp @120533 feriez mieux de prendre exemple sur @131800 qui :

N'a pas essayé de me vendre une snes mini 15eu plus cher en preco

N'a pas refusé le paiement en 4x

M'a livré en 24h dans un endroit sûr et accessible et ce sans supplément",AmazonHelp
94417,2017-11-30 15:52:40,136500,Sunset. Euston to Penrith. @VirginTrains https://t.co/A15oMOJcNx,VirginTrains
93557,2017-11-30 15:54:05,136277,@AmazonHelp  https://t.co/GLjt6J2gjI,AmazonHelp
93752,2017-11-30 15:54:13,136323,"@Uber_Support sort of confused on how the Uber pass works. Been getting offered  the pass for months and now have not been given the option to renew. I won’t be able to afford using Uber without the pass anymore, it’s unfortunate.",Uber_Support
95412,2017-11-30 15:58:57,136745,@115821 has the worst customer service,AmazonHelp
96931,2017-11-30 16:00:32,119652,"@115858 @AppleSupport why does my iPhone X continue to switch to automatic time zone? I’m gonna be late, bruh.",AppleSupport
67985,2017-11-30 16:02:05,131521,"@131520 @comcastcares @131519 Link much appreciated Doug. Scorn reserved for @116136 for being deliberately evasive, and for @comcastcares not responding in a timely manner. The functionality of the app is vastly reduced as a result. Typical Comcast experience. SMH",comcastcares
91280,2017-11-30 16:02:27,135796,@AmazonHelp Is this what your looking for? https://t.co/vIzG190ZpG,AmazonHelp
96028,2017-11-30 16:04:00,136922,What the entire fuck @AmericanAir,AmericanAir
93471,2017-11-30 16:06:50,136256,"@AmazonHelp It was originally 11/28. The Salvation Army is set to pick up gifts on today ... And I don't have the gift, so my Angel's gift is incomplete.",AmazonHelp
86063,2017-11-30 16:09:03,134791,@AmazonHelp Everything is correct as I've said the payment for another item is been taking as it is so that's not the issue,AmazonHelp
89371,2017-11-30 16:09:18,135331,@135330 @Uber_Support @135329 LOL 😂😅😂😂😂😂😂😂,Uber_Support
95830,2017-11-30 16:10:41,136863,@115888 Hey Spotify my password was reset by you guys but your password reset page isn’t working! It gives a CSRF invalid token error! Please help!,SpotifyCares
95309,2017-11-30 16:13:14,136726,@AmazonHelp Par amazon. Y a-t-il une possibilite pour que vous m'expediez la recharge 2018 s'il vous plait?,AmazonHelp
96935,2017-11-30 16:13:20,137157,@AppleSupport Hello! Why my music profile doesn’t look like that on the first picture? https://t.co/M9qH6Y0RBp,AppleSupport
95931,2017-11-30 16:15:15,134424,@Delta what a great flight to Raleigh this morning.  Between the Delta Sky Club at Newark and the smooth flight I cannot be more pleased.  I will for sure fly your airline again for this route.,Delta
96899,2017-11-30 16:18:10,137149,@AppleSupport why is the icon for certain apps in the @118936 different than the ones that dlonwload to my home screen?,AppleSupport
93670,2017-11-30 16:19:01,136304,"@AmazonHelp Had a conference call with your customer service rep and UPS. Amazon is creating shipping labels too late. So I ordered a package on Nov 28, Amz said it would be delivered the 30th, but Amz isn’t creating a label until 5:30pm on the 29th so UPS thinks it should be delivered 12/1",AmazonHelp
95986,2017-11-30 16:21:46,136905,What is on your Boarding playlist this weekend ? @AmericanAir @Delta @JetBlue @AlaskaAir @116450 @136906 @135156 @120279 #Playlist,AmericanAir
96730,2017-11-30 16:23:34,137109,@115850 Order# 408-0641008-6452309,AmazonHelp
97655,2017-11-30 16:26:11,137377,"Charged £100 cleaning fee for a mess we didn’t make 12 hours after our journey, no evidence to prove it was us shows pics which could be anything by anyone. @115873 complete bullshit @Uber_Support replied with blatant PR automatic responses. Probably just a scam from the driver",Uber_Support
97033,2017-11-30 16:26:46,137182,@AppleSupport Also can send fine from my MBP. Just two Macs in our house cannot send or receive.,AppleSupport
93677,2017-11-30 16:27:35,136305,"@136304 @AmazonHelp I hear you. I'm in the same boat right now. If the package has to travel across the country instead of from a local Amazon warehouse, that's when this happens. My local warehouse packages get here fine. Cross country, God help me.",AmazonHelp
98582,2017-11-30 16:29:49,137574,"@115850 
See product quality of school shoes fake Bata shoe. After just 2 days sole get out of shoes. Didn't expect from leading e-commerce brand. Shame https://t.co/g5mTOwGRUy",AmazonHelp
98342,2017-11-30 16:30:56,137500,@VirginTrains can someone explain why the unreserved coach now has reservations???,VirginTrains
96666,2017-11-30 16:32:41,137097,"Orrr. @AmazonHelp 
""Der erste Zustellungsversuch war erfolglos. Der zweite Zustellungsversuch erfolgt am folgenden Werktag.""

Nein, der Versuch hat gar nicht stattgefunden! Mal wieder.

#AmazonLogistics #Nervscheiß",AmazonHelp
98824,2017-11-30 16:34:31,137628,My phone wouldn't turn on for an hour @115858 we're going to have some problems,AppleSupport
86067,2017-11-30 16:35:06,134791,@AmazonHelp To say Iv 3 days to pay and I've been trying since yesterday and YOUR SYSTEM WONT LET ME!!! so I think it's because it's not willing to give me the original deal and considering I've been told Iv 3 days it SHOULD be honoured,AmazonHelp
96631,2017-11-30 16:39:05,137087,"I'm geting sick of this shit, first my package was gonna arrive by tuesday, then friday, now next monday! Are you kidding me! #Amazon never shopping from you again #Amazon",AmazonHelp
98818,2017-11-30 16:43:51,137626,I really hate @115858. The latest #iphone updates have so many problems. I can't crop photos. It refuses to use the ringtone I set in my settings. Half my apps crash. Can't wait to switch to #Samsung. @AppleSupport,AppleSupport
99935,2017-11-30 16:44:21,133570,"@AmazonHelp 
When will we get the result of oneplus5TAppquiz",AmazonHelp
98714,2017-11-30 16:46:39,137607,@AmazonHelp Thx but nothing at checkout otherwise I wouldn't have ordered it. Whole point is that she gets it on the 1st and you've just ruined that.,AmazonHelp
96049,2017-11-30 16:46:43,136929,@AmericanAir I called. I was told there's a $200 change fee. Then the rep insisted on cancelling his reservation it appeared so rather than that seat go unused it could be re-sold despite the fact I wasn't offered a refund.,AmericanAir
100065,2017-11-30 16:47:13,137919,"@Uber_Support how is it I use Uber a lot more than my wife, yet she is the one that gets an email letting her know when Uber flat rates go on sale and I get nothing?",Uber_Support
98426,2017-11-30 16:48:27,137526,@SouthwestAir Got it. I’ll keep that in mind for future trips. 👌🏽,SouthwestAir
96665,2017-11-30 16:48:42,137097,"@AmazonHelp Nein. Auch keine Karte. 
Leider kein Einzelfall, in den letzten 2-3 Wochen häuft es sich. Pakete ohne Zustellversuch bei Läden abgegeben oder Angeblich nicht angetroffen. Ein Paket ist ganz verschwunden. 
Support ist informiert, aber so geht es nicht weiter!",AmazonHelp
106322,2017-11-30 16:48:45,139557,@SpotifyCares why did you remove sharing songs within your platform. I used it daily. you dropping features and not the price is a bit **** dont you think?,SpotifyCares
95364,2017-11-30 16:51:41,136736,@AmazonHelp Enviado por amazon EU S.a.r.L,AmazonHelp
98383,2017-11-30 16:51:56,137513,"@115913 Me: ""Alexa, why does my T-Mobile signal still suck indoors?""

Alexa: "".......""

Found it",TMobileHelp
87020,2017-11-30 16:52:00,135041,@AppleSupport Okay no problem,AppleSupport
100506,2017-11-30 16:54:32,137972,"@Delta Is your website down? I've been trying to change a ticket I have with you guys and when I click review and purchase, it says an error occurred. Please help!",Delta
96630,2017-11-30 16:55:48,137087,"@AmazonHelp One by Amazon EU S.a.r.L., the other BigMouth International Ltd",AmazonHelp
97087,2017-11-30 16:57:11,137196,@AppleSupport iOS : 11.1.2 and I’m using native app,AppleSupport
99908,2017-11-30 17:01:18,137876,".@124285 at it's best.

@116316 Lieferung sollte heute Zugestellt werden, ist aber immernoch im Startpaketzentrum und ich häng gleich wieder seit 30 Minuten in der Warteschleife. 

Amazon, verschickt einfach mit @122924, dann kommt es wenigstens gar nicht an...",AmazonHelp
100080,2017-11-30 17:04:23,137924,@4377 ordered first time and perhaps the last time too. Worst service. Long delivery time. @Uber_Support also of no use.,Uber_Support
99834,2017-11-30 17:06:45,137859,"@AmazonHelp Non pas encore. Ce sont mes cadeaux de Noël, j'attends ce soir que mes enfants soient au lit",AmazonHelp
100825,2017-11-30 17:09:20,138051,"@VirginTrains @138052 @120576 Thanks :-). What I’m suggesting is that you run a season of journeys where a composer sets the journey to music,played aloud (on good speakers) in a carriage. There could be no better soundtrack IMHO than Philip Glass (I’m currently hurtling through Britain to the Tirol concerto)",VirginTrains
99937,2017-11-30 17:09:55,137882,"@116090 the worst. I had one great year with you, followed by now three terrible years. I'm done. Awful company, awful service #fail",AmazonHelp
99762,2017-11-30 17:13:01,137843,Bonjour @120533. C’est normal que les livreurs laissent les colis à la portée de tout le monde ? https://t.co/EKSQio8UpZ,AmazonHelp
101231,2017-11-30 17:13:22,138152,Noticed a bug on my @115858 iPhone X/iOS 11.1.2 While I’m on the phone I can’t close apps.,AppleSupport
100607,2017-11-30 17:14:31,138004,@AmericanAir you're like the time warner cable of airlines,AmericanAir
93622,2017-11-30 17:17:41,136291,@AmazonHelp It says Amazon,AmazonHelp
100010,2017-11-30 17:17:54,137905,so i use @115873 about 3 times a week minimum and have also been a fan until the driver fully extorted my friends and I on Saturday night,Uber_Support
104102,2017-11-30 17:18:15,138950,@SpotifyCares hey guys. I can't get back logged in. Even the email address I registered with isn't being recognized,SpotifyCares
102282,2017-11-30 17:20:31,138440,@Delta why do I continue 2get “upgraded” to middle Comfort seat? 3 more inches of legroom? Been an aisle guy 12 yrs flying u Stop! #platinum,Delta
96635,2017-11-30 17:22:36,137087,@AmazonHelp I've no idea who,AmazonHelp
106712,2017-11-30 17:25:09,138184,@116136 @comcastcares I guess now that everything is moving towards streaming you’ve finally decided to mind your P’s and Q’s. Way too late to run a good business,comcastcares
89193,2017-11-30 17:26:20,135291,"@AmazonHelp I just got off the line with you guys, in summary: @116324 lied about delivery, lied about coming to my door, hung up on your own customer service (poor girl). So I refunded it.",AmazonHelp
100102,2017-11-30 17:27:20,137934,"@Uber_Support Ok, sent a DM about 10 mins ago.  Looking forward to hearing from you.  🙂",Uber_Support
96787,2017-11-30 17:29:31,137125,@AmazonHelp As I have told you before they do not connect to an agent without placing an order. I can send you the audio clip for confirmation,AmazonHelp
103169,2017-11-30 17:30:57,138696,Hey @AppleSupport - Over the last few days my messages app on  my iMac and MBA stopped syncing with my iMessages from my iOS devices.  Any ideas on how to fix this problem?  I've lost one of my favorite parts of #AppleSimplicity,AppleSupport
99864,2017-11-30 17:35:02,137867,"@AmazonHelp No, I have not. And if I did I'm sure I'd get nothing different from the tracking info provided. ""A carrier delay has occurred."" This is not the first time. Hense, my suggestion that you look into your relationship with your Prime carriers. I never have this problem w/@115817.",AmazonHelp
102320,2017-11-30 17:36:20,138453,My flight was absolutely awful today but I have to say the @AmericanAir boarding playlist  is top notch.,AmericanAir
101766,2017-11-30 17:37:26,138292,@AmazonHelp It says it was delivered by UPS,AmazonHelp
86226,2017-11-30 17:41:40,134821,@AmazonHelp It doesn’t say. Just shipped by Amazon Logistics. Kinda ironic and not logical,AmazonHelp
102460,2017-11-30 17:44:23,138500,"@TMobileHelp I've messaged you, and would apparently response tonight",TMobileHelp
102142,2017-11-30 17:44:36,138393,"@115873 you quoted £10 to 13 for my trip today but charged 17.37. .?? Surely you know London traffic, it was not rush hour!!",Uber_Support
101748,2017-11-30 17:45:55,138287,@AmazonHelp Ouais j’ai envoyer un truc par mail.... j’espère qu’il y aura réponse.....,AmazonHelp
105441,2017-11-30 17:47:41,139293,"@AppleSupport so. i hate updates. ive rebooted iphone 6  37 times now &amp; still the screen freezes. i cant answer calls, send or read texts, et al.this is the worst it’s ever been. i cant deal. ready to ditch Apple aftr 20 yrs",AppleSupport
101728,2017-11-30 17:50:11,138283,"@AmazonHelp Vendido y enviado por amazon. Lo que me gustaría saber si llegará el lunes o no, ya que estoy perdido al que cambiara la fecha jaja",AmazonHelp
104147,2017-11-30 17:50:44,138961,"@SpotifyCares spotify at first said no internet connection even though I have one. I cleared cache, uninstalled, reinstalled. Now I can't log in. Changed Facebook password, nothing works. Help!",SpotifyCares
102955,2017-11-30 17:54:02,138642,"Please stop purchasing mobile from amazon. Now days, they are not returning the mobile. They are giving only replace option. I have purchased the wrong mobile. Now they are not returning @115821 @AmazonHelp",AmazonHelp
102421,2017-11-30 17:54:17,138491,@VirginTrains I take it at least twice a week and not seen much proof of that!!!,VirginTrains
104722,2017-11-30 17:56:06,139132,@SouthwestAir 1st flight and fell in #luv #1stflight https://t.co/CZXJiZJaWE,SouthwestAir
95403,2017-11-30 18:00:03,136742,"@AmazonHelp Nem ideia, alguma sugestão? 😅",AmazonHelp
104037,2017-11-30 18:00:26,138929,@Uber_Support You copy that right from the app didn’t you #lazy. Think I couldn’t have gathered that information on my own?,Uber_Support
105283,2017-11-30 18:03:05,138671,@AmazonHelp this account contact me asking for my card details after I contact you. @139249 https://t.co/6rCcxTLx6R,AmazonHelp
105378,2017-11-30 18:03:54,139274,"@AppleSupport So like I said from the start you can’t turn it off fully from the control centre. 
“If you want to completely disable Wi-Fi and Bluetooth for all networks and devices, follow these steps:
To turn off Wi-Fi, go to Settings &gt; Wi-Fi and turn off Wi-Fi.”",AppleSupport
102979,2017-11-30 18:05:28,138646,@115821 where can I make complaints about the 2-day shipping that takes 4-days?,AmazonHelp
104370,2017-11-30 18:06:32,139019,So @AmericanAir when will I know if my Christmas Time flight will have a pilot or not??,AmericanAir
104461,2017-11-30 18:09:00,132260,@139053 Comcast tech support follows me on twitter now so that's fun.,comcastcares
101767,2017-11-30 18:09:38,138292,@AmazonHelp The issue is that it says that the package was delivered and left on my doorstep but they didn't knock on the door or anything like that so I never received the 2nd part of my package.,AmazonHelp
105281,2017-11-30 18:14:09,139248,"@115833 I’m having some trouble with Alexa, any troubleshooting tips? https://t.co/yDouAhYw1X",AmazonHelp
105367,2017-11-30 18:14:33,139271,#AppleSupport Since Sierra update (10.12.6) mouse &amp; keyboard constantly losing/regaining bluetooth esp in FCPX. Bought wired set up &amp; even then Mac freezes on occasions. Out of pocket by €300 with this upgrade and doesn't function properly - Any suggestions @applesupport,AppleSupport
106354,2017-11-30 18:15:23,139569,"@132995 @139570 @115888 @SpotifyCares No, wait. Send a tweet and music has gone.",SpotifyCares
469591,2017-11-30 18:19:15,145284,"@Delta Hi, quick question about Basic Economy fares. As someone w/ status that gets Sky Priority, what happens when we book on Basic Economy? Will we have to pay for bags?",Delta
105031,2017-11-30 18:20:22,139204,@AmazonHelp This is a reorder of an item that got destroyed (resolved) and I just got the email saying the new package would be here two days ago.,AmazonHelp
104009,2017-11-30 18:23:50,138922,@Uber_Support I don't ever receive a email for the flat fare. What can I do to receive it. I really need it. Specially just moving to this new city.,Uber_Support
105361,2017-11-30 18:24:04,139269,"iPhone don’t even need to fix that letter i glitch anymore, I️ see a question box and I️ already know what It is smh... y’all takin forever @115858",AppleSupport
105036,2017-11-30 18:24:10,139205,"@AmazonHelp Mon colis est bien arrivé, ouvert 😬 mais bien arrivé quand même :)",AmazonHelp
105200,2017-11-30 18:26:42,139233,@116316 @124285  Hallo ich habe heute mein Paket völlig durchnässt erhalten. Der Inhalt ist unbrauchbar geworden. An wen wende ich mich bzw wer ist hier in der Verantwortung? Vielen Dank! https://t.co/Ud4pcyu2NE,AmazonHelp
104999,2017-11-30 18:31:08,136634,Da war @134825 wieder sehr vorsichtig mit meiner Sendung von @AmazonHelp unterwegs 🤷‍♂️😞 https://t.co/hQ96OqGOxz,AmazonHelp
104712,2017-11-30 18:32:22,139127,@SouthwestAir 😔 Ty anyways,SouthwestAir
448003,2017-11-30 18:34:10,619048,"@AmericanAir How soon until we know?  I am hoping you resolve the issue and we are covered but if I need to make other arrangements, I need to know asap.",AmericanAir
105021,2017-11-30 18:34:26,139202,@115830 as a customer and a prime member I didn’t expect my item to be delivered with no packaging which has caused damage to a Christmas gift. Picture below is just a little taste of how my item was delivered. https://t.co/BT58Nhs5Si,AmazonHelp
105338,2017-11-30 18:36:23,139262,@AppleSupport I am using an iPhone 8 Plus and iOS 11.1.2,AppleSupport
104047,2017-11-30 18:37:57,138933,@Uber_Support I have done this multiple times and have had no feedback. My world is in that bag 😩,Uber_Support
107335,2017-11-30 18:38:56,139838,"@AmazonHelp hello, she has done that, they have sorted the extra payments that went out but she still hasnt recieved her parcels, and they havent told her where they are, just says they were delivered last friday...Amazon is abit of a joke if im honest!",AmazonHelp
106988,2017-11-30 18:42:33,139753,@VirginTrains Any idea how long a response takes? Another week and still no reply?,VirginTrains
103029,2017-11-30 18:43:50,138659,"@AmazonHelp To clarify, if I bought it under normal 2 day your system now says I'd have it Saturday. But since I chose 1 day, I get it Monday.",AmazonHelp
448852,2017-11-30 18:49:00,221342,"@115888 guys, is their any important reason why so many people can’t use Spotify? Come on guys... plz do reconsider.",SpotifyCares
1808828,2017-11-30 18:49:47,543419,@115830 I have not been given any new information on when my packages will arrive and they were due 3 days ago. Please help me,AmazonHelp
662400,2017-11-30 18:51:28,277825,"@AppleSupport Hi. Could you help me, please? https://t.co/u2m7rB3tKt",AppleSupport
106818,2017-11-30 18:51:57,139700,"@TMobileHelp Hi. I'm a new customer, and am curious if I can change my billing due date. It's currently at the end of the month. I get paid at the beginning. Thanks in advance! Always a fan.",TMobileHelp
460124,2017-11-30 18:52:28,224335,@115873 @Uber_Support @119983,Uber_Support
99924,2017-11-30 18:54:41,137880,@AmazonHelp Tienen telefono?,AmazonHelp
2356454,2017-11-30 18:58:32,122918,@680755 @AmericanAir @6155 Thank you. I understand.,AmericanAir
446060,2017-11-30 19:00:15,220647,@AmazonHelp you guys have worst support options its clear all support staff is based in India and dont understand shipping practices in the USA. unbelievable been in constant contact for hours and no suitable resolution,AmazonHelp
681153,2017-11-30 19:02:17,255061,I would like to make my lyrics on @9743 available on @115888.,SpotifyCares
1456832,2017-11-30 19:04:17,458123,Trying to solve a problem with @Uber_Support for over 2 hours now and still nothing.,Uber_Support
105408,2017-11-30 19:05:08,139283,@AppleSupport I did that. It just keeps turning itself back on whenever it chooses.,AppleSupport
107235,2017-11-30 19:05:22,139816,@AmazonHelp It was delivered by Amazon Shipping. https://t.co/6GETfhMRHu,AmazonHelp
2047682,2017-11-30 19:06:15,605567,@Delta I had a very bad experience this time on my trip to #ElSalvador on 11/10/17 they over charged me for my personal luggage where can I submit a complaint and get my $120 dollar back that’s how much they charged me in Los Angeles,Delta
2234692,2017-11-30 19:08:44,651818,"@127249 @comcastcares my business in Ft. Myers, FL lost internet and phone provided by Comcast Business. Called tech support and earliest available appointment is Sunday afternoon! How am I supposed to take care of my customers if you cant take care of yours!",comcastcares
1418628,2017-11-30 19:09:36,358213,Lately @115821 has been a nightmare to work with. I am missing parts for @51629's custom build FIVE days after order and THREE after promised delivery. The best they'd offer me was $2 credit for my 3 days. SMFH.,AmazonHelp
2672676,2017-11-30 19:11:42,752476,@VirginTrains @127472 Well that's as clear as mud!,VirginTrains
446082,2017-11-30 19:13:30,220653,"Hey @115821, when I pay for same day delivery I expect things to get here the same day. Now can I get my shipping $$ back?",AmazonHelp
1462104,2017-11-30 19:15:36,459345,@Uber_Support I've already contacted your help team. I was told they would forward my complaint to the appropriate people. Haven't heard anything back yet,Uber_Support
96044,2017-11-30 19:20:06,136927,"@AmericanAir The gate agents can't help a passenger that is already on the plane. Don't worry, fellow passengers didn't hesitate to help her",AmericanAir
78686,2017-11-30 19:20:14,133551,"@AmazonHelp I know you are missing them and I want to know why as the whole idea of prime is for next day!
The order I have placed tonight is expected to be delivered on Monday so definitely not next day! Last weeks were 4 days too it’s not good!",AmazonHelp
446466,2017-11-30 19:20:26,220750,"Hey @115858 and @AppleSupport, can you fix how all our iPhones are running incredibly slow after this last iOS update. I hit a button and a few seconds later it finally recognizes it....HELP!",AppleSupport
446877,2017-11-30 19:23:40,220859,Seriously considering cancelling my @115830 Prime. Amazon Logistics are a constant nightmare. Lost packages and frequent delays. I seriously miss the service @122232 used to provide when they had the contract.,AmazonHelp
1224092,2017-11-30 19:27:04,139217,@AmazonHelp Thanks. I’ve Sent the form over...,AmazonHelp
447120,2017-11-30 19:30:27,220917,@SouthwestAir How?,SouthwestAir
453360,2017-11-30 19:30:58,222564,@AmazonHelp Nintendo Switch - Neon Blue and Red Joy-Con https://t.co/1HkGUgKL2O and my order number 113-2545058-8848250 ☺️,AmazonHelp
446449,2017-11-30 19:32:34,220747,@AppleSupport @115858  I'm a British citizen currently in India. My iphone was lost/stolen and I want to buy a replacement. Will the one year warranty work back in the U.K. The same as it would if I purchased it in London?,AppleSupport
1922543,2017-11-30 19:33:27,572338,@Uber_Support your service in Madrid has recently been consistently disappointing,Uber_Support
447260,2017-11-30 19:34:26,220944,@115850 your call center support sucks! Got hung up twice in 5 mins. They are not even ready to understand the issue.,AmazonHelp
447102,2017-11-30 19:36:55,220912,@115913 @115911 will you all ever get this fixed. Love the company but my bill has been messed up for 8+ months. I've called and talked on the phone for hours. Thought I got it fixed but it's not and even the texts are lying now....im still paying for the free line https://t.co/0NVtWQwxwM,TMobileHelp
1879672,2017-11-30 19:37:44,379228,"@VirginTrains So, on 18:42 out of Coventry to GLC.  Advertised as dinner service train, and confirmed by yourselves as hot meal before Woverhampton. Can you guess the frustrating, and disappointing reality? #Hangry",VirginTrains
446852,2017-11-30 19:38:26,220650,"@AmazonHelp You all have to be crazy ass hell, you and your illiterate warehouse workers.",AmazonHelp
1374798,2017-11-30 19:38:37,221679,"@SpotifyCares It was on Chrome, but it seems to be working fine now. I think there might have been a server hiccup.",SpotifyCares
105157,2017-11-30 19:42:17,139224,@AmazonHelp But you can’t help get the delivery delivered!  How long should a parcel be out for delivery in the van? 8+ hours???????,AmazonHelp
447404,2017-11-30 19:44:34,167333,@AppleSupport I was under impression eu law says electronic goods must be covered for 2 years?,AppleSupport
106240,2017-11-30 19:46:55,139532,@Uber_Support Get a move on I need my stuff,Uber_Support
447258,2017-11-30 19:47:40,220944,@AmazonHelp Your team just hangs up the call without even understanding the issue!,AmazonHelp
447207,2017-11-30 19:50:53,220938,"@AmazonHelp He llamado a la sucursal de ASM, y me han dicho que el paquete esta en reparto, no me han dicho absolutamente nada mas. Les he pedido que le facilitara mi numero de telefono al repartidor, para avisarme, y se han negado. Esto es inconcebible en una empresa seria.",AmazonHelp
446975,2017-11-30 19:51:17,220889,@Delta @220888 Why even bother replying if you're just gonna rub it in and do shit all?,Delta
447411,2017-11-30 19:54:32,220970,@AppleSupport recently upgraded ‘my media manager’ app by Mo Wellin &amp; can no longer access with password as app has completely changed. There are many important photos that I’m hoping are not lost. Have emailed the app maker. #helpplease,AppleSupport
86150,2017-11-30 19:55:06,134804,"@AmazonHelp It just arrived, safe and sound! Thank you very much for dealing with that.",AmazonHelp
448800,2017-11-30 20:00:00,220956,@AmazonHelp My things have been stolen by a courier. No delivery note and the neighbour it was meant to be left at does not exist. How amazon cant speak directly to a courier in the area is beyond me.,AmazonHelp
448281,2017-11-30 20:04:04,221197,"@AmazonHelp No máximo até dia 1, já houveram várias tentativas de entrega, mas a transportadora alega endereço não encontrado ;(",AmazonHelp
447410,2017-11-30 20:06:18,220970,@AppleSupport It’s on my iPhone 6. Photos were taken on this device but only stored in this app. Not uploaded to the cloud. App appears to have been completely redesigned and many people reporting same issue. #concerned,AppleSupport
447197,2017-11-30 20:06:46,220938,"@AmazonHelp Vale, gracias por la ayuda. Si mañana a mediodia no he recibido el paquete, procedo a pedir el reembolso, pero gracias de todos modos.",AmazonHelp
67696,2017-11-30 20:07:54,221339,@SpotifyCares It’s not letting me purchase premium with any of my cards😑 help would be appreciated 👌🏻,SpotifyCares
1878614,2017-11-30 20:09:47,560743,"@VirginTrains ‘Specials’ in the Glasgow to London train tonight, Lamb Rogan Josh. Awesome, thank you!! And more specials please!",VirginTrains
448279,2017-11-30 20:11:34,221197,@AmazonHelp Amazon,AmazonHelp
104503,2017-11-30 20:15:08,139069,@comcastcares The situation isn’t resolved? I still can’t watch the damn show because your service sucks ass,comcastcares
447160,2017-11-30 20:17:05,220928,@AmazonHelp Thanks for the quick response.  Deleted the extra app.,AmazonHelp
1240125,2017-11-30 20:17:57,410886,@115877 last night I requested no Lactose in a meal and my girlfriend ended up sick cuz there was butter in it. I haven't received a response through the app yet,Uber_Support
448406,2017-11-30 20:18:32,221230,"@AppleSupport Started an infinite loop where I would enter my password, it would go to my desktop, last for a few seconds, then back to log in screen. Booted it in Safe Mode and to trouble shoot. Went to terminal, saw that the patch did not successfully install...",AppleSupport
1571766,2017-11-30 20:19:40,484589,"Before @AmericanAir holiday glitch announced, two of my recent flights were delayed due to missing captains. And now. #enroute #biscoff",AmericanAir
448251,2017-11-30 20:20:41,221191,@AmazonHelp Thank you for your help. I will let you know what happens,AmazonHelp
450117,2017-11-30 20:22:11,221692,@Delta Daaaaamn Delta,Delta
448687,2017-11-30 20:23:51,221307,"Typical. When I order something I genuinely need a one day delivery on, @115830 fucks up and my parcel now might take another 4 days to arrive 😡why do I even bother paying for prime?!",AmazonHelp
448375,2017-11-30 20:24:10,221221,"@AppleSupport Every time I log into https://t.co/1VUpsNIsNA on my Mac, I have to go through 2-step verification, and am asked if I want to ""trust this device"" as if I've never logged into iCloud on this device before. What gives?",AppleSupport
448708,2017-11-30 20:28:40,221311,"@AmazonHelp Yes they are the ones that gave the stupid advice to log into my account when it's locked!!!! I guess no one can help, thanks for nothing",AmazonHelp
72026,2017-11-30 20:33:14,132163,"A bulb. 

Great use of packaging there, @115830. Shame the bulb still rattled around inside it. https://t.co/lTGkDOyacA",AmazonHelp
448745,2017-11-30 20:38:18,221318,"@AmazonHelp Colocaram no sistema a retificação do endereço, DUAS VEZES,e a transportadora não vê... Aliás, transportadora essa que não tem como entrar em contato... Que legal não?",AmazonHelp
449014,2017-11-30 20:38:35,221387,@115913 my @115911 pain point is my t-mobile! I can’t change my number from here and I can’t activate a new sim or anything... please fix this and I’ll be happy forever with all of the other stuff you guys have!!!,TMobileHelp
449539,2017-11-30 20:39:49,221537,So now I can’t type “it” without this “I.T.” like bullshit @115858,AppleSupport
641634,2017-11-30 20:39:52,272285,"My suggestion to @198429 @115873 is best to have your driver informed where he needs to take us, rather than your driver ask everytime and behaving like this 😊
Such a waste of time 😊 https://t.co/ekVroocjs8",Uber_Support
801527,2017-11-30 20:42:04,310991,@Delta It’s for @132512  . I hope you were able to assist her,Delta
107320,2017-11-30 20:44:06,139836,@AmazonHelp I finally was able to get a number for a corporate employee In Washington state whom provided me a refund after days of empty promises and unfulfilled guarantees. I am still not happy with the several wasted days and plan to finish my holiday shopping with other vendors,AmazonHelp
449077,2017-11-30 20:44:53,221408,@SouthwestAir Pdx to Oakland to bna,SouthwestAir
448680,2017-11-30 20:47:59,221306,@115821 i had guaranteed delivery this past Tuesday still hasn’t arrived and keeps being pushed back,AmazonHelp
2956468,2017-11-30 20:48:29,816091,@224994 @AmericanAir Every once in a while you read that tweet that just nails it!  🏆🥇🏅,AmericanAir
450885,2017-11-30 20:49:02,221908,@SpotifyCares WHAT IS THIS,SpotifyCares
1082143,2017-11-30 20:50:01,375265,Been a very long tiring day and now a delay on train.  Not ideal @VirginTrains,VirginTrains
448644,2017-11-30 20:52:35,221295,"@115830 horrible Cusotmer Service.. parcel ""arriving today"" only for it to change at 8:30 to it being late. Expected Tuesday, yet I can order again with prime and get it Saturday? WTF.. Ordered on Tuesday with Prime, so will be 7 days in total",AmazonHelp
449496,2017-11-30 20:52:40,221524,"@AppleSupport Hi, what is the best solution when you have all your apps freezing when you open them ?",AppleSupport
105260,2017-11-30 20:57:26,139245,@AmazonHelp So this is the third day that it hasn't arrived. Someone needs to sort this out ASAP as I feel I a being lied to and passed from pillar to post.,AmazonHelp
449969,2017-11-30 21:04:21,221649,@AmazonHelp Thanks - then it would be helpful if they weren’t left on my doorstep in full view (of my son and anyone else who might have taken a fancy to it),AmazonHelp
663186,2017-11-30 21:05:03,221334,@139533 @Uber_Support I didn’t make the order my daughter did. I wouldn’t use them ever! Shite,Uber_Support
105425,2017-11-30 21:05:43,136072,@AppleSupport Using 11.1.2. Pages 3.3.1,AppleSupport
107266,2017-11-30 21:11:39,139823,@AmazonHelp just received an email staying I have to send in Information of my address an so on  can you explain why this is? I've purchased from you  before with no hassle and now this?,AmazonHelp
67928,2017-11-30 21:13:10,131501,@AmericanAir Many thanks to the team at ORD! Went through Global Entry and bags were on the conveyor within minutes. 😊,AmericanAir
451027,2017-11-30 21:14:22,221949,"@ComcastCares
#mobile_Care can’t get through to an agent",comcastcares
450403,2017-11-30 21:20:29,133516,"Hey @AppleSupport, I can't get the ""Add Image to Photos"" option in the right click menu to work in Safari on 10.13.1 anymore... This just started a couple days ago. Suspect a bug in Safari, but not sure. What do you suggest?",AppleSupport
449929,2017-11-30 21:20:31,221202,"De la misma forma que digo una cosa digo otra, el servicio de atencion al cliente de @AmazonHelp maravilloso, buen trato y con soluciones. Gracias.",AmazonHelp
1712393,2017-11-30 21:22:02,518667,"#Stange I got a letter in the mail from @115873 saying that they depend on me as a driver and my personal info had been stolen. Funny, I have never driven for them nor ridden in their cars! So, how did my info get stollen or is it AnotherScam?? #WhoDoYouTrustAnymore?",Uber_Support
450678,2017-11-30 21:25:53,221854,"@115821 I got a push notification for giveaways, but now I can't get back to the page. The standard giveaway page is not the same. How do I get back to the Amazon sponsored giveaways with the drone, PlayStation, etc.?",AmazonHelp
106816,2017-11-30 21:31:54,139698,@TMobileHelp @115913 Not addressed to help me,TMobileHelp
450892,2017-11-30 21:32:46,221911,@SpotifyCares  https://t.co/SpGK2Hn091,SpotifyCares
450815,2017-11-30 21:32:47,221888,@116875 Quiero solicitar informacion por mensaje privado. ¿Me podrian ayudar con eso?,AmazonHelp
450402,2017-11-30 21:33:32,133516,"@AppleSupport Update: I just restarted into Recovery and ran first aid on my SSD. Restarted into OS, and it now works. Don’t know what the deal was. 🤷🏼‍♂️",AppleSupport
450755,2017-11-30 21:39:03,221871,"@AmazonHelp Externo, gestionado por Amazon.",AmazonHelp
451399,2017-11-30 21:40:20,222041,@AppleSupport I just got a message saying ‘can’t reach the FaceTime servers. Try again’,AppleSupport
2734147,2017-11-30 21:41:20,487830,@AmericanAir you guys partner with Iberia at LAX to Heathrow and can’t help with these same flights?? I don’t understand this partnership,AmericanAir
2556004,2017-11-30 21:41:36,222579,"@Uber_Support I need to be able to use my cash out please help me this is my debit card , Harold montero my name please help me https://t.co/V950e7eeZN",Uber_Support
451118,2017-11-30 21:41:43,221970,@SouthwestAir What happened to SW 1111 PHX RNO? Its in LAS,SouthwestAir
450934,2017-11-30 21:44:02,221921,@Delta If I purchase a mileage booster for flight I’m taking does this also increase MQM’s for the flight?,Delta
450730,2017-11-30 21:44:44,221866,"@AmazonHelp my package is now pushed back a second day?! If I pick 2 day delivery, I expect it to be here in two days.",AmazonHelp
449541,2017-11-30 21:47:38,221539,@AppleSupport @221538 How about posting answers out in the open so we can ALL benefit from. Why do it behind closed doors in DM? Every few minutes theres a new tweet about iOS draining battery. #iphone #iOS #apple,AppleSupport
452008,2017-11-30 21:47:51,222204,@222205 @116316,AmazonHelp
453273,2017-11-30 21:52:30,222548,@222547 @AmazonHelp I just mostly hate that the stuff I bought was sold with “guaranteed delivery” for Monday. But their guarantee apparently means nothing. :(,AmazonHelp
452643,2017-11-30 21:55:40,222384,Trying to reset a fingerprint and @115858 is unable to read it &amp; asking me to try another finger?!? My thumb is my most used finger wtf FIX THIS APPLE!!!!,AppleSupport
451987,2017-11-30 22:02:06,222201,@115821 what’s the point of prime if nothing is arriving in time,AmazonHelp
948702,2017-11-30 22:05:37,344985,Once again GREAT service on #euston to #wolves train thanks again @VirginTrains #LeaveTheCarTakeTheTrain 👌🏾,VirginTrains
452039,2017-11-30 22:07:11,222214,@115877 AYO I been tryna cancel my fuckin order for like 20 minutes and y'all dumbasses picked up the phone and said some random shit in English gimme my fuckin money back,Uber_Support
450835,2017-11-30 22:07:44,221893,@AmazonHelp So are you going to look into this? I can DM you the address. This is really serious.,AmazonHelp
452593,2017-11-30 22:13:33,222370,"Hey @AppleSupport, why do texts just keep getting deleted from my conversations and all my apps just keep closing on me? Let me know, thanks 🙃",AppleSupport
451877,2017-11-30 22:15:44,222175,@AmazonHelp The carrier is Royal Mail.,AmazonHelp
769545,2017-11-30 22:17:08,303744,@115877,Uber_Support
452255,2017-11-30 22:17:25,222275,@AmericanAir you have passengers (including my senior aged mother) who have been sitting on an airplane for two hours and counting @129841 without offering anything to drink. This is abusive. Why aren’t they being given water??,AmericanAir
448684,2017-11-30 22:20:16,221306,@AmazonHelp Just did,AmazonHelp
782510,2017-11-30 22:24:19,217456,@SpotifyCares Did the last PC update change something with the audio? I hear some instruments through just 1 ear and that has never happened before the update.,SpotifyCares
452153,2017-11-30 22:25:44,222255,More than 2 hour wait for a call back is pretty embarrassing @Delta,Delta
453267,2017-11-30 22:26:29,222546,"@128020 @116935 @136314 The stream is great, EXCEPT it keeps breaking up and Amazon keeps cutting off songs and then playing new songs midway through. WTH?!?!",AmazonHelp
453997,2017-11-30 22:27:11,222746,I just got my iPhone 8+ two days ago and my camera isn’t working @AppleSupport what’s up??,AppleSupport
930670,2017-11-30 22:27:22,340770,@comcastcares You can’t get any worse! Our service is out again!! I think we made it about 11 days this time. Congrats!!!,comcastcares
453335,2017-11-30 22:32:39,222561,"@222562 I’m waiting for order from Amazon which should have been delivered Wednesday now not expected until next week, if I’m lucky! Bloody useless, like my team",AmazonHelp
1258308,2017-11-30 22:35:56,413372,@414844 @115877 Very strong possibility. Now I have to leave the house to get food like some kind of real person,Uber_Support
451364,2017-11-30 22:37:10,222032,@AppleSupport Updated and it’s still happening https://t.co/JkNINHPaaU,AppleSupport
453232,2017-11-30 22:37:25,222538,@115821 thought you'd like to know that @118706 told me the reason I don't have my package yet is because #cybermonday overwhelmed them.  But the went ahead and marked as delivered.  I guess to keep you happy.,AmazonHelp
453572,2017-11-30 22:39:26,222627,@AmericanAir It’s amazing how ‘supervisor’ Diego Vargas completely ignores the issues that excist with the European https://t.co/59gxIOgZnM website! Great way to loose frequent flyers! 😡😡😡,AmericanAir
453657,2017-11-30 22:40:07,222654,@115911 y'all some schemers...,TMobileHelp
453943,2017-11-30 22:44:11,222728,"The new iOS 11 update has killed my gmail AND my contacts have disappeared. Also, most apps drop mid use. @115858 @AppleSupport well done 👎👎",AppleSupport
454612,2017-11-30 22:45:12,222884,Seriously @115821 ? I've been a Prime member for years. Can't you help me out a bit? This is fucking ridiculous. Both of the items are showing as in stock. I shouldn't have to pay for your mistakes.  I'm pissed. #Amazon #badcustomerservice https://t.co/RhlNhQ2p8I,AmazonHelp
454910,2017-11-30 22:46:09,222976,"@SouthwestAir may have cheap fares, but they take advantage of customers who fly for emergencies 😞 #heartbroken",SouthwestAir
454624,2017-11-30 22:48:52,222888,"2 day shipping means 2 day shipping, right @115821? If I pay for my prime to get 2 day shipping, i expect to get it in 2 days once it ships, if not you should compensate the customer somehow.",AmazonHelp
453440,2017-11-30 22:52:28,222586,@115888 why have you charged me £14.99 for something I don’t even have or signed up too? I would like my money back! https://t.co/OsZNKyZd8z,SpotifyCares
31416,2017-11-30 22:54:27,122927,@AmazonHelp @122926 Looool idiots 😂😂,AmazonHelp
454750,2017-11-30 22:55:44,222920,"@Delta Only asking for honesty.i get an update from you saying 5:53,but it’s 5:55 and I’m still at gate and the Pilot says he doesn’t have any idea..REALLY? Get it together.",Delta
453403,2017-11-30 22:56:15,222574,"I will never order again from @115877
and you shouldn't either! Ordered scheduled delivery for 5 pm and at 530 they still couldn't find a driver! #coldfood #oldfood",Uber_Support
454631,2017-11-30 23:00:01,222891,"@AmazonHelp Quiero comprar chip's ""Virgin Mobile"" y no habia encontrado un mecanismo fácil para poder hacerlo, pero ya cuento con ustedes.",AmazonHelp
455076,2017-11-30 23:04:08,223024,5 hours in of texting her and um? my eyes hurt    why isn’t there a dark setting? @115858 fix this https://t.co/kcav5RrcQu,AppleSupport
453227,2017-11-30 23:05:18,222537,@AmazonHelp My preferred delivery option if not in is always my neighbour.,AmazonHelp
1342394,2017-11-30 23:07:06,158161,@AmericanAir I sent DM.  No benefit to being Executive Platinum tonight in the gate agents eyes at C14.  Really bad!,AmericanAir
454630,2017-11-30 23:11:22,222891,@AmazonHelp Ok!,AmazonHelp
453893,2017-11-30 23:12:55,222714,"@AppleSupport it started happening after I updated to High Sierra. It says it can't connect, but my phone, tv and apple tv have no problem connecting to it.",AppleSupport
2805058,2017-11-30 23:15:07,782380,@AmazonHelp @AmazonHelp i dis not get any response till now after appeal. it almost a week.,AmazonHelp
1757095,2017-11-30 23:21:26,529041,How is @115873 really gonna team up with #madd then charge me $150 for a little puke on ur car door?????,Uber_Support
454526,2017-11-30 23:22:15,222865,@115821 @222866 @115821 my amazon echo started glitching what do I do?,AmazonHelp
87097,2017-11-30 23:26:16,223011,@AppleSupport My phone no longer works .. The apple sign shows then stops working,AppleSupport
455514,2017-11-30 23:29:14,222545,@AmazonHelp necesito comprar 3 tablets samsung pero al intentar realizar la compra no me lo permite,AmazonHelp
455659,2017-11-30 23:30:03,223168,@Delta Booked via an travel agent O5WYKK. Looking for ‘vegetarian (non-dairy)’ aka Vegan meal on flight from Detroit to Amsterdam,Delta
454658,2017-11-30 23:35:10,222897,@Uber_Support This was an eye opening experience for me. One: never forget an item again. I have never lost an item before.,Uber_Support
455765,2017-11-30 23:35:30,223189,@AmericanAir wouldn't let me on a flight that left 3 hours before my connecting flight even though they had plenty of extra seats. $75 they said. One of the few airlines that does this. So disappointed in AA. @151271 https://t.co/zBlJqhcdBM,AmericanAir
453950,2017-11-30 23:36:41,222731,@AppleSupport MacBook Pro 13-inch 2017,AppleSupport
455792,2017-11-30 23:37:40,223197,"@comcastcares Do you have some sort of deal work out with companies to advertise their modems this way??? Seems super fishy. Then for gigabit speed, there is only one modem listed as supported and it just so happens to be one of the most expensive DOCSYS3.1 modems on Amazon. (2)",comcastcares
455506,2017-11-30 23:38:45,223125,#Amazon needs to improve their packing methods. Everything from $10 gloves to a $ 2500 camera lens gets thrown in a box with an air pillow. That is not acceptable. Get your act together or lose a Prime customer! @115821,AmazonHelp
95796,2017-11-30 23:47:04,136856,"@SpotifyCares Okay, thanks. Hopefully it won't happen again!",SpotifyCares
456148,2017-11-30 23:48:27,223299,@223300 I blame this shitty @115858 phone that LITERALLY never actually typed the buttons I click ever,AppleSupport
107043,2017-11-30 23:48:49,139765,@AmazonHelp Yeah.....don’t think you will be able to replace fingerlings...just warn people not to throw stuff in a huge box all together with no protection. Sill love ya just disappointed!,AmazonHelp
2041898,2017-11-30 23:51:33,603762,I’m in the most disgusting @Uber_Support ever! Smells like pot. Driver has their friend in the car. Check engine light is on. The car needs brakes bad. And the inspection sticker is 6 months expired.,Uber_Support
456946,2017-11-30 23:53:31,223480,I have a flight booked with @AmericanAir this December and I'm not sure if I should cancel and re-book with someone else because it seems like they're going to have trouble finding pilots.,AmericanAir
456522,2017-11-30 23:56:34,223410,Ordered my dad a @21166 off of @115821 as a surprise for Xmas &amp; he was home to get the mail today...they sent it in this box. https://t.co/vgnJHwVmDe,AmazonHelp
2208936,2017-11-30 23:57:56,645734,When you’re about to reach a companion pass on @SouthwestAir but you’re singleAF with no companion to soak up the benefit 🤔,SouthwestAir
456145,2017-12-01 00:00:30,223298,@AppleSupport Thanks for the information. I will also pass this on to my students and file a report.,AppleSupport
456489,2017-12-01 00:01:00,140808,"@MicrosoftHelps Bummer, but I understand! What's the downside if I purchase locally? I'd need to ship it to Microsoft AUS from the US for warranty work?",MicrosoftHelps
454504,2017-12-01 00:01:22,222860,@AmazonHelp It has the same date as on your web site. The proper date is 2 days after I ordered the items. That is why I have Prime and purchase Prime items. That is the what I agreed to when I signed up for and paid for Prime. I did not change those terms at any time.,AmazonHelp
456839,2017-12-01 00:05:39,223442,@Uber_Support Uber eats won’t let me confirm this code for my phone number. Please fix this. I’m hungry,Uber_Support
455522,2017-12-01 00:06:10,223127,@AmazonHelp Done!,AmazonHelp
456973,2017-12-01 00:09:57,223200,@comcastcares Well it's working now that I just reset it 10 minutes ago,comcastcares
478382,2017-12-01 00:11:48,228666,"@VirginTrains Train was cancelled, submitted my claim on the 13 November - still nothing? Wanna update me on this?",VirginTrains
457234,2017-12-01 00:13:41,168503,Yo @AppleSupport my Watch Series 3 been telling me my heart rate elevated at times when I’m not wearing it. What gives?,AppleSupport
459450,2017-12-01 00:13:54,224150,Y u take my tenders!!! @McDonalds #givethemback,McDonalds
457070,2017-12-01 00:14:14,164226,"T-Mobile lied to me about my rebate and Bogo offer, I'm pissed @115911",TMobileHelp
458158,2017-12-01 00:14:30,223778,@AmericanAir worst experience ever at MIA gate d31. Arrived 10 minutes prior to flight and would not let me on plane.,AmericanAir
459006,2017-12-01 00:15:07,224008,Amazonでよく買い物をするけど有料サービスは使ってないし、もしなにか未納があるなら登録してあるメールアドレスに連絡があるだろうし、詐欺だとわかったけれど、一瞬うろたえたなぁ。あのうろたえが怖いな。,AmazonHelp
458072,2017-12-01 00:17:20,223750,@SpotifyCares I was charged for Premium even though I cancelled a day before ny pay was due. Please cancel my premium and refund me,SpotifyCares
456819,2017-12-01 00:17:56,223435,"@115877 you're all wankers, you'll be hearing from me at 8:00am, how dare u cancel my order an HOUR after i place it, watch ur back",Uber_Support
453531,2017-12-01 00:20:37,222615,@Delta 2 of 2 https://t.co/fyRqUvrAiy,Delta
2961769,2017-12-01 00:21:52,817329,"@AmazonHelp Honestly, I love the corny jokes 😂",AmazonHelp
457213,2017-12-01 00:26:12,223554,"Hey @115858 @AppleSupport I've been a loyal Apple supporter, but you make me sad by not providing quality with the new iPhone 8 and the customer care is even worse. about that where is my 💰 money, you see I returned your product but you havent returned my money! thats not fair",AppleSupport
458358,2017-12-01 00:28:40,223847,This is the most beautigfully designed information screen I have seen at any airport. Way to go DAL and @SouthwestAir. Easy to read and pretty. #travel https://t.co/5K2rAKnbcm,SouthwestAir
458147,2017-12-01 00:28:59,223475,Ran from end of C Gates to end of E Gates. Omg.. can’t catch breathe. Group 8 boarding... all aboard the private @AmericanAir jet to CVG! https://t.co/ttuRl3DOz6,AmericanAir
461807,2017-12-01 00:29:32,224721,@116136 yo what’s good w you fuccbois telling me I don’t owe any more money but then being like “give us $80” and then I call about it and get patronized and threatened?!!,comcastcares
89319,2017-12-01 00:29:33,135315,@AmazonHelp Yeap I am contacting the carrier now. Thanks for the support. I have no problem with DHL with the exact same address. Not sure what is Aramex problem,AmazonHelp
458020,2017-12-01 00:30:28,223737,@Uber_Support  https://t.co/mvp2yhQaDu,Uber_Support
458011,2017-12-01 00:35:46,223737,@Uber_Support @223736 Me too... still waiting,Uber_Support
457719,2017-12-01 00:36:48,223699,"@AmazonHelp Yea, I left specific delivery instructions WITH A GATE access code and they said they could not deliver because they didn't have a gate access code.",AmazonHelp
461801,2017-12-01 00:39:39,224718,@comcastcares I was just on hold for 35 minutes and and someone hung up on me. Your customer service need HELP!,comcastcares
458445,2017-12-01 00:40:54,223874,@AppleSupport Hi help me get rid of this 92GB of ‘other’ please https://t.co/JgVpOegolg,AppleSupport
459146,2017-12-01 00:43:00,224050,"Hi @115888 I’m trying to login an account I hadn’t used for long time to reactivate Premium. Won’t allow me to reset password and don’t want to login with Facebook, what do I do?",SpotifyCares
457999,2017-12-01 00:43:40,223734,@Uber_Support Now what do I do I am still in the car for 20 more minutes https://t.co/xnACc1UkD8,Uber_Support
453535,2017-12-01 00:44:59,222615,@Delta It arrived at 7:28pm,Delta
457665,2017-12-01 00:45:39,223684,Ordered this on @115821 on OCTOBER 15th and it is NOVEMBER 30th and the item still has not arrived. Delivery date kept getting pushed back. I’d expect this maybe from eBay but this is RIDICULOUS. #Ponzischeme https://t.co/fBwnmssJel,AmazonHelp
450181,2017-12-01 00:49:35,221707,@AmericanAir Sent DM yesterday but will again- thx! Would appreciate some clarification on declaring bag lost.,AmericanAir
457782,2017-12-01 00:51:09,223711,@AmazonHelp @134568 @21190 I'm not even supposed to be here. It's okay. Maybe someone wants to write the book of the first person in 1987 years to live 40 days without foodm I'll settle with @134568 tomorrow my reputation is more important than my life. https://t.co/1V7D5XUI8J,AmazonHelp
458398,2017-12-01 00:51:13,223858,"@115858 So, the giant touch pad is fine and all, except that it keeps doing things I don't want because it's basically impossible not to cause accidental gestures while typing. So, come to think of it, it's not fine.",AppleSupport
460422,2017-12-01 00:52:07,224404,@comcastcares no service in Chicago. Any update?,comcastcares
457827,2017-12-01 00:54:27,223724,@Uber_Support Afraid to take further rides. Been offline for more than an hour waiting,Uber_Support
458310,2017-12-01 00:55:42,204018,"C'mon now, @115911. 😮 https://t.co/6YchmJAi8I",TMobileHelp
2798175,2017-12-01 00:55:50,385073,"@AmazonHelp The error page with rotating dogs presents primarily when viewing individual items...  and 95% of the time when viewing items. Also most of the time when going to the ""Home"" view within the app.",AmazonHelp
454575,2017-12-01 01:01:56,222876,@116875 Si pero aún hace un mes pedía y enserio llegaba en un día por eso compre el prime pero ahora que te diga de jueves a lunes pues no me convence la verdad,AmazonHelp
459380,2017-12-01 01:03:32,224124,Shoutout to @SouthwestAir. Flight 6162 had a hydraulic error making the plane unserviceable. They had us a new plane in 10 minutes! Unbelievable for a mechanical issue.,SouthwestAir
460191,2017-12-01 01:05:07,224357,Why do I always have the worst experience with @115877 ??,Uber_Support
472491,2017-12-01 01:05:49,227516,@AmazonHelp I contacted @115830 the same day yet still no reply. #unhappycustomer,AmazonHelp
459169,2017-12-01 01:06:53,167488,@Delta Can I take my theraflu in a checked luggage? Currently fighting a cold and desperately need this lol,Delta
458406,2017-12-01 01:07:49,223862,@AppleSupport I️ phone 6s plus and version 11.0 (15A372),AppleSupport
457700,2017-12-01 01:08:43,223695,@AmazonHelp what's the best # to reach you guys at? it's not looking good at this point. my tracking said by 8PM today. why even pay for 2day shipping?,AmazonHelp
456614,2017-12-01 01:10:34,223431,@AmazonHelp Yeah now it says it will be delivered tomorrow. But it was scheduled to be here yesterday,AmazonHelp
459140,2017-12-01 01:10:40,224049,"@SpotifyCares Send a HTTP GET request (eg: https://t.co/Mm27ynlOyQ) using any device. Tested on Windows and Linux with CURL, ajax and Firebug.",SpotifyCares
665371,2017-12-01 01:14:28,278549,@AmazonHelp ご丁寧にありがとうございます🙇‍♀️,AmazonHelp
460177,2017-12-01 01:15:44,224354,"@Uber_Support When will you have a customer care in India? It's our ever gonna happen? 
Meanwhile, my last trip's payment is not getting updated. It is still showing outstanding payment. Cam you please help",Uber_Support
455750,2017-12-01 01:15:56,223187,@AmericanAir Hahaha....no crew and are leaving in 1p minutes.  Unbelievable,AmericanAir
467007,2017-12-01 01:18:11,131511,The person that just helped me with my internet problems from @116136 @comcastcares is the only comcast employee that knows anything about internet. Glad the company has at least 1 intelligent employee.,comcastcares
459008,2017-12-01 01:18:58,223705,@AmazonHelp I keep getting sent in circles,AmazonHelp
452425,2017-12-01 01:19:04,224110,"@117543 @115911 @21253 there is LTE in Rutland,VT? The coverage map says otherwise.",TMobileHelp
460092,2017-12-01 01:23:44,224323,You would think I live at the top of a mountain since @115821 can't seem to get my packages here on time. 👎,AmazonHelp
460143,2017-12-01 01:27:22,222579,@Uber_Support I need you to solveme a problem the Uber app doesn't recognize mydebit card I need you to do it for me I have 2 days on this please do it for me I need my money,Uber_Support
460074,2017-12-01 01:28:26,224318,@115821 my wife’s account is locked and she can’t contact anyone for help. Is there a phone number she can call?,AmazonHelp
460404,2017-12-01 01:28:45,224396,K &amp; apparently I’m on the oldest @AmericanAir plane. Didn’t know they still flew planes without outlets,AmericanAir
460692,2017-12-01 01:29:08,224451,"Nothin like a @SouthwestAir flight w a disco ball and some 🎶 Celebrate Good Times.... 

Guy in front of me: My God I ❤️ this airline ✈️ https://t.co/XnjY1oAGDZ",SouthwestAir
460887,2017-12-01 01:30:06,224495,@AppleSupport why did my phone delete all my pictures &amp; videos &amp; I shut my phone down &amp; turned it back on &amp; now it’s taking an hour to restore. what happened? will all of them come back?,AppleSupport
460804,2017-12-01 01:32:52,224476,"@MicrosoftHelps Exactly!
I will tell you guys tomorrow if those issues are solved because I think they are, if not then I'm sure I'll get help.",MicrosoftHelps
460129,2017-12-01 01:34:15,224337,@Uber_Support Y'all taking too long.,Uber_Support
459962,2017-12-01 01:34:37,166837,So my @AmazonHelp order says delivered and that it was left in my (locked) mailbox at my apartment. It’s not there.,AmazonHelp
460307,2017-12-01 01:35:42,224373,"I need my in-flight coffee @Delta, but I can't do black. Please add nondairy #vegan creamers. ☕️",Delta
1104260,2017-12-01 01:35:42,224420,This is just unbelievable.... I left Sprint 2 weeks ago to @115911 and I have been having bad reception since day 1. Currently on the line with Retention. WOW!,TMobileHelp
466230,2017-12-01 01:38:48,225934,Why tf my NBC in Spanish 🙁 @115900,comcastcares
460016,2017-12-01 01:39:46,224303,@115821 Remind me. Why do I pay for Prime again? https://t.co/d5nZh4tnak,AmazonHelp
459376,2017-12-01 01:42:32,224122,@SouthwestAir When will I receive a response?,SouthwestAir
461253,2017-12-01 01:42:58,224595,"とりあえずAmazonで買った商品が届いてないんですけど！

Amazonが仲介って形で他の業者が発送してるから宅配業者も分からなければ追跡番号すら分からない

今日届かなければAmazonにクレームだな https://t.co/49UlEsgBY1",AmazonHelp
460885,2017-12-01 01:44:46,224495,@AppleSupport I just now realized this when I went to message my cousin a picture. &amp; no I haven’t done the recent one.,AppleSupport
489446,2017-12-01 01:44:54,231568,Allie goes to McDonald’s just to restock us with more of their buffalo sauce,McDonalds
460396,2017-12-01 01:45:57,224395,@AmericanAir Sorry doesn't bring back the two bags you've lost of mine so far either,AmericanAir
462604,2017-12-01 01:46:09,220849,@Uber_Support Why do you not allow your drivers to see the passenger’s destination when I have entered the same at the beginning? Everyone arrives at my location and then deny after asking where I want go. Such a waste of time.,Uber_Support
460024,2017-12-01 01:46:48,224306,"@AmazonHelp lmao just let me have the stuff i ordered, my guy",AmazonHelp
460209,2017-12-01 01:52:39,224366,@Delta Sent,Delta
96754,2017-12-01 01:53:00,137116,"@AmazonHelp You haven't missed the delivery date, but the date set for delivery is 5 days after it's been accepted for shipping.  Sent using UPS SurePost, which with that you may as well walk my package to me.",AmazonHelp
459096,2017-12-01 01:53:44,224034,"@Uber_Support Yeah, too little too late. And yet another auto response doesn't get dinner to my door.",Uber_Support
93930,2017-12-01 01:54:05,225442,@115888 How to avail this? when I Click the link it shows 129php for 3months.,SpotifyCares
102543,2017-12-01 01:55:10,138512,@SouthwestAir You really ignore that one of your luggages handler went thru my luggage.,SouthwestAir
460858,2017-12-01 01:56:55,224485,"@AppleSupport iMessage isn’t working for me and 5 other people. Also, I’m not getting any notifications. I’ve restarted my phone multiple times. I’m using the iPhone 7.",AppleSupport
459050,2017-12-01 01:58:58,224017,@AmazonHelp thank you !!! A neighbor had it -_- !!! Wouldn’t have even thought to ask around !,AmazonHelp
461381,2017-12-01 02:03:18,224622,@118730 is it normal for the app to tell you are on your trip when you're still waiting for the Uber?,Uber_Support
459240,2017-12-01 02:03:32,224079,"@comcastcares Sorry no, after you make your movie selection, and option to view, the timeline and loading dots show. Then a black screen, then resets to TV show. Tried unplugging the main box and second box no help. Thanks.",comcastcares
461346,2017-12-01 02:04:16,224615,Has @115821 ever delivered a package on time?,AmazonHelp
461707,2017-12-01 02:07:14,224689,@delta waited me for the cabin crew on DL3466.  Must be working with @AmericanAir to schedule.    I may walk if this takes any longer.,AmericanAir
460851,2017-12-01 02:10:28,224484,"@AppleSupport Not an error message, when I click “download and install” it loads but doesn’t do anything",AppleSupport
461318,2017-12-01 02:11:06,224607,@AmazonHelp I ordered an item to be shipped to my work which closes at 5pm. Yet they keep attempting to deliver after 5pm. How can this be fixed?,AmazonHelp
461272,2017-12-01 02:13:39,224601,@115821 ? When is Spot’s scratch post really getting here? Why are you telling me two different things? https://t.co/UoL6W3pwwP,AmazonHelp
461787,2017-12-01 02:16:03,224713,@comcastcares Why? That’s annoying.,comcastcares
461889,2017-12-01 02:16:52,224750,@224751 @115911 @TMobileHelp @115913 Thx @224751 I’ve already spoken to support and your product mgr about this over the last few days. It appears to be on @115911 end but they won’t acknowledge because in their eyes it’s always a app issue not a network issue. CS at TMO opened a ticket but explained the same.,TMobileHelp
462540,2017-12-01 02:17:33,224926,プライムナウの実質無料、今回はバナナ！ゲットー,AmazonHelp
462606,2017-12-01 02:18:04,224948,@115873 spent the last 20 minutes trying to get a ride. YOU should pay the difference for riders who are forced to use UberX to get to their events after so many cancel bc transit time is over 10 minutes.,Uber_Support
460393,2017-12-01 02:19:55,224394,@AmericanAir Then announce that to the media and back up your statement,AmericanAir
462037,2017-12-01 02:20:16,224801,@AppleSupport why does my phone keep showing a message notification and when i open my messages theres nothing there. ive reset my network settings at least 6 times today 🙄🙄 this is annoying,AppleSupport
465270,2017-12-01 02:21:24,225674,"@115888 just a black screen nothing loads ,and secondly i can't log in but i found a mozilla app a few minutes and it is all black too",SpotifyCares
457766,2017-12-01 02:21:31,223708,"@AmazonHelp I’ve literally only once gotten a package on time. The rest have been lost or late, regardless of carrier. Amazon Logistics lost the one that was supposed to come today",AmazonHelp
461921,2017-12-01 02:22:09,224760,Wish @SouthwestAir would have some #SouthwestHeart for cows and add #vegan creamer to the in-flight menu. ❤🐮,SouthwestAir
1927061,2017-12-01 02:25:20,573497,@115877 is not working for me in Memphis! Please fix the mobile verification error!,Uber_Support
461328,2017-12-01 02:26:36,224609,"@AmazonHelp USPS. Says ""Was expected today by 8 AM"" and that they don't have a new delivery date.",AmazonHelp
462707,2017-12-01 02:27:33,224979,"@Delta shout out to Jacob, SAT gate agent at A2, for the aisle seat #bestairline",Delta
466200,2017-12-01 02:30:42,225920,"@comcastcares IT GETS BETTER! Your tech said he was here today at 8:00 AM, which is odd, because I didn't call until 12:34 PM! Weird, right? I have his name and ID number, and the number for Risk Assessment if that wire gets hit. Completely ridiculous.",comcastcares
463099,2017-12-01 02:32:17,225062,@115858 on my iPad I’m trying to delete a photo and it will just reappear plz send help I don’t need extra memes 😭,AppleSupport
1927459,2017-12-01 02:33:17,144244,"@Uber_Support I’m not gonna fill out some form and wait for someone to say “oh thanks for your feedback we will take care of it” but not see anything getting done. This is the second night that I am without food because of your drivers, I order because I have no other solution",Uber_Support
462547,2017-12-01 02:33:25,224928,"@116875 Te compré $8000 pesos en regalos y me facturaron $3000.
Cómo lo podemos resolver, me urge la factura de todo lo que compré, aparte mi mercancía llegó dañada. ¿A quien me dirijo?",AmazonHelp
462523,2017-12-01 02:37:39,224922,"@AmazonHelp My last few orders have been late, including one I paid extra for 1-day shipping. Why am I paying for Prime?!",AmazonHelp
463373,2017-12-01 02:41:52,225141,@115850 When the list of winners will be announced for #OnePlus5TAppQuiz  ?,AmazonHelp
462567,2017-12-01 02:43:08,224936,@Uber_Support please call me at (901) 440-9726. I have an emergency,Uber_Support
502886,2017-12-01 02:44:58,224729,NO SERVICE IS BAD SERVICE @comcastcares @116136 @115900,comcastcares
466085,2017-12-01 02:48:52,225894,I can't log into my account @SpotifyCares my email address isn't being recognized.,SpotifyCares
460028,2017-12-01 02:50:04,224307,@AmazonHelp It’s not working still. It plays for a couple seconds then goes back to the start up screen,AmazonHelp
463527,2017-12-01 02:50:23,225194,@Uber_Support Wow what a thoughtful response Uber. It’s really a shame that you don’t respect the ones that are the backbone of the company,Uber_Support
462920,2017-12-01 02:51:34,224973,Wish @SouthwestAir would have some #SouthwestHeart for cows and add #vegan creamer to the in-flight menu. ❤🐮,SouthwestAir
468076,2017-12-01 02:52:12,226460,"@MicrosoftHelps No. No new software or hardware was installed. The error only occurred when my device was connected to the internet.
It's running Windows 10 Education v 1709, Build 16299.15

Ryzen 3 1200, no overclocks to CPU or Memory.
MSE is the only AV
Automatic Updates is enabled",MicrosoftHelps
463090,2017-12-01 02:53:15,225058,@AppleSupport Tha\T’ - please explain,AppleSupport
462717,2017-12-01 02:55:05,224983,@AmericanAir Thank you!!! I’ve never flown with you but lookin to in March. My bf will have a suit for a wedding. With main cabin fare how do you typically fly with something like that,AmericanAir
463420,2017-12-01 02:55:54,225158,@115830 why do some of your lockers have a collection charge and some don’t?,AmazonHelp
457865,2017-12-01 02:59:28,526513,@Uber_Support Hope to have this fixed soon. Need the money. Two big trips and shows still processing. Thanks,Uber_Support
2926159,2017-12-01 03:01:53,807362,@569426 @comcastcares Amen,comcastcares
463359,2017-12-01 03:02:07,225139,"@115817 I wish @115821 would stop using these clowns as a delivery service. I’ve had false delivery at 8PM at night, and they never actually attempted it. They reported another false delivery attempt tonight again. UPS is seriously the worst and Amazon needs to stop using these clowns.",AmazonHelp
463861,2017-12-01 03:03:12,225280,@115913 I was excited 2 switch to @115911 Mon after 15 years with Sprint. Got 2 SyncUPs &amp; 2 iPhone8’s. 3+ hrs process &amp; iPhone X w/ $300 trade couldn’t be done. Asked 2 come back Wed to finish. Came back Wed &amp; was turned away because deal ended. Now #disappointed #letdown,TMobileHelp
464496,2017-12-01 03:04:12,225451,A pleasant surprise as I deplaned from @136176 in @151272 - @Delta Porsche and Host waiting for me! Thanks for the ride between gates Delta! https://t.co/MkS6VvlTVN,Delta
466063,2017-12-01 03:04:52,225886,@SpotifyCares someone is hacking into our spotify account and changing the password right after we do and it keeps kicking us out. Please help!,SpotifyCares
463465,2017-12-01 03:07:42,225171,Gotta love working and Uber is glitching have no clue how much I've made... Working for nothing... #Ubereats @115873 FIX THIS!,Uber_Support
463355,2017-12-01 03:08:35,225138,"@115821 hey AMAZON..PET PAVILION gifts SUCK! I order an item 3 WEEKS ago, I get an email TODAY saying “SORRY it’ll be another WEEK!”",AmazonHelp
461833,2017-12-01 03:12:24,224728,@comcastcares Done,comcastcares
463484,2017-12-01 03:16:29,225179,"@Uber_Support @225178 Im sorta laughing, ride 1 no payout ride 2 no payout ride 3 surge no payout ride 2 pays out with tip ride 4 no payout lol...",Uber_Support
457663,2017-12-01 03:16:30,223683,@AmazonHelp @223682 Are you going to help @222544 also?,AmazonHelp
463824,2017-12-01 03:20:37,225266,Help @SouthwestAir ! My last trip of the year just got cancelled and I am 629 miles short of renewing my A-List status. 😭😭 Is there anything I can do without having to book another flight within the next 30 days?? #southwestairlines #alist,SouthwestAir
464341,2017-12-01 03:20:58,152471,"Meanwhile, @147807 won’t let me search for other Locker locations during checkout.",AmazonHelp
463617,2017-12-01 03:21:09,225226,@AmericanAir Since I can’t check-in online and have to go to the desk for my flight can I get priority tomorrow? Would help since #IWantTheAACreditCard,AmericanAir
463952,2017-12-01 03:22:05,225308,"@AppleSupport after the update, FCPX keeps crashing over and over whenever I go to do anything in the timeline. And, like, I have deadlines here, man.",AppleSupport
463518,2017-12-01 03:23:23,225192,@Uber_Support Plz process from u r sidr,Uber_Support
466833,2017-12-01 03:28:02,226111,"@115888 When I go to play a song it says the song isn't available, and it says it on every song.",SpotifyCares
464383,2017-12-01 03:31:00,225417,@120465 途中まで無料視聴してたワタルとサムライトルーパーとグランゾートが軒並み有料化したので、もうちょい無料期間終了の表示をわかりやすくしてほしいです( ´π｀),AmazonHelp
464407,2017-12-01 03:31:04,225424,Hi @Uber_Support how will i get my receipt for a business trip this morning? I havent received an email yet of my receipt. I tried looking at my account but the picture below is what i saw. I must have the receipt for liquidation purposes. Hoping for your assistance please. https://t.co/jYQ6Wd180a,Uber_Support
1927456,2017-12-01 03:35:16,144244,@Uber_Support Thanks!,Uber_Support
91393,2017-12-01 03:36:53,134785,@AmazonHelp How can you find my order of i didnt ordered it!! My brother ordered it for me and i received a defective one. And you are not listening at all. Provide me a refund!! This is going to be my last tweet if you are not going to solve @115850,AmazonHelp
464277,2017-12-01 03:40:57,225394,The worst part is that was my bday present and now all I have are two empty @21428 boxes and NO WATCH. #IAmBeyondShocked @115821 #IWantMyBirthdayPresent !!!,AmazonHelp
464433,2017-12-01 03:41:45,225430,"@115873 @Uber_Support no one asked for the “update your route to save the other riders time” feature in Uberpool. How about you take me to the destination I put in? Kay thanks.

But seriously that pop up isn’t clear and needs to go. Your algorithms should be doing the work, not us.",Uber_Support
470400,2017-12-01 03:42:08,226995,@116136 how many Comcast technicians does it take to bury a cable that actually brings a signal to my house?  Sounds like a joke I’ve heard before...,comcastcares
1944058,2017-12-01 03:42:16,554108,I was pretty mad at @Americanair for not giving me my upgrade on my flight home from vacation.....but....an upgrade 48 hours before my flight to BOS sort of makes up for it. sort of.,AmericanAir
464485,2017-12-01 03:42:29,225448,@delta sitting in first class on PIT to SFO right now for five hours with no food!!! 😱😱😲😲🤢😦😢😭👿👿😲,Delta
464579,2017-12-01 03:44:21,225479,Thank you @SouthwestAir for the great flight! The crew was amazing!  Love the support they gave @144837! https://t.co/4PxL9GMmxk,SouthwestAir
465199,2017-12-01 03:48:16,225654,"@225179 @Uber_Support That would involve getting more rides, and that ain't happening tonight for whatever reason",Uber_Support
464243,2017-12-01 03:48:42,225387,@115821 I just ordered #AmazonPrime last week and already two of my orders have been late...?,AmazonHelp
464709,2017-12-01 03:54:54,225522,@AppleSupport 11.0.3,AppleSupport
465249,2017-12-01 03:56:00,225668,@115873 why do I always get driver's cancelling my order and me getting charged for it while I'm at the location Uber you need to fix yourself fix your GPS why do I always get charged it's not the first time I'm looking for a refund,Uber_Support
464224,2017-12-01 03:56:10,225384,@AmazonHelp Nov 30 - Dec 1,AmazonHelp
464541,2017-12-01 03:56:53,225463,@AmericanAir Its just frustrating I had to take the time to call and wait on hold for a 2nd time because of your horrible representative and then when I did talk to someone else she didnt quote me the price that was listed online &amp; I had to spend my time putting the flight on hold #nothappy,AmericanAir
465431,2017-12-01 03:58:54,121077,Just got my first @115911 four line bill. It should be $140 + $59 for the two iPhone 8s. It's $250+ and completely indecipherable. Pretty sure they're charging me for insurance I rejected &amp; who knows what else.,TMobileHelp
471067,2017-12-01 04:00:47,227165,Fix your shitty internet I have homework due at midnight @comcastcares,comcastcares
465158,2017-12-01 04:03:34,225642,@115821 trying to get tickets to the prime showing in champaign- but shows full price for tickets even with prime account connected?,AmazonHelp
465492,2017-12-01 04:05:22,225740,@AppleSupport thanks to ur senior developers I am stranded in Thailand without cellular access on my iPhoneX 😡🤬😩😤 case 100365239355 they erroneously transferred my # back to my 7... IN THE STATES!!,AppleSupport
99870,2017-12-01 04:08:19,137869,@AmazonHelp We call the coustmer care more than 10 time but that not solve my problem so be choice that option,AmazonHelp
457963,2017-12-01 04:08:33,225660,@Uber_Support Tomorrow night my fare was deducted from uber credit but driver also took cash from me because he is unable to see fare on his account please contact your driver and ask him to return my extra paid fare.,Uber_Support
467623,2017-12-01 04:08:37,226308,@115888 can you start carrying @105558 podcast Smartest Man in the World? I'm changing from google music and that's the only thing you're missing.,SpotifyCares
465374,2017-12-01 04:08:45,225679,Wish @SouthwestAir would have some #SouthwestHeart for cows and add #vegan creamer to the in-flight menu. ❤🐮,SouthwestAir
465126,2017-12-01 04:13:00,225632,"@AmazonHelp Yes....they both should’ve been here by today. Neither one of them made it. Another order I placed today says it won’t be here until 12/6! If I would’ve known that I wouldn’t have placed the order, but it said it was a prime purchase.",AmazonHelp
465204,2017-12-01 04:18:06,225655,@115873 ghost charging for rides that never happened? Bullshittt,Uber_Support
465048,2017-12-01 04:20:23,225614,@amazonhelp I would like to find out why my order was possibly cancelled without you guys notifying me,AmazonHelp
480609,2017-12-01 04:21:56,229221,"@applesupport I just got an iPhone X and switched everything over using Quick Start and a backup from my old phone via iCloud. My text replacement keyboard didn’t switch over. Like the photos, does that take a while for it to download?",AppleSupport
2125,2017-12-01 04:25:43,116175,"@Uber_Support  After contacting you concerning deactivation of my account, it was reactivated but after 48 hrs, ,it has been been deactivated. Please help",Uber_Support
465397,2017-12-01 04:26:02,130878,"@115913 @225717 @115725 Nobody cares at TMobile either,  u can see the exhausting 18hrs. Mocking tweets on my account.  After 17 plus years of being with TMobile I expected more",TMobileHelp
465047,2017-12-01 04:28:11,225614,"@AmazonHelp I’m currently in a chat with someone. He is unable to determine if my order has been cancelled or not. His guess is that it was since I have gotten a refund to my bank account. Thanks to this, I lose out on the Black Friday prices I ordered things at",AmazonHelp
465369,2017-12-01 04:28:43,225705,"@SouthwestAir Yea, so temporary ID isn’t on the list.. why are you employees giving out incorrect information? What can you do to rectify this?",SouthwestAir
466150,2017-12-01 04:29:10,225909,Hi @delta what's the size of a personal item for an overseas flight? Need to carry a big boy @118117 Play 5 gift to make someone happy :) Thanks and Merry Christmas!!,Delta
465821,2017-12-01 04:35:14,225831,@115821 supposedly 3 packages delivered. Only one actually arrived. How do I even begin tracking this down? #allmychristmaspresents,AmazonHelp
465943,2017-12-01 04:37:15,225855,"@Uber_Support your drivers are just making a mockery, they dont move from their location nor pick up the call,ultimately we have to cancel the trip for which we are only being charged!! Is this a joke going around??? https://t.co/S6vKJu87Cr",Uber_Support
466945,2017-12-01 04:37:36,226139,#Thursday - Will miss my @AmericanAir #ExecutivePlatinum #elite #status starting #Feb #2018 #travel #ttot https://t.co/4BmJU0y0Q7,AmericanAir
480562,2017-12-01 04:38:53,229205,@AppleSupport bought iPads for the kids for Christmas (6&amp;9). Would like to learn about security/parental controls to put on. Appointment at local Genius Bar the best way?,AppleSupport
466242,2017-12-01 04:40:05,131899,@115900 wuss poppin https://t.co/dQBXLnT9Oi,comcastcares
465095,2017-12-01 04:42:42,225624,"@AmazonHelp Thank you for your understanding. I sent in a request through the link, said I’ll hear back in 12 hours via email.",AmazonHelp
468367,2017-12-01 04:43:31,226516,@115888 why don’t you have push notifications for new music from artists? I’m constantly missing new music because it doesn’t get into my release radar and I’d love optional notifications for artists!,SpotifyCares
463533,2017-12-01 04:45:25,225199,"@225194 @Uber_Support It's so true. I lose respect for their ""beat around the bush"" responses, as if they are not even a real person, like they are some bot. Either that or they are just using copy and paste responses. And they usually don't answer the question directly. #unreal",Uber_Support
465773,2017-12-01 04:49:37,225820,@AmazonHelp Oh no it wasn't a problem on Amazon I just impulse bought items lol,AmazonHelp
465888,2017-12-01 04:51:34,225843,Fuck y’all fuck is it mfa 20 dollars for me to go 4 blocks😐N I LIVE INNA CITY explain that shit @115873 https://t.co/hpYNFZ4hjn,Uber_Support
466731,2017-12-01 04:54:16,226079,"Oh ….. Mail von Amazon, morgen komm Alexa bei mir an.",AmazonHelp
466779,2017-12-01 04:54:33,226089,@Uber_Support this man started trip without taking me and using abusive language. @146917 pls help https://t.co/wUtZJ2Kozu,Uber_Support
480558,2017-12-01 04:57:28,229203,@115948 @115858 WHY DID YOU YOU RANDOMLY DELETE MY FUCKING SONGS. FUCK YOU IM GOING TO SPOTIFY.,AppleSupport
465795,2017-12-01 05:02:15,225826,"@AmazonHelp わざわざありがとうございます。
初めてのことでしたので助かりました。
基本Amazonさんからは来ないのですね！",AmazonHelp
466188,2017-12-01 05:02:41,225917,@AmericanAir @116462 I think you just did! @116462 Pls make a compelling product that others will stop telling me to not use. please,AmericanAir
466803,2017-12-01 05:06:25,225844,@Uber_Support It’s not clear where you want me to respond.,Uber_Support
1442335,2017-12-01 05:06:43,454660,@McDonalds @454659 No you’ll make us pay for another sauce,McDonalds
2537715,2017-12-01 05:10:43,721808,"そういえばアマゾンプライム会員に登録した
とりあえずプライムビデオが便利すぎてずっと映画観てるｗ",AmazonHelp
488943,2017-12-01 05:12:41,231434,@Delta kudos to your determined Seattle gate agent Beth looking after DL897 SEA to MSP Tues 28 Gate B11; helped me get on standby and was not going to let a ticket coupon issue stop me getting on the flight with my wife instead of my prior  much longer itinerary. Awesome service!,Delta
467717,2017-12-01 05:17:30,153070,"My wife has #MS , dealing on phone w #Comcast since Friday. 5 diff peops,2 tech specialists. Meanwhile she gets sicker from not resting because they wont let me on phone. Once again #comcastFAIL",comcastcares
86018,2017-12-01 05:18:06,134783,@AmazonHelp When will you get back? Do you realise what you guys have done? Send coconuts in place of actual product which is already paid. Is this how you treat customers??? #cheaters,AmazonHelp
466761,2017-12-01 05:18:37,226086,"@Uber_Support : highly unprofessional drivers, they have to charge Rs 160, but charged Rs1417
HR73A 9205",Uber_Support
569729,2017-12-01 05:20:39,253724,"Seriously, #AmericanAirlines , you let your staff treat people this way?  Shame on you. https://t.co/LoXRECA7qM",AmericanAir
467538,2017-12-01 05:23:14,226280,Bought a headphone  &amp; charger adaptor on @115821 two weeks ago and it already doesn’t work,AmazonHelp
468342,2017-12-01 05:25:01,226513,@115888 ya'll should do a promo for people who have been paying for premium for years. where is my discount tho ?,SpotifyCares
2573675,2017-12-01 05:26:22,729870,@VirginTrains think it’s sorted,VirginTrains
458587,2017-12-01 05:26:30,126912,@MicrosoftHelps Thanks. Do you see the same behavior too? Can you reproduce what I reported?,MicrosoftHelps
467603,2017-12-01 05:28:06,205802,"@Uber_Support Hello, I spend copious amounts of money with Uber to commute to work and back. I’ve only been offered a flat rate pass once years back. I noticed in my app I don’t the section, “Ride Pass”. Does this mean I’m not eligible? I would love to be. 🙃",Uber_Support
467750,2017-12-01 05:29:20,226357,@SouthwestAir I did not spin today and my wheel hasn’t reset itself https://t.co/CN4XbrGFD0,SouthwestAir
481841,2017-12-01 05:30:40,229530,"@AppleSupport 11.1.1 destroyed battery life on my 6s and 11.1.2 is no better. I am stare at my phone, no apps open and watch it drop. Pls fix!",AppleSupport
465735,2017-12-01 05:30:56,225813,@AmazonHelp Thanks for the link,AmazonHelp
467436,2017-12-01 05:38:09,226270,"@115850 Order ID 408-3596258-5497923 refund requested on 20 Oct. Still not received refund. Unable to contact your customer service. All I hear is ""Unable to find your order"". Please call me ASAP and update my refund status.",AmazonHelp
467773,2017-12-01 05:41:40,226364,@TMobileHelp @115913 @226365 @115913 @226366 @TMobileHelp @136083 @226367 @226368 so not the deal i was told before. And the other deal is starting to look bad to. Its taking 9 different reps to fix a order. That still is not right. And they just canned the order. Again who knows how,TMobileHelp
467582,2017-12-01 05:42:52,226299,@Uber_Support just give me my fucking driver's info and phone number like you used to and stop making shit so difficult. i can text him off my computer. i understand why you guys lost 1 billion USD this year.,Uber_Support
471759,2017-12-01 05:43:24,227343,@116136 @comcastcares PLEASE get rid of the data cap on our internet! It’s ridiculous! And to have unlimited data (something we all had already) you want me to pay 50%more on my bill?! Makes no sense at all.,comcastcares
80608,2017-12-01 05:43:53,226256,@116875 Muy buen servicio :D!,AmazonHelp
465791,2017-12-01 05:48:24,225825,"@AmazonHelp Yes it is sold and shipped by Amazon. I Had to re-order and now l can't use the promo code l had either. And it won't be on time,Fan-tastic!",AmazonHelp
469045,2017-12-01 05:49:34,226677,"I flew @AmericanAir back from #SFO and actually had a pleasant experience. Flights were on time, service/attendants were great. A+ experience this time. Much improved. #thanks",AmericanAir
456158,2017-12-01 05:53:34,223302,@AppleSupport Wtf you think!? I’m up to date on my shit. Get I.T together and fix this bullshit.,AppleSupport
468880,2017-12-01 05:55:26,226638,Apparently to @115821  2 day shipping means 4-7 days...,AmazonHelp
467562,2017-12-01 05:57:47,226289,@Uber_Support Did u get tge message ?,Uber_Support
468502,2017-12-01 06:01:33,226551,"Okay, I fly @SouthwestAir a lot... but I have never been on a flight where I get free @221722 😭 and it came out of Austin 😭 so jealous",SouthwestAir
468223,2017-12-01 06:04:58,226486,"@115851  Sir, bad experience from Amazon whole India team, from 27th nov they are unable to deliver the product. and they don't have any information of product....very very badly experience",AmazonHelp
467615,2017-12-01 06:08:10,226306,@SpotifyCares Thanks! I’m on an iPhone 6 and my Spotify is the most recent version.,SpotifyCares
468310,2017-12-01 06:11:27,226508,@Uber_Support DM?,Uber_Support
468846,2017-12-01 06:13:22,226629,@115821 Why did your delivery driver just ring my doorbell three times at 10:10 PM?!?! Scared us to near death and woke up every creature in the house. I am NOT HAPPY.,AmazonHelp
472600,2017-12-01 06:20:40,227545,"@ComcastCares
#mobile_CareXI not what I’m paying for https://t.co/eGlZenQvRm",comcastcares
468875,2017-12-01 06:23:00,138287,Voilà c’est officiel @120533 a planté ma commande!!! Un grand merci !!! Au moins un chose est sur c’est que l’option prime va vite être enlevé !!! #ComptePasSurEux #Deception,AmazonHelp
4585,2017-12-01 06:26:04,116787,@Uber_Support Already responded. No response. New order is 30minutes late. @116788 would do a better job. Using them from now on. Loyal customer just lost.,Uber_Support
461203,2017-12-01 06:30:00,224588,@AmazonHelp 無事対応していただけました。乗っ取りのようで、勝手に注文されていました。ありがとうございます、、,AmazonHelp
469020,2017-12-01 06:31:04,226524,"Cont: @Delta transferred me to another agent. She offered to waive fee, would not do companion upgrade. I asked to undo my upgrade and put me in comfort + next to minor daughter. I WAS CHARGED A FEE TO DOWNGRADE to a lower cabin. Reason/excuse: computer #deltagold",Delta
502293,2017-12-01 06:32:35,234985,I crave mcdonalds and friendship,McDonalds
481745,2017-12-01 06:37:55,229505,@115858 @AppleSupport you can’t be too happy your loyal customers like me are having to pay out the rest of my contract with a phone that barely works.,AppleSupport
469560,2017-12-01 06:38:28,226807,"@115888 why is there no function to minimize to system tray on pc, gets very annoying when doing work while listening to music and alt tabbing a lot.",SpotifyCares
468188,2017-12-01 06:40:29,226478,"@AmazonHelp Thank you, I was already told it was escalated and I was forwarded to Amazon Logistics who were very very unprofessional on the call (twice). Not a good experience at all!",AmazonHelp
658008,2017-12-01 06:44:49,224957,After hours of trying to get in contact with @Uber_Support they were able to fix the problem. I highly suggest making customer service a lot better!,Uber_Support
322046,2017-12-01 06:47:37,192725,@AmazonHelp Hi @AmazonHelp - is there anyway I can send me old kindle to for it to be recycled?,AmazonHelp
465770,2017-12-01 06:52:48,225819,@AmazonHelp Okay but is there something you can do? It seems like it’s a problem with the product itself not my accountZzz,AmazonHelp
473599,2017-12-01 06:59:03,227773,@115900 you suck I’m in the middle of a game and my WiFi crashed thank you so much,comcastcares
450724,2017-12-01 07:01:32,221865,"@AmazonHelp @221864 Let us know if they refund you, won't you Shaz?",AmazonHelp
2155,2017-12-01 07:06:14,116186,@Uber_Support Welp... I guess that's one bibimbap order I'm never gonna receive. Good thing I used a first time order promotion. Not a good first impression though.,Uber_Support
469438,2017-12-01 07:07:59,226780,@132988 colis @120533  prime avec 2 jours de retard et pas de livraison annoncée 😡 Contact dm please.,AmazonHelp
483265,2017-12-01 07:14:06,229951,@AppleSupport my iCloud said full 50gb.went to 200gb instantly full.says it’s full of documents but I haven’t backed up any documents? __email__,AppleSupport
471211,2017-12-01 07:19:19,227198,@227197 @125607 @TMobileHelp It's two parts with an elastic injection molded connector. It would break without trying. Samsung is sending a solid replacement.,TMobileHelp
469428,2017-12-01 07:19:41,226779,@AmazonHelp ??  No reply..,AmazonHelp
486943,2017-12-01 07:20:29,230869,"This really needs some support people. Users are really getting scammed by these people, we see it daily on our tech support floor. And we handle MAYBE 250 users a day on that project. https://t.co/P7jg8875nC",SpotifyCares
469494,2017-12-01 07:21:40,226791,@115873 strikes again with their shocking drivers behaviour. Didn’t even let me know he was outside cause he never was outside my house. https://t.co/egW8CuODJh,Uber_Support
473605,2017-12-01 07:24:33,227774,Really #xfinity maintenance 2 nights in a row? #needmynet,comcastcares
476715,2017-12-01 07:31:51,136974,@VirginTrains good morning hows u,VirginTrains
470891,2017-12-01 07:34:16,135116,@115850 stop being fake bolte kuch aur time ho aur aur delivery time kuch aur ho jata hai after order what the cheating is this https://t.co/Vyk2tXYANO,AmazonHelp
483195,2017-12-01 07:35:52,229927,Dear @115858 how to ruin the long awaited anticipation of iPhone X.  Both mine &amp; husbands X’s delivered today are faulty #biggestletdownever #notwhatexpected #ruinedourweekend signed one of your #biggestapplefans,AppleSupport
470851,2017-12-01 07:40:43,227103,@115850 why cancel this order without reason.. ORDER # 406-9555285-6474713,AmazonHelp
470267,2017-12-01 07:41:02,117215,@Uber_Support Appalling. Your driver called me. Claimed he could not see me while driving past me. Total. Crap.,Uber_Support
470092,2017-12-01 07:44:04,226922,@115850 @115851  https://t.co/ls0qBFARBY,AmazonHelp
299748,2017-12-01 07:49:04,187455,"@SpotifyCares Just tried on MacBook macOS Sierra 10.12.6 using Chrome 61.0.3163.100 from Belarus. Activity indicators shows up, but the page is still scrollable and editable. Nothing changes on the page over time, only Recaptcha timeout happens.",SpotifyCares
469387,2017-12-01 07:50:29,226776,@AmazonHelp la solución fue ninguna ya que según ellos el problema que me decía que contactara con ellos no existia,AmazonHelp
470219,2017-12-01 07:54:40,226952,@115873 when ur app show a direction to your driver why the hell your drivers take another route..what if a person is running short with money...unprofessional business you people are doing with unethical uber#uber cheats,Uber_Support
470996,2017-12-01 07:55:22,227139,@Delta DM would love a ride at JFK today😉Tight international connection.,Delta
470771,2017-12-01 07:56:35,183708,"@115830 delivery service is shockingly poor,  a 12 hour delivery window and items still not arrived after 2 Days. #badservice #amazon #prime",AmazonHelp
470951,2017-12-01 08:03:30,227126,@116288 @115873 added RS 252 in my credits because I was overcharged for my previous ride. Now I can't see the credits in my payments section without having used it. Wow.,Uber_Support
2747144,2017-12-01 08:05:53,769250,@AmazonHelp @178258 Bad form ☹️,AmazonHelp
471014,2017-12-01 08:10:09,227146,The @AmericanAir attendant Looked over at Dolores and told her “tell her we can’t help her Dolores. Because I just told her that”! How disrespectful can you get? In my face. Smh,AmericanAir
765355,2017-12-01 08:11:00,226925,@AmazonHelp Delivered!!! Er nope should be 'stolen' due to being left for all to see,AmazonHelp
483165,2017-12-01 08:16:56,122941,"Bekam jemand von Euch dieses von @AppleSupport mit #ios11 verursachte Problem der #Foto-App gelöst? Ein workaround vielleicht? In der #iCloud sind die Fotos vorhanden, aber kommen nicht zurück aufs #iPhone - bei mir fehlen 10.000 davon seit ios11 #Iphonesucks #iphone6 @216880 https://t.co/ZsmcTMPQtM",AppleSupport
468868,2017-12-01 08:18:04,226637,@AmazonHelp Not that I am aware of. Seems to be a random payment.,AmazonHelp
75064,2017-12-01 08:19:48,132800,"@VirginTrains Just to let you know I never saw any representative on my journey, may be in future an announcement could be made to ask patrons to honour booked tickets (we can all read) help bring a little respect back!",VirginTrains
470911,2017-12-01 08:20:25,227116,@Uber_Support  Day by day the amount of uber cabs are decreasing in BHUBANESHWAR.,Uber_Support
470745,2017-12-01 08:24:07,227086,@AmazonHelp Gracias,AmazonHelp
470915,2017-12-01 08:27:08,227117,"@Uber_Support 1. 
223.33 is debited from ******5080 on 01-12-2017 08:03:53 for UPI/733508598657/uber@axisbank

2.
Thank you for using Debit Card ending 9973 for Rs.223.33 in NEW DELHI at UBER61701 on 2017-12-01:08:30:21",Uber_Support
470850,2017-12-01 08:35:40,227103,@AmazonHelp Only 1 item was ordered n email says issue with Purchase Limit on Item !! Customer Care says the same without much explanation.,AmazonHelp
471576,2017-12-01 08:40:32,227289,@AmazonHelp Can i just say it’s a bit pointless having an amazon help twitter account when you can’t check individual cases... The whole point of this is to help.,AmazonHelp
484579,2017-12-01 08:46:09,230317,Yesterday I got security update for my #HighSierra system. After restarting it I was prompted for new password. So I changed it. Aand that was a mistake. I couldn't log in anymore. The funniest part is when I try to recover my password I get this. Thank you @115858 #justworks https://t.co/zTBeGojB9Y,AppleSupport
472473,2017-12-01 08:47:17,227513,@AmazonHelp reply me?,AmazonHelp
472488,2017-12-01 08:52:04,227516,@AmazonHelp I emailed and left feedback,AmazonHelp
1011763,2017-12-01 08:55:34,359389,Mornings done right! @VirginTrains #1stclass https://t.co/VqrzUvceJB,VirginTrains
473430,2017-12-01 08:55:50,227728,@SpotifyCares @115888,SpotifyCares
474291,2017-12-01 08:57:03,227890,"@AmazonHelp Oui c'est le cas, commande n°402-7633751-5835535.
Commande censé arriver aujourd'hui mais toujours pas expédié. Avec un petit mail ce matin prévenant qu'elle arriverai en retard.",AmazonHelp
475800,2017-12-01 08:57:39,228110,"Sometimes @115900 Irks My Life,  For Some Odd Reason Every Time Around 3:30-4 AM My Internet Acts Up, An Have NO Idea Why ... Kinda Over It",comcastcares
466743,2017-12-01 08:59:24,226081,@Uber_Support Still waiting to get reply from you,Uber_Support
472400,2017-12-01 09:00:47,227501,@AmazonHelp Still waiting for the action and refund @ pls check and revert the status of refund on order 403-4437505-3123501,AmazonHelp
472296,2017-12-01 09:04:03,227480,Not only have @115830 seemingly cancelled half my orders they've messed about what money they want to take so much I'm over my limit... thanks!,AmazonHelp
472416,2017-12-01 09:10:17,227504,@AmazonHelp It does,AmazonHelp
470874,2017-12-01 09:13:54,226945,"@AmazonHelp You  have all my details.  You can check my account from anywhere. Why can't you accept that your are making terrible mistakes. Just to skip from public embarrassment, you want to discussed over Amazon app, which I already done. After making more than 10 complaints 1/2",AmazonHelp
472423,2017-12-01 09:16:42,227505,@AmazonHelp Ok,AmazonHelp
466674,2017-12-01 09:20:34,226063,@AmazonHelp 4/12,AmazonHelp
472506,2017-12-01 09:23:10,227521,@Uber_Support Hi! Need help getting in touch with a driver. Left something and we couldn't get in touch. Urgent response would be really appreciated,Uber_Support
472466,2017-12-01 09:24:47,227513,@AmazonHelp Reply to my DM guys. Why are you taking so much time?,AmazonHelp
484532,2017-12-01 09:25:17,230304,@AppleSupport @115858 Receiving spam emails https://t.co/pOCONv2jaR,AppleSupport
472711,2017-12-01 09:27:23,227381,@VirginTrains Yes,VirginTrains
473284,2017-12-01 09:27:26,227697,"@AmazonHelp My order shouldve arrived yesterday, now am told if it  doesn't arrive next Wednesday, contact them. This is UNACCEPTABLE &amp; makes it not worth the wait. I'd like to cancel my order. 114-1833079-0185059",AmazonHelp
472334,2017-12-01 09:35:38,227485,@AmazonHelp OK,AmazonHelp
473412,2017-12-01 09:35:40,227723,@Uber_Support I cannot find my last trip on the support page,Uber_Support
476535,2017-12-01 09:35:57,228253,@SpotifyCares Hi! Will you release @118062 Reputation album today?,SpotifyCares
472308,2017-12-01 09:39:47,154672,@AmazonHelp Y que no cogen el teléfono pq está llamando todo el mundo y están saturados. Realmente Amazon se puede permitir el lujo de utilizar una compañía así ???? Dicen q por mucho q nos quejemos seguirán trabajando para vosotros. Que bien no?,AmazonHelp
473179,2017-12-01 09:43:56,227679,"@951 @119356 I come Across an incident yesterday when i Took My Moto G5S Plus to one of your service centre as its not working that person suggested me that they cant do anything since it was bought ""ONLINE - Amazon.in"" I mean is it a Joke ??? #Lenovoindia #google",AmazonHelp
474358,2017-12-01 09:46:49,132139,@AmazonHelp Das Schokohandy hat es leider beim Transport wohl nicht überstanden. Es kam mit den Propellern zusammen :-) lecker sag ich mur... *Mampf* :-D. Vielen Lieben Dank für die beiden Überraschungen. :-) oh man das ist so lieb von euch... Und am 7.12. sehe ich auch noch Grand Tour... https://t.co/a2CGly55fp,AmazonHelp
484474,2017-12-01 09:50:57,230284,@AppleSupport why have November special activity challenge badges been removed after people have worked hard to achieve them? Hardly an incentive to do another one,AppleSupport
472362,2017-12-01 09:51:08,227492,@AmazonHelp I informed you guys on direct message. I was not offered replacement. Only a refund and a voucher. I am well out of pocket and have to spend more on a new one and only with amazon. See DM or emails.,AmazonHelp
473378,2017-12-01 09:53:11,227713,@Uber_Support Excuse me?! I have your app. I want to know why I can’t order something now when it’s 0.2 miles away and the limit is 1.5. Is there any issue with your app or something?,Uber_Support
473257,2017-12-01 09:55:24,227693,@AmazonHelp Ok. I will try again. Thanks,AmazonHelp
474195,2017-12-01 09:58:35,227874,"@AmazonHelp Oh god where do i start. Tried to request transfer. Once i did, amazon kept asking for more information, holding over 4K Then asked us to phone up, we did so, with them telling us they cannot do it over the phone, these are the emails. Tell me why is it so hard? https://t.co/5zuwdbLFYz",AmazonHelp
478423,2017-12-01 10:00:34,228676,"Since @116230 creators update yesterday my @115890 Word 2016 is extremely slow. Words appear seconds after i typed them. My pc itself is class. What now, @MicrosoftHelps ?",MicrosoftHelps
474770,2017-12-01 10:02:41,227989,@TMobileHelp Done. Please do confirm what happens when you join a t-mobile family! How you can't authenticate your number as your own?!,TMobileHelp
474709,2017-12-01 10:03:02,227971,@comcastcares my internet is down again. The last CSR fixed it but it did not last. What is wrong with this?,comcastcares
474273,2017-12-01 10:04:41,227886,"This is one @115821 order of their in-house brand - notice the #TwoDayShipping - or rather, the lack thereof.
I am a fan of many years. Lately, however, they seem to have adopted a less than helpful stance on truth to customers.
Fix your mistakes or people WILL leave.
#AmazonOver https://t.co/Op4UgCl7KU",AmazonHelp
474794,2017-12-01 10:04:43,227995,@VirginTrains Wonderful! Thanks!,VirginTrains
474433,2017-12-01 10:07:53,227913,@Uber_Support My problem is solved . Thank-you 😊 .Happy customer,Uber_Support
473231,2017-12-01 10:08:00,227687,@AmazonHelp Thanks yeah contact u and seems yet again amazon have taken too many preorders for the stock available so I’ve now sourced this item elsewhere.not happy as this is the 2nd time this has happened now,AmazonHelp
91345,2017-12-01 10:12:18,135810,"@AmazonHelp Le service par mail ne répond pas, je veut ma commande, donc trouver une solution et non je n’appellerais pas vos numéro à 2€/minute.",AmazonHelp
475057,2017-12-01 10:19:16,227503,"@165092 
#Help Have purchased Moto G5plus on 11th July during #AmazonPrimeDays, supposed to receive the cashback into my HDFC Bank account by 12th Oct but haven't. Called and mailed Amazon customer service several times, asked to wait for 7days since 3rd Nov. What can I do?",AmazonHelp
474212,2017-12-01 10:22:46,227876,"@115830 disgraceful, pay for 3 items 2 get delivered one not. Eventually after chasing Told damaged and refund issued but no replacement. Even though told would be replaced. Told I can order myself but cost now some £17 more to rectify their mistake #Amazon",AmazonHelp
476594,2017-12-01 10:25:39,228263,The 5:20a @Delta to ATL should be illegal. ✈️ MSP-ATL-OKC 😴 I have no one to blame but myself.,Delta
475115,2017-12-01 10:28:02,228066,"@AmazonHelp ma la smettete di spedire con poste italiane gli ordini ""prime""? Date per lo meno la possibilità di scelta o specificatelo.",AmazonHelp
475189,2017-12-01 10:30:57,228082,@115873 Hì there when does my account qualify for VIP ....I’ve done 100 Rides,Uber_Support
475104,2017-12-01 10:32:40,228065,@AmazonHelp Que llevo esperando un xenoblade como el primero mucho tiempo C:,AmazonHelp
471520,2017-12-01 10:36:42,227277,@AmazonHelp Than there is no meaning of this conversion.  Please carry on the work you are doing that is of not satisfying the customers .,AmazonHelp
92659,2017-12-01 10:38:52,136060,@AppleSupport Currently I am running version 12.1.3.  I cannot see the movies I want to transfer to my phone. I am aware that the file has to be in MP 4,AppleSupport
475870,2017-12-01 10:41:20,228127,"@VirginTrains 
Thanks!",VirginTrains
475108,2017-12-01 10:42:20,228066,"@AmazonHelp Un altro prodotto, ordinato il 30 novembre, mi verrà recapitato il 6 dicembre. Solo quando spedite con Poste Italiane ci sono questi inconvenienti",AmazonHelp
473258,2017-12-01 10:45:17,227693,"@AmazonHelp So my options are:
1. Keep waiting (was due Tuesday)
2. Cancel and reorder at higher price (cannot use a voucher as item is only fulfilled by Amazon)
3. Give up

Got an extra month of prime but cannot watch prime video because of DRM.",AmazonHelp
475768,2017-12-01 10:47:45,228103,"@AmericanAir I'd love to know my current position on the upgrade list, which even the EP desk can't provide",AmericanAir
475170,2017-12-01 10:48:32,226081,"@Uber_Support Driver name:Mool Chand ,Location :Lucknow",Uber_Support
477833,2017-12-01 10:49:43,228508,"@116316 Hi, ich bin mit dem Prime-Versand in letzter Zeit leider immer mehr unzufrieden. Gibt es da noch mehr Feedback zu oder Überlegungen auch mit anderen Versanddienstleistern zusammenzuarbeiten?",AmazonHelp
475069,2017-12-01 10:52:46,228060,"@AmazonHelp Bien, gracias. Solo quería que un producto que he comprado nuevo funcione. Devolveré el producto entonces. 
Gracias, buena atención al cliente.",AmazonHelp
479860,2017-12-01 10:56:20,229038,@SpotifyCares   Moved to Portugal. Renewed my Premium subscription. Can't change country or add Portuguese credit card as it won't accept postcode since country isn't changed. Help!,SpotifyCares
476040,2017-12-01 10:57:29,228160,"@AmazonHelp @115830 ordered Xmas presents yesterday and tracking showed they would arrive today (prime). Now my tracking says arriving between today or Tuesday?? Yet going into tracking for individual items it then says arriving today by 8pm. What's going on, which is it??",AmazonHelp
476079,2017-12-01 11:01:32,228170,@AmazonHelp After I was transferred to India and then put me on hold for 10 minutes I spoke with someone in the UK office who said she'll call me back in 2 or 3 hours. Very helpful. Not.,AmazonHelp
476894,2017-12-01 11:05:29,227502,"@115850 @AmazonHelp @115851 Sir,  can u give me ur number so that  I can share my live location so that u will know that I am at my home waiting for ur courier guy to pick the return and he won’t be able to misreport that I was not available n door was closed.",AmazonHelp
476510,2017-12-01 11:07:17,228249,@Uber_Support @228248 Uber are scum proper rips offs how do they justify that 🤷🏼‍♂️,Uber_Support
486267,2017-12-01 11:08:40,230692,this is a fucking SCAM... they asked for my social security number when I almost “updated my info” @AppleSupport @115858 https://t.co/7PTTzuspEs,AppleSupport
476881,2017-12-01 11:10:12,145528,@115850 @AmazonHelp unable to find chat with customer service. Only e-mail or call option available,AmazonHelp
476048,2017-12-01 11:13:59,228162,@AmazonHelp Je pense bien en profiter.,AmazonHelp
476792,2017-12-01 11:20:35,228316,"@116928  a ver si dejáis de trabajar con Correos Express, que son unos inútiles y al final los envíos urgentes siempre se retrasan un par de días por la inflexibilidad de sus horarios de entrega",AmazonHelp
1784405,2017-12-01 11:25:27,228243,"@115873 I have been complaining for the past few months, but tonight your driver actually put my life in danger! Racing against 18 wheelers! Not ok",Uber_Support
476796,2017-12-01 11:26:28,228317,@115830 I received a printer cartridge I didn’t order for a printer I don’t own and your online instructions for return don’t work. Advice?,AmazonHelp
477317,2017-12-01 11:27:54,228437,@AmericanAir @126402 Terrible. @AmericanAir continues to be a terrible example of modern customer care and service.  1 1/2 hour waiting for bags following the unnecessary checking of may bag that slid in and out of the bag sizer on my third connection of which there was never a question @126402 https://t.co/sYJGI1k27M,AmericanAir
477559,2017-12-01 11:29:19,228449,Out early on @southwestair headed to #nola for #panthersvssaints weekend https://t.co/CEsnjiLE7B https://t.co/2FeGRZb66h,SouthwestAir
478228,2017-12-01 11:29:52,228625,"I need my in-flight coffee @Delta, but I can't do black. Please add nondairy #vegan creamers. ☕️",Delta
486262,2017-12-01 11:33:19,230691,"@AppleSupport Hi, I can't seem to access any of my iCloud Drive files in the Files app. It just shows an empty screen :(",AppleSupport
476699,2017-12-01 11:33:27,228297,@VirginTrains What happens if they can't?,VirginTrains
476779,2017-12-01 11:33:55,228314,@AmazonHelp ご丁寧にありがとうございます。このあとプライムに入会して楽しませていただきます！,AmazonHelp
477824,2017-12-01 11:39:32,228505,@AmazonHelp I want to sign up for student prime.. can I send you a print screen of my email from the company I’m training with?,AmazonHelp
479732,2017-12-01 11:39:48,228600,@MicrosoftHelps Just entered my new password and it says it's wrong!!!!  Why is this so bloody useless??????,MicrosoftHelps
100052,2017-12-01 11:39:59,137915,@Uber_Support Hi I am still yet to get a response regarding this. I have dm'd you and you have not got back to me. I have an email with my uber receipt and journey and would like to contact the driver. Please could you help with this and respond to my DM.,Uber_Support
477726,2017-12-01 11:45:59,228485,@120534 Vous êtes vraiment les pires livreur de l'histoire de mes commandes @120533 ! Votre suivie n'est jamais à jour et je suis livré toujours en fin de journée contrairement à Chonospote ou Colissimo ! On devrait avoir le choix de ne pas passer par vous !,AmazonHelp
477339,2017-12-01 11:50:01,191796,@228443 @comcastcares You have to call and demand it.,comcastcares
476810,2017-12-01 11:50:59,228319,@AmazonHelp Yes long story! It was attempted yesterday but your fellow didn’t have any card swipe machine so he said he’ll come today. Got a message from your end that it’ll be attempted today with a number of your agent. Tried calling but switched off and no sign of del,AmazonHelp
482490,2017-12-01 11:54:16,229750,@SpotifyCares this has been happening for months and i'm going crazy! i will name my first born son 'spotify cares' if you can help me please and thank you in advance,SpotifyCares
1836503,2017-12-01 11:55:06,550654,@VirginTrains  https://t.co/4Yb3mbtFdU,VirginTrains
477746,2017-12-01 11:56:00,228491,Hey @8809 did you know @115821 ships your products as shown on the linked photo when buyer is not home ? @AmazonHelp 👏👍 https://t.co/h6UmVR91Tn,AmazonHelp
486242,2017-12-01 11:58:17,230685,"@AppleSupport my phone keeps deleting everything, I have lost 2 years of texts and pictures, what can I do about this?",AppleSupport
477787,2017-12-01 12:00:30,228498,Final reminder from @115830 to collect order. Wrong locker code and no replacement since I complained on Tuesday. How to I collect the order I have paid for before it is returned?,AmazonHelp
471618,2017-12-01 12:02:23,227301,@Uber_Support But I know that it won’t change the fare by the alternate route.. only save time!,Uber_Support
762727,2017-12-01 12:07:09,302256,"@McDonalds @302254 You apparently didn't get my message, why are you guys sponsoring Uber, or is Uber giving you a kickback?
Who ensures the safety and quality of this food, are these drivers also food handler certified, and do you assume all liability for the safety of the patrons?",McDonalds
477199,2017-12-01 12:07:23,228405,@Delta I juat found out that I wasn't added to the list when I changed my flight - it's corrected on this next one.,Delta
478498,2017-12-01 12:08:24,228686,"@115821 To whom it may concern
 I asked for a device from the market and after payment of the amount was sent a message to me you receive the application after 18 days of deduction amount means wait 18 days to receive the request and I within Saudi Arabia thanx",AmazonHelp
469608,2017-12-01 12:11:00,226817,@AmericanAir ......is it possible i can get my ticket refunded?,AmericanAir
478631,2017-12-01 12:11:38,228713,@115830 Hello. I've recieved a package this morning I ordered yesterday from my Prime account . And it would appear someone has wiped blood on the packaging! Little bit disgusting if I'm honest! Not good at all. https://t.co/xXscgwtnsh,AmazonHelp
465124,2017-12-01 12:15:26,225632,"@AmazonHelp The other two, both ordered on 11/27 say they will be here today.",AmazonHelp
478618,2017-12-01 12:20:29,228709,"I have no words right now, describing how I am feeling, @115830 You failed to provide the product on day one and then tell me it's delayed and you ruined my day, chances are I will not pre-order games from you guys. https://t.co/drjWUWslj5",AmazonHelp
478391,2017-12-01 12:20:52,228668,@VirginTrains The train sat there for a few minutes with the doors open and the gates closed. Your gates do say they shut 2 minutes before departure time but we were definitely there before this.,VirginTrains
486200,2017-12-01 12:22:37,230672,"@115858 I've been through 3 iPhone 6s because of problems, now my iPhone 7 is losing battery like nobody's business. WTF is going on with your phones?",AppleSupport
481064,2017-12-01 12:24:36,229344,@Uber_Support please could someone reply to my DM? My issue is quite urgent,Uber_Support
457655,2017-12-01 12:24:53,119036,@AmazonHelp Thank you for resolving the matter promptly and efficiently. Greatly appreciated. #TopCustomerService #HappyCustomer,AmazonHelp
477667,2017-12-01 12:31:03,228477,@AmazonHelp Unless you can get a supervisor to call me?,AmazonHelp
479138,2017-12-01 12:31:18,228871,@TMobileHelp @115913 Still waiting for a reply,TMobileHelp
482401,2017-12-01 12:35:03,137369,@115873 it's been over 48 hours and no solution... but I have one delete your app and use another service!,Uber_Support
478523,2017-12-01 12:35:34,228691,Ugh @115821 I am tired of getting shipment delay notifications. I need my village lights to show up asap! #EnoughWithTheDelays,AmazonHelp
2110108,2017-12-01 12:38:47,622505,Hey @Delta I’m on that last flt now 😀 https://t.co/B7BocSmGJY,Delta
478553,2017-12-01 12:39:51,228684,@AmazonHelp Me*,AmazonHelp
479124,2017-12-01 12:40:26,228863,On my way! Favorite seat on favorite airline @SouthwestAir @228864 in Atlanta- see y’all soon! @228865 @228866 @22127 !!! #legaltech,SouthwestAir
477605,2017-12-01 12:43:28,228462,@VirginTrains Done,VirginTrains
480049,2017-12-01 12:43:49,229081,@AmericanAir can you tell me why AA 2112 is delayed so long?,AmericanAir
478900,2017-12-01 12:44:12,228248,NORMAL FARE £42!!!! @115873 @Uber_Support HOW CAN YOU JUSTIFY THIS SURCHARGE???????????? #uber https://t.co/SyK4nl3qSe,Uber_Support
479376,2017-12-01 12:45:19,228926,"Amazons carrier, FedEx lost my package (the town next to my town)- now @115821 customer service can hardly do anything for me. I just want my package and my purchase!!!! WTF 😡😡😡😡",AmazonHelp
458535,2017-12-01 12:50:12,160824,"@MicrosoftHelps ...Once it gets to 100%, it says to restart, so I do, one it's back on the desktop, it says it's ready and I need to restart to finish installing again, which takes me back to square one. Time to contact the answer desk!",MicrosoftHelps
479381,2017-12-01 12:51:16,228928,@AmazonHelp Amazon marketplace. The seller said amazon was responsible. Meant to arrive yesterday at the latest. https://t.co/HOZmLgOlaK,AmazonHelp
468949,2017-12-01 12:52:24,226656,@SpotifyCares Suppose to be on New Music Friday https://t.co/8pIv10Goao,SpotifyCares
461287,2017-12-01 12:54:48,224603,@AmazonHelp Don't bother. Just cancel the damn thing.,AmazonHelp
657584,2017-12-01 12:55:25,241087,@115858 I am suffering from iPhone 6+ your worst product.0096599582407,AppleSupport
466777,2017-12-01 12:56:16,226088,"@Uber_Support So instead of being apologetic for the delay in response #Uber decides to send me this message. (Btw, the package wasnt found). How unfriendly and cold is this? Is this customer service? They don't seem to be wanting to engage with the customer at all! @164996 @11590",Uber_Support
2929550,2017-12-01 13:01:23,810423,@AmazonHelp I received the order today. Appreciate you following up.,AmazonHelp
480477,2017-12-01 13:07:11,229186,Hahahaha #amazonindia #hilarious #questionsandanswers section. Do something @115850 lolxx............ https://t.co/9BkxtyRUYm,AmazonHelp
466157,2017-12-01 13:10:04,225910,"@Delta Ok, thank you!",Delta
466790,2017-12-01 13:11:00,226094,"@226091 @Uber_Support @226092 Thank you for what? Taking their bad publicity offline into their proprietary form? @118730, TELL YOUR DRIVERS TO OBEY THE RULES OF THE ROAD ALREADY!",Uber_Support
484148,2017-12-01 13:12:26,226339,"@115900 No one is talking about this, just about your bad service. https://t.co/q603HZbq2d",comcastcares
479351,2017-12-01 13:12:57,228919,"@AmazonHelp Yes, the 6th as I showed in the original tweet.",AmazonHelp
474645,2017-12-01 13:15:54,227953,@AmericanAir Already did! Still no update,AmericanAir
479292,2017-12-01 13:17:51,228904,"@AmazonHelp 30 de novembro. Ninguém recebeu o pacote, nem na portaria do condomínio. Tá constando que foi entregue ontem às 14:16. https://t.co/dacVlNvLfI",AmazonHelp
487878,2017-12-01 13:18:07,164193,@AppleSupport can you help me? My #AirPods battery level does not show on my #AppleWatchSeries3 with wos 4.1,AppleSupport
480162,2017-12-01 13:19:49,229116,@VirginTrains Nope. Not working. It's ok. Thanks anyway,VirginTrains
480468,2017-12-01 13:20:52,229184,@115830 can someone contact me about an order that has been placed on amazon.de not by me. I have received emails in German that I can’t read. Customer where no help.,AmazonHelp
480094,2017-12-01 13:24:44,229093,"@SouthwestAir I bought early bird for ""automatic check in"" and it didn't check me in. How do I get a refund?",SouthwestAir
481108,2017-12-01 13:25:15,229353,@115877 I placed an order nearly an hour ago and it still has not arrived order number #51A59,Uber_Support
479322,2017-12-01 13:26:16,228912,"@AmazonHelp Probably in bad condition. It won't allow me to check the tracking details now but I was keeping a close eye on it, since it was due in Wednesday. I was hoping there might be a way to reorder it, with the price I originally paid. I've not had this problem before...",AmazonHelp
500955,2017-12-01 13:27:10,234668,@116130 How do I switch from monthly payment to annual payment? Web site does not make it at all clear and I don't want to pay both.,SpotifyCares
477185,2017-12-01 13:29:06,228402,"@Delta No I understand, just making a suggestion maybe there's a way there could be!",Delta
481713,2017-12-01 13:30:32,229493,アマゾンの荷物、クロネコヤマトから届かなかった。時間指定したのに。配達状況が配達中だったので待っていたら夜の9時を回っても来なくてそれでも配達中だからと思っていたら途中から持ち帰りに変わっていて、連絡も取れないし今日は嫌な気分のまま寝るしかないなぁ,AmazonHelp
478493,2017-12-01 13:33:37,131812,@AmazonHelp I will fight till I get justice,AmazonHelp
480383,2017-12-01 13:35:29,229168,"@AmazonHelp Está previsto para o dia 08, mas a última atualização foi na terça.",AmazonHelp
481230,2017-12-01 13:38:07,126732,@229385 @AmericanAir Gotta fly southwest,AmericanAir
2360285,2017-12-01 13:38:10,229175,@AmazonHelp I want to see my order status.. I have DM you my problem,AmazonHelp
481034,2017-12-01 13:38:50,229336,@Uber_Support I ordered an uber which they immediately charged me for. R103. Then my uber driver cancelled and I was charged R25 fee. Not on,Uber_Support
481676,2017-12-01 13:43:51,229486,"Alô @117086 cadê meu pedido? Já falei com 2 atendentes do SAC, e nada dos meus livros aparecerem 😔💔",AmazonHelp
2614491,2017-12-01 13:47:53,739087,Hoje é o dia em que a @117086 me mata de ansiedade 😬,AmazonHelp
486949,2017-12-01 13:48:01,230871,@115888 @SpotifyCares I’m your half-an-hour ago premium member  what’s the point of sending me an unavailable deal ????? I tried to contact my local @115888 staff for support and their webpage went #COMPLETELYBLANK https://t.co/qa94UCY66f,SpotifyCares
481274,2017-12-01 13:48:21,229396,"@221368 @Delta I recently had a @115725 employee tell me he couldn't help me becuase his ""shift was ending.""",Delta
488027,2017-12-01 13:48:28,231167,"I.t I.t I.t I.t I.t I.t I.t I.t I.t I.t I.t 

FIX YOUR SHIT @115858",AppleSupport
481039,2017-12-01 13:51:29,229337,@Uber_Support U r looting public money and don't want to explain why????,Uber_Support
481600,2017-12-01 13:52:49,229472,"#Amazon prime praticamente non esiste più nsessuna garanzia  che ti arrivi la merce nai tempi pattuiti , un terno al lotto, è il secondo regalo che mi fanno saltare @115821 @120540 se no siete in grado lasciate perdere le facili promesse",AmazonHelp
482870,2017-12-01 13:55:19,229844,"Hi @VirginTrains can you let me know which ""Other Operators Services"" I can get from London to Edinburgh on 22nd December, or can I switch to a Glasgow service instead?",VirginTrains
99821,2017-12-01 13:55:22,137854,"@115830 @122232 Dear AZ, I’ve spoken to them &amp; they say all the right things &amp; even offered a small credit for inconvenience. This however does not solve my problem. I now have another parcel said it was delivered 7pm last night, nothing, no card, no package.  To date worst shopping experience.",AmazonHelp
2614490,2017-12-01 13:57:18,739087,@AmazonHelp HAHAHAHAHAHA &lt;3,AmazonHelp
481580,2017-12-01 13:59:47,229467,@AmazonHelp  https://t.co/OffVcEr2kv,AmazonHelp
481506,2017-12-01 14:02:57,229453,Another slow clap for @115830. I’m not sure this was necessary. https://t.co/Of5kY5L46W,AmazonHelp
482752,2017-12-01 14:05:38,137516,@TMobileHelp @115913 Yes please tell when I can call the pediatric cardiologist. We not have a landline because we love T-Mobile and didn’t need a landline.,TMobileHelp
482406,2017-12-01 14:06:32,229728,"So Uber cancels my ride while I’m outside in the cold waiting for it and THEN has the nerve to charge me a cancellation fee and with no ways to disputes the charge OK. @115873 that’s why your stock is going down, do better.",Uber_Support
483086,2017-12-01 14:06:35,229899,@AmazonHelp hey can you pleaaaassseeeee update new episodes of mr robot :/ ??,AmazonHelp
487963,2017-12-01 14:07:05,231150,Charge my apple watch and phone this morning to full power. It is now 2pm and my watch has 92% battery but my phone cuts out at 62% - @AppleSupport please advise? thanks,AppleSupport
481497,2017-12-01 14:09:28,214431,@AmazonHelp Ok thank you!,AmazonHelp
482879,2017-12-01 14:10:14,229848,@VirginTrains I have a reservation Euston to Chester for 22/12. RMT strike means no trains to Chester. Can I switch my journey 21st?,VirginTrains
482603,2017-12-01 14:11:50,143120,Come on @AmericanAir this is the 2nd time (2 for 2) that my LHR-PHL entertainment screen doesn't work. Do you have it out for me? Seems my seat is the only issue each time. #frustrated https://t.co/gPopy412qx,AmericanAir
2600924,2017-12-01 14:13:43,398359,"@AmazonHelp Yeah the item is fine thanks, is a golf glove so only came to where the packet is bend, guess they might have shook it to top then folded it",AmazonHelp
482714,2017-12-01 14:14:12,229807,Heading to Oklahoma City via @SouthwestAir woo hoo!! @121922 fun foodie weekend here we come! ✈️🍽 #GoOKC https://t.co/lDZ9iZt6Tr,SouthwestAir
485519,2017-12-01 14:16:03,230510,@125633 i have a problem with my login...,SpotifyCares
482864,2017-12-01 14:16:11,229843,@VirginTrains @virginTrains now we've pulled into Birmingham it's even busier and people getting very ratty - four carriages clearly not enough!!,VirginTrains
481492,2017-12-01 14:17:15,229451,@AmazonHelp Gracias por la rápida respuesta.,AmazonHelp
470300,2017-12-01 14:19:57,226973,@Delta No we didn’t realized I️t was damaged until we started unpacking.,Delta
482391,2017-12-01 14:21:10,229724,@Uber_Support __email__,Uber_Support
473175,2017-12-01 14:22:12,227678,@AmazonHelp All 3 orders placed yesterday had/have Monday. Last weeks orders all had a 2-3 day delivery time as well. Always been next day beforehand!!,AmazonHelp
487941,2017-12-01 14:23:46,231142,why does my english keyboard autocorrect things to french??? @AppleSupport,AppleSupport
446806,2017-12-01 14:25:57,220846,@AmazonHelp I have sent an email telling them exactly how I feel. I really hope my order is found so I don’t have to explain to my children that their Christmas present hasn’t arrived due to a delivery failure and that F.C. doesn’t exist! @122232 You should be very embarrassed 😳,AmazonHelp
482853,2017-12-01 14:26:59,229841,@VirginTrains They forgot to load the food cart at Euston. #FirstClassProblems,VirginTrains
491040,2017-12-01 14:27:55,231978,@116136 so in Boston are we sharing bandwidth with NASA or what these days? https://t.co/AhKnPO2KJi,comcastcares
484092,2017-12-01 14:28:25,230172,Flight was supposed to depart 8 mins ago. Still sitting at the gate with the doors open. Don’t do this to me again @AmericanAir,AmericanAir
483799,2017-12-01 14:30:12,229170,¡Ha llegado! 👏🏼👏🏼👏🏼👏🏼 ¡Muchísimas gracias @AmazonHelp! Y a Lourdes que es quien se lo ha pedido al transportista 😊😊 https://t.co/tsCZVRKIal,AmazonHelp
482421,2017-12-01 14:32:49,182212,@Uber_Support Just did,Uber_Support
483050,2017-12-01 14:35:32,229893,@AmazonHelp Yesterday. Does that mean I will not be getting my camera because you guys are out of stock now?,AmazonHelp
484244,2017-12-01 14:37:40,230216,@VirginTrains Edinburgh to Wolverhampton - since you hold monopoly on that route which operator are you suggesting?,VirginTrains
481561,2017-12-01 14:40:32,229465,"@AmazonHelp Ja das stimmt, leider! ☹️ Da ich aber ein geduldiger Mensch bin, verkrafte ich das bis morgen. 🤓 Danke für die Rückmeldung",AmazonHelp
485531,2017-12-01 14:41:01,230512,"@115888 i need to contact customer service in Spain, there is a problem with payment. help help @1390",SpotifyCares
483793,2017-12-01 14:43:52,229170,"@AmazonHelp Seguramente mañana, me queda nada para terminar con la primera parte 😊 #horizonteMartina",AmazonHelp
483909,2017-12-01 14:45:10,230118,@Uber_Support this driver ran his car at mine in Leeds today as he didn't like the idea of me filtering in turn at a junction. Had passengers on board. Appalling driving scared me https://t.co/ErxJsTkOrh,Uber_Support
487861,2017-12-01 14:47:23,231121,When is @115858 going to fix this issue with typing the letter “I”. It’s been madddd annoying for months now,AppleSupport
86181,2017-12-01 14:47:53,134813,@AmazonHelp how long already 24hrs over.😏,AmazonHelp
86533,2017-12-01 14:48:58,134908,"@AmericanAir I understand that. I'm asking for the cutoff date. If flights still lack pilots by, say the end of next week, will you then issue refunds? Or will you wait until the day of, cancel, and strand customers? Would like chance to fix before other flight options are all sold out.",AmericanAir
472864,2017-12-01 14:49:29,225044,"@MicrosoftHelps Either you are not paying attention, for you are asking for info I already provided, or your artificial intelligence is buggy. Case closed as unresolved @139370",MicrosoftHelps
484043,2017-12-01 14:51:07,230159,@Delta When I can know the exact time of Arrival,Delta
483742,2017-12-01 14:52:24,230079,"Me parece lamentable  que @116928 envíe un producto en mal estado y que para cambiarlo tengas que devolverlo y  pagar un envío por un error suyo.  De verdad que no vuelvo a comprar en esta página. Me siento súper decepcionada, confiaba en ellos",AmazonHelp
488765,2017-12-01 14:54:07,231386,Yo @SpotifyCares my dm's are open and I need help,SpotifyCares
484544,2017-12-01 14:55:16,230308,@AppleSupport V 11.0.2,AppleSupport
485293,2017-12-01 14:55:49,230461,@115850 you now sell dirty products that are not returnable? #BadCustomerService and then you hang up on Prime customers https://t.co/ntNWQLlCey,AmazonHelp
485908,2017-12-01 14:56:34,230599,Looking to change cell services from @115911 @TMobileHelp any1 have a reliable good experience esp with service w other carriers?,TMobileHelp
485490,2017-12-01 14:57:11,117889,"I am so disappointed with @115877 Support.  I had an issue with an order, I called, and I couldn’t understand a word he was saying. I have no clue at this moment if my order is arriving or if I’m getting a refund or what!",Uber_Support
485995,2017-12-01 14:58:32,230616,"@VirginTrains hey guys, I've got a ticket for the 16.15 Leeds to London service, but is there any chance we could hop on the 15.15?",VirginTrains
66435,2017-12-01 15:00:01,230587,@SouthwestAir Ohhhh this is smart,SouthwestAir
485199,2017-12-01 15:00:02,230444,Mum ordered 2 Yankee Candles from @115830. Courier threw the box over the garden fence onto concrete and both are shattered. Returns process started.,AmazonHelp
485424,2017-12-01 15:03:51,230487,Between @115817 and @3375 our @115821 account is becoming Prime-ish. We’ve run out to local stores instead of relying on “guaranteed” delivery dates lately. Can’t remember feeling the need to do that in the past. https://t.co/zz9fhglgcj,AmazonHelp
489119,2017-12-01 15:08:14,231488,@225200 @Uber_Support @AskLyft please take care of this,Uber_Support
485389,2017-12-01 15:08:22,230479,"@AmazonHelp Recebi todos, Encontrada, Mindhunter, Percy Jackson e MT mais! vcs entregaram bem antes do prazo, vocês são fodas",AmazonHelp
481767,2017-12-01 15:09:41,229510,@AppleSupport Hi Team - I am running iOS 11.1.2. It happens to all notifications.,AppleSupport
485952,2017-12-01 15:10:19,230608,@VirginTrains Yeah I booked the next to the toilet 1. Want me to have a look at this lock while I'm here? If only I had some hot flannels and Paco rabanne https://t.co/BsDn6TO3uv,VirginTrains
485415,2017-12-01 15:11:26,230485,@AmazonHelp the item was out of stock when the replacement order was made and was still assured by the customer service rep that it would arrive in 2 days.,AmazonHelp
490763,2017-12-01 15:12:22,231902,@118266 mau nanya promo yg 3 bulan 50k itu kalo bayar pake XL ada minimum pulsa gak ya? krn pulsa saya pas 50k tp pas udh masukkin pin katanya saldonya kurang. https://t.co/sOuyfeRWU9,SpotifyCares
485232,2017-12-01 15:13:48,230449,"@AmazonHelp Worst customer service. My email was changed, but nothing could be done because I don't have access to the email it was changed to. What is support even for? Guess I'll just wait 24-48 hours while my credit cards are on an account SOMEONE ELSE has access to!",AmazonHelp
491027,2017-12-01 15:14:18,231973,@115900 Not saying its bad. Its just been doing terrible for 2 days,comcastcares
480051,2017-12-01 15:16:05,229081,@AmericanAir You keep rapidly changing the time and the gate. What on earth is going on?,AmericanAir
485186,2017-12-01 15:16:52,230442,Hey @115830 why am I getting a letter saying I can get £20 if I rejoin Prime? I never left! Is this a scam?,AmazonHelp
485228,2017-12-01 15:20:40,230449,@AmazonHelp .com,AmazonHelp
485584,2017-12-01 15:23:35,228263,Such wise words from my friends @Delta https://t.co/9iMOujLr8x,Delta
480524,2017-12-01 15:23:54,229195,@AmazonHelp how soon can i expect a response?,AmazonHelp
485889,2017-12-01 15:23:56,230597,@TMobileHelp @115913 I understand that I might be a drop in your ocean of customer base. But a great company values every one if it's customers.,TMobileHelp
486655,2017-12-01 15:26:38,230809,"@116935 @230810 @22471 I found a bug, I don’t can’t explain it English but in German. Can you speak German?",AmazonHelp
487258,2017-12-01 15:28:13,230952,@VirginTrains why do I have to pay for WiFi? Every other train company doesn't charge.,VirginTrains
486658,2017-12-01 15:28:39,230811,@AmazonHelp Funny but I can order it now and it will arrive on Sunday yet mine which I bought on Tuesday gone won’t arrive till Monday https://t.co/LFwWXZ4j6v,AmazonHelp
492426,2017-12-01 15:29:03,129645,@115888 just got an email about $99 annual premium. Is there an option for a family plan with the same savings?,SpotifyCares
487964,2017-12-01 15:29:19,231622,"@231150 @AppleSupport Cheryl my phone cuts out at about 60% also!! It’s so annoying, even thought we have a watch it’s still not the same. Let me know if you get any help with it x",AppleSupport
2697316,2017-12-01 15:29:58,757919,"@Uber_Support @690765 🤖 

😂",Uber_Support
480430,2017-12-01 15:32:13,229177,"@AmazonHelp De la musique électronique ! Ou de la pop, de l'alternative, ce genre de chose qui bouge un peu quoi ! En ce moment je suis à fond sur Sigrid &lt;3

https://t.co/38XBmbUMjj",AmazonHelp
485340,2017-12-01 15:35:29,230469,"@AmazonHelp I have two cases, one shipment arrived incomplete and another did not arrive, about the first one. This is what you told me: -- continue",AmazonHelp
486741,2017-12-01 15:37:35,230819,Wow @115821 has gone down hill...I ordered an item with two day shipping two days ago and it STILL has not shipped.  WTF?,AmazonHelp
487003,2017-12-01 15:37:40,230886,@Delta @824 Coincidence that the captain just makes an announcement after I tweet at you? What’s the holdup. Really frustrating,Delta
487049,2017-12-01 15:38:15,230899,@AmericanAir it’s been over 2 weeks since I emailed customer service and still have yet to receive a response.,AmericanAir
481512,2017-12-01 15:40:51,229454,@AmazonHelp  https://t.co/wBXBTWf96C,AmazonHelp
487263,2017-12-01 15:42:42,230953,@VirginTrains Should be?,VirginTrains
485530,2017-12-01 15:43:41,230512,"@SpotifyCares @230513 English better, DM please",SpotifyCares
487784,2017-12-01 15:43:47,231102,@115850 12 eggs for 10k?? 😨 https://t.co/0DqTbfF9pN,AmazonHelp
486893,2017-12-01 15:44:02,230852,"@Uber_Support hey I put in an order on the eats app yesterday and it the restaurant hadn’t confirmed the order in over 5 mins so I decided to cancel it. I still got charged the full amount, I was wondering if I could be refunded",Uber_Support
492288,2017-12-01 15:46:24,232332,@MicrosoftHelps  @115890  Some important files I had on my desktop are gone after a windows 10 update?!?!,MicrosoftHelps
489608,2017-12-01 15:46:37,231607,"@116333 What happens to technical support in Brazil? They lied to me! Of all the companies the only one not expecting this was @115858 . @AppleSupport Brazil fail! repair number D251464272. I am very very disappointed. But that's my problem, said Apple Brazil.",AppleSupport
486713,2017-12-01 15:47:46,230816,@AmazonHelp And processes,AmazonHelp
487152,2017-12-01 15:49:12,230887,Wish @SouthwestAir would have some #SouthwestHeart for cows and add #vegan creamer to the in-flight menu. ❤🐮,SouthwestAir
492392,2017-12-01 15:51:54,232362,"@115888 You know what would be really useful? On android, being able to add a button to my home screen (Like you can add a route w/ google maps) that's basically ""play whatever is next in queue"". It's currently 3-4 button presses, and annoying UX.",SpotifyCares
487176,2017-12-01 15:52:36,230933,"@115913 15 yrs as customer and NEVER EVER in my life had such terrible, pathetic, awful worthless service in my life!! Income loss at 600 now due to your company service",TMobileHelp
487794,2017-12-01 15:52:50,231105,"Hola, @116928 Tengo un paquete en reparto desde las 8 de la mañana. Lo trae el correo del Zar o algo así?",AmazonHelp
485945,2017-12-01 15:53:00,230607,@VirginTrains Thank you!,VirginTrains
489514,2017-12-01 15:55:19,231584,"@5503 @115833 when can we expect the video skills in Alexa app. There is no ""Music, Video, &amp; Books"" in Alexa app Indian edition as opposed to the doc at https://t.co/pGv5uDtxMg",AmazonHelp
486883,2017-12-01 15:56:05,230849,@Uber_Support Terrible customer service,Uber_Support
486092,2017-12-01 15:56:56,230640,"@AppleSupport And now it's working. Spent an hour trying to get it to work before Tweeting. Rebooted, etc. Nothing worked. Now, it works.",AppleSupport
124786,2017-12-01 15:58:32,143953,"@AmazonHelp This is rubbish, i can file a formal suit against you based on your email confirmation. Law is there to protect consumers @1560 @115851",AmazonHelp
487652,2017-12-01 16:00:40,231076,@115830 @AmazonHelp it would be great if someone could contact me regarding a. rude staff b. Not being able to retrieve a password c. Not being able to close my acct d. You now having access to my information when I don’t!!,AmazonHelp
488999,2017-12-01 16:01:24,228432,@AmericanAir Flight attendants on 2266 LGA to MIA were awesome you are very lucky.,AmericanAir
489047,2017-12-01 16:03:37,231465,Not a good morning. @115900 you suck,comcastcares
487667,2017-12-01 16:04:45,231080,"@116875 tengo una pregunta, porque casi no pusieron cosas de navidad :( pensaba comprar absolutamente todo ahi, y casi no hay variedad",AmazonHelp
487940,2017-12-01 16:06:17,231142,@AppleSupport iOS 11 and my battery totally sucks but costs wayyyy to much to fix,AppleSupport
486886,2017-12-01 16:07:39,230849,@Uber_Support I did. No response . What a joke. Ill never use ubereats again,Uber_Support
490647,2017-12-01 16:08:57,231876,@AmazonHelp hi can I please get in contact with my delivery driver today?,AmazonHelp
485966,2017-12-01 16:09:13,230609,@VirginTrains But by the time you issue an update all the other trains will have sold out! Can you not pls just book me onto a different train?,VirginTrains
502266,2017-12-01 16:11:10,234971,Having McDonald's brought to me for lunch 🍔🍟😍 https://t.co/PeysQ0dQIN,McDonalds
491480,2017-12-01 16:12:38,232102,@AppleSupport So in summary I’m looking for a way to auto download all the tracks which I had faved and added to my Apple Music library before resetting and restoring the iOS device,AppleSupport
488941,2017-12-01 16:14:06,231434,@Delta Do you have a process by which this feedback gets to Beth somehow?,Delta
481522,2017-12-01 16:14:22,229455,@AmazonHelp Thank you for your help. I contacted the customer service and was told that the payment was not processed yet due to which the order wasn't dispatched.,AmazonHelp
489481,2017-12-01 16:17:04,231578,"Delivery expected from @115830  today. Despite having a specified ‘safe place’, I come home and find my parcel behind a bush/on top of a drain at the FRONT of my house which faces onto the pathway. Not exactly great delivery service! https://t.co/tpraLLpx1o",AmazonHelp
494210,2017-12-01 16:17:27,232841,"@spotifycares I can’t log into my account with Facebook or email and I haven’t changed any information, logs in, etc. One day I was just randomly logged out of my Spotify",SpotifyCares
489223,2017-12-01 16:21:16,231518,"@120576 @VirginTrains what the hell, waiting on the train track for 40 min now, no moving only 2 updates, and your train cafe doesn’t take cards, #howcanigetarefund #badcoms 😡",VirginTrains
489170,2017-12-01 16:21:25,231503,@115911 AY WHY MY PHONE RANDOMLY GO OFF LIKE A SMOKE ALARM,TMobileHelp
489505,2017-12-01 16:22:26,231582,@AmazonHelp Sure! As soon as I talk to someone from the @UPSHelp  customer service team. Call time on hold is currently 20 minutes.,AmazonHelp
488958,2017-12-01 16:22:42,231440,"@AmericanAir when will your catering issues be sorted in LA? Two flights in a week and all you have is soda, coffee and bischoffs???",AmericanAir
488691,2017-12-01 16:22:56,231368,@115873 driver has been driving around for 20 min on a 3 min arrival time and Uber wants me to pay $5 for HIS time? Smh,Uber_Support
493585,2017-12-01 16:24:05,232672,@232670 @AppleSupport Too late. Already pushed. Shopping for Android now. Sure will miss those cartoon animated emoji's (sarcasm intended).,AppleSupport
489456,2017-12-01 16:26:30,231572,@AmazonHelp can you please explain why some presents (ordered for Children) are being delivered with no paper or box and just a delivery label slapped on? Not only has it completely ruined the surprise for my child but also led to some awkward questions about Father Christmas...,AmazonHelp
490873,2017-12-01 16:27:34,231935,Flying later today first class thanks to my complimentary upgrade from @delta and I'm very excited about it.,Delta
488676,2017-12-01 16:28:19,231365,"@Uber_Support Ok, so I’ll be notified again for January?",Uber_Support
467366,2017-12-01 16:29:44,226254,@226255 @AmazonHelp That’s because you don’t mind things coming late.,AmazonHelp
491075,2017-12-01 16:29:54,231990,@comcastcares An App or on the PC?,comcastcares
489222,2017-12-01 16:30:04,231518,"@VirginTrains @120576 How long will the delay be? Can I get a refund? I’ve seen lots of trains going south still, (past my train) why is the train guard so quite, communication is key in these situations, but it’s not happening 😠",VirginTrains
491137,2017-12-01 16:30:15,222799,"This year I’ll renew @SouthwestAir A-List with nearly a month to spare. @232002 will unlock it for the first time. We would have unlocked months ago, buuut airline diversity 🤷🏼‍♂️😂",SouthwestAir
486798,2017-12-01 16:33:12,230830,@AmazonHelp non comment fait-on ?,AmazonHelp
485527,2017-12-01 16:34:11,230511,@SpotifyCares I have my phone but it isn't ideal when listening to music at home. My fancy but ancient speakers don't work with it. Also I used to like if I had people round we could all add to the play queue. Phone isn't the same,SpotifyCares
489483,2017-12-01 16:37:35,231579,"@AmazonHelp I ordered 2 items that arrived broken, one was replaced and the other was out of stock so I waited until it was back in stock to get it replaced. When I ordered the replacement for the 2nd item they sent the other item that was already replaced. Its a movie, it's been opened.",AmazonHelp
485938,2017-12-01 16:39:25,230605,@230606 @VirginTrains  https://t.co/stYPUHHnsT,VirginTrains
493577,2017-12-01 16:39:39,232669,@AppleSupport The message varies too. Sometimes it says Charter. Those are the folks that provide my internet.,AppleSupport
490524,2017-12-01 16:40:39,231853,"@AmazonHelp Bonjour, comment puis-je le savoir ? Et surtout, au delà de vos excuses, que prévoyez-vous ?",AmazonHelp
490501,2017-12-01 16:42:46,231846,Is there anyway that I can change my delivery address as I ordered a parcel today to come tomorrow however I put the wrong address in @AmazonHelp,AmazonHelp
492352,2017-12-01 16:43:52,231896,@Uber_Support please help me get back on the road. My account is blocked for not my fault,Uber_Support
491245,2017-12-01 16:44:33,232032,@VirginTrains I’m on hold forever and it’s costing me a bomb but I’ll take your advice and call in again after work this very very frustrating. Thanks for your help,VirginTrains
490975,2017-12-01 16:45:19,231957,@AmericanAir irresponsible and completely unprofessional staff,AmericanAir
1244684,2017-12-01 16:46:34,411998,Amazed by @120533 gift wrapping ! #MerryChristmas ! https://t.co/EboDwhKHDR,AmazonHelp
499245,2017-12-01 16:47:26,234226,@SpotifyCares I have invited two family members to my family account but one keeps returning error code 600 can you help ?,SpotifyCares
491148,2017-12-01 16:48:59,230933,"My GOD @115911 is the WORST phone service on planet earth!! @115913 - signed, 15yr customer!!!!!! Cost me $600 in income so far #FridayFeeling",TMobileHelp
492170,2017-12-01 16:50:11,231844,@115821 @AmazonHelp (8/ ) Here's a pic of the phone so you know I'm not full of shit when I said it had water damage when the guy opened it up. (water damage sticker is the red shape circled in green) https://t.co/P4DeagMIUo,AmazonHelp
467010,2017-12-01 16:51:28,226157,"@comcastcares Well, see that's pointless. It goes out a few times a week and only for about an hour or 3 at most. I'm sure I could call and have them credit my account for all the time it's down but it's such a hassle to call each and every time, for only a short time... not worth it at all.",comcastcares
493538,2017-12-01 16:52:07,232657,"fuck you @AppleSupport, I updated my fucking phone’s software and it keeps restarting every 15 fucking seconds",AppleSupport
492169,2017-12-01 16:52:28,231844,"@115821 @AmazonHelp (9/ ) Worst part is I""m on the hook for a $400 phone and $180 of repairs. Even if I get refunded the full $400 I still spent $180 to repair a phone that was put together so poorly it cracked the moment if fell out of my jacket pocket.",AmazonHelp
491227,2017-12-01 16:55:50,232028,@VirginTrains An ETA would be lovely babes,VirginTrains
492236,2017-12-01 16:56:49,232319,Hey @AmazonHelp not sure how you expect to keep your delivery promises if you ship stuff the wrong delivery method.. Expected delivery was yesterday yet it wasnt even in the right state yet.. #facepalm Looks like it will be here today.. can never trust you anymore seriously.,AmazonHelp
502729,2017-12-01 16:57:58,235116,"Fantastic morning with @delta World Headquarters learning about The OCC and social media team, plus a simulation experience 🛩🛫 #eventprofs #flightsimulator #basicallyapilot #deltaHQ @22551 https://t.co/FFSHrtRyum",Delta
492156,2017-12-01 17:00:15,232303,@80 @130687 @116928 ¿Estamos ausentes hoy también o es que vamos a seguir diciendo que pasáis y no había nadie por 3 días más como la última vez? Mañana Sábado seguro que NO estamos. https://t.co/5innEjCunj,AmazonHelp
490739,2017-12-01 17:01:41,231895,@Uber_Support thanks for the link. i hope they can and will help as all i used to do was praise y'all nut lately ive had nothing but problems,Uber_Support
491448,2017-12-01 17:02:37,232094,"@AppleSupport Just updated to 11.1.2, that should probably fix it?",AppleSupport
490477,2017-12-01 17:02:46,231840,@AmazonHelp I contacted customer service via phone call but as of right now Ive been on hold for about 10 minutes trying to get hold of logistics...,AmazonHelp
492619,2017-12-01 17:02:49,232433,@AmericanAir GF&amp;I traveling together bk from Australia on reward flights.Except last flight DFW-DEN; hers is 8hrs later...Only cash flights &amp; AAnytime on offer to be on my flight. Please help to get us on same flight AA :(((,AmericanAir
497727,2017-12-01 17:04:28,233789,"@115888 you should add a feature that allows you to cross fade between songs by tapping and holding the next song button. 
       Sincerely,
            Person that never lets songs finish",SpotifyCares
492984,2017-12-01 17:05:24,232541,@VirginTrains damage to overhead cables in Watford area?,VirginTrains
492828,2017-12-01 17:06:18,232501,About to board my favorite airline @SouthwestAir I just hope this plane doesn’t have the new froniter seats 😂😂😂 https://t.co/OFUqeovcNK,SouthwestAir
492138,2017-12-01 17:06:24,232301,Neverrrr shopping with @115821 again. This is the absolute worst experience ever!,AmazonHelp
450221,2017-12-01 17:06:24,232005,"@115911 T-Mobile, your customer service is not what I expected, ordered a new phone, UPS lost the package on the way here, UPS tells me to contact T-Mobile... T-Mobile tells me they are not responsible, so whom do I call, no one wants to take responsibility and now I'm screwed.",TMobileHelp
493359,2017-12-01 17:08:32,232620,Delivered 2nd Dec’17.. Time travel or parallel universe?? @115850 @115851 @115821 https://t.co/nPewizWpAd,AmazonHelp
493507,2017-12-01 17:12:00,232645,"I would be playing #XenobladeChronicles2 right now, but once again @115830 hasn't delivered the preorder on day of release 😡",AmazonHelp
484477,2017-12-01 17:15:01,230285,@AppleSupport closing the app then restarting corrects the time difference to 630. my only guess is that someone’s using floats where they should use ints,AppleSupport
492162,2017-12-01 17:15:24,231844,"@AmazonHelp I have not spoken with YOU directly. I didn't even see any way to contact you directly, just the 3rd party seller, which they said they couldn't do anything for me except issue a return. But I feel cheated b/c I spent $180 to fix a phone that was faulty to start with.",AmazonHelp
492936,2017-12-01 17:15:56,232531,"@VirginTrains big, big thanks to Lorna at Holyhead station for all her help with tracking it down too! Please pass on my hugest gratitude.",VirginTrains
492505,2017-12-01 17:15:58,232397,Nice @Delta - kicking off paying passengers from fully booked flight to let crew members on,Delta
497983,2017-12-01 17:16:22,233857,I've never had more problems with a company than I've had with @116136.,comcastcares
499273,2017-12-01 17:17:53,234235,@SpotifyCares you have locked my friend out of her account and she will not stop bothering me at work. please help her change her payment info. Her name is Riley Barsella and she needs some tunes!!!!!,SpotifyCares
493352,2017-12-01 17:19:12,232618,@115850 next sale kabhi hai dost?,AmazonHelp
495012,2017-12-01 17:19:50,233046,"Dear @MicrosoftHelps @115890, please fix the 100% disk usage bug. None of the fixes work!",MicrosoftHelps
492598,2017-12-01 17:21:22,232426,@AmericanAir i sent an email with a copy of my tickets to correct my miles on 10/25 and i still waiting for an answer ...,AmericanAir
494918,2017-12-01 17:21:59,233029,"@AmazonHelp its again old tactics to not solve problem, explain here is it amazon policy task for ID if packet is delivering on mentioned address",AmazonHelp
492316,2017-12-01 17:22:23,172993,@Uber_Support Done. Let me know how it goes.,Uber_Support
495134,2017-12-01 17:24:37,233070,@115858 please fix the issue of “I.T “ or acknowledged that there is an issue.  It’s beyond annoying and frustrating!,AppleSupport
494949,2017-12-01 17:25:40,233033,@115830 second day waiting for a delivery that was supposedly delivered yesterday and then rude staff - Not good,AmazonHelp
494170,2017-12-01 17:29:35,232831,@Uber_Support It’s not helping. I’ve tried that. Not working,Uber_Support
494405,2017-12-01 17:30:16,232891,"@AmericanAir Thanks to your helpful phone agent Gwen, I got a flight changed this morning and saved money. Great service!",AmericanAir
493368,2017-12-01 17:30:18,232622,"Amazon logistics, c'est le pire service de livraison du monde, on est d'accord ?",AmazonHelp
494546,2017-12-01 17:30:40,232939,"@TMobileHelp can you look into my account and tell me why I can see the data stash balance on one of my lines, but not my 2nd line please? Can I not see it bc my 2nd line has no stashed data? Thanx",TMobileHelp
494653,2017-12-01 17:31:25,232965,Meant to be going to Kasabian concert tonight. I think we should have been given the opportunity to get off the train to find alternative onward travel rather than this @VirginTrains,VirginTrains
494251,2017-12-01 17:35:12,232854,"@SpotifyCares I'm using a Huawei p9 with Android 7.0, this is the version of the app (I've just realised I had missed an update so i just updated it, but it keeps doing it) https://t.co/97SFjbnvyJ",SpotifyCares
93647,2017-12-01 17:35:36,136295,"@AmazonHelp And another one guys. I ordered a same day delivery yesterday, and it was meant to come yesterday. It arrived just now, a day late. Can I please get a refund on my Prime subscription?",AmazonHelp
483191,2017-12-01 17:36:10,229926,"@AppleSupport Hi Apple, I have already restarted my device multiple time. Usually I’m using and app and  while using it, it randomly freezes, so I try to exit and nothing responds, I also press the off button and the screens go semi black but u can still see the frozen faint background.",AppleSupport
494612,2017-12-01 17:37:16,232955,@VirginTrains So does that mean none of the routes are running and we have to use another provider?,VirginTrains
492500,2017-12-01 17:37:41,232396,@Delta 5741,Delta
495925,2017-12-01 17:38:02,233288,"Is it just me, or has @115821 Prime become less than Prime? I can’t remember the last time something actually made it to me in two days.",AmazonHelp
496269,2017-12-01 17:39:32,233381,Can @AmericanAir stop with all of the ads over the loudspeaker in the plane? The best ad would be peace and quiet on the planes from the PA system #stopcreditcardoffersonflight,AmericanAir
493346,2017-12-01 17:42:14,232615,"@AmazonHelp I did; same thing every time. We didn't deliver, we can't redeliver, here's a refund for the food you don't have for dinner tonight. Useless.",AmazonHelp
488751,2017-12-01 17:42:59,231383,@Uber_Support Sent three messages none of which have been replied too,Uber_Support
512092,2017-12-01 17:44:47,237752,"@SouthwestAir - If I get to 25 flights &amp; make A-List this month, will it be valid all of 2018 or will I have to start over on Jan 1?",SouthwestAir
494833,2017-12-01 17:45:53,233011,"HO SPESO 50€ PER QUESTO ACCAPPATOIO DI MERDA E MI È ARRIVATA UNA COSA SCADENTE CHE NON AVEVO CHIESTO. @120540 COSA HAI DA DIRE?! 
Rivoglio ogni centesimo. https://t.co/t7bWItAZos",AmazonHelp
492964,2017-12-01 17:46:46,232535,@VirginTrains So I can get in an earlier one,VirginTrains
494836,2017-12-01 17:48:55,233012,"@115830, I kown you guys are busy this time of year but could you at least package goods befofe shipping? https://t.co/vey9c1N7L9",AmazonHelp
495174,2017-12-01 17:50:23,233082,@AppleSupport Was the downgrade recently desabled? I was able to do it a few weeks ago?,AppleSupport
494199,2017-12-01 17:52:04,232838,@Uber_Support Send the DM with screen shot,Uber_Support
493389,2017-12-01 17:52:48,221202,"@AmazonHelp Perfecto, muchas gracias.",AmazonHelp
496307,2017-12-01 17:53:48,233393,"@116136 - ""I see you're working from home today. It'd be a shame if someone, were to haVE AN INTERNET OUTAGE"" https://t.co/y7ahJiVEac",comcastcares
500944,2017-12-01 17:57:01,234663,@115888 bruuuhhhh you serious!!!??? Ffs 😭😭😭 https://t.co/GUZtvwMPcK,SpotifyCares
477717,2017-12-01 17:57:09,228485,"@AmazonHelp Bientôt 19:00 et toujours rien a l horizon..
.",AmazonHelp
488066,2017-12-01 17:58:10,231180,"@AppleSupport Thank you! It wasn’t gone, it just moved. 😊",AppleSupport
496236,2017-12-01 17:58:30,233373,Sunrise Tampa vs LA landing w/ @Delta today. 🛫✈️🛬 #TPA #LAX https://t.co/2CSxvVOg4f,Delta
495981,2017-12-01 17:59:31,233302,@AmazonHelp been in all day waiting for the guaranteed delivery of my week old order. Prime? Waste of time more like.,AmazonHelp
494605,2017-12-01 18:00:43,232953,"@VirginTrains Even if we’ve missed a connection?? That’s what I need refunding as I missed it.. not bothered about Euston - Chester, it’s Chester - Llandudno Junction that’s the issue here? Thanks MM!",VirginTrains
494390,2017-12-01 18:02:34,232888,"@AmericanAir I'd be impressed if you actually had any information to follow on it... as one rep I spoke to said they don't keep records of tracked bags beyond 24 hours... but standby, I'll send it in a moment.",AmericanAir
495962,2017-12-01 18:03:03,233297,@117086 te amo!!! 😃😃 https://t.co/z5FQ9rZUlV,AmazonHelp
496054,2017-12-01 18:03:43,233319,"@Uber_Support Trying to get my ride, but always get an error Oops something went wrong and no idea what is happening.",Uber_Support
523737,2017-12-01 18:05:38,241034,"@115913 @241035 @241036 Well, unlike @241036 I am ready to win! P.S. @115913 did y’all announce who won the speaker for last week’s  #SlowCookerSunday? Because I know I answered correctly first...just saying 😉 https://t.co/M637pIDafr",TMobileHelp
494909,2017-12-01 18:05:53,233026,@AmazonHelp Je le trouve où le SAV?,AmazonHelp
494495,2017-12-01 18:07:13,232923,"@SouthwestAir I have DMed you, thanks.",SouthwestAir
498628,2017-12-01 18:07:43,234037,"@AppleSupport my iPhone keep restarting, what do I do?!",AppleSupport
497345,2017-12-01 18:07:57,233684,When all the enjoyment is sucked out of the night because @115830 can deliver a perfect condition box with this inside... Cheers then #brokedontfixit #broken  #onlyassholewithoutamaskatthechristmaspartymasqueradeball  😡😡😤😤 https://t.co/1VeMOgn6Go,AmazonHelp
496512,2017-12-01 18:09:37,233459,"@VirginTrains Perfect, thank you. (A very late lunch!)",VirginTrains
480371,2017-12-01 18:12:40,202509,@AmazonHelp @229166 Bestätige:Keine Suchfunktion vorhanden. https://t.co/d4Mi2ddV9m,AmazonHelp
497704,2017-12-01 18:13:50,227114,"@Uber_Support I’ve DM you, as you have not dealt with my query correctly!",Uber_Support
498631,2017-12-01 18:15:23,234015,"@AppleSupport Hi. Now in Japan, A lots of iPhones here are restarting again and again without any action. now We are in panic.",AppleSupport
494866,2017-12-01 18:15:44,233018,@AmazonHelp Vendido y enviado por amazon,AmazonHelp
498233,2017-12-01 18:15:49,233928,"@VirginTrains It's really poor service, it happens constantly and it makes travel unnecessarily stressful for everyone. If you can't find a way to stop it, bring the paper system back. Or at least make an announcement or send the train manager around to help sort it out.",VirginTrains
496408,2017-12-01 18:17:58,233430,s/o to the @SouthwestAir pilot for playing the USC fight song during boarding✈️ Santa Clara here we come ✌🏻 #fighton,SouthwestAir
496195,2017-12-01 18:18:15,233361,@delta thanks for your team! Had 2 change flights due 2 delay into LGA &amp; entire process was smooth. CLE team was outstanding. So appreciated!,Delta
504297,2017-12-01 18:18:32,235579,@SpotifyCares why had voodoo ray//a guy called gerald disappeared from Spotify??? :(((,SpotifyCares
497877,2017-12-01 18:19:07,138002,@AmericanAir cmon guys - how about an answer to a straightforward question https://t.co/W4KGBjAZKi,AmericanAir
495927,2017-12-01 18:19:35,233289,"@AmazonHelp Yes.  ""Lack of availability"".  Ordered 3 months ago and that's the most info I've been given.  Very disappointed.",AmazonHelp
495148,2017-12-01 18:21:50,233073,@AppleSupport It’s in iOS11.1.1,AppleSupport
495858,2017-12-01 18:22:44,233274,@AmazonHelp Indeed he is.,AmazonHelp
496022,2017-12-01 18:23:13,233313,@115873 can someone really help me out from the drivers menace...  I face this issue with Uber drivers especially post 11 pm,Uber_Support
494967,2017-12-01 18:25:59,233037,"@AmazonHelp Du coup, je me suis dirigée vers vous ^^'",AmazonHelp
496289,2017-12-01 18:26:03,233386,@comcastcares I'm not interested in paying $50/month plus taxes.,comcastcares
1701471,2017-12-01 18:27:36,233447,@VirginTrains I’m on the 18.19 service to Newcastle.,VirginTrains
497276,2017-12-01 18:28:21,233669,@AmazonHelp @115830 I ordered something via Amazon Prime midday on Friday 24th November and still have no goods. Tracker says “dispatched for delivery tomorrow” but has said this since Monday 27th November. Please can you advise?,AmazonHelp
498576,2017-12-01 18:29:54,234019,@AppleSupport your software update and iCloud bollocks has deleted all contacts and fucked up camera roll. Well done #slowclap,AppleSupport
497686,2017-12-01 18:29:58,233775,"@115873 I took a $7 ride. My driver didn’t confirm she dropped me off, kept driving for an hour and I got charged $20. Your HELP page isn’t HELPFUL. Please do something.",Uber_Support
492247,2017-12-01 18:31:21,232321,"@AmazonHelp Ustedes han incumplido la política de entrega PRIME, yo compré el producto con la condición que indicaba de recibirlo el día 1 de diciembre no cuando a ustedes les padezca. https://t.co/fDHpvn1vss",AmazonHelp
497942,2017-12-01 18:32:18,233848,@AmericanAir would have been nice to know lol. Oh well thanks anyway.,AmericanAir
497247,2017-12-01 18:35:24,233659,"Once again @115830 screw the pooch, letting me down on another urgent order! I implore you, if you really need something DO NOT REPLY ON AMAZON (PRIME MEANS NOTHING!) #pissedoff #customer",AmazonHelp
1866188,2017-12-01 18:36:36,515241,@SouthwestAir Thank you so much! Look forward to traveling with you this weekend!,SouthwestAir
504281,2017-12-01 18:37:25,235572,"Hey @115888 I have an idea; why don't we encode playlist identifiers in the stream so we can ""Shazam"" for playlists? #dinneratarestaurrant",SpotifyCares
497844,2017-12-01 18:37:31,233826,@Delta Already off that plane and connecting to my final destination. She offered Sky miles. Nothing else but some napkins. Still covered in coffee,Delta
498216,2017-12-01 18:37:42,136972,@VirginTrains so it hasn't left Euston as of yet? are lines shut or are trains moving but at reduced speeds?,VirginTrains
495910,2017-12-01 18:38:06,233284,"@AmazonHelp Thx, have emailed, but clearly not Amazon's fault. What sort of post office refuses a delivery because they have too much post? A very bad one I think @126705",AmazonHelp
495990,2017-12-01 18:41:26,233307,"@AmazonHelp @130687 Si, tengo 1. Aunque me voy a esperar hasta las 20h, que según Seur el horario de reparto es hasta entonces. Pero en su web de tracking ya pone ""En Gestión Seur"", asi que seguramente hasta el lunes como muy pronto nada. Como siempre",AmazonHelp
497661,2017-12-01 18:43:52,233766,@Uber_Support I️ never used UberEATS before and I️ tried using a first time purchase promo code but it says it’s for first time buyers only,Uber_Support
485431,2017-12-01 18:45:31,230488,@AmazonHelp UPS just updated my delivery date until Monday. Late and of no use. They still won't give me my money back.,AmazonHelp
496137,2017-12-01 18:47:35,155510,"@SpotifyCares Thanks, they're obviously some unscrupulous type trying to harvest bank account details in your name",SpotifyCares
498139,2017-12-01 18:47:42,233903,@TMobileHelp @115913 Anything coming up for the iPhone 8?,TMobileHelp
498642,2017-12-01 18:48:16,234040,@AppleSupport Perfect!!!,AppleSupport
498464,2017-12-01 18:49:11,233988,"Dites @AmazonHelp, simple question, jusqu'à quelle heure vous livrez avec votre service logistics ?",AmazonHelp
499741,2017-12-01 18:49:30,234350,Most enjoyable @VirginTrains stand to Leeds don’t sell tickets when full. #IAmACelebrityGetMeOutOfHere,VirginTrains
447991,2017-12-01 18:52:12,234278,@AmericanAir Is it safe to book a new flight?,AmericanAir
493432,2017-12-01 18:54:14,232632,"@AmazonHelp Main screen shows ‘on the way’ for both but when I click into each order it says items don’t normally take this long, your parcel may be lost.",AmazonHelp
499371,2017-12-01 18:55:38,234254,"@Delta I had over 66k miles before redeeming 54k, and now I somehow only have 2k. And also just paid for a 2200 mike flight that isn’t deposited in my miles. What gives?",Delta
499587,2017-12-01 18:56:47,234313,Amazing flight crew on flight 1084 from RDU to Vegas w/ @SouthwestAir this morning. Extra kudos to red haired attendant. Wish I remembered her name. Keep up good work.,SouthwestAir
499546,2017-12-01 18:57:00,234298,@116136 i have seious complaints.Why did u tell me i have no contract but now 35 days later u tell me im in a 2 yesr contract. Also ur employee dejuan !6q from michigan was horrible and acted as a supervisor.,comcastcares
500058,2017-12-01 18:57:39,234443,"Hey @115858 my phone was at 100% at 6am and now, 5 hours later, it’s at 28% pls help",AppleSupport
498406,2017-12-01 18:58:35,233977,Terrible packing job by @115821 on my Xenoblade Chronicles 2 COLLECTOR’S EDITION. Notable scuffs on the large box for it. What the heck?! https://t.co/V87GZQhQTn,AmazonHelp
498440,2017-12-01 19:01:07,233983,@AmazonHelp Ordered Saturday hoping for a Sunday delivery shocked when the delivery date was Thursday here we are Friday still no delivery as I said what's the point of prime,AmazonHelp
484082,2017-12-01 19:02:23,230169,"@AmericanAir The saga continues.  Just boarded FL 1675 is delayed because of an overhead latch.  It is missing the spring.  Waiting on maintenance which will be a long wait.  Why couldn’t @AmericanAir handle this between flights?  Again, poor processes.",AmericanAir
499194,2017-12-01 19:03:13,234215,@Uber_Support help! I got locked out of my account and I’m not getting the verification codes!,Uber_Support
501290,2017-12-01 19:04:29,234763,Have your staff ever heard of communication?? 17:10 from Birmingham - Euston @VirginTrains @120576,VirginTrains
475152,2017-12-01 19:05:09,228071,@AmazonHelp Again i tried to order my camera and it was cancelled fuck you amazing im taking my buisness else where FUCKING CUNTS YOU LOT,AmazonHelp
503646,2017-12-01 19:07:44,235367,"@AppleSupport My iPhone (6s 11.1.2) start restarting over and over as well since similar timing. And for my iPhone, timezone changing setting works so far. But this can't be a solution anyway. Clock and time related apps can't do its work with this. So I'm trying to install 11.2  public beta",AppleSupport
498353,2017-12-01 19:09:37,233967,"@AmazonHelp Delivered by USPS. I have been told by each of the support reps that they will be filing an investigation, and would monitor/follow up personally by a certain date. That date passes, I follow up, and the new rep tells me that an investigation needs to be filed. Rinse and repeat.",AmazonHelp
506038,2017-12-01 19:11:31,236087,So @115888 is down,SpotifyCares
499628,2017-12-01 19:11:35,234325,"@TMobileHelp Trying to contact support - I click ""Message us"" and just this pops up: https://t.co/XYyo3ybBb0",TMobileHelp
499186,2017-12-01 19:12:37,234211,"@115873  Do you have an update on branching out in Hull, UK?  Our local firms are unbelievably unreliable (I’ve used #Uber in other cities and Countries, love em!).  #Hull  #Taxi",Uber_Support
470113,2017-12-01 19:12:55,226925,@AmazonHelp Does this link mean I have to write it all out again for the 4th time?,AmazonHelp
510217,2017-12-01 19:13:28,226463,@116230 The People app is not working properly. Had similar problem in W10M.,MicrosoftHelps
496506,2017-12-01 19:13:55,233457,"@VirginTrains Thanks..guess this isn’t due to overcrowding but more down to revenue loss? Also, the first class lounge is now closed due to overcrowding but it’s quieter in here now than it usually is... #confused",VirginTrains
499922,2017-12-01 19:15:48,234410,"@116928 #Miente, #Engaña y se #Ríe de los Clientes, no cumpliendo sus días de entrega comprometidos, telefónicamente y por escrito!
La próxima vez, no adquiráis productos de esta empresa!!!",AmazonHelp
502875,2017-12-01 19:16:28,224729,"@116136 I didn’t change my mind. I DM’d your co-workers and they didn’t message me back. Tell your company to get it together. Don’t feed me your generic, robot bullshit.",comcastcares
499914,2017-12-01 19:19:01,234409,@115830 hey! Want to add my gf to my echo dot. Can’t add her to my “household” because I have student prime and can’t share it - even though she has prime of her own. How do I do it?,AmazonHelp
498077,2017-12-01 19:19:31,233885,"@SouthwestAir First: There is no way that this is 15 years old. Second: The ticket doesn't have an expiration date. Also, the ticket states you can discontinue the drink coupon program (but you're stating that you have simply changed it). So it should still be valid per your printed terms.",SouthwestAir
497900,2017-12-01 19:20:01,233835,@AmericanAir That’s fine I will connect them now!!!,AmericanAir
516310,2017-12-01 19:21:18,238964,The cookies I got from McDonald's was soooo good,McDonalds
2288903,2017-12-01 19:22:59,664982,@VirginTrains worked it out for myself one bus three tubes one missed meeting now took 3 hours to get from harrow too Euston!no help at all,VirginTrains
495111,2017-12-01 19:23:14,233063,@AppleSupport I meant https://t.co/Qvpt9LaVHi...the device is kind of irrelevant? Accessing it from a MacBook.,AppleSupport
499927,2017-12-01 19:24:09,234411,"@116928 deberiais volver a Mrw o Seur que eran los mas puntuales, por que con Correos Express no llegan, llevo dos dias esperando un paquete y ahora van y ponen que tengo que esperar al Lunes. Se supone que contratando el prime nos llega lo antes posible, volved a lo anterior",AmazonHelp
500890,2017-12-01 19:25:37,234644,@13644 my ride pass did not give me the ride pass cost this morn despite being within the zone?,Uber_Support
499597,2017-12-01 19:25:43,234317,"My twitter has been deactivated for almost 4 years, but im so frustrated @115911 that i had to come on here and vent #overit",TMobileHelp
500825,2017-12-01 19:29:12,208620,My positive experience with @115821 has gradually declined in recent weeks. #servicefailures #misinformation @AmazonHelp,AmazonHelp
503213,2017-12-01 19:31:54,136972,@VirginTrains has the 18:10 from Euston to Chester left the station?,VirginTrains
503643,2017-12-01 19:32:04,235366,another keyboard glitch. Fix I.T @115858 @AppleSupport,AppleSupport
503549,2017-12-01 19:34:06,235336,@115830 30 minutes!!!!!!⏳ https://t.co/olfwBHQFbk,AmazonHelp
501089,2017-12-01 19:35:40,234701,Have a seat in first class on AA #750 and all American Airlines can offer us is a frozen boxed breakfast sandwich or a frozen bagel! Not very customer savvy! Changed the process to attain status and feed us boxed meals! I wish USAIR were back! @AmericanAir,AmericanAir
490862,2017-12-01 19:36:07,231931,"@Delta Please read my direct message, this is not a maintenance issue it’s an accessibility issue.",Delta
507433,2017-12-01 19:36:25,124926,@SpotifyCares hi anyway you could tell me when next payment will be taken out of account,SpotifyCares
500696,2017-12-01 19:37:06,234606,@AmazonHelp @115830 I’ve been poorly all day after being up all night with a sickness bug but stayed awake for a parcel and you’ve made ZERO attempt!!!!!!,AmazonHelp
500743,2017-12-01 19:41:45,234615,@AmazonHelp i want to purchase 1plus5t in my company. where can I put my gst details to use gst benefits?,AmazonHelp
4695,2017-12-01 19:42:15,234735,@SouthwestAir Can you please make the leg room a little tighter? I feel lost at sea in your roomy seats.,SouthwestAir
505208,2017-12-01 19:42:44,235831,"@AppleSupport since couple hours ago every time i open twitter or other apps my phone crashes, it shows black screen and loading wheel for around 8 seconds then ask for password. i saw some people having the same problem, how do i fix this?",AppleSupport
499939,2017-12-01 19:43:58,137604,"@AmazonHelp Si, es de Amazon. Y con Amazon no tengo inconveniente pero @137605 no me lo entrego ni el día que tenía que hacerlo ni el siguiente en el horario que me indicaron por mensaje.",AmazonHelp
502607,2017-12-01 19:46:42,235079,@Uber_Support Just sent,Uber_Support
501265,2017-12-01 19:46:48,234758,Although I can see the amusing idea in the talking toilet @VirginTrains it makes for a pretty draining 5hr journey from Glasgow - Euston when you are given seats beside it. #FridayFeelingnomore,VirginTrains
500737,2017-12-01 19:48:25,234614,"@AmazonHelp Still don't have any clue about my refund, extremely disappointed with @115850 never expected this kinda carelessness from a trusted name like Amazon.. don't know what to do now. Are you guys any serious about your business? #helplesscustomer",AmazonHelp
539467,2017-12-01 19:50:23,245109,"@245108 @comcastcares Everyone can read this stuff, it should of been dealt with privately.",comcastcares
502411,2017-12-01 19:51:21,235029,@115821 what’s with you leaving your packages on the sidewalk? no wonder i’m missing a package from my wedding registry 🤦🏻‍♀️ https://t.co/Z3KcGxN98e,AmazonHelp
513964,2017-12-01 19:53:42,238314,"@MicrosoftHelps The live v5 API started returning '{""error"": {""code"": ""server_internal_error"", ""message"": ""An unexpected processing error occurred. Please contact Microsoft."" }}' for some calls. For user lookups all the attributes are set to null.",MicrosoftHelps
501169,2017-12-01 19:53:55,234730,Thanks again @SouthwestAir https://t.co/EzSkzvbdfR,SouthwestAir
505195,2017-12-01 19:53:59,235827,@AppleSupport what gives?! sent msg on 8 October saying performance on my 6+ had plummeted since upgrade and loss of roll back option had left me with a lemon but got NO response.  Google Pixel is looking more attractive by the day right now.,AppleSupport
501006,2017-12-01 19:54:36,234679,@SpotifyCares  https://t.co/d1bRMjtWJN,SpotifyCares
502491,2017-12-01 19:55:44,235046,@117804 Não consegui nada até agora com meu kindle ele ainda ta bugado,AmazonHelp
503140,2017-12-01 19:56:18,235230,@VirginTrains do you know what time the delayed London Euston to Preston train will leave? The 8:30 one,VirginTrains
502463,2017-12-01 19:58:50,235041,@AmazonHelp my delivery hasn’t arrived &amp; I can’t track it,AmazonHelp
501232,2017-12-01 19:59:31,234750,@TMobileHelp shooting 😎,TMobileHelp
501078,2017-12-01 20:02:28,234698,@AmericanAir How does this make sense? https://t.co/jflxKPuOTQ,AmericanAir
502753,2017-12-01 20:03:33,235129,It's too hot on this plane. How do I roll the windows down? @Delta,Delta
502622,2017-12-01 20:03:50,235083,@115873 I was charged for a fare and the driver never showed up.,Uber_Support
503424,2017-12-01 20:03:54,235307,"Hey, @116090 - so Prime is effectively useless now with Intelcom? Also…how does 2 day shipping from Friday fall on a Thursday? https://t.co/FkbKeTpvM0",AmazonHelp
496885,2017-12-01 20:04:58,233075,@AppleSupport (see rest of thread) Basically i just updated FF and it worked.....I was running v. 47 and now it's on like v. 56.....The update fixed that issue. And now it seems to be working everywhere in all browsers...Makes me think temp server side glitch?,AppleSupport
504672,2017-12-01 20:07:11,242064,@VirginTrains Is this expected to be repaired by tomorrow morning?,VirginTrains
502455,2017-12-01 20:08:37,235039,"Good to see @116090 #prime is still a lie. My stuff that was ""guaranteed"" to arrive on the 30th still isn't here. That's some guarantee! Thanks for costing me business. You're a joke.",AmazonHelp
503442,2017-12-01 20:11:59,235310,"@115821 Crappy delivery experience today.  Took a half day off of work for my scheduled, enhanced delivery and it still hasn't arrived and no one can tell me when it will.  Can you help?",AmazonHelp
502450,2017-12-01 20:14:54,235038,@AmazonHelp Well according to the app it hasn’t even been dispatched yet! Surely prime parcels should take priority or you shouldn’t give a definite delivery date if it’s not going to arrive on that date. This is specifically next day delivery.,AmazonHelp
503138,2017-12-01 20:16:52,235229,"Thank you, @VirginTrains; the floor of this vestibule, outside of the (broken) toilet, is exactly where I wanted to be sitting! How foolish of me to think I might find the space to do some work. £100 brilliantly spent. Arses. https://t.co/tzxE1SvHL3",VirginTrains
503007,2017-12-01 20:17:01,235199,@TMobileHelp @115913 Well.  It's been 7 days and I still have not heard from Fraud.  Called in last night and was on hold for over an hour waiting to be transferred to Fraud only to ultimately get transferred to higher tier support in the end.  So....,TMobileHelp
501071,2017-12-01 20:17:45,234696,@AmericanAir Thank you,AmericanAir
508852,2017-12-01 20:17:53,236873,@SpotifyCares Hello. I need your help with fixing some setting in my account.,SpotifyCares
503461,2017-12-01 20:19:45,235316,"@AmazonHelp Sure... so, two things: what are ‘external factors’, and how can something be out for delivery for eight hours and not show?! https://t.co/nDu9gvpTo1",AmazonHelp
502874,2017-12-01 20:21:27,224729,@comcastcares Your customer service is awful and had to get angry with several of your staff to get an answer. Several of which LIED. I gave you my contact information yesterday. Check your messages that you don’t answer.,comcastcares
503500,2017-12-01 20:21:43,235325,@AmazonHelp Got a messsge saying it would come between now and 4th dec this has happened with 2 orders in one week on prime.,AmazonHelp
505108,2017-12-01 20:22:01,235789,"GarageBand is getting completely ridiculous now. It won’t let you upload it to YouTube, you have to put it on iMovie and crop it down to how long it needs to be.
Please change this @AppleSupport",AppleSupport
502951,2017-12-01 20:23:24,235186,@SouthwestAir 👍 will do. Hoping to make it a special flight from BHM to Baltimore to Buffalo (Niagra Falls) 😃,SouthwestAir
502591,2017-12-01 20:23:50,235073,@Uber_Support help! can’t order from uber eats,Uber_Support
500710,2017-12-01 20:25:11,234609,"@AmazonHelp Heu, non. Le colis n'est pas arrivé. Et c'était prévu comme cadeau d'anniversaire pour demain. Deux fois déjà que ce transporteur me fait le coup. Quand ce n'est pas ""colis cassé"" et non livré, c'est soit disant ""livré en boîte aux lettres"" et rien du tout.",AmazonHelp
503117,2017-12-01 20:26:55,235226,@VirginTrains We are crawling along now at Watford if ticket checks were done and there was no stampede then I guess he would never have been let on the train he is in coach 06 K first class carriage nobody has even checked his destination or ticket he has a sick bag beside him,VirginTrains
503449,2017-12-01 20:27:10,145522,Me dijo la app de @116875 que intentaron entregar mi paquete y que no hubo quien lo recibiera... estoy junto a la puerta y jamás vino nadie 😭💔 y mañana no voy a estar. Por qué?!! 😭😭😭,AmazonHelp
508958,2017-12-01 20:27:44,236902,@Delta Just found out I have an important conference call when I'm in ATL today. Can you hook a guy up with a club pass?,Delta
505048,2017-12-01 20:31:32,235784,2012 @115858 MacBook Pro is dying. Battery does not charge and has to be plugged in at all times. *Service Battery* issue. All signs point to faulty tech. What will @AppleSupport do in this situation?,AppleSupport
502585,2017-12-01 20:31:54,233678,@AmazonHelp The feedback is that I can’t remember the last next day order I made that wasn’t delayed in the same way. It’s ridiculous. I don’t understand why the company even pretends it’s a service they offer. Thanks for the link. Bye!,AmazonHelp
504650,2017-12-01 20:35:49,235678,@VirginTrains Not in office hence tweeting. I'm not running up and down the train looking for them...,VirginTrains
506238,2017-12-01 20:36:42,236140,@115900 had problems with a receiver. Went to replace. Got a new one and same problem. Now you want to charge me $60 for a tech to look into it. Way to go. I have to pay to fix your service. Nice how you treat your customers paying $300+ monthly for years. .  #timetoswitch,comcastcares
2903570,2017-12-01 20:37:16,235770,"@AmazonHelp Wow, wow, woow son maravillosos... Realmente maravillosos. Este era el secreto, nos encantó, de verdad que nos encantó. Muchas muchas muchas gracias. https://t.co/qcpvzRjOov",AmazonHelp
504258,2017-12-01 20:37:30,235563,@Uber_Support thanks,Uber_Support
2975353,2017-12-01 20:41:10,820578,"@AppleSupport After two weeks, 7 apple support reps, 2 restores, 4 network restores, 2 chat sessions, and NO FIX I was told it has to be mailed away for 5-7 bus. days and I have to pay for it! $300! My maps, wifi and bluetooth worked perfectly fine before #iOS11 . Worst customer service  ever!",AppleSupport
503001,2017-12-01 20:41:16,235199,@TMobileHelp @115913 And chances are this is an inside job.  How else does someone bypass a 7 Year Fraud Alert to purchase a few thousand dollars worth of equipment ?,TMobileHelp
499909,2017-12-01 20:41:50,234408,@AmazonHelp c'est reglé !!! merci !  vous etes au top,AmazonHelp
510549,2017-12-01 20:44:23,237304,@SpotifyCares @237305 Is this going to be fixed soon?  I have an I phone 7 and it’s doing the same thing. I had to reduce my text size also so now my playlist isn’t overlapping but I can’t read my text messages.,SpotifyCares
504457,2017-12-01 20:45:31,235632,@AmericanAir shoutout to your employees working the admirals clubs @116147! The customer service is phenomenal! They were all great and went above and beyond!,AmericanAir
473198,2017-12-01 20:47:19,227680,@AmazonHelp Yes it was a tremendous help they will be in touch in the next 72 hrs... I appreciate sarcasm doesn’t travel well.. still there are 12 minutes for the parcel to be delivered as was faithfully promised.,AmazonHelp
506281,2017-12-01 20:48:22,121077,Really disappointed in @115911 secretly sticking me with $100 worth of SIM card charges when I switched my four lines to them. They have me now but in 60 days when the phones unlock I'll be gone!,TMobileHelp
504955,2017-12-01 20:49:53,235767,He comprado: 'Taza Tipo Lego Con Diseño Bloques De Construcción Negro' de Curiosidades Express via @116875 https://t.co/mmg7VpxDRM,AmazonHelp
504540,2017-12-01 20:51:02,235657,"@SouthwestAir Update: The ""baggage team"" is working on the issue. They said that it should be in by the end of the day and they will deliver it to the hotel.",SouthwestAir
494368,2017-12-01 20:52:09,232881,@Delta Thank you for paying attention. 👍👏👏👍,Delta
504627,2017-12-01 20:54:50,235672,@VirginTrains Advanced Ticket calendar is showing that they are available for purchase on 19-Mar-18 but none are showing up for the 12:00 GLC-BHM on this day. Surely they can't all be gone?,VirginTrains
505938,2017-12-01 20:55:51,236054,"Hey @115821 @115833 - ""Pop the champagne"" as your recent ""What's New w Alexa"" email suggests, says ""Balls and bubbles contains mature content..."" Not sure what comes after, because I stopped it from continuing, but you might wanna check that out #nsfwfriday https://t.co/B3vjuPfpWo",AmazonHelp
504519,2017-12-01 20:56:39,235652,"@comcastcares @235651 WHAT?!?!?  Why in the world would they do that?  That is a ""cancel my service"" type of stupid decision.  90+% of all my DVR scheduling is done via the app.",comcastcares
506527,2017-12-01 20:57:02,236225,5 pairs of broken @118845 and give up. Absolutely shite,AppleSupport
506002,2017-12-01 20:57:12,236074,Hi @115877 . Thanks for my 2 poppadums which transformed into crumbs on their journey .. https://t.co/p8RJoKBifX,Uber_Support
502652,2017-12-01 20:59:34,235093,@SpotifyCares DM sent,SpotifyCares
505762,2017-12-01 21:01:57,236018,@AmazonHelp It's 9pm now. I'm going to work now,AmazonHelp
505831,2017-12-01 21:04:01,236031,não tem serviço de entrega pior do que essa transportadora contratada pela @117086,AmazonHelp
503088,2017-12-01 21:04:14,235220,@125792 @VirginTrains @173138 @120576 They've been tweeting about it for hours to be fair to them,VirginTrains
516306,2017-12-01 21:05:02,238963,Come on @McDonalds. It shouldn’t be this hard. #higherwages=smarter_employees https://t.co/sTl0juFnGy,McDonalds
498588,2017-12-01 21:06:42,234024,"@AppleSupport And the time, battery percentage and signal is gone from the top",AppleSupport
506192,2017-12-01 21:07:16,236129,Thanks @AmericanAir for an enjoyable trip from Orlando to San Diego. https://t.co/Rp5yftY2pq,AmericanAir
473199,2017-12-01 21:08:21,227680,@AmazonHelp And BOOM !!!!!!!!!!! Another deadline passed and failed..,AmazonHelp
505980,2017-12-01 21:10:44,236067,"@Uber_Support my phone number is in 2 diferent accounts, so now i can't use the app, neither get any help by e-mail",Uber_Support
503108,2017-12-01 21:11:46,235224,@VirginTrains Runcorn to london stopping at runcorn. Sat waiting 30 minutes for a driver!!,VirginTrains
505932,2017-12-01 21:12:03,236052,@AmazonHelp Already been escalated since the theft on Monday. Then again for the late items that ended up being lost. Got refund for that this morning.,AmazonHelp
506298,2017-12-01 21:12:31,236158,Thank you @115911 for screwin’ up my weekend. 🤬,TMobileHelp
503481,2017-12-01 21:16:19,235321,"@AmazonHelp 3 different members of AMZN Support Chats. One even promise the item would be here by 6pm.Which I doubt since the package has moved from the distribution warehouse since 11:08AM
""Me: Are you promising me that the item will be here today?
Dipika:Yes, you will get the item today.""",AmazonHelp
507515,2017-12-01 21:16:23,236502,Thank you @Delta for breaking my brand new driver today 😡😡 https://t.co/xIPs4swlAR,Delta
502854,2017-12-01 21:16:56,235159,@comcastcares Everything you do reeks of slime and having a heart three sizes too small.,comcastcares
142441,2017-12-01 21:17:58,148146,"@MicrosoftHelps Please DM me
Two blue screens in an hour is unacceptable",MicrosoftHelps
506019,2017-12-01 21:20:51,236079,@115888 how do I get account support?,SpotifyCares
505780,2017-12-01 21:21:42,236021,@115830 lied to twice in one day about my delivery. I'm going to enjoy cancelling all outstanding orders tomorrow,AmazonHelp
505052,2017-12-01 21:22:07,235785,"@AppleSupport i purchased one of the dances on the ElfYourself app and got a confirmation of the purchase and the money is off my account, but i haven’t gotten the dance in the app?",AppleSupport
507919,2017-12-01 21:22:16,236623,@VirginTrains there seems to be some 'severe disruption' with in Wigan...any chance you could elaborate? Worried I'll miss my connecting train in Wolverhampton..,VirginTrains
514506,2017-12-01 21:24:55,241057,"@115913 On the first day of Magenta T-Mobile sent to me

A Nest security pack for the family

On the second day of Magenta T-Mobile sent to me 

An Apple Watch Series 3

On the third day of Magenta T-Mobile sent to me

A T-Mobile shirt that fit me perfectly

#12DaysOfMagenta🎄🎶 https://t.co/XJKgoGciWm",TMobileHelp
505958,2017-12-01 21:26:35,236059,@Uber_Support I need help with my account I see multiple charges on my bank statement but when I look at my trip history in the app there are no trips for the amount taken out of my account. I have emailed the company twice today and I have not heard a reply. Please help,Uber_Support
504920,2017-12-01 21:26:57,235760,"@AmazonHelp Will do, thanks MD",AmazonHelp
508245,2017-12-01 21:31:03,236694,"@AppleSupport I'm trying to setup a 5c to use as a work phone. I made a new apple id for work. I need 2 free apps but I cant get setup in the store. Keeps telling me ""For Assistance, contact itunes support at https://t.co/RHM5LV2ttB"" HELP!",AppleSupport
507136,2017-12-01 21:33:38,126790,@AmazonHelp Yeah hit my DMs,AmazonHelp
507911,2017-12-01 21:35:26,236622,@VirginTrains Still well late though you bunch of melts,VirginTrains
470988,2017-12-01 21:36:50,227136,@Delta 1.5 hours in traffic to get to the flight. Half hr in security. Flight for 5 hrs and had another 1 hour in the tarmac. Was nearly in tears at the end of it. An upgrade on the way back to nyc would be nice.,Delta
507710,2017-12-01 21:37:27,236559,Por que con xfinity comcast no tiene paquetes de internet y cable para personas con income pequenitos?,comcastcares
507150,2017-12-01 21:37:44,236409,@AmazonHelp Perfect thank you so much. I assumed so. But just wanted to verify. Thank you so much.,AmazonHelp
508235,2017-12-01 21:38:20,153601,Bummer but at least I can pull down the window to see it. Hopefully can be in a future update somehow. @AppleSupport  https://t.co/oykx5p7nXQ,AppleSupport
590056,2017-12-01 21:41:07,259517,Making my #BigNightIn with the #BigMac and some binge watching! #McDelivery https://t.co/zUHq2FRbQE,McDonalds
507351,2017-12-01 21:43:17,164959,"NO, I DON'T WANT A FUCKING @115873 VISA CARD.

And also, if I want to unsubscribe from these e-mails I have to unsubscribe from all Uber e-mails. So be it.",Uber_Support
507099,2017-12-01 21:43:37,236396,@AmazonHelp Que le service chargé de la sécurité des comptes me contacterait mais rien.je ne peux plus accéder à @236397 non plus,AmazonHelp
506545,2017-12-01 21:45:44,236232,"@AppleSupport @236230 Hello Apple Support, I‘ve got the same problem and it also appears in Safe Mode",AppleSupport
508144,2017-12-01 21:47:41,236667,This is BS @115821 or @115817 ! I want my @23197 @236668 tunes! https://t.co/sY6vIj7Myk,AmazonHelp
509002,2017-12-01 21:48:19,236918,@AmericanAir Gate 35X @ DCA is the wooorrrst. Too bad @SouthwestAir doesn’t fly to Columbia,AmericanAir
507873,2017-12-01 21:49:02,140478,@VirginTrains Oops - sorry - Milton Keynes,VirginTrains
505992,2017-12-01 21:50:15,236072,@Uber_Support I know how they work- but this uber never moved! I waited 20 mins for 5 min trip and the car didn't move. Could have walked to where it was in that time.,Uber_Support
507075,2017-12-01 21:50:37,236391,"@AmazonHelp Well, apparently is correct also there: https://t.co/na6LyALX6G",AmazonHelp
514510,2017-12-01 21:52:11,241054,"@115913 Ding dong merrily on high 
T-Mobile staff are singing
 Ding dong merrily on high
All other networks need binning 
Tra la la la la tra la la la 
John turn my song magenta #12DaysOfMagenta",TMobileHelp
507397,2017-12-01 21:55:16,236470,@SpotifyCares Thanks! We got the issue figured out! But got disconnected before I could say thanks... 😔,SpotifyCares
2857773,2017-12-01 21:55:36,196378,"@794244 @comcastcares Exactly. And often the content is not available in a consistent or timely manner or disappears quickly, but they advertise On Demand as though it is.",comcastcares
509539,2017-12-01 21:55:45,237056,@AppleSupport Please help with my Girlfriends Iphone 8plus . We got the phone 3 weeks ago and voice keeps dropping during the call. Went to Apple store Northridge CA 3 times but was rudely rejected and staff refused to replace the phone. Feeling frustrated😑😞,AppleSupport
509125,2017-12-01 21:56:37,236950,I’M SO GRATEFUL FOR @SouthwestAir 😭😍😍 me &amp; cooper thank you for the gifts!!! https://t.co/FrpWHVSI9H,SouthwestAir
507113,2017-12-01 21:57:23,236400,@AmazonHelp Thank you,AmazonHelp
508794,2017-12-01 22:00:35,236856,"These companies are the worst. You click on ""unsubscribe"" in the unwanted email, then the site opens &amp; asks what your email is. You know god damn well what my email is @115873. Passive aggressive nonsense. https://t.co/N6m1KfFY5S",Uber_Support
508951,2017-12-01 22:01:13,236900,@Delta Thanks for the poor customer service today.  Arrived 3 hrs early for int flight and bags still didn’t get on plane. Then tried to get earlier connection home and was told $75..pay for first class and get low class service.  Here’s to a 20 hr travel day!!!!,Delta
508067,2017-12-01 22:03:47,236657,"@115821 This morning someone went into my amazon account and change my password and email. I called to submit a ticket, but I am worried they will make purchases. Can you access that account and shut it down? Do I make a new account? What happens to my #twitch/Amazon prime? https://t.co/1Tky6TOUOY",AmazonHelp
509193,2017-12-01 22:05:30,236965,@VirginTrains I'll still check in the morning as well though just to be safe. Is that advised?,VirginTrains
507118,2017-12-01 22:08:25,236402,"@AmazonHelp It was brought forward from the check out date but then only half the order turned up. Update says final item should have arrived on 29th, and package is with carrier but not due arrive til a week later.",AmazonHelp
508861,2017-12-01 22:09:15,236877,@SpotifyCares I understand that but I wish there was a way to tell it to default to the explicit version when it's available.,SpotifyCares
511165,2017-12-01 22:09:58,237486,@AppleSupport eta regarding I.T issue ?,AppleSupport
509048,2017-12-01 22:10:17,236928,Is it just me or is everyone else’s WiFi down as well @116136 #crapwifi,comcastcares
466168,2017-12-01 22:11:07,225911,"@AmericanAir Except for people who want to fly cheaply with more luggage than fits in a backpack, apparently.",AmericanAir
505839,2017-12-01 22:13:58,236031,"@AmazonHelp já é a segunda ""tentativa"" desse pedido, e levando em consideração que já são oito da noite...",AmazonHelp
509010,2017-12-01 22:16:37,236921,comcast's 1tb per month data cap is the most stupid thing ever,comcastcares
508091,2017-12-01 22:17:52,236660,"@AmazonHelp Deberían haberme llegado ayer, se ha extendido el tiempo de entrega...¿los sábados amazon hace entrega de pedidos?",AmazonHelp
503152,2017-12-01 22:20:11,192705,@VirginTrains Great! I look forward to receiving a full refund for my ticket,VirginTrains
510393,2017-12-01 22:22:47,237258,"@115830 Can I reverse my business prime? I’ve lost my 1 click ordering, how do I reverse it? I’ve tried activating it again but no luck!",AmazonHelp
506479,2017-12-01 22:23:21,234820,"@236214 @AppleSupport nope false alarm, it has started doing it again...",AppleSupport
508760,2017-12-01 22:24:02,236454,@Uber_Support @236848 Ok. Done. Hope to hear and solve this issue soon. Thank you so much!,Uber_Support
509093,2017-12-01 22:25:36,236940,Hey @SouthwestAir usually you have clean up to date planes but flight # 408 smells like a bathroom and that it was built in 1960.,SouthwestAir
510935,2017-12-01 22:27:47,237421,@115911 be scamming people put they fucking money !,TMobileHelp
511025,2017-12-01 22:30:12,237443,@VirginTrains Hi there. I've just booked a ticket from Brighton to Bournemouth (Ref 7TKKH866) but chose the wrong date. I needed 5th December but booked 12th December. Is there any way to cancel this or amend?,VirginTrains
512035,2017-12-01 22:30:41,237734,I’m about to kick @115900 to the curb the way they make you pay $150 a month to only be able to be on the phone asking why internet is out AGAIN. 😤😡 a business wouldn’t put up with this so why should I?,comcastcares
508086,2017-12-01 22:30:47,236659,@AmazonHelp Oh yeah and thanks for the contact @AmazonHelp  where are you @115937?,AmazonHelp
596055,2017-12-01 22:31:31,261251,Making my #BigNightIn with the #BigMac and some binge watching! #McDelivery https://t.co/PbAlfwt2LH,McDonalds
510709,2017-12-01 22:32:13,237354,@AmericanAir What was the point of loading AA1485 if you already knew we’d probably have to deplane?,AmericanAir
514124,2017-12-01 22:32:51,238363,Also ye I’m on Spotify. And Apple Music (I produced the song for @238364 ) https://t.co/gfpXVuVw1J,SpotifyCares
511886,2017-12-01 22:33:29,237700,@Delta I flew Virgin Australia in August. I cannot get the boarding pass bc Virigin doesnt have it. I have ticket number and itinerary - how do i get the MQDs?  Your customer service phone number has been awful.,Delta
512460,2017-12-01 22:34:09,237856,Is it just my phone that keeps on randomly restarting ever since I updated my iOS? @115858 @AppleSupport,AppleSupport
510373,2017-12-01 22:34:21,237253,@AmazonHelp Bit difficult when she doesn't even have an account. I'd like to know how you got her name and address. Have you breached the data protection act?,AmazonHelp
510343,2017-12-01 22:42:16,237245,"@AmazonHelp Whats going on with your prime delivery? Its 1 nightmare after another. Im expecting a prime package today thats already 1 day late, and now i look at tracking and delivery is now for monday. UNACCEPTABLE. item is for a crucial inspection we await on Monday.",AmazonHelp
519177,2017-12-01 22:42:58,239798,@MicrosoftHelps How do I change the Excel 2016 default workbook template in Office2016 for macOS?  Where do Book.xltx and Sheet.xltx need to be stored?,MicrosoftHelps
510989,2017-12-01 22:44:02,235675,@VirginTrains How can I enter the details if I can’t fill in where I’m going to. You won’t know what you’re working out.,VirginTrains
506486,2017-12-01 22:45:26,236215,@AppleSupport And the Home Sharing issue has been there ever since we got Home Sharing back in the Music app,AppleSupport
510690,2017-12-01 22:47:19,237348,"Sad @Delta gave up MarineTerm. Guess I’ll go back to flying @AmericanAir to get miles, since it’s no easier to get to Term B than Term C/D.",Delta
510248,2017-12-01 22:47:35,237230,"Ojalá @116928 deje de trabajar al fin con @4496 express por que es vergonzoso el servicio de ""entrega"". Me encanta perder el tiempo.",AmazonHelp
510294,2017-12-01 22:50:11,237237,I used to love you @115821 but now I have to live 30 days without making a phone call.,AmazonHelp
516749,2017-12-01 22:52:49,239113,"Why do you limit the albums that we save, understand the limit for downloaded ones, it really seems unnecessary when thinking about the price we pay monthly @115888",SpotifyCares
514502,2017-12-01 22:52:57,241044,"@115913 Verizon 
""You're a mean one,  Mr. Grinch, 
You're @115911 plan is rich! 
You're too giving to your friends, 
It hurts to hear the word switch!
When will all this charity ennnnnnnd?

#12DaysOfMagenta",TMobileHelp
507345,2017-12-01 22:55:03,236455,@Uber_Support So did I. No lie. My nerves were shot and I’m just now calming down from the stress. It’s been 2 hours. I don’t think you are taking this as seriously as it was.,Uber_Support
512520,2017-12-01 22:55:19,237871,"@AppleSupport how can I disconnect an Apple Watch from a broken phone, without unlocking my watch because the Digital Crown is broken?",AppleSupport
512003,2017-12-01 22:55:35,237722,"@AmericanAir Boeing 777-200, Ezeiza, Buenos Aires. https://t.co/2UMXYr1gNq",AmericanAir
510302,2017-12-01 22:57:45,237240,@AmazonHelp LG TV,AmazonHelp
512109,2017-12-01 22:58:36,188922,Hey @SouthwestAir I just spoke to Larry on the phone (at the 800IFLYSWA). He was SO NICE to me after my stressful day. #LUV,SouthwestAir
512229,2017-12-01 22:58:39,237797,@VirginTrains sat in Preston on the 22.40..... no communication. Cam you tell me why so late?,VirginTrains
512021,2017-12-01 23:00:11,237730,"@115900 how much would it cost to buy and install a tower so my town can have internet, @4165 is the worst internet we have ever had.",comcastcares
511679,2017-12-01 23:00:49,237634,"@123644 @115821 @115830 hey, it says the whole of season one is on prime, but only one episode is, please can you fix this thank you https://t.co/wKGMNSjtOh",AmazonHelp
508942,2017-12-01 23:05:15,236899,"@Delta @122828 had you asked her name or for more details I’d believe you’re looking into it. clearly you’re just spewing words as o doubt you’ll ask every ATL staff if they did this. message received, I’ll look for another airline.",Delta
464332,2017-12-01 23:05:20,225408,@AmazonHelp Done. Thank you.,AmazonHelp
512452,2017-12-01 23:08:41,237853,Ordered from @115821 and I get a delivery of an empty box. #Frustrated,AmazonHelp
509577,2017-12-01 23:09:43,237068,"@AppleSupport Yes, It does work perfectly on my other devices.",AppleSupport
511796,2017-12-01 23:12:08,237659,@115877 CAN YOU EXPAND YOUR DELIVERY REGIONS PLEASE IM TRYIN’ GRUB,Uber_Support
511992,2017-12-01 23:14:35,237719,@AmericanAir for what I paid for the flight in addition to the 10x I flew this year with you and flying to Dublin next year I SHOULD GET A CREDIT !! https://t.co/KwnaNo0R2N,AmericanAir
497358,2017-12-01 23:15:19,233687,"@AmazonHelp Ce n'est pas vous le SAV ? Pouvez-vous faire passer le message, merci.",AmazonHelp
513126,2017-12-01 23:17:24,238062,"Hey @Delta ! I believe I have to change name, cos every time I am only having issues. Lolz
Enough space in cabin for baggage but only my bag checked in 🤪🤪. Now hv to wait extra minutes at arrival. Thank u for the service",Delta
513644,2017-12-01 23:18:03,238226,@AppleSupport sucks! Getting though to a store for appointments is a nightmare and online Genius Bar appointment option seems to be disabled...hopeless experience with Doncaster store in Victoria Australia!,AppleSupport
513256,2017-12-01 23:21:10,238102,"@SouthwestAir flight is delayed. Plus the flight attendants stole this baby. Jk, but we really are delayed. https://t.co/MU5Aeuw1si",SouthwestAir
512399,2017-12-01 23:21:41,237837,"@AmazonHelp Sim, com sorte ele chegou completo. Mas a forma de acondicionamento do produto poderia usar uma ajuda. A caixa estava toda amassada e quase violada.😖",AmazonHelp
507719,2017-12-01 23:22:07,236563,@comcastcares Sent,comcastcares
498617,2017-12-01 23:24:05,234034,"@AppleSupport @234033 If I may interject, why is my phone doing this and how do I stop it? 🤔 https://t.co/YzDofiUtDK",AppleSupport
522715,2017-12-01 23:25:40,240741,"@115888 I need you guys to build a function that creates playlists for a VERY specific parts of Frank Zappa songs. In particular, ""Peaches en Regalia"" at 1:07-1:35. Thanks.",SpotifyCares
513035,2017-12-01 23:26:58,238036,This @115873 stinks so bad of cigarette smoke I can't even smell my own kielbasa burps #Truth #Disgusting #FridayNight,Uber_Support
512212,2017-12-01 23:28:21,237794,@VirginTrains There’s no signs of any staff on board; we are stationary outside wilmslow station,VirginTrains
512386,2017-12-01 23:28:26,237833,Today I used @117795 for the first time and I didn’t get my order cause the driver never called. The customer service peolple called the driver and no answer. Not very happy right now,AmazonHelp
513285,2017-12-01 23:31:51,238111,"@115913 @115911 @TMobileHelp The digits app for the iPhone is an epic fail! Just got off another support call. Solution: Wake up every morning, and check that app is working. Ah, no... Fix it! Stop blaming Apple and iPhone owners. This is ridiculous!",TMobileHelp
508974,2017-12-01 23:32:07,236909,@AmericanAir No that’s why I booked an 8:10 flight. Who cancels a flight 4 hours prior.??? Bad business. Unacceptable business.,AmericanAir
511648,2017-12-01 23:35:18,237627,@AmazonHelp Will do.,AmazonHelp
514173,2017-12-01 23:35:40,238382,@Delta Fc lav.,Delta
512994,2017-12-01 23:39:54,238024,"@115877 Scam of a service! I never got the food, it shows ""delivered"". I have no way of finding the phone no. of the driver, can't call back on number I got. How does this work? Such a #scam! #fraud #uber #ubereats #neveragain",Uber_Support
513239,2017-12-01 23:41:05,238095,Taken on iPhone so not best quality but seeing @SouthwestAir taking off this evening from @138523 was just magnificent especially with the moon on full display. https://t.co/yYMlbcYxG5,SouthwestAir
512342,2017-12-01 23:41:25,237825,"@AmazonHelp Porque me sorprende,me hace ver lo peor del ser humano y lo mejor o único que nos queda.",AmazonHelp
513059,2017-12-01 23:42:27,238042,@SpotifyCares That link worked! Thanks!,SpotifyCares
514769,2017-12-01 23:42:34,238533,@AppleSupport @115858 I have several apple products.  Since iOS 11 of my iPhone 6 and 6s are playing up.  My iPhone 7 Plus hasn’t run smoothly since software upgrade.  First time in 10 years I’m now looking moving away from apple.  Quality has gone downhill.,AppleSupport
514274,2017-12-01 23:47:47,238411,"@AmericanAir Flight 1962 BWI to Charlotte, best flight crew ever",AmericanAir
513557,2017-12-01 23:48:02,238195,"@115830 sometimes I appreciate a company going the extra mile but not one who rings my doorbell at 23:35 and when I open the door find nobody there until a man shouts across the cul-de-sac ""I'VE LEFT A PARCEL ON YOUR DOORSTEP"" WTF?",AmazonHelp
513263,2017-12-01 23:52:16,238105,I am so fed up with your company!! @115911 8 years with you and we’re officially ready to switch companies!!!🤬 #bullshit #dontgototmobile #unorganized #anddonttweettome how about you help them #findmyphoneinyourwarehouse ! 😤#ridiculous #tmobile,TMobileHelp
513652,2017-12-01 23:53:10,238228,@AppleSupport  https://t.co/WHAK23Q2SU,AppleSupport
512975,2017-12-01 23:54:19,238016,"@115877 ur service is trash, it took me an hour to order food",Uber_Support
513507,2017-12-01 23:55:07,238180,@115821 I appreciate the beautiful flower but that’s now what I ordered. How can I send it back (and will the flower die??? 😢) and get the items I actually paid for? https://t.co/XaP24HETDr,AmazonHelp
598394,2017-12-01 23:59:51,261884,"Making my #BigNightIn with the #BigMac and some binge watching! #McDelivery
https://t.co/jl8HdMFI7E",McDonalds
514729,2017-12-02 00:01:30,188217,Airplay in #iOS 11 is broken.  Please @115858 @116333 fix this.  I can’t stream browser feeds to #AppleTV.,AppleSupport
515291,2017-12-02 00:01:54,214403,When buying from @115821  i wish I lived in a rural area where I would never have to see anything shipped via AMZL.  There is maybe a 50% chance of ever seeing what I ordered when shipped locally in the Atlanta area.,AmazonHelp
514415,2017-12-02 00:03:31,238450,Hey @115900 it's officially the weekend and SURPRISE my internet connection is suddenly shit,comcastcares
525046,2017-12-02 00:03:52,241429,Wish @115888 would get its shit together and get more of Beyoncé’s songs on there🙄 especially her album Lemonade 😡,SpotifyCares
511952,2017-12-02 00:04:39,238395,@AmericanAir Nice. Flight 2098 is standing right at the gate but no crew to fly it. Delayed for 2 hours now!! #aateam - only you could do it.,AmericanAir
514458,2017-12-02 00:06:38,238459,@VirginTrains any idea when next eus departure to MKC is?,VirginTrains
515880,2017-12-02 00:09:00,238870,Her 3 dakika da bir bu ekranı alıyorum daha sonra tuş kilidine bağlıyor olayı . @21690 @23418 @AppleSupport https://t.co/Rr1HsPhF83,AppleSupport
513452,2017-12-02 00:09:06,238166,"@115821 @116935 this is the 4th vinyl album I received that is warped! What’s going on in the warehouses and/or shipping? It’s frustrating to have to constantly return. You have a great return policy, but the time is the frustrating part.",AmazonHelp
514100,2017-12-02 00:09:21,238355,@Uber_Support I need someone to call me,Uber_Support
514158,2017-12-02 00:13:19,185202,"I'm at @Delta Sky Club in Atlanta, GA https://t.co/erTsOTnbJ7",Delta
514382,2017-12-02 00:15:13,238441,@comcastcares It's going have to wait until tomorrow,comcastcares
514078,2017-12-02 00:15:38,238348,@Uber_Support you have canceled your driver on me twice over the last 20 min. I have to pay to cancel on you but I have not way to get my time back. Should I go to @115879 instead?,Uber_Support
513231,2017-12-02 00:15:57,238091,@SouthwestAir Fill free to use that video for anything. The pleasure is all mine,SouthwestAir
513532,2017-12-02 00:16:29,238186,@AmazonHelp it says it could still get here by today at 8pm but I checked the tracking number on UPS’s website which says the scheduled delivery date is unavailable. https://t.co/kne9bNt5iY,AmazonHelp
514200,2017-12-02 00:17:22,238390,Great flight yesterday from Antigua to JFK. Thanks Vickie and all the crew at @AmericanAir !,AmericanAir
493566,2017-12-02 00:19:45,232667,@AppleSupport All. Snytime i open message,AppleSupport
513199,2017-12-02 00:22:56,238083,"@comcastcares Still 8Mbps. We JUST had a technician here yesterday fixing our issue with packet loss and today we have laughably low internet speeds for what we pay for.

https://t.co/Wglbb4G5xf",comcastcares
510348,2017-12-02 00:23:07,237246,"@AmazonHelp As I've said, already have response from customer support. However, Sold by: Sunvalley Brands. Order: 112-1041964-7258666. Carrier UPS.",AmazonHelp
520597,2017-12-02 00:27:22,240178,@MicrosoftHelps I have so many problems with Windows. Talked to 10 techs and laptop is still not working.  Help!!,MicrosoftHelps
515326,2017-12-02 00:27:53,238703,can't lie pretty bummed my @115821 prime order is not going to be delivered on time 🙄,AmazonHelp
525709,2017-12-02 00:28:06,241629,@SpotifyCares i need help now why charge me £9.99 for 1 month when i selected the 3months for 0.99 i want something done now,SpotifyCares
515565,2017-12-02 00:29:19,238772,"Stuck in Atlanta for an extra hour. With no device to watch TV or listen to music. 

😢 

Thanks @AmericanAir",AmericanAir
517215,2017-12-02 00:32:06,239251,"@AppleSupport store advised there will be an update to fix iPhone restarting every 2 min, iPhone unusable at the moment.... :(",AppleSupport
525054,2017-12-02 00:34:10,241433,@Delta hi! 30 days ago I submitted a request for my status with AA to be matched and I never heard back. Can you help me? Case Number25733722,Delta
515411,2017-12-02 00:34:13,238728,@115873 dead ass charged me for a ride that I didn't take. 🤦🏾‍♀️😒,Uber_Support
515266,2017-12-02 00:34:20,238682,"The response from the customer service team at @115821 just made me feel like an ungrateful child at Christmas, and finally understand how my aunt gets so much free stuff.",AmazonHelp
514711,2017-12-02 00:38:07,238505,@AmazonHelp I can't be bothered... I'd rather pay a proportionate amount more so you can provide your delivery drivers with pens.,AmazonHelp
517208,2017-12-02 00:40:59,239248,"Wow was on hold for like 10 min with @AppleSupport and they hung up on me , been tryin to recover my Apple ID password all week 😒😒",AppleSupport
515624,2017-12-02 00:41:19,238789,@comcastcares our cable modem connection is down once again. When will the service be back online?,comcastcares
515532,2017-12-02 00:43:35,229078,Last flight for today up to DC @AmericanAir ✈️✈️ #DCA #AmericanAirlines #USA,AmericanAir
515261,2017-12-02 00:47:24,238681,@AmazonHelp Disregard I found it lmao,AmazonHelp
515374,2017-12-02 00:47:54,238716,Hi @115873 who the hell is hacking my account right now https://t.co/WoUm27YnSc,Uber_Support
515919,2017-12-02 00:49:11,158590,@AppleSupport Me updating to iOS 11.1.2,AppleSupport
512169,2017-12-02 00:49:28,237778,"@TMobileHelp @115913 I feel compelled to respond to this tweet for the record, while I had an awful experience on the phone today trying to get this resolved, @TMobileHelp was great in taking care of it and single-handedly kept our business tonight. Thank you!",TMobileHelp
2113364,2017-12-02 00:53:19,623149,@Delta @160942 Did she get hit by a plane.... that’s one homely Nicaraguglian,Delta
517972,2017-12-02 00:54:15,239454,"@116136 Update: App doesn't let you pause while buffering, and doesn't buffer when paused.

Useless.",comcastcares
516300,2017-12-02 00:55:03,238961,@McDonalds Heard you guys are testing a vegan menu in Europe. Any plans on testing it out in Southern California? Would love to try it,McDonalds
518384,2017-12-02 00:55:22,239565,I accidentally deleted my photos app @115858 #Help,AppleSupport
526259,2017-12-02 00:56:29,241767,"@115888 Your account support is horrible. I cannot log in, and to post a request to help *I NEED TO LOG IN*. If I could log in, I wouldn't need support.",SpotifyCares
516678,2017-12-02 00:56:58,239084,"There is something to be said about the benefits of connected home speakers after transitioning from 22yrs in the Army. ""@115833 what color shirt goes with &lt;Color&gt; Pants?""  #nofashionsense, #IMissMyUniforms #TheDaysofMulticam",AmazonHelp
515359,2017-12-02 00:58:21,238712,"@Uber_Support This just keeps happening and it's so frustrating. Imagine waiting for something, then it cancelling and on top of that getting charged. Not to mention that I have to go through the whole booking and waiting process again. Plus all this admin. Quite infuriating.",Uber_Support
514092,2017-12-02 01:04:36,238353,@Uber_Support What other details do you need?,Uber_Support
518369,2017-12-02 01:04:57,239562,@AppleSupport seems latest MacOs version breaks iTunes being able to find Photos. Photos also removed from my iPhone as had wifi sync on… https://t.co/UaMCqHF91f,AppleSupport
516639,2017-12-02 01:05:43,239077,"@115821 My package is now 3 days late, shipped through UPS. Can we please get an option for who items ship through? UPS constantly screws the people in my area.",AmazonHelp
516916,2017-12-02 01:06:50,239164,Hey @SouthwestAir- can we work on getting plugs ON the planes? Landing with dead phones while trying to meet people is the worst 🙃,SouthwestAir
515861,2017-12-02 01:09:20,238863,@AppleSupport I’m done sending it to you,AppleSupport
524404,2017-12-02 01:09:47,241248,"@ComcastCares
#mobile_Care
I've had Comcast for one week nothing but trouble customer service the worst",comcastcares
516844,2017-12-02 01:11:28,239139,"@AmericanAir over a two hour delay, and now plane change for a boarded plane due to a mechanic error, and failure to get mechanics on the scene, not cool American not cool, should have never boarded the plane knowing there was an issue",AmericanAir
505008,2017-12-02 01:13:46,235776,@AmazonHelp It was Nov. 30. Now it's just unknown.,AmazonHelp
515403,2017-12-02 01:15:42,238725,"@Uber_Support ok, sent it.",Uber_Support
516791,2017-12-02 01:17:56,238754,"@Delta Well, since that’s 14 minutes from now and no announcement and everyone is still standing around waiting, I’m going to guess that’s inaccurate. Thanks for the reply though.",Delta
519298,2017-12-02 01:19:13,239831,"@AppleSupport my iphone keep restarting every minute
Kindly assist... https://t.co/KC9er9LH70",AppleSupport
502457,2017-12-02 01:22:34,235040,@235039 @AmazonHelp They deliver weekends,AmazonHelp
527200,2017-12-02 01:24:03,210815,Love this @115888 but there’s no button to tap to actually buy this https://t.co/AyKIFhhiJp,SpotifyCares
525249,2017-12-02 01:27:09,241491,Hey @115900 what the hell is up with the crappy ESPN signal?  PAC12 playoff is dropping out video and audio,comcastcares
517673,2017-12-02 01:28:25,239369,"@115821 Seriously tho, how is it showing delivered AND on its way, what black magic is this @115821? https://t.co/KICLSmVNaW",AmazonHelp
519212,2017-12-02 01:31:02,239810,@115858 @AppleSupport  What's wrong?iPhone 6 plus (11.1.2) is crashing randomly for about several seconds. Reboot not work!Please  fix it!!!,AppleSupport
515404,2017-12-02 01:32:06,238725,@Uber_Support ?,Uber_Support
517856,2017-12-02 01:33:35,239425,"@AmericanAir @239424 Mr Eichenwald is a known liar who has used his ""wife"" in a phony medical scam via twitter in the past. Do not believe anything this man says.",AmericanAir
505010,2017-12-02 01:33:43,235776,"@AmazonHelp I appreciate your concern and response. I'm fine with waiting through the weekend to see if it arrives. If not, then I'll be concerned and look for help.",AmazonHelp
519226,2017-12-02 01:35:50,239815,@AppleSupport just tried updating to the new OS with my MacBook pro and your new update just DESTROYED MY COMPUTER WHY???,AppleSupport
517985,2017-12-02 01:36:02,239458,"Hey @SouthwestAir help me out here. I bought WiFi and I’ve been staring at a loading screen for an hour. No music, only crying babies. Can you call IT?",SouthwestAir
517559,2017-12-02 01:40:07,239345,@115821 your customer service has gone down the drain. I have had my call get disconnected 3 times over a major issue that no one seems to be able to fix. 😑,AmazonHelp
519207,2017-12-02 01:41:39,239809,"@AppleSupport I have a problem recently faced, and suddenly happened !! my iphone 6 plus crashed and starts to turn off and on every 15 sec.?? whats the problem here???",AppleSupport
517735,2017-12-02 01:41:41,239385,"@115873 Sadly I leave the Uber family of riders.  After being charged $20+ for a 1 mile trip getting a nonsense reply from help, it's time for Juno and Lyft.  I've been averaging $75/wk but that wasn't enough.  Uber went unter with me.",Uber_Support
513087,2017-12-02 01:43:21,238052,"@Delta There’s only so many seats on your planes, volume is static. And don’t blame the weather, ATL was clear. I’m a Retired Aircraft Mechanic so quit it.",Delta
518855,2017-12-02 01:47:43,239707,"あー！！
プライム会員の解約するの忘れてた。
毎年カード利用のメールが来て気がつくんだよ…",AmazonHelp
517991,2017-12-02 01:48:56,239461,It would be helpful if @115911 @TMobileHelp agents would review notes and previous chats when trouble shooting connection issues. I have wasted a lifetime repeating things and telling them I've already tried this and that. How is @115725 and @ATT serivice. #TeamGalaxy,TMobileHelp
520243,2017-12-02 01:50:07,240069,iPhone7 crashes (to a black loading screen) every now and then. Initially thought I just need to update my OS (to 11.1.2) but even after the update it still crashes. Anyone with similar problems? @AppleSupport https://t.co/bOeMCIWYA7,AppleSupport
525224,2017-12-02 01:54:15,241483,Quit being dicks and air the games in Utah. @117613 @188963 @115900 @116136 @comcastcares,comcastcares
516623,2017-12-02 01:55:06,239073,@AmazonHelp Really really wantbit as its my birthday,AmazonHelp
519101,2017-12-02 01:56:48,231534,"@VirginTrains I'm more than happy to write an open letter style public complaint. It seems like you are unable and or willing to even appropriately deal with #CustomerComplaints. We are talking really, really basic things. My request for a seat reservation is incredibly simple, but not for you",VirginTrains
518917,2017-12-02 01:57:20,239723,@115873 your girl Melissa charged us but never picked us up????? What the hell??? Thank you Edmund! Uber fix this https://t.co/HVRQzGhACl,Uber_Support
520211,2017-12-02 01:58:32,240063,@AppleSupport is there something wrong with ITunes not syncing to phones???? Can’t get the music I bought to pay on my phone but can on my computer,AppleSupport
518823,2017-12-02 02:01:11,213144,"@116618 why blindspot series is not getting updated.
Amazon prime videos are not playing on firestick any solution?",AmazonHelp
530127,2017-12-02 02:04:20,242765,@SpotifyCares so I have a premium student account and Hulu is saying it's having trouble authorizing my Spotify account?,SpotifyCares
518821,2017-12-02 02:05:26,239698,"Woooo !! 3rd of my package being ""out for delivery""...Thanks @115821! https://t.co/qvuSIlUwll",AmazonHelp
518998,2017-12-02 02:06:14,238754,@118750 @Delta Nope! Another update!! Mechanics have released the plane to fly. We might get out of here using the same plane and a bit earlier than 11:30.,Delta
521287,2017-12-02 02:07:04,240338,"@AppleSupport dear apple is something you can do with my iphone.? its crashing since today morning !! i cant use more than 20-30 sec.!! 
#iPhone6s",AppleSupport
518874,2017-12-02 02:10:18,239712,.@115873 @Uber_Support What’s the deal with RidePass renewal? It’s annoying that it’s pretty much random and I’m just going to go with another platform like @116178. #infuriated #disappointed,Uber_Support
464235,2017-12-02 02:10:55,225385,@AmazonHelp Your phone or chat operators will have no idea why the links don't work. Please don't waste my time. Fix the problem. Here's an example non-working link: https://t.co/LiB4J1YvlX,AmazonHelp
511917,2017-12-02 02:13:24,237711,"@AmericanAir Gotta be kidding. I know how to find out what you do/don’t have. This is my route, very familiar. Now you have smart ass cust svc too.",AmericanAir
517214,2017-12-02 02:13:52,239251,"@AppleSupport Version 11.1.2, have hard reset and even done a full restore, but it still occurs...",AppleSupport
78981,2017-12-02 02:15:10,239717,"@McDonalds @115877 I can’t imagine how cold the fries would be! The last 3 times I’ve gotten fries at mcd, they were cool and limp as soon as they came out of the window. Can’t imagine riding around in a cold car. They’d be like that year old magic fry I found petrified under my seat. No thanks!",McDonalds
519837,2017-12-02 02:18:42,239969,"Amazonさんよ…
何故べいぷ頼んで自転車用？の工具的なの届くんや…
先輩の誕生日のプレゼント間に合わんやん😑 https://t.co/7hOmCxb2jr",AmazonHelp
527252,2017-12-02 02:19:50,242042,".@116136 - I was almost fooled by your commercials about a customer service culture. Your tech is supposed to arrive an hour and a 1/2 late, and asked if we still wanted him to come. Your culture of customer service is 💩 💩 💩!",comcastcares
466783,2017-12-02 02:20:46,226092,"@Uber_Support @226091 Hi @Uber_Support! I'll fill out your form. But while I have you, do us all a favour and commit to something please. No. More. Parking. In. Bike. Lanes. @226093 can do it. Why can't you? #biketo",Uber_Support
599351,2017-12-02 02:25:55,262171,@116230 Bump? You’re here to help? It’s been a while and still waiting???,MicrosoftHelps
508172,2017-12-02 02:26:28,236676,@AmazonHelp They’ve sorted me out. Thanks!,AmazonHelp
518970,2017-12-02 02:26:57,239738,@Delta Yes. Still don’t know where aircraft/gate is still Cleaning 2145 departure just keep us in the gate area,Delta
486234,2017-12-02 02:28:37,230682,@AppleSupport No but it does not look right maybe the glass is the issue,AppleSupport
462467,2017-12-02 02:34:07,224596,@AmazonHelp i have already shared via email from __email__..please check and refund my money,AmazonHelp
519885,2017-12-02 02:34:36,239983,Another terrible @115873 experience - look forward to missing my flight because their ETA was off by 30+ minutes! Driver with no fast pass 😵💥🔫,Uber_Support
509528,2017-12-02 02:37:05,240585,@AppleSupport I have two devices keeping reboot like this pic. https://t.co/zslLCwGtOM,AppleSupport
518788,2017-12-02 02:37:20,239693,"@AmazonHelp Why do I have to run this down myself? Amazon shipped it via your carrier of choice, and I have not received it. Why are you not responsible for finding my package?",AmazonHelp
492401,2017-12-02 02:39:17,232366,"@SpotifyCares Seems to be working fine now after doing that, thanks!",SpotifyCares
519762,2017-12-02 02:42:33,239952,"@AmazonHelp Me dejaste donde mismo, yo no quiero el reembolso, quiero el producto que compre, y no fue mi culpa que la paqueteria no encontrara mi direccion, ya he comprado otras cosas en Amazon si me las entregaron. que tan dificil es que vuelvan a enviar el paquete?",AmazonHelp
519951,2017-12-02 02:43:53,240004,"@Delta so only h2o in delta comfort now on a 1:10 flt. Thanks for “upgrading” me from my preferred window seat to the middle and I can’t even get an OJ when I asked then a rude flt attendant that told me to “fly AA”. Thanks, think I will next year. Glad to know my 25k$ is nothing",Delta
527916,2017-12-02 02:45:50,242204,I just want ESPN as a part of my cable package!!! Is that too much to ask for without paying an arm and a leg?! @115900 @comcastcares,comcastcares
520120,2017-12-02 02:46:45,240040,@115911 @TMobileHelp y’all are ugly,TMobileHelp
519707,2017-12-02 02:46:54,239939,@115850 unlock my amazon account plzz 8195008136,AmazonHelp
519867,2017-12-02 02:48:40,239976,@115873 drivers car had no shocks and i think my back is broken.,Uber_Support
520278,2017-12-02 02:49:15,240080,@AppleSupport @240079 Same for me on 11.1.2,AppleSupport
519685,2017-12-02 02:54:16,233481,@AmazonHelp It says most of my order was delivered today.  But there is no package.,AmazonHelp
520082,2017-12-02 02:55:00,240032,@SouthwestAir Also tough for a crew that's worked very hard for so long.,SouthwestAir
520952,2017-12-02 02:56:29,240280,Don't use @AmericanAir terrible delay for something that could've been proactively avoided,AmericanAir
562785,2017-12-02 02:58:37,251737,Making my #BigNightIn with the #BigMac and some binge watching! #McDelivery https://t.co/T6kmmFBriq,McDonalds
519932,2017-12-02 02:59:47,239999,@Delta This was a 10hr flight and we were literally not able to sleep and my husband couldn’t even share in movies or entertainment.  I hope the return flt isn’t this bad,Delta
519244,2017-12-02 03:01:11,124328,@AppleSupport 11.1.2,AppleSupport
519696,2017-12-02 03:01:34,239938,"@AmazonHelp LOL!! You sent me a link to log into my account which I can't do because IT'S LOCKED!! Are you serious? 

I've already called and was told there was nothing you could do. I can call again though to hear that again. It was really fun the first time.",AmazonHelp
528493,2017-12-02 03:02:29,242372,@ComcastCares there was a power outage earlier this evening and now my us/ds light just keeps blinking &amp; there's no internet connection. Unplugged/plugged back in &amp; yelled at it a few times. Didn't work. Help?,comcastcares
520837,2017-12-02 03:03:25,240237,"@240238 @240239 @115873 Uber kept on charging amount 24.48 for one short trip I took. I agree with u Kathy, they are completely ass!",Uber_Support
521215,2017-12-02 03:03:53,240316,"@115911 It was admittedly a struggle to switch over. Customer service was a pain. Could not understand them. But I understand the problems of growing pains in a new business. It took a lot of work to get their website to work correctly, but things are good now. Good service on ATT towers",TMobileHelp
520662,2017-12-02 03:07:30,240191,@117634 Is it possible to buy books from the Italian/German version of Kindle in Mexico?,AmazonHelp
522097,2017-12-02 03:09:04,240576,@116333 Chinese user is facing big problem。Our iPhone reboot，again and again，we need help！,AppleSupport
520811,2017-12-02 03:11:54,240231,@Uber_Support thanks for being equally insensitive and robotic to both Eats and Cab Customer while delivery boys and drivers are busy duping customers.,Uber_Support
520206,2017-12-02 03:12:30,240062,"@AppleSupport High Sierra, latests 15 inch MacBook pro (MacBook Pro (15-inch, 2017)).
Crash below keeps happening within 10 seconds of starting Safari. https://t.co/7YLMco4age",AppleSupport
520676,2017-12-02 03:15:35,240196,Amazonで買ったiPod touch、まさかの不良品……ここ最近ほんとツイてないorz,AmazonHelp
520813,2017-12-02 03:20:23,240232,"@Uber_Support I had no choice but to agree to del contract then they would reset my account. I dont like being held hostage, forced to sign something against my will nor do I appreciate the way this has been handled by Uber Support.",Uber_Support
521753,2017-12-02 03:20:34,136673,"@115821 TEN MINUTES OF AMAZON ADVERTISEMENTS, OPT-OUT OFFERS AND REFUSING TO LET ME CREATE A PROFILE FOR MY NEPHEW AFTER FORCING AN AMAZON LOGIN TO LET ME START USING THIS THING.  UNACCEPTABLE",AmazonHelp
522964,2017-12-02 03:21:08,141346,"@AppleSupport Hello!

How come my iPad drops from 50% battery life to 0% within 1 hour?",AppleSupport
520911,2017-12-02 03:24:09,240270,"On my way to a fun weekend. @AmericanAir (@ Los Angeles International Airport - @116147 in Los Angeles, CA) https://t.co/2ex3RuFiYp by #MarshaCollier",AmericanAir
513472,2017-12-02 03:26:32,238170,@AmazonHelp The team refunded me. Thank you for your help!,AmazonHelp
538053,2017-12-02 03:29:13,244738,I think my @115888 is glitch 😕,SpotifyCares
521791,2017-12-02 03:30:40,240477,₹1350 got deducted from account but didn't get added to PayTm wallet while adding via Uber. @132444 @115873 @Uber_Support @119983 Phone: 9611324803 https://t.co/xPkDjcr4Bt,Uber_Support
522947,2017-12-02 03:32:32,240282,HOLY FUCKING SHIT SOMEONE HELP ME @115990 @115858,AppleSupport
519012,2017-12-02 03:33:41,239746,"@Delta Sent, thank you",Delta
520679,2017-12-02 03:35:29,240197,@AmazonHelp Thank you !,AmazonHelp
521889,2017-12-02 03:35:54,152471,"Okay, no thanks to @comcastcares, my @115900 TV is up and running again via the swapped X1 box.",comcastcares
523833,2017-12-02 03:39:21,241077,@AppleSupport iPhone 7+ (iOS 11.1.2) randomly reboots every minute. Scratch minute! every few seconds in fact. Do something please!,AppleSupport
522639,2017-12-02 03:41:41,240722,"New way of stealing from home- started by Amazon!!! Reverse orders picked up from home, delivery boy doesnot give receipt, amazon says they dont have proof, money and product both lost!!!!!!! https://t.co/KgBWAS1IiE",AmazonHelp
521939,2017-12-02 03:45:55,240523,"Pete Harman and Justin Phillips were awesome, knowledgeable, friendly, and humorous. Thank you so much and keep up the good work! @TMobileHelp",TMobileHelp
521779,2017-12-02 03:47:05,240472,"@Uber_Support I dunno, man. I got a $5 ride and my driver got the cancellation fee. No problems on my end!",Uber_Support
522798,2017-12-02 03:47:17,240764,@AmericanAir what’s the deal with your WiFi? No one could connect on my flight today. Often it wouldn’t show up as a network. I couldn’t work on the plane today.  Needs improvement,AmericanAir
521624,2017-12-02 03:48:44,240433,I wish I could tell @115851 @115821 that this packaging is too large for the package. But at a $1200 share price. I doubt he needs advice. https://t.co/TzDsPgamLv,AmazonHelp
521639,2017-12-02 03:54:50,240435,"@115821 I paid for two day shipping on TUESDAY. Still have no package, how can you charge 10$ for shipping but not hold up to it? My package better be here tom bro",AmazonHelp
537653,2017-12-02 03:55:58,244631,@AppleSupport MOST UNSTABLE OPPERATING SYSTEM YET! My iPhone keeps getting a black screen with a loading sign with EVERYTHING I do! I am on iOS 11.1.2. Even this tweet was a massive struggle!! I do not pay all this money to apple to not be able to use my iPhone!!!,AppleSupport
522894,2017-12-02 03:59:53,240794,"@SouthwestAir I love how you make it painless to change a flight. Even though we receive a credit instead of a refund, it's better than forking over $150 like other airlines. And you still have 2 free checked bags! As long as these perks exist, Southwest will be my go-to airline.",SouthwestAir
528479,2017-12-02 04:01:07,242367,@242366 @comcastcares Time to dump @116136 and get @146505 thank me later!,comcastcares
524621,2017-12-02 04:01:43,241312,@MicrosoftHelps with the latest windows update I can’t event connect to the internet wtf?,MicrosoftHelps
522601,2017-12-02 04:02:49,240712,"Comprei mais 6 livros na @117086 😂😂😂 Esses foram os últimos livros do ano. Agora só em Janeiro e só vai ser de Fisiologia e Bioquímica ❤
Maaaas... Se tiver um de literatura baratinho eu compro tbm kkkkk",AmazonHelp
522683,2017-12-02 04:04:37,240734,I told your Driver 2000 times to turn and he refused and he went the longest route possible . @2006 horse shit,Uber_Support
522806,2017-12-02 04:05:00,232424,"Wow I paid for extra legroom (which means the standard legroom they used to give you for free) on an @americanair flight and I don't want to know what the new ""normal"" or standard legroom is like.",AmericanAir
521648,2017-12-02 04:08:22,240437,"@AmazonHelp Yes, before I called.",AmazonHelp
515500,2017-12-02 04:12:01,238751,"@Delta Uhm, in all my years of flying, flight crew has never offered to help me out my bag in an overhead bin. I appreciate that you’re responding but it’s really not addressing the issue.",Delta
522586,2017-12-02 04:14:46,210301,@AmazonHelp I received my item extremely damaged and I’m not happy who can I contact about this?!? https://t.co/EfCk1HpZcr,AmazonHelp
537645,2017-12-02 04:15:33,244627,I have a $2600 computer can one of y'all explain this @23732 @AppleSupport https://t.co/rbh8YI4NOl,AppleSupport
539185,2017-12-02 04:19:09,245023,I’m trying to get @115888 premium 10m promo but I can’t find the button. I’m I hella high??  https://t.co/Ot5xfses33,SpotifyCares
537616,2017-12-02 04:21:53,244616,Hey @AppleSupport my iPhone SE with iOS 11.2 keeps restarting by itself out of the blue- even tried restoring phone to no avail. Help!,AppleSupport
522485,2017-12-02 04:22:00,240690,"@115821 @AmazonHelp I was on hold for an hour and a half and nobody new what they were doing, I am now on hold on the live chat and he/she is un sure as well!!!!",AmazonHelp
530225,2017-12-02 04:22:11,242788,"@ComcastCares
#mobile_CareXV. When I turn the box and tv on, the picture alternates between a snowy screen and the actual channel. What’s the problem?",comcastcares
522791,2017-12-02 04:24:39,239415,"@AmericanAir It seems you prefer us to fly your competitors from here on out, if this is the responses... #thanks",AmericanAir
522647,2017-12-02 04:24:52,240725,@115873 Yesterday booked twice cab from DPS Greater Noida to Omaxe through no. 9810910057 but on both occasions cab was cancelled by your drivers. Very poor service and insensitive drivers.,Uber_Support
522520,2017-12-02 04:27:13,240697,@AmazonHelp Thank you. I sent an email.,AmazonHelp
538742,2017-12-02 04:29:36,244912,@AppleSupport Guys - my iphone 7 is restarting every 5 minutes. Any tips?,AppleSupport
522430,2017-12-02 04:32:06,213865,@AmazonHelp okay. well i want to gift wrap 2 2-piece pool sticks. how much would that cost? i hope you know the size they are,AmazonHelp
523396,2017-12-02 04:37:31,240939,Hey @117795. Maybe tell users when their purchases are under manual review instead of saying it’s being prepared for hours. #uxfail https://t.co/Ts4IdHZFHg,AmazonHelp
523746,2017-12-02 04:37:50,241040,@TMobileHelp Ive done this already... im right by nyc no excuse!,TMobileHelp
523700,2017-12-02 04:39:14,190246,Literally my @SouthwestAir flight to Chicago. https://t.co/so9LqwXAul,SouthwestAir
523431,2017-12-02 04:42:42,240947,Amazon Music初体験してます、これ良いかも,AmazonHelp
538683,2017-12-02 04:43:32,244892,@244893 @AppleSupport My iPhone 6 shuts down a lot and loses its charge really quickly since updates.  Good luck.  I have to carry a power charger with me.  #annoying,AppleSupport
523043,2017-12-02 04:48:52,240839,@AppleSupport nvm got it thanks,AppleSupport
522626,2017-12-02 04:49:59,240717,@AmazonHelp 了解致しました。,AmazonHelp
530204,2017-12-02 04:50:17,242784,@comcastcares Any issues in 97220? Download speeds under 8mbps and can't run anything streaming? Getting more common. I've got maybe 2 more days of patience before I go gigabit.,comcastcares
521775,2017-12-02 04:50:37,240470,"@115873 Well that means a wealthier rider won't be affected by surge charges, so a poor person having a grave emergency will stay cursed and an able person will hang out to clubs at the same time. This is acute discrimination and unprofessional.",Uber_Support
524293,2017-12-02 04:57:55,241212,"Waiting for the sounds of the loud, broke-down #OnTrac truck at the end of delivery window. Will this be the 1 shipment they get right? Nope 😫Please @115821 stop the madness &amp; stop using  @3375! 🙏🏻🙏🏻 #amazon",AmazonHelp
539987,2017-12-02 04:59:22,245241,@AppleSupport iPhone keeps restarting every minute or so - setting clock back to yesterday fixed it but is there a better fix? 🤔,AppleSupport
524374,2017-12-02 05:05:53,241238,Great flight with @Delta tonight. Started with this sunset in SLC and ended at gate over 30 minutes early. https://t.co/NDasDjh94m,Delta
524361,2017-12-02 05:07:02,241232,@SpotifyCares @23777 I would love to see some of your songs on there,SpotifyCares
524330,2017-12-02 05:08:27,241224,"I am in Vietnam and frequently ride with @115873 motorbikes. It's 50 cents. Unfortunately, @115873 drivers in Vietnam will often ""pick you up"" by driving past you while accepting your ride, costing you money to cancel. Unfortunately it takes like 20 minutes to report them. Worth it?",Uber_Support
524230,2017-12-02 05:09:20,241196,Amazonプライム入ったからめっちゃ映画観れるー,AmazonHelp
539970,2017-12-02 05:13:42,245236,@AppleSupport my iPhone isn’t working at all and you guys took extra money out of my account .,AppleSupport
524938,2017-12-02 05:20:50,241398,"We ask @115821 @AmazonHelp to reorganize prices at @241399 because some are very high. For example, the Nintendo Switch has a price of at least $ 493.33, which is high compared to that the original price of Nintendo is $ 299.99",AmazonHelp
521861,2017-12-02 05:24:12,240500,@AmericanAir Not a special meal. Just a normal meal. Pre-packaged cheese and crackers from coach doesn’t count. I could have sat in coach and purchased the same thing for $8.79. Not exactly making the buy-up to 1st class worth it. #goingforgreat,AmericanAir
524388,2017-12-02 05:25:21,227339,@comcastcares I'll have to get back with you,comcastcares
523544,2017-12-02 05:25:33,240982,@Uber_Support will do right now,Uber_Support
524965,2017-12-02 05:26:35,241407,@115850 - Worst delivery service and customer care service provided by any online portal #angrycustomer #disappointed #primecustomer,AmazonHelp
509580,2017-12-02 05:34:13,137632,"@AppleSupport Always the latest released version. Previous month I had the 25k move calories challenge which worked OK, counted total calories to date. My brother had the distance challenge and same bug was there, we just didn’t recognize it. We thought that his counter simply didn’t work.",AppleSupport
103064,2017-12-02 05:36:50,132732,@AmazonHelp Where is the winner list?,AmazonHelp
523545,2017-12-02 05:39:44,240982,@Uber_Support hello?,Uber_Support
539906,2017-12-02 05:42:14,245215,@AppleSupport Help! Movies just disappeared from my Apple TV.,AppleSupport
2902376,2017-12-02 05:42:25,803878,"@McDonalds We will, heck we will even bring our friends too. Thanks for your employees services.",McDonalds
524852,2017-12-02 05:43:14,241380,"ドキュメンタル観たすぎるから
Amazon prime契約しよかな🖥✔️",AmazonHelp
517172,2017-12-02 05:49:42,245554,@239236 @AppleSupport @115858 Mine does this every 30 seconds or less...,AppleSupport
525591,2017-12-02 05:50:15,241594,"@AmazonHelp @115821 I've been on hold/transferred for 2 hrs trying to track down our TV, because guess what? Your carrier told us they lost it. THEY LOST A 55"" TV. And not a single person at Amazon or Pilot can tell us where it is or when (or even if!) we will ever get it.",AmazonHelp
525267,2017-12-02 05:51:25,204018,"@115911 Honestly.... I left Verizon because of this. It's been like this pretty much my whole trip. I'm going to bed, but I hope you guys can get this sorted. https://t.co/2uDwIpXIJq",TMobileHelp
524899,2017-12-02 05:56:22,241393,"@AmazonHelp My carrier is Canada Post - I have checked on the package and it has been ""Out for Delivery"" for two days now. What I would like is the order to be completely re-shipped with same-day delivery so I could receive it later today (Saturday).",AmazonHelp
541197,2017-12-02 05:57:01,245552,"Yero @115858 @AppleSupport, what’s this I.T thing y’all got going on?",AppleSupport
543141,2017-12-02 05:59:03,246122,@115888 Love your $CAD99 deal for the year. But the link keeps leading to this. I can't log into my account either. What gives? https://t.co/SCjUpYLqez,SpotifyCares
525569,2017-12-02 06:02:27,219977,@115850 i just send product self return on 22 November but till now i didn't get my refund,AmazonHelp
525687,2017-12-02 06:04:33,241620,hey @115877 thanks for hanging up on me when i’m trying to contact you for my 45 minute late order...,Uber_Support
541118,2017-12-02 06:07:56,245526,@AppleSupport why tf my phone keep restarting!,AppleSupport
525561,2017-12-02 06:09:39,241587,Anddd now I’m on hold for the past 10 minutes... @115821,AmazonHelp
525732,2017-12-02 06:10:45,241635,@Delta 0/10 for how your crew treated an elderly woman on my flight. @AmericanAir sorry for cheating my boss made me take this flight. Never again!,Delta
2675685,2017-12-02 06:17:52,753137,"Does anyone take @115858 seriously anymore? Really? A bug that renders my phone useless unless I turn off all notifications. Strange, I didn’t upgrade or change iOS in be past week. Apple now pushes updates without our knowledge?!?!?!",AppleSupport
524840,2017-12-02 06:20:28,241379,@AmazonHelp ありがとうございます✨,AmazonHelp
527222,2017-12-02 06:21:40,242034,"So sad, @AmericanAir sent our bag to Miami instead of Atlanta, where we are.",AmericanAir
531796,2017-12-02 06:22:09,243204,"@116136 why is my @115900 internet so poor, only one device in my house can connect at a time. If more than one attempts to connect nothing else loads.. I expected better for the exorbitant amount of money I pay you",comcastcares
525668,2017-12-02 06:24:01,241609,@Uber_Support You guys will deliver to my neighbors on uber eats but not me.,Uber_Support
526181,2017-12-02 06:27:27,241744,"@115850 @115821 @AmazonHelp @115821 Order # 402-0726587-9868359. It's been 18 days, haven't recvd item so far. Why so late? When will I receive product? Today is last expected day to deliver.",AmazonHelp
467422,2017-12-02 06:34:56,226265,"@AmazonHelp I still haven't received my package, and when I check the website it has no updates 🤷",AmazonHelp
84177,2017-12-02 06:36:23,134512,"@AppleSupport Now updated let me use it for few days then will come back to you. 
But how will you solve the issue of slow charging by using software update. 
It was there from the time of iOS 10 to now 11.2",AppleSupport
526241,2017-12-02 06:43:55,241423,@Uber_Support @241760 morning i need your help please,Uber_Support
542509,2017-12-02 06:46:27,245927,@115858 updated my iPhone 7 to 11.1.2 and now have black screen spinning wheel every minute and it’s getting red hot,AppleSupport
526097,2017-12-02 06:46:51,241726,"@115850 
Order# 402-9314706-1743550
Current Status: Out for delivery
Kindly share the contact details of the person who will be delivering the parcel.",AmazonHelp
545941,2017-12-02 06:48:09,246926,why does @115888 always say enjoy your 30 mins of ad-free listening but after 3 songs there’s a sponsor,SpotifyCares
526824,2017-12-02 06:53:32,168292,When it’s a party st the airport @SouthwestAir https://t.co/UhYAPXnqbK,SouthwestAir
526092,2017-12-02 06:56:02,241725,@AmazonHelp Excellent. I never leave the universe without it!,AmazonHelp
542395,2017-12-02 07:01:37,245886,"@AppleSupport My Mac account is set in Italian, but just after the last security patch (17B1003), these #macOSHighSierra warns appears in mixed English and Italian. Any solution? https://t.co/o282WIprDW",AppleSupport
526674,2017-12-02 07:02:38,241888,"@Uber_Support hi, please check my last trip. In indonesia. This is my phone number 085977888897. I have an issue with that.",Uber_Support
526180,2017-12-02 07:04:19,241744,@AmazonHelp Its just order Id. You can not encrypt order id in public? It will be helpful if you provide me the reason why I didn't receive my stuff till today &amp; when it is going to deliver? Thanks,AmazonHelp
526595,2017-12-02 07:09:39,241867,密林さんの荷物が届かなくてそわそわしてる,AmazonHelp
526878,2017-12-02 07:13:36,241937,@VirginTrains @LondonMidland @120576 How do i get from london to coventry this morning?,VirginTrains
543052,2017-12-02 07:15:03,246093,"@AppleSupport hey guys, the native music app crashes continually. I wouldn’t  restore my iphone. Any suggestion?",AppleSupport
486733,2017-12-02 07:16:04,230818,@AmazonHelp @115850 Thanks for all the hardwork u made me do to waste my time and get result zero,AmazonHelp
542406,2017-12-02 07:21:10,245890,"Fix your system already, @115858 !!! My phone's been restarting since idk when argh",AppleSupport
527118,2017-12-02 07:22:47,242002,Dear @115850 why not ship books with a #bookmark ? Most other #ecommerce sites like @118702 do! #justathought #justasking,AmazonHelp
527365,2017-12-02 07:24:22,242067,@VirginTrains Can you tell me if the 09:47 from Carlisle to London Euston is running as I am due to travel on it shortly need to know ASAP as gave to get scotrail train to Carlisle,VirginTrains
542388,2017-12-02 07:27:28,245884,"@AppleSupport @115858 hello, my iphone7plus keeps cutting out every few minutes and giving me this screen. Can you help? https://t.co/1nRQ994LyT",AppleSupport
527367,2017-12-02 07:30:20,242068,"@VirginTrains Great, thank you.",VirginTrains
526651,2017-12-02 07:30:44,241880,@Uber_Support I am able to find the solution there....not OTP is not coming,Uber_Support
527116,2017-12-02 07:31:27,242001,"マジなやつだった
ありがとうAmazon https://t.co/K5HdjpFjtP",AmazonHelp
175575,2017-12-02 07:31:40,157247,@157244 @Delta Storks,Delta
550046,2017-12-02 07:34:57,248110,@SpotifyCares I have an LG Aristo... And use it to entertain my uber riders... Please don't let me done #Spotify,SpotifyCares
542423,2017-12-02 07:35:39,245895,"@AppleSupport Hi, my iPhone 7 keeps going to a buffering black screen and then takes me to enter my password again. But it's doing it every 20s! What should I do? Thanks.",AppleSupport
526563,2017-12-02 07:37:42,241852,@AmazonHelp I want Billing address to be same as Shipping address,AmazonHelp
526847,2017-12-02 07:39:37,241931,@VirginTrains And what if am delayed i hav to b at bognor regis by 16:00 as i hav pple waiting,VirginTrains
528614,2017-12-02 07:40:42,242412,@115911. @TMobileHelp I need some help with my payment arrangement need to make sure it went thru,TMobileHelp
527751,2017-12-02 07:44:29,242165,@115830 is it possible to share the subscribe and save list with the other adult within your Amazon household?,AmazonHelp
530690,2017-12-02 07:47:30,161812,@115890 @MicrosoftHelps I need some help with this. Won't get past this and have no clue how to fix it. =S https://t.co/24TgtHetHd,MicrosoftHelps
527180,2017-12-02 07:48:48,158729,hey @McDonalds and @115877 you should deliver to me I'm maybe 2 miles away... PLEASE,McDonalds
542284,2017-12-02 07:50:36,245852,@AppleSupport sort out your issues I can’t use my phone!,AppleSupport
528602,2017-12-02 07:50:53,242409,@VirginTrains is the 8:56 from Macclesfield stopping at Milton Keynes Central now?,VirginTrains
527715,2017-12-02 07:54:10,242157,@115830 my account says an item has been dispatched though I have not recieved an email confirming it.,AmazonHelp
543786,2017-12-02 07:59:58,246327,"@115858 is really trying me this year. First my laptop decides to quit on me, then my Apple Watch and now my iPhone 7 is bugging wtf ?!? 😢",AppleSupport
527813,2017-12-02 08:00:34,242174,@Uber_Support your driver app is telling drivers there's a football game here in AZ today. The game is really Sunday. May want to update that for the drivers here https://t.co/f5Qt0Jj3Nb,Uber_Support
529464,2017-12-02 08:01:08,242595,@VirginTrains my service from Watford junction to Manchester was cancelled. Can you please tell me the easiest way to get there? Thank you,VirginTrains
527674,2017-12-02 08:03:00,242148,Pathetic and heartbreaking customer service #AmazonIN https://t.co/NuUy9faBle,AmazonHelp
527112,2017-12-02 08:09:33,242000,@AmazonHelp Not the first time.,AmazonHelp
543792,2017-12-02 08:11:10,246329,@AppleSupport my iPhone keeps restarting - is there a known fix please?? Driving me crazy!!,AppleSupport
511705,2017-12-02 08:17:45,237639,"@AmazonHelp It was a Prime eligible item. Ordered it yesterday, given Monday 04/12 as the soonest prime delivery option.",AmazonHelp
533714,2017-12-02 08:18:45,243627,@comcastcares why does my internet go down so much after ~2am est? always happens and has happened to me 3 times in the past 30 mins.,comcastcares
543723,2017-12-02 08:27:26,246301,@AppleSupport my phone keeps going black with a spinning wheel and then taking me to the lock screen pls can u sort it out thanks,AppleSupport
528284,2017-12-02 08:28:24,152260,@AmazonHelp your iOS #Amazon app is showing wrong prices in the #wishList as compared to actual prices. #annoying Please fix!,AmazonHelp
527801,2017-12-02 08:31:25,242172,@Uber_Support @115873 Please call on above no.,Uber_Support
529081,2017-12-02 08:34:34,242507,"Mon bilan du black friday : @6326  et @120533 ne tiennent pas leurs engagements, toujours rien reçu pr l'un, l'autre m'annonce que le colis est revenu endommagé et qu'ils n'ont plus de stock. #JeFulmine",AmazonHelp
543672,2017-12-02 08:35:38,246282,"So my phone has been rebooting every 30s since midnight, thanks to a date handling bug in iOS 11.1.2 - only workaround is to change system date to yesterday. @AppleSupport when will I be free of the #GroundhogDayVirus?",AppleSupport
530277,2017-12-02 08:38:39,242804,@VirginTrains great start to the birthday weekend. Train cancelled had to move seats 3 times due to poor management. Not happy,VirginTrains
528269,2017-12-02 08:39:45,205822,"@115821 ordered a bunch of stuff last week during the prime deals event and I have prime, everything I got was in stock and a week later it still hasn’t shipped? How can I figure out what’s going on??",AmazonHelp
527136,2017-12-02 08:44:14,242007,"@AmazonHelp According to customer services it was delayed at the dispatch centre which makes no sense because the tracker clearly stated it was en route and would arrive by 8pm. Nobody emailed to explain, I had to find out myself",AmazonHelp
551299,2017-12-02 08:48:11,248467,"@117153 ""can't play the current song"" every song",SpotifyCares
527083,2017-12-02 08:50:55,241400,"@AmazonHelp It was not a lightning deal, it was a deal of the day. You guys are really giving me the run around on an issue that co be solved ridiculous easy and I'm starting to lose my patience. https://t.co/Ox23DtMR3m",AmazonHelp
517125,2017-12-02 08:53:04,239229,@AppleSupport It has,AppleSupport
529120,2017-12-02 08:57:33,242514,T’es sérieux @120533 ? C’est comme ça que t’emballes les les colis Amazon Premium ? Avec une livraison normal j’ai un carton pour protéger le contenu... https://t.co/hq2gisg2GO,AmazonHelp
529232,2017-12-02 08:59:21,242538,@115873 this driver started a trip whilst he was 10mins away &amp; I was not in the car @24024 @11851 https://t.co/84FMVXeIqp,Uber_Support
545282,2017-12-02 09:02:13,246751,"@238535 @AppleSupport The same problem I have and in 3 iPhone 6/5 and the new iPhone X 👎🏻and the company did not care about this problem and did not fix it for this has lost confidence in Apple products and continued with technical support a lot and never resolved the problem

@AppleSupport",AppleSupport
495908,2017-12-02 09:02:27,233283,@233282 @AmazonHelp Hahahahah this response,AmazonHelp
545323,2017-12-02 09:08:22,246763,"iPhone gone bonkers this morning, restarting every few minutes. Judging from tweets to @AppleSupport seems to be a widespread problem.",AppleSupport
528262,2017-12-02 09:08:28,242299,@242301 @AmazonHelp Just fed up of them ignoring the issue mate,AmazonHelp
529038,2017-12-02 09:12:25,242501,"@116928 Buenos días, ¿Alguien me podría explicar porque merece la pena pagar AmazonPrime, cuando hice un pedido el día 26 de nov, y aún no ha llegado?",AmazonHelp
545313,2017-12-02 09:14:26,246758,"Today I had the worst, most disastrous and unfriendly contact with Senior Apple Advisor Philipp Lindner. It's a shame for @AppleSupport to give him this role. He shouldn't even be Junior.",AppleSupport
530271,2017-12-02 09:15:11,242802,"@VirginTrains  hi, I’m due to travel from Euston to Preston at 10:3 today -  is this train going to run? Tbh I’d rather not risk traveling so will I get a refund if I chose not to?",VirginTrains
528986,2017-12-02 09:16:36,146883,Kind (2 J.) bedient den #FireTVStick - trotz aktiver Kindersicherung - &amp; schafft es eine Serie zum laufen zu bringen ... Genie oder Bug 🤔😂 @AmazonHelp,AmazonHelp
530096,2017-12-02 09:23:05,242756,"Amazonfirestickってやつ買ったらドラマアニメ映画見きれないほどあって神なんだけど。
今まで無駄にプライム会員だったけどプライム会員神なんだけど。

もう一回言う

神なんだけど。",AmazonHelp
517115,2017-12-02 09:24:07,239228,"@239227 @AppleSupport Okay..really thanks for the information..
Am doing my update now..",AppleSupport
15842,2017-12-02 09:24:29,243465,@115913 Can you fix the poor reception I have (that I pay unlimited 4G for ?) I’d rather that than free stuff.,TMobileHelp
529111,2017-12-02 09:26:45,242512,"@AmazonHelp 個別に回答ありがとうございます。
本文からしても確実におかしい内容でしたので、即破棄を致しましたが不思議に思って呟かせいもらいました。",AmazonHelp
530067,2017-12-02 09:31:51,242748,"@AmazonHelp I have had all my recent orders canceled, and I am not sure why. Do you mind taking a look and advise me on what went wrong?",AmazonHelp
533727,2017-12-02 09:37:30,243630,@116136 Internet problems....again. What's going on with the connection in my area? Grrrr #GotWorkToDo,comcastcares
545190,2017-12-02 09:38:24,241769,"@AppleSupport every time I restart my 11.1.2 phone I get SMS notifications from years ago, then 1/2 the time the home screen stops working.  Backup restore and happening on my iPhone X now too https://t.co/LEI5HWOEni",AppleSupport
530044,2017-12-02 09:38:44,242744,@AmazonHelp please get the live chat and call centre people some training. Absolutely disgusting service.,AmazonHelp
555476,2017-12-02 09:38:49,249699,@SpotifyCares yo just got the advert for a years Spotify for £99. Can’t find out how to do it though? Send me a link x,SpotifyCares
530077,2017-12-02 09:43:30,242752,@AmazonHelp I already have but you take so long. I am so angry that you ca do this and just fob me off right before Xmas too no I have no money weekend,AmazonHelp
530108,2017-12-02 09:46:07,242759,@Uber_Support I have tried doing that but on the app it is showing I haven’t paid anything but has come out of my account numerous times ?,Uber_Support
529944,2017-12-02 09:47:11,242725,@AmazonHelp Un de mes jeux dit qu’il va devoir etre rembourser. Mais pour le reste rien n’est encore dit.,AmazonHelp
513608,2017-12-02 09:48:16,238214,@AppleSupport @238210 Has this been resolved? I have a similar issue,AppleSupport
531187,2017-12-02 09:55:27,243040,@VirginTrains Is this train cancelled??,VirginTrains
545159,2017-12-02 09:55:43,246709,Anyone else having this problem with their iPhone? @AppleSupport https://t.co/t2MjS1Dyyz,AppleSupport
530005,2017-12-02 09:55:46,242736,"@AmazonHelp Nooo, just that there may be a delay.",AmazonHelp
522438,2017-12-02 10:00:13,240724,@AmazonHelp Are you an entrepreneur? Join #Naibac to get discovered online and benefit from our FREE digital marketing services,AmazonHelp
530875,2017-12-02 10:02:32,242955,@Uber_Support __email__,Uber_Support
536062,2017-12-02 10:03:08,244198,@MicrosoftHelps. I want to solve error code 800407cf. Please tell me how can I done it in my windows phone,MicrosoftHelps
530842,2017-12-02 10:04:19,242943,"@AmazonHelp El problema es que siempre me. Pasa lo mismo  en teoría el transportista es @4496  pero NO me ha dejado notificación, nesecitan mejorar en este aspecto",AmazonHelp
530046,2017-12-02 10:08:40,242744,@AmazonHelp I was told that it would arrive by 9am. I have just spoken to a manager who cannot get a carrier to answer the phone. There doesn't seem to be much point in the call centre as they can't do anything.,AmazonHelp
531179,2017-12-02 10:08:58,243038,@VirginTrains can we get some kind of refund if we booked seats and we’re standing up from Stockport to Euston?,VirginTrains
533708,2017-12-02 10:09:07,243624,Our internet is so slow...it’s going to take 3hrs to upload today’s video 👀. Ugh. #annoyed #wemiss #xfinity @116136 why won’t you service our area?? 😭😭😭,comcastcares
546694,2017-12-02 10:11:57,247133,Why do I have this wonky screen and stuck in a white screen afterwards and it would not start ? #MacBookPro @AppleSupport https://t.co/beTlQ3pojL,AppleSupport
530763,2017-12-02 10:16:35,242930,@24005  Hey i went thru the amazon thing and i did everything my order was placed and they blocked my email so can you order me an Iphone X please!?,AmazonHelp
1922656,2017-12-02 10:19:54,242952,"@Uber_Support patience and understanding, yeah i understand you steal from your drivers this is why you don't want to give them payment statements which they are legally entitle to have.  the only recourse a driver has is to contact a lawyer. hum",Uber_Support
531172,2017-12-02 10:20:10,243036,"@VirginTrains Okay, will ticket acceptance (still) be with London Midland (we will be trying to get back to Stoke later)?",VirginTrains
530733,2017-12-02 10:22:15,150731,"@115850 
I ordered a phone. 
But lost the invoice.
Dont have access to phone and email.
Can i get invoice?",AmazonHelp
546638,2017-12-02 10:25:19,247116,"@115858 @AppleSupport  Flightmode on but wifi does not turnoff. Ios 11.2 Beta 6, iPhone 7plus. #iosbeta #ios11.2 #beta6 https://t.co/xU5Yi1DA3S",AppleSupport
531692,2017-12-02 10:27:52,243169,@115821 I'm a Prime customer &amp; ordered immediately a book promoted by you as having dropped to $1.99 only to be charged its full price.  Confused.  Thanks for help!,AmazonHelp
531908,2017-12-02 10:27:59,243229,@VirginTrains @LondonMidland Will ticket acceptance be in place all day? Looking to travel around 1,VirginTrains
530158,2017-12-02 10:29:05,242771,@AmericanAir I hope it goes better also,AmericanAir
531712,2017-12-02 10:31:39,243175,"@Uber_Support help plz, I have 2 transactions from yourselves last night and only one of them was me. How can I speak to someone about it",Uber_Support
527770,2017-12-02 10:33:44,237635,@AmazonHelp how does that possibly answer my question?,AmazonHelp
531648,2017-12-02 10:38:16,243159,@115830 try to avoid buying stuff from these idiots. Claimed to have delivered a parcel.to our house 3 times now! So we they are giving us free delivery and we can track the van this morning. Just tracked it and the Muppets driven straight past our house and is now miles away!,AmazonHelp
481823,2017-12-02 10:39:04,229525,"@AppleSupport I always use my watch. All my exercises are like this, they never count all my workout calories as active. I just don’t understand why?!",AppleSupport
531853,2017-12-02 10:39:37,243218,@VirginTrains Hi. Am I able to use my ticket from cancelled 10:15 man to lon on the 11:35 instead? Many thanks,VirginTrains
558616,2017-12-02 10:44:19,206455,"hey guys, any ETA with the issue with dll file missing for all win7 users ? cause every time spotify autoupdate we have to unistall etc @SpotifyCares",SpotifyCares
531600,2017-12-02 10:44:37,243147,"Try to order a play @115830 @115851 driver unable to deliver on first attempt! Second attempt..(1day later). Driver to unable to deliver! I was home both times!

Reason given: unable to find my door! I live on a normal street with doors facing street..

#WORSTCUSTOMERSERVICE",AmazonHelp
531540,2017-12-02 10:49:51,243139,@AmazonHelp I think so I’ve been a prime customers for years never had a problem. Unless you’ve changed something?,AmazonHelp
532735,2017-12-02 10:52:09,243409,@115873 @Uber_Support I am in US not able to logon in uber app as it's sending some code in my India mobile no which is not active here..,Uber_Support
531843,2017-12-02 10:53:06,243216,@VirginTrains @120576 Yes,VirginTrains
546587,2017-12-02 10:55:58,247101,@AppleSupport mijn iPhone 7s herstart steeds na 30 sec. Hoe op te lossen?,AppleSupport
532570,2017-12-02 10:57:30,243368,"Yet another @115830 Prime delivery failed to meet the date. With the sneaky additional min order charges, poor TV and Music offering all these 'Benefits' are not materialising of late and I'm paying for these sub prime privileges. #cancelationdue #poorservice",AmazonHelp
532651,2017-12-02 11:04:08,243382,"@115821 últimamente el servicio de entrega es pésimo dependiendo de la agencia con lo que lo envían y la atención al cliente mas pésima, an crecido tanto que la atención al cliente y servicio pésimo que es lo que les distinguía los precios son como todos",AmazonHelp
546657,2017-12-02 11:05:18,247122,@115858 worth £750 billion and still can't sort a fucking phone !! #wheresmysamsung #fuckapple,AppleSupport
532916,2017-12-02 11:06:07,243453,@VirginTrains Still waiting. Any idea how long we'll have to SIT here?,VirginTrains
532597,2017-12-02 11:09:12,243375,"@115850 Now does this mean I have to stay home on Monday waiting for it to be delivered? That is highly inconvenient. Seriously, sort your delivery issues out. It is really annoying to have to deal with this every single time.",AmazonHelp
533256,2017-12-02 11:14:16,243538,Hey @115850 How exactly is this *low* to *high*? https://t.co/tJrfKXgsov,AmazonHelp
69895,2017-12-02 11:17:45,131820,@AmazonHelp @115850 @119625 No solution yet. Disappointed!😔😣 https://t.co/2EaOYwTQMj,AmazonHelp
532709,2017-12-02 11:18:04,243400,"@Uber_Support Hello Uber,
My account was disabled.please let me the knw the reason. Also tell how to re activate it.
Ph:9912912313",Uber_Support
548187,2017-12-02 11:18:34,247562,This 7 plus on some shit Apple.. my joint keep restarting @AppleSupport,AppleSupport
532904,2017-12-02 11:18:42,243450,"@120576 @VirginTrains Then maybe you can get your trains sorted, @VirginTrains. Sort the stench. Quiet means quiet. WiFi should work. Clear information about disruptions and solutions. Your current service standard is a big opportunity for growth!",VirginTrains
532566,2017-12-02 11:21:03,243368,@AmazonHelp Just to be 100% clear here. My motive is simple. Im looking for you to improve the service levels in line with the promises you make and to stop reducing the benefit vs cost of Prime.,AmazonHelp
531678,2017-12-02 11:23:26,243166,@AmazonHelp Please deliver my order now ASAP I wanted gift  someone do this that we will continue same if anything happens to me Amazon will responsible...  Because I never seen Angy and badass delivery boy screaming on phone abusing the costumer,AmazonHelp
503129,2017-12-02 11:27:47,235227,@235228 @VirginTrains It was on the list of possibilities. I had an absolute London Midland breakdown,VirginTrains
446812,2017-12-02 11:28:41,122232,"@220846 @AmazonHelp Hi Louise, my apologies for this issue with your parcel, please DM us your parcel number so we can advise further. [Sean]",AmazonHelp
533243,2017-12-02 11:31:59,242734,"@AmazonHelp your delivery driver that was bringing my package didn't even bother to knock on my door and then claimed delivery was unsuccessful, I spoke to someone on customer services who wasn't helpful, this has really annoyed me and I will be reviewing my account with Amazon.",AmazonHelp
548113,2017-12-02 11:32:13,123469,@AppleSupport It’s also draining my battery and after it does this it asks for my pin for entry but I can bypass by hitting home button.,AppleSupport
533545,2017-12-02 11:34:23,250965,@243588 @SpotifyCares Mine regularly offers to connect to a chromecast. We don’t have a chromecast.,SpotifyCares
533221,2017-12-02 11:36:02,232624,@115830 @AmazonHelp By the way this is the token of appreciation give by amazon https://t.co/1bbEkdwbGY,AmazonHelp
532547,2017-12-02 11:39:44,243365,@AmazonHelp Dsl je ne comprends pas comment faire :/,AmazonHelp
533579,2017-12-02 11:44:50,159235,@Delta You should fix the boarding Zone glitch when getting Upgraded at the gate. Should have changed from Sky to PREM. https://t.co/ZgcnXzS3k1,Delta
483157,2017-12-02 11:45:23,229914,@AmazonHelp Your team were able to help nothing... Now I'm cancelling the order... Thank u...,AmazonHelp
524503,2017-12-02 11:45:34,241288,@AppleSupport @241274 Just to let you know that iOS 11.2 got released today! Make sure that you update it!,AppleSupport
533811,2017-12-02 11:46:54,243655,@TMobileHelp Dm'd,TMobileHelp
533518,2017-12-02 11:47:54,243579,@24238  Has currently left his phone in an @Uber_Support and was not able to contact them because when he followed the procedure the line was either horrible or would not go through. Now there is a high chance that another passenger has gotten it thanks uber,Uber_Support
533772,2017-12-02 11:49:02,243644,@VirginTrains That’s not my issue. My issue is that you are running a reduced service (again not your fault) but the service you are running has toilets out of service! Surely you have spare cancelled trains knocking around that have full functional toilets?,VirginTrains
533235,2017-12-02 11:49:46,242734,@AmazonHelp No I wasn't I was pretty much told to wait until tomorrow.,AmazonHelp
526814,2017-12-02 11:50:20,241922,"@comcastcares i would gladly switch to another provider but you have a fucking monopoly on internet in my area so thats not going to happen until someone else that offers the same or better comes around, which probably wont happen, thanks for fucking me and everyone else over",comcastcares
533325,2017-12-02 11:53:30,243552,@AmazonHelp I did contacted them but its more than 7days but it is getting delayed with excuses,AmazonHelp
533293,2017-12-02 11:56:41,243545,"@AmazonHelp @AmazonHelp @117634 @137341 @115830 @115851 My kindle is Kindle 4 which one of your service call attender said that it cannot be repaired as the screen is dead and as a result, soft has gone to unresponsive.",AmazonHelp
539019,2017-12-02 11:56:49,229491,"WHAT FRESH HELL IS THIS? Suddenly, after latest freaking @MicrosoftHelps update -- I can't get into Word. WHERE ALL MY WRITING AND JOURNAL IS - this is PISSING ME OFF https://t.co/rrwo7JpQSx",MicrosoftHelps
548076,2017-12-02 12:01:13,247526,@AppleSupport Didn’t get any solution and now it’s 2nd Dec there too!,AppleSupport
535157,2017-12-02 12:01:39,243964,"@117795 Unable to add phone number while adding a new address via app. Says, Error: Invalid phone number. Can you please help asap.",AmazonHelp
534683,2017-12-02 12:02:32,228628,That doesn’t answer my question. I paid for exit at the gate while boarding. When I got on the plane the staff allowed people to move there for free. Why was I not given that option?@AmericanAir https://t.co/2Z18lkKGyb,AmericanAir
531627,2017-12-02 12:06:49,243153,@AmazonHelp Nothing is happening,AmazonHelp
534130,2017-12-02 12:11:47,243710,@AmazonHelp already have. This is a SITE issue.. not an account issue.,AmazonHelp
2267804,2017-12-02 12:12:42,211014,"@VirginTrains Today, on the way to new street now",VirginTrains
543150,2017-12-02 12:15:47,246125,What's happening on spotify's system? I tried it for 15 times already since 1pm until now. I can't subscribe again into premium and I don't know why. ☹️ please help me to fix this shit! @SpotifyCares @148611 https://t.co/fTriAOfIbw,SpotifyCares
477105,2017-12-02 12:16:27,228384,@Uber_Support It’s been 24 Hrs and still nothing happened on the issue . Will I have to wait forever to take an uber ride ?,Uber_Support
533276,2017-12-02 12:17:21,243541,@AmazonHelp That link leads me to the USA website,AmazonHelp
534634,2017-12-02 12:20:17,243848,@Delta ready to fly! Thanks for always having amazing customer service! https://t.co/Wp4YMDTXsw,Delta
548195,2017-12-02 12:20:39,248010,@247565 @AppleSupport Same today,AppleSupport
534070,2017-12-02 12:20:42,175762,"@AmazonHelp Left there for up to 2 days in the rain. There's a book in that parcel. If you stopped underpaying your drivers and holding them to unfair working conditions (no payment if the customer doesn't take the parcel, causing issues like this) maybe you'd have fewer complaints.",AmazonHelp
535109,2017-12-02 12:24:53,243951,@AmazonHelp No... Someone called Mike told me my membership can't be reinstated and I would have to reapply and now I've lost out on two months worth of prime membership,AmazonHelp
534098,2017-12-02 12:30:10,243705,@AmazonHelp I sent you the details,AmazonHelp
549668,2017-12-02 12:32:28,247999,"@AppleSupport hey. I used to be able to listen to voice memos and use other apps. When I’d be in the memos I’d lock the phone, then open up another app through the notification viewer. That now doesn’t work &amp; I need a solution. Any help",AppleSupport
2323653,2017-12-02 12:32:35,673242,@VirginTrains poor poor customer service from northampton - Birmingham new street #delayed,VirginTrains
498381,2017-12-02 12:36:12,233970,"@AmazonHelp Your representative has already said that you have to be resident of US.
I'm asking, can i be an amazon business customer if I'm not a US resident!",AmazonHelp
535147,2017-12-02 12:38:44,243962,@AmazonHelp @119356 @12381 Amazon India selling products at price above MRP,AmazonHelp
535311,2017-12-02 12:42:25,244018,@Uber_Support done..check dm,Uber_Support
536086,2017-12-02 12:43:33,120916,@AmazonHelp Die Erstellerin. Aber nicht jeder mit dem ich die Liste teile soll Zugang zu meiner Adresse haben ^^,AmazonHelp
543347,2017-12-02 12:43:59,246180,"@ComcastCares: #mobile_Care
I paid the bill and am still having issue coming on",comcastcares
520266,2017-12-02 12:46:30,240075,@AppleSupport Still shows as active. I cancelled it but I guess maybe there was a glitch or something and it never actually cancelled and I didn’t notice I was paying for it every month,AppleSupport
531506,2017-12-02 12:49:05,243136,"@AmazonHelp @115851 @115850 @115851 @115850 very very bad service in spite been a prime membership..wats the use of saying""guaranteed delivery"" when you can't even follow ur own words..",AmazonHelp
2342971,2017-12-02 12:52:31,242734,"@AmazonHelp The last customer service rep that I spoke to was more helpful than the previous 2, but as of yet no conformation weather or not I'll be getting my package today or not.",AmazonHelp
535596,2017-12-02 12:54:22,155542,@VirginTrains @244087 @120576 Pls note vtec very ltd service north from Kgx due to engineering works. Only 2 thru trains to LDs later tonight.,VirginTrains
536153,2017-12-02 12:56:32,244218,@Delta thanks for the upgrade! 👊🏿,Delta
535706,2017-12-02 12:58:00,230748,@AmazonHelp all my Amazon packages have been delivered &amp; 1 SHOULD be by today. Just want to inform you that UPS is messing up everyone.,AmazonHelp
536118,2017-12-02 12:58:51,244210,@Uber_Support you have a terrible support team. I have an issue. It was not solved properly and I can’t even reply in the app to the message I got from you. 0 star service. Deleting and sticking with Lyft.,Uber_Support
560977,2017-12-02 12:59:33,251263,@SpotifyCares hello. My app won't connect to Sonos. Tried reauthorizing the account and reinstalling the app.,SpotifyCares
549589,2017-12-02 13:01:18,247969,My iPhone has been rebooting on a loop since yesterday. Has any of faced this issue before ? I've tried switching off and restarting it. No luck. @AppleSupport,AppleSupport
540668,2017-12-02 13:03:49,245449,@MicrosoftHelps Phone not updating showing error during installation,MicrosoftHelps
471593,2017-12-02 13:04:08,227293,@AmazonHelp Form filled and message is sent.. Kindly do the needful.. Thanks,AmazonHelp
535693,2017-12-02 13:08:21,244110,@AmazonHelp Royal mail,AmazonHelp
536318,2017-12-02 13:09:28,244263,Got to the airport and freaking @SouthwestAir bag check isn't even OPEN. 😡 I could have slept in!,SouthwestAir
536617,2017-12-02 13:12:01,244340,@115850 Order #408-3455560-8801952 that was to be delivered today did not arrive thus far. I had previously complained about Aramex Courier. Why still Amazon is sending me thorugh them?,AmazonHelp
550796,2017-12-02 13:14:31,248322,@AppleSupport Are there any Prepaid/Gift Cards that are compatible with Apple pay?,AppleSupport
537573,2017-12-02 13:18:47,182211,Finally today I've sent an invitation for Amazon Echo Dot &amp; now waiting for the confirmation mail from @115850 so existed can't wait to get the hands on it :),AmazonHelp
536246,2017-12-02 13:21:19,244244,@AmericanAir doesn’t care about cancer patients. Charges the terminally ill when they’re too sick to make a flight @24374 #AmericanAirlines,AmericanAir
536094,2017-12-02 13:22:00,244201,"@116288 @3564 @116276 - Tried to get an answer from Uber India Support but all efforts went in vain. The answer I seek is - is Uber responsible for their driver's behavior or not? For context, please see the attachment. https://t.co/8gfY3QspcO",Uber_Support
527776,2017-12-02 13:24:06,237635,"@AmazonHelp Yes it says it's out for delivery but that's besides the point now, you are actually saying the GUARANTEED delivery date is the date you aim to deliver by unless there is any kind of delay such as the parcel being LATE? Effectively saying the guarantee means nothing?",AmazonHelp
550778,2017-12-02 13:26:20,248313,@AppleSupport so annoyed my phone has gone off and i wont let me use mobile connection or WIFI to set it up again. fuming,AppleSupport
535671,2017-12-02 13:28:16,244107,@AmazonHelp It’s from amazon! I think the reason I can’t leave feedback is because it’s now shown as delivered yet. We’ve been out and it was on doorstep when we got home. I need another orbeez thing sent which I can wrap from Santa and then just say I decided to get her something too,AmazonHelp
560934,2017-12-02 13:28:36,251244,Forced to get on Twitter by a company that literally offers customers no other options of service or contact #notcustomerfriendly #poorservice @SpotifyCares @115888,SpotifyCares
495823,2017-12-02 13:32:59,233267,"@AmazonHelp Yes we've checked, they have said that the driver scanned the parcel and sometimes it comes up delivered when it hasn't. My mum is going out at 3 they've promised it will be there. They will investigate it as it should have been delivered yesterday.",AmazonHelp
536942,2017-12-02 13:36:04,244201,"@Uber_Support I intend to get a direct response. My question was straight and I deserve a straight response. And for God's sake, whoever reaches out, ask them to read before responding. I am fed up with templated answers - they don't help. Thanks!",Uber_Support
535710,2017-12-02 13:36:41,244112,@AmazonHelp 端末は複数登録できるの？例えば、今登録されてるのはiPhoneだけど、所有してるiPadで読みたいなんて場合は？コンテンツが他のアカウントとは共有できないってのはこの場合iPadでは読めないよってこと？,AmazonHelp
537196,2017-12-02 13:40:49,244511,"@VirginTrains was caught up in the insane delays/cancellation at EUS last night and want compensation, but can't find any info. Had an Off-Peak Open Return ticket to Manchester, and instead of getting the first or 2nd Off-Peak train around 7pm, I couldn't get on a train till 9PM!",VirginTrains
521299,2017-12-02 13:42:31,240341,"@AppleSupport Yes, backed up. Running 11.1.2.  I gets this way for months now.  You recommend updating iOS each time, and nothing changes. The is only one email account in Mail",AppleSupport
536536,2017-12-02 13:43:35,244319,@AmazonHelp I already know that and it doesn’t help me finish the job today. So when is a next day PRIME delivery not next day!!!!😡,AmazonHelp
532713,2017-12-02 13:46:14,243401,@Uber_Support And this is a 2016 complaint. Assuming you are referring to my complaint  from (11/1) because I certainly am.,Uber_Support
537531,2017-12-02 13:48:59,244600,@115821 I don’t care it was coming from a third party. I care about it never arrived and it will take 5 days for a refund and being told no supervisors were available to talk to me and that the rep called me not my actual name,AmazonHelp
536983,2017-12-02 13:52:38,243850,@Delta I hope y'all reimburse me for he house I lost with family cause of all but nope. All about the money,Delta
537424,2017-12-02 13:53:52,244578,@115850 will ask #aadhar to track list package indeed @132707 had clearly said should not pass our #Aadhar Number to any third party which will be true,AmazonHelp
537166,2017-12-02 13:55:05,244509,"@VirginTrains I have done over 20 times now. Can you escalate this, there’s been so many messages back and forth.",VirginTrains
544810,2017-12-02 13:55:36,246601,"Hi, @115900! Some of your installation crew came into our back yard (with permission) to install our for neighbor’s home, took apart part of our wooden fence, and didn’t put it back.",comcastcares
550648,2017-12-02 13:55:54,240776,@AppleSupport so iOS 11.2 is live but  PayCash is not 🤯 this has to be the dumbest 💩 I heard today. https://t.co/0R3SL98SKw,AppleSupport
397406,2017-12-02 13:59:45,210098,@AmazonHelp @115851 @115821 @115850 #Day61 of complaint. Still unresolved. Product not delivered. #Amazon show me signature proof if delivery person says product received by me.,AmazonHelp
490682,2017-12-02 14:01:26,207846,@Uber_Support I don't need 🙏,Uber_Support
537450,2017-12-02 14:05:11,238885,"@AmazonHelp No, after being out for delivery yesterday they updated the date to today. I’m just not convinced that it will be delivered today. And look at what I’m dealing with just trying to talk to them https://t.co/O2joV5BSZT",AmazonHelp
562453,2017-12-02 14:05:38,251615,"@115888 @117168 please direct me to a place where I can explore different individual/family packages. I already used a promotional offer before, a while back. Thanks",SpotifyCares
539495,2017-12-02 14:05:54,245115,@SouthwestAir beautiful morning in Kansas City! https://t.co/sn693Fd2Rr,SouthwestAir
538283,2017-12-02 14:06:11,244801,"Hi @VirginTrains. Our 1430 from Birmingham to Euston is cancelled, can we jump on the 1410?",VirginTrains
550698,2017-12-02 14:07:47,248288,@115858 If you could please stop releasing iOS software that doesn’t work that’d be great! An iPhone that restarts every minute isn’t what I paid for #applebug,AppleSupport
538589,2017-12-02 14:10:47,244866,@116316  https://t.co/Hg5UPJKZez,AmazonHelp
506203,2017-12-02 14:11:20,236133,"@AmericanAir Yes, seat was broken.",AmericanAir
538104,2017-12-02 14:13:05,244754,"@Delta On Dec 1, flight 992 MSP to BIS, my father found one AirPod and would like to return it to its owner. He believes the passenger was sitting in or near 15 or 16 B. Thanks!",Delta
537482,2017-12-02 14:14:38,244589,@AmazonHelp Many times,AmazonHelp
535599,2017-12-02 14:17:08,244087,"@120576 @VirginTrains Ha, thank you! Is this some sort of competition as to who can take my parents home?",VirginTrains
537416,2017-12-02 14:17:44,244577,@AmazonHelp That the order was undeliverable and all they could do is offer a refund.,AmazonHelp
550650,2017-12-02 14:20:53,248274,"@AppleSupport hi, I wish to know the battery stand by time of iPhone 6s in iOS 11.2 and screen on time ?",AppleSupport
539163,2017-12-02 14:24:01,241412,"https://t.co/zCEmXqH4pk
https://t.co/6sRhHZsIuQ
@115873 
On 2-11-17 at 5.14 p.m. the driver cancelled the pick up, then why am I being asked to pay Rs. 42. Pls cancel it urgently",Uber_Support
536608,2017-12-02 14:24:29,244339,@AmazonHelp C’est fait oui 😒,AmazonHelp
552152,2017-12-02 14:26:49,242563,@AppleSupport downloaded 11.2 this morning and was super excited to set up Apple Pay cash. Only to see that it’s not working!! 😢 Any idea what’s going on with that??,AppleSupport
505844,2017-12-02 14:29:46,236031,"@AmazonHelp Já verifiquei, recebi uma mensagem que não tem nem endereço onde eu possa responder. Nada foi resolvido, quero saber o que vou fazer nesse caso, já que até agora não foi entregue, nem atualizado a data de entrega, nem nada.",AmazonHelp
544802,2017-12-02 14:30:53,246597,@115900 I have some advice for you. If you would like to keep me as a customer don’t ever call me at 8:30 in the morning on the weekend again!,comcastcares
102917,2017-12-02 14:33:00,138635,@AmazonHelp Ya. You will inform me 6th december. They will deliver this order at 6th december. Sorry but amazon.de is not professional. These are my last order. I dont use amazon.de anymore. https://t.co/1hpYkhNc34,AmazonHelp
538270,2017-12-02 14:33:12,244798,"@244796 @VirginTrains @VirginTrains guys, he's with me",VirginTrains
538664,2017-12-02 14:33:45,240825,@AppleSupport @244888 Dude i commented like 6 times and u skipping me,AppleSupport
539733,2017-12-02 14:40:03,245181,"Sigh. Never been so truly disgusted with customer service experience to get something installed via @115821 Home. @AmazonHelp. Cancelled appointments, long waits, no communication. #FAIL",AmazonHelp
540491,2017-12-02 14:41:16,245395,@AmericanAir every time my sis in law comes home u cancel a flight.  She needs to be here tomorrow for a funeral #getkellyhome,AmericanAir
539102,2017-12-02 14:42:00,244998,@Uber_Support @Uber_Support I've already emailed and they said the driver took the correct route when he want to Waterloo! And Hyde Park!,Uber_Support
539229,2017-12-02 14:43:54,245037,Dearest @Delta I’m 736 miles short of Gold Medallian. I’ve been a great customer and flier. I fill out my surveys and #deltalifer  #alliwant4xmasisGOLD,Delta
563514,2017-12-02 14:44:35,251950,"@SpotifyCares Hi - already a Spotify premium member on monthly payment. Would like to take advantage of annual rate. If I do this now, what happens to the period of this month I've already paid for? Renewal date is Dec 17.",SpotifyCares
15889,2017-12-02 14:45:50,245144,@115913 Sorry but when I attempted to switch to your service I went a full month without service. And then had to fight to get a rouge $1000 charge.,TMobileHelp
536511,2017-12-02 14:47:00,229251,"@AmazonHelp @115821 should consider contracting with a more reliable, quality driven courier than @115817. As I mentioned in an earlier tweet, I can count on ""most"" of my deliveries by ups to be drop kicked to the door, &amp; the @upshelp support will put you through hell to reconcile damages.",AmazonHelp
539560,2017-12-02 14:47:42,245128,"@VirginTrains train delayed by 25 minutes, then a horrible employee tried to make us clear up somone elses rubbish for her, incredibly rude, awful experience... https://t.co/gChXYHmUgu",VirginTrains
552159,2017-12-02 14:47:47,248721,"I’m sorry, but exactly HOW is this “not enough storage”, again?? @170480 @AppleSupport https://t.co/mP6Mhf0yQg",AppleSupport
538505,2017-12-02 14:53:27,244847,@AmazonHelp It's UPS. They do fine the other times of the year. Although I no longer get Saturday deliveries either. Prime used to be more fun...,AmazonHelp
590060,2017-12-02 14:56:40,259519,People be sleep on McDonalds breakfast,McDonalds
552059,2017-12-02 14:56:54,245217,@AppleSupport My dad’s phone &amp; ipad crashes &amp; we can’t even get through the password. We can’t go in it glitches and doesn’t work!,AppleSupport
540904,2017-12-02 14:57:21,245501,"Finally Got it...... @115821 @117634
It's nice experience to read a book in it. Little bit costly for ordinary people. A digital library for Bookworm. https://t.co/UxPIg7fnHY",AmazonHelp
540516,2017-12-02 14:57:52,245403,@SouthwestAir Hi! What's the best way to get my name changed on my account after getting married?,SouthwestAir
539141,2017-12-02 14:58:10,245010,"@Uber_Support I have reported the issue. It's actually an issue on my wife's phone but since she's not on twitter, I am posting on her behalf. On web portal, I cannot see her rides since June 2017 while they show up in app. There are more issues with her app as well",Uber_Support
486807,2017-12-02 15:02:06,230832,@AmazonHelp De 5 pedidos que he realizado 4 han tendido problemas y no me han llegado o no le ponéis códigos de seguimiento. Lo siento pero no pagaré más prime y dudo volver a comprar por Amazon.,AmazonHelp
546049,2017-12-02 15:02:21,246955,@comcastcares good morning I sure could use some advice to help a friend with their account.,comcastcares
540571,2017-12-02 15:04:56,120576,@245420 Sorry to hear that Lauren. We'll make the team at @VirginTrains aware for you. ^JC,VirginTrains
539908,2017-12-02 15:06:13,245216,@AppleSupport Thanks. Updated to iOS 11.2 a few hours ago and no more issues.,AppleSupport
565476,2017-12-02 15:07:48,252523,As a Diamond member of @Delta I noticed that I frequently have a non working power and/or USB outlet.  Why does Delta not have these fixed!!  Had a non working power on my outbound and now on my return!,Delta
539320,2017-12-02 15:08:23,245063,"@AmericanAir It seems every agent have their own interpretation of the perks. Some agent tag bag priority others don’t. Some airport have dedicated lines to check others don’t. 2 be honest, not that impress",AmericanAir
563496,2017-12-02 15:09:05,251941,@115888 are you going to create an app for the @1511 ionic? Thanks!,SpotifyCares
539921,2017-12-02 15:11:16,245220,@AppleSupport @245219 On iOS 11.2 iPhone X.,AppleSupport
540918,2017-12-02 15:11:21,141346,@AmazonHelp Yes. It should have arrived yesterday by 8pm.,AmazonHelp
540879,2017-12-02 15:19:33,245492,Quand tu vois que Noël c'est ce mois-ci ... @120533 https://t.co/1XjLi7xeBs,AmazonHelp
545929,2017-12-02 15:21:09,246922,@Uber_Support It's been 11 hours and no response to my messages sent in app. How long is the standard wait time for a response from Uber?,Uber_Support
540600,2017-12-02 15:22:10,245429,@115911 question? What happens after a 611 agent lies to a customer on a recorded line? Are there policies in place to prevent this ?,TMobileHelp
538279,2017-12-02 15:24:40,244800,"@VirginTrains Brilliant, thank you. Think you're all doing a fab job managing customers as a result of the delays.",VirginTrains
563506,2017-12-02 15:25:54,251946,"@spotifycares Hi! Saw an offer for a year of premium for $99, and now I can’t find where to sign up for it. Can you help me?",SpotifyCares
540837,2017-12-02 15:27:27,245483,"Hey @115821 how is it that I've received every package I've ordered from Target, Walmart and Academy Sports yet I pay $99 a year for your services and have yet to receive my packages ordered at the same time?",AmazonHelp
543282,2017-12-02 15:29:25,246166,"Hey @AmericanAir - there is a reason I don't like flying you.  You turn first class passengers away from your Admirals Club?!?
 #ghetto",AmericanAir
541172,2017-12-02 15:30:08,245544,@AppleSupport Thank you! It’s the most recent 11.1.2,AppleSupport
540843,2017-12-02 15:33:56,245485,"@AmazonHelp hi, was macht man wenn man seit drei Tagen die Mitteilung erhält, dass eine Lieferung in Zustellung sei, aber kein Bote vorbeikommt?",AmazonHelp
464180,2017-12-02 15:36:40,225372,@225373 @MicrosoftHelps That seems really true even though my computer is now fixed,MicrosoftHelps
528218,2017-12-02 15:38:04,242309,"@AmazonHelp @242290 How you can make offer , people buy , than you told him cancel the order !!!!??",AmazonHelp
556961,2017-12-02 15:38:22,250052,@AppleSupport Since the update to 11.2. the back camera only takes blurred photos and videos. Restart did not help!,AppleSupport
541928,2017-12-02 15:41:44,245768,@VirginTrains It's Manchester Piccadilly to London Euston return. 18th December outbound @24690 returning 20th December @104512.,VirginTrains
541640,2017-12-02 15:42:18,245677,@115873 How do I report someone attempting to access my account.,Uber_Support
543355,2017-12-02 15:43:36,246183,"@comcastcares is it true that when we have an internet outage (like now in CT) that we are unable to use our x1 box to watch tv? I can't change channels and just get a message that ""we're having trouble connecting to the x1 platform""",comcastcares
541678,2017-12-02 15:44:17,245693,.@Delta hangar at @125872 @2838 transformed into winter wonderland for 150 @245694 kids. What a nice day for these families who are going through more than most of us can imagine. #wcvb https://t.co/czopIhCpsf,Delta
542216,2017-12-02 15:44:29,137499,Pretty ironic that all over the news are warnings of thieves stealing parcels that have been left by delivery drivers - and yet again @115821 put the delivery card in the doorframe - just to the right of the letterbox....#sortitoutamazon #ridiculous,AmazonHelp
542099,2017-12-02 15:50:28,245813,"@AmazonHelp Prezado(a) cliente,

Fechamos sua conta do https://t.co/Yygod20zUB e cancelamos todos os pedidos em aberto. Todas as novas contas que você abrir serão fechadas",AmazonHelp
543046,2017-12-02 15:50:35,203476,@AppleSupport How would I get rid of it then?,AppleSupport
542187,2017-12-02 15:54:18,245827,"@AmazonHelp I havent contacted you this is my first contact, there been zero update on the package since half past Midnight... it changed from guaranteed today now saying 2-5th Dec on my tracking",AmazonHelp
543270,2017-12-02 15:54:45,246159,@AmericanAir please please please add a different brand of water to your on flight selection!,AmericanAir
541569,2017-12-02 15:55:41,245663,Yo @115873 @Uber_Support you don’t have a HELP SYSTEM? I need to speak to somebody about my account very difficult to get in touch or get help #Sad,Uber_Support
553566,2017-12-02 15:57:18,249112,"@AppleSupport I see there’s a new update (11.2) for my iPad Pro. But I also see people complaining. Should I update? I’m currently using version 11.1.2 and right now it works just fine. Don’t wanna get any bugs, etc.. thanks",AppleSupport
540309,2017-12-02 15:58:19,245341,@TMobileHelp That’s okay. Shouldn’t be that hard to explain. The old charger used to work and now it isn’t. And it continuously beeps. You can reply more than once. :) you should also have 280 characters now no?,TMobileHelp
543374,2017-12-02 15:59:16,246189,@SouthwestAir why have I been #flying with other #airlines!?,SouthwestAir
541925,2017-12-02 16:00:55,245767,"@VirginTrains I did, after appealing to the sardines to let me climb on a suitcase so the train door could close! Sorry, but it can't be safe to allow that many people on a train :(",VirginTrains
544600,2017-12-02 16:02:42,233348,Literally none of the cases apply. https://t.co/kpQcnVxkV9,SpotifyCares
528314,2017-12-02 16:02:49,242137,@AmazonHelp No,AmazonHelp
541568,2017-12-02 16:05:13,245666,@Uber_Support @245663 Don’t trust Rapaport. Guy’s a crook. https://t.co/sA4sGR0Eqb,Uber_Support
70063,2017-12-02 16:05:34,246111,@McDonalds @115877 Why do you no longer fill the sundaes to the actual lids? https://t.co/eLpu9wiEgz,McDonalds
542123,2017-12-02 16:07:13,220409,"Thanks @115830 I pay for prime, get notified my parcel has arrived by email to be told at the doddle location it’s not with them! Thanks for pissing me off today when I specifically need it for my travel tomorrow morning",AmazonHelp
542493,2017-12-02 16:07:35,245921,@AppleSupport I have iOS 11.1.2,AppleSupport
549027,2017-12-02 16:13:13,247808,"@comcastcares @116136 I have called your care center twice, hung up on once and now have been left on hold for over 10 mins... having service trouble ... same issue two weekends in a row....",comcastcares
543552,2017-12-02 16:13:27,246248,"@149473 plz check the Courier receipt and tell whether it is AUTHORIZED or not?
@AmazonHelp always asks me for a AUTHORIZED receipt. Many times I told that this is the receipt I got from the Courier Point, but no avail. U both discuss the same. https://t.co/UCgfhwXucB",AmazonHelp
553672,2017-12-02 16:14:42,249148,@AppleSupport my phone is still crashing after the update,AppleSupport
543071,2017-12-02 16:18:47,246099,Hey @Uber_Support I can't invite family members via the 'Family' feature. The invite to US cell phone number gets prepended with +61 (Australian Int Dial Code) which is where we lived 18+ months ago and where I set Uber up. On iphone 8 / 11.2,Uber_Support
544463,2017-12-02 16:20:21,246502,@AmazonHelp just got an email to say my parcel couldn't be delivered because no one is in. I've been all day and the door bell is working.. this is the second day in a row this has happened.. (I pay for prime) 🤔,AmazonHelp
553585,2017-12-02 16:20:52,249119,@115858 @AppleSupport why does the iPhone die when it’s cold outside?,AppleSupport
543588,2017-12-02 16:26:59,246255,@AmazonHelp No it says was expected 28th Nov... but on the website the item is currently in stock and sold by amazon,AmazonHelp
566298,2017-12-02 16:27:22,252753,@115888 not syncing between my iPhone and @115821 Alexa :(,SpotifyCares
543731,2017-12-02 16:27:44,246305,"@AppleSupport @246304 It's anytime you actually open an app and use it. Mine continues to do this while trying to back my phone up so I can do a hard restore, so backup won't work. I changed my time zone to cupertino per reddit user and deleted headspace and it's working. Using 11.2",AppleSupport
538194,2017-12-02 16:27:59,244776,@AmericanAir You guys responsible for my extra day of parking since I had an extra night added to my itinerary?,AmericanAir
542218,2017-12-02 16:32:07,137499,@AmazonHelp This particular parcel was ordered by my husband so I don’t have those details. I’ll ask him to contact you when he is free today. Thank you.,AmazonHelp
544897,2017-12-02 16:32:26,149569,@TMobileHelp I need help,TMobileHelp
553477,2017-12-02 16:34:36,249083,@AppleSupport It looks like photos are disappearing from my Apple Photos / iCloud account - what should I do?!,AppleSupport
539565,2017-12-02 16:35:00,245129,@VirginTrains Oh never thought of that thought it was some code thank you 😊,VirginTrains
544423,2017-12-02 16:38:57,190280,"amazon &amp; @115817: YOUR PACKAGE WILL BE THERE 11/28
@115821: package is delayed. We don’t know why.
UPS: it’s in Jax, gonna sit there 2 days. We don’t know why and we won’t answer questions about it. 
Amazon: package will be delivered today! 
UPS: Naw, it’s gonna be Tuesday
Me: WTF",AmazonHelp
527789,2017-12-02 16:40:40,139533,"@133948 @242170 @Uber_Support @6791 @138397 ""We're just a lowly ""Tech"" company.""",Uber_Support
544428,2017-12-02 16:42:24,246493,"@AmazonHelp No, no lo reporte, pero si me molesto que la estafeta no haya hecho la engrega en mi domicilio, por lo que tuve que ir a recoger el paquete a una de sus oficionas que queda en otra localidad.",AmazonHelp
553539,2017-12-02 16:45:29,249101,@AppleSupport What’s up with my phone restarting every few minutes?,AppleSupport
546052,2017-12-02 16:45:41,214252,Hey @comcastcares- is cable and internet out in NW DC?,comcastcares
544418,2017-12-02 16:46:09,246482,"@AmazonHelp Pone esto ""Vendido por Linkmart y gestionado por Amazon""",AmazonHelp
494490,2017-12-02 16:47:24,232922,"@SouthwestAir Hey guys, I DMd you over 20 hours ago... any response for my concern??",SouthwestAir
543105,2017-12-02 16:49:31,246110,@Uber_Support Have dm’d,Uber_Support
544435,2017-12-02 16:50:38,246494,"@AmazonHelp 📦 due ystdy, usps can't deliver til Mon. 20+min on 📱 w/ ur cust.serv&amp; best she could do is delivery today by 8pm-still too late",AmazonHelp
563494,2017-12-02 16:50:55,253021,"@115888 I can't sign into my account. When I type my email address in to reset my password, it keeps telling me that it's an invalid email. Please help!!!!",SpotifyCares
545277,2017-12-02 16:53:01,246749,@AppleSupport Thnx  it was just a sign of need updates,AppleSupport
570547,2017-12-02 16:53:56,253962,I am contemplating filing a complaint against @Delta for emotional distress and lost wages because of my missing luggage. How can I get on the plane and you leave my luggage behind? I got to my destination with nothing to wear the next day. And still waiting 24hrs later.,Delta
545767,2017-12-02 16:54:13,246885,@115821 Amazon my package is in late 😣. We should do something about 🤯,AmazonHelp
544872,2017-12-02 16:57:27,246620,@VirginTrains I don't know how to find a member of staff,VirginTrains
546210,2017-12-02 16:59:02,247003,I'd like to know why does @115911 insist on giving me the run-around all week 🤔 #SoConfused https://t.co/PmcLzAj7Oq,TMobileHelp
542296,2017-12-02 17:01:09,245856,"@AppleSupport Yes, performed clean install with usb stick. Even with this clean install I had this issue. But suddenly this doesn't happen again. Seems that something in the background (iCloud?) didn't work well? Anyway: Thanks for support! Appreciate your work! #apple",AppleSupport
545750,2017-12-02 17:01:11,246880,"-‘ Le service livraison de @120533 c’est plus que de la merde !
#Bravo 👏🏾😒",AmazonHelp
544538,2017-12-02 17:03:12,132734,@Uber_Support registered my complaint successfully..,Uber_Support
514705,2017-12-02 17:05:53,238504,@AmazonHelp I did send packaging feedback. Sure hope you bring back shipping in *real* boxes.,AmazonHelp
545741,2017-12-02 17:10:33,246878,@AmazonHelp Amazon logistics,AmazonHelp
544560,2017-12-02 17:10:43,246530,@246529 @SpotifyCares @115888 Yesss!,SpotifyCares
548959,2017-12-02 17:13:41,160975,@comcastcares experiencing slow speeds in zip code 30276 right now. Any issues?,comcastcares
540472,2017-12-02 17:14:24,245387,@AmericanAir 18 hours after the flight is your delivery services and that’s acceptable . You have proven yourself as a Joke of an airline #boycottamericanair #americanairsucks,AmericanAir
555262,2017-12-02 17:16:01,249640,@AppleSupport my iPhone7 getting locked automatically while using it #bug #irritating,AppleSupport
543835,2017-12-02 17:17:07,240102,@AmazonHelp Thank you. @2064 I will be reaching out to you as well. They lost my order from you guys too.,AmazonHelp
545954,2017-12-02 17:18:01,246928,@Delta what number do I call if I want to talk to someone about a reservation I have?,Delta
547016,2017-12-02 17:18:55,163086,"@MicrosoftHelps I did't forget my password, I've been temporarily blocked and I don't even know why, I haven't sent any emails in the past couple of weeks. For whatever reason I never get the verification code on my phone. There;s got to be a way.",MicrosoftHelps
545889,2017-12-02 17:21:31,246911,Im really getting tired of @115873 taking like double the amount of the charge. Fuck you @115873 and fix this fucking shit. I want my money,Uber_Support
546470,2017-12-02 17:22:58,247068,@116618 la verdad que ustedes compran porquería,AmazonHelp
547443,2017-12-02 17:25:18,247360,@VirginTrains We still haven't been refunded for 2326050323 - will this happen soon?,VirginTrains
546340,2017-12-02 17:29:45,247043,Really @115830  #amazonpackaging #waste https://t.co/lvMFne7RKD,AmazonHelp
546424,2017-12-02 17:32:09,247056,@AmazonHelp Yes to both. Just completely disgusted.,AmazonHelp
560411,2017-12-02 17:32:23,152652,@AppleSupport My phone keeps restarting and crashing and I can’t download this update to fix it and I am about to fking SCREAM. HELP,AppleSupport
546192,2017-12-02 17:32:58,246995,@TMobileHelp @115913 385959568 phone number 954 655 6715,TMobileHelp
547168,2017-12-02 17:33:17,247271,"@Uber_Support Hi, I don’t have Twitter my name is Lolita Coggins I have contacted through the online website! I have lost everything and haven’t heard back in 2 hours!!! 07738874610 contact me ASAP!",Uber_Support
547431,2017-12-02 17:35:26,247358,There’s no WiFi on my @SouthwestAir flight to LAX! WTF?!?! How can there not be WiFi?!?! It’s going to be a long ass 4 hours &amp; 10 minutes. 😭😭😭😭😭,SouthwestAir
546348,2017-12-02 17:36:50,139746,"@AmazonHelp They haven't updated anything since Thursday night. The last update just reads there has been a delay due to operating conditions. No rescheduling, no other information whatsoever. Its literally just 15 miles away from where I live.",AmazonHelp
568958,2017-12-02 17:37:01,253496,"Yes I want it, but how do I get it with no CTA button on the page, @115888?! https://t.co/uOG2Wis0eA",SpotifyCares
548005,2017-12-02 17:40:47,187112,"@115830 Hi Still not received the below, not happy as on reorder and dont have any towel in the house as expect them yesterday.. https://t.co/gEyrgWRCRv",AmazonHelp
545224,2017-12-02 17:41:37,246734,"@AppleSupport Now, nothing I do gets me off this MacOS Utilities screen",AppleSupport
547130,2017-12-02 17:42:36,247262,So yesterday I get a receipt from @115873 saying they charged my card $16.61 Friday evening around 6:42. pickup and drop off location is exactly the same. Today they send me a email stating they charged my password and to create a new one. @Uber_Support that doesn't fix the issue,Uber_Support
550134,2017-12-02 17:44:05,248136,When @AmericanAir demonstrates that being EP has zero “aadvantage.” #again #seewhatididthere #AA797,AmericanAir
546498,2017-12-02 17:44:30,247076,@AmazonHelp Several have been. I am tired of having to spend time with customer service on this issue.,AmazonHelp
547229,2017-12-02 17:45:51,247289,@Delta Hi! I just arrived back in the US &amp; would like to know if there’s a seat open on the 3:52pm flight from JFK to ATL?,Delta
550205,2017-12-02 17:46:39,248161,"Feeling really angry. 
Trying like hell to forget politics for just a little while and thought I'd watch a good old-fashioned holiday movie. @115900 Why in the world do I have to BUY a kids Christmas movie made in the 60's? Seriously?",comcastcares
537183,2017-12-02 17:48:04,244509,@VirginTrains yes I did!!!! https://t.co/obAM9q9dmO,VirginTrains
547977,2017-12-02 17:48:46,247497,Hi @115830 can you please fix your app... faceID doesn’t work https://t.co/hLeSCqBkN6,AmazonHelp
554827,2017-12-02 17:50:02,249508,@AppleSupport 11.1.2 update has my iPhone 6s crashing every 3 minutes regardless of app in use. What to do?,AppleSupport
571282,2017-12-02 17:51:32,254184,@AmazonHelp  https://t.co/mo6CILJtvj,AmazonHelp
64235,2017-12-02 17:52:36,130740,@TMobileHelp @115913 Sent to Taylor Best,TMobileHelp
554148,2017-12-02 17:55:29,249300,Hi. Can you please send me the link where I can instant message one of your agents? @SpotifyCares,SpotifyCares
554892,2017-12-02 17:56:20,249528,Encore des problèmes de batterie après la mise à jour #iOS112 @AppleSupport,AppleSupport
546345,2017-12-02 17:58:12,247044,@AmazonHelp No,AmazonHelp
548685,2017-12-02 17:58:44,247698,@Uber_Support I need help with my account,Uber_Support
547905,2017-12-02 18:04:31,247481,@120540 sono la sola cliente che ha ricevuto conferma di rimborso per un reso ma poi non riceve più l'accredito?,AmazonHelp
546571,2017-12-02 18:05:24,247096,@AppleSupport Thanks for your help. An update to iOS 11.2 solute the problem.,AppleSupport
545919,2017-12-02 18:08:31,246919,@Uber_Support Still no email so you’re not that sorry,Uber_Support
549036,2017-12-02 18:10:17,246969,@SouthwestAir Essentially you lose your status,SouthwestAir
548021,2017-12-02 18:10:43,247509,@AmazonHelp Oui et j'espère que le livreur n'aura pas de remontrances :) l'essentiel a été fait :),AmazonHelp
554797,2017-12-02 18:12:34,249499,@AppleSupport please help. My iPhone 6s keeps going to black screen then log on screen approx every 1.5minutws. I have forced reboot and done a reset no change. What else can I try,AppleSupport
538289,2017-12-02 18:13:24,131916,@VirginTrains Thank you,VirginTrains
550180,2017-12-02 18:15:27,248151,@comcastcares I need to add my husband to the account so he can get Wi-Fi set up. His name is Ross Wolf,comcastcares
547904,2017-12-02 18:15:39,247481,"@AmazonHelp Il rimborso è stato emesso il 16 novembre ma la vostra procedura non è andata a buon fine. Il callcenter ha provato a sostituirlo con un buono ma neanche questo sono riusciti a farlo. Hanno aperto un ticket per capire cosa fare, ma dopo 16 giorni sto ancora aspettando i soldi!!",AmazonHelp
77292,2017-12-02 18:16:05,133232,@MicrosoftHelps Hi. I hadn’t had the time to give them a call. Next Tuesday,MicrosoftHelps
547906,2017-12-02 18:18:43,247481,"@AmazonHelp Vi rendete conto del danno di immagine di dichiarare un rimborso, di fatto non emetterlo e poi lasciare in sospeso un cliente per settimane?? Mi chiedo, è la prima volta che succede?? Dove finisce la fiducia nell'azienda votata al cliente?!?",AmazonHelp
552700,2017-12-02 18:18:50,248888,.@SpotifyCares Woke up to an email that someone had changed my email address and now I can't login... How do I recover my account asap?,SpotifyCares
549320,2017-12-02 18:22:14,247919,"@115830 Bought a Sony Bravia 43"" on Cyber Monday and it arrived with a broken bezel clip. I requested a replacement and I have to pay shipping for something that arrived broken?! https://t.co/a66tw7RxTH",AmazonHelp
545961,2017-12-02 18:25:07,246929,@Delta Um. Not seeing any link.,Delta
514495,2017-12-02 18:25:11,247842,@115913 Been with tmobile 22yrs with 8 lines and having the hardest time to upgrade phone not a good look tmobile,TMobileHelp
548607,2017-12-02 18:26:07,247678,@Uber_Support my account got disabled. What should I do? Help!,Uber_Support
510329,2017-12-02 18:26:16,237241,"@AmazonHelp se ne avete inviata una nuova, non ancora... stavo col servizio clienti.... ci guardo... aperitivo ci sta tutto a questo punto! 😋",AmazonHelp
546020,2017-12-02 18:28:04,248499,@246944 @121584 @AmericanAir I hope not! I will have your trip in my prayers♥️,AmericanAir
593232,2017-12-02 18:29:02,260447,On my way! https://t.co/7d4EpgOmhC,McDonalds
562377,2017-12-02 18:29:55,251591,"@AppleSupport my phone keeps on crashing with spinning wheel before immediately turning into black. Didn’t do anything funky; iPhone 8, iOS 11. Any advice to get this fix?",AppleSupport
543068,2017-12-02 18:32:09,246098,@Uber_Support I don’t believe you. How can respond 3x on twitter but not on the DM? Your just doing this so people go to dm and stop publicly calling you out,Uber_Support
549327,2017-12-02 18:32:31,247921,"@AmazonHelp Nouvelle date de livraison estimée : 2 déc. - 6 déc. 
Nous sommes désolés que votre colis soit en retard. Si vous ne l’avez pas reçu d’ici le jeudi 7 décembre, veuillez revenir sur cette page pour voir les options qui s'offrent à vous.",AmazonHelp
549472,2017-12-02 18:35:09,153426,@AmazonHelp I am still on hold right now trying to talk to the escalations team after 50 mins of useless online ‘help’ chat,AmazonHelp
549338,2017-12-02 18:38:03,244588,"@AmazonHelp por la tranquilidad de los padres y la felicidad de los niños, yo que vosotros no confiaba en ellos en entrega garantizada, porque no es así y les da igual el trastorno que causan",AmazonHelp
704257,2017-12-02 18:41:00,288286,That moment when you sit on the train and find this in the seat pocket 😮 #thingspeopleleaveontrains @VirginTrains https://t.co/r4V0aAt6K1,VirginTrains
549345,2017-12-02 18:41:02,212570,@AmazonHelp If there an issue with it do I contact you?,AmazonHelp
529077,2017-12-02 18:44:10,242522,@242507 @AmazonHelp Dis donc il était à combien le ssd durant le black friday ?,AmazonHelp
554167,2017-12-02 18:45:23,249291,@SpotifyCares i’ve asked before but never got a definite answer.. are you bringing back the ‘most listened to songs of the year’ made specifically for everyone?,SpotifyCares
558380,2017-12-02 18:45:38,250457,@AppleSupport I’ve read that we can use the iPad Power Adapter to charge any iPhone from the 6 to X. It’s supposed to charge a little faster. Is this right? Don’t wanna mess up anything.,AppleSupport
550600,2017-12-02 18:48:17,142541,"Prime Reading strikes again. I get to read Planet Hulk, World War Hulk, Unworthy Thor, Thor: Goddess of Thunder (V1) &amp; Deadpool: Secret Invasion (V1). Thanks @115830. https://t.co/VUoOb5x1mH",AmazonHelp
550334,2017-12-02 18:49:48,248200,@115913 returned an iphone X and @115817 clearly lost or stole it. now i have to spend HOURS on the phone with dozens of representatives and supervisors to fight for a refund?! I’m so disgusted.,TMobileHelp
549987,2017-12-02 18:50:47,248091,"@115877 and @152266 - can someone please assist? No one responded to Live Chat option on app? Cannot cancel order, not an option on the app... ETA moved to 21:16, almost two hours after placing the order. https://t.co/513xpmXICc",Uber_Support
530809,2017-12-02 18:52:26,242942,@AmazonHelp Any chance of sorting it out for me?,AmazonHelp
550224,2017-12-02 18:52:32,248168,"@SouthwestAir CEO Gary Kelly, who sat right in front of me, took some time to hand out peanuts and snacks on our flight. Great guy. You can’t beat Southwest. https://t.co/KyVvhPQd6q",SouthwestAir
554386,2017-12-02 18:55:12,249366,@116136 has the WORST INTERNET on the face of the earth I've had like 5 visits for nothing to get resolved literally all they have to do is go fix the box at the pole but no they just sit their and giggle as everyone suffers for their shitternet dial up is better than their shit,comcastcares
550525,2017-12-02 18:57:20,248247,"@AmazonHelp Sent message, says I may have to wait 2 days for response. It’s shipped so there probably not anything that can be done now. Just want it before Christmas. 24 days should be long enough to send something around the world twice",AmazonHelp
556222,2017-12-02 18:59:36,249936,@AppleSupport why does my iPad keep going to the lock screen and closing my app down whenever I go on something?,AppleSupport
551290,2017-12-02 19:00:30,248090,@Uber_Support Thank you. This has never happened to me before so it’s super frustrating.,Uber_Support
551361,2017-12-02 19:01:14,248485,"@Delta in Canun and you cancelled my girlfriends flight for no reason thanks for nothing!!!
Rude staff, Horrible person ignoring me, unhelpful now I have to stay overnight in Atlanta terrible service.
I take several flights a year Delta are now bottom of my list.",Delta
549502,2017-12-02 19:02:43,140858,"@AmazonHelp Home hat weniger Apps als Business. Von der Einschränkung des Nutzungsgebietes steht nirgends was, nur klein auf der Verpackung",AmazonHelp
549369,2017-12-02 19:06:42,247926,@AmazonHelp Tomorrow is no good - I've sat in ALL DAY today only to not have my door knocked and instead receive an email saying 'unable to delivery' despite me being home!!! Do you think people have nothing better to do than sit in for the whole weekend in December?!?!?! #amazon,AmazonHelp
551418,2017-12-02 19:07:01,246944,"@248499 @121584 @AmericanAir Good news, everyone. @AmericanAir and their Twitter Customer Care Team found a great option for us. All good!  @248500 @122197 @248499",AmericanAir
551550,2017-12-02 19:07:11,248542,@VirginTrains Half the toilets on this Glas-Euston train are out of order the other half are swimming in piss. @VirginTrains you are an absolute disgrace!!,VirginTrains
549375,2017-12-02 19:10:48,247928,@AmazonHelp Don’t really feel you can help as you and dpd have been tells me lies when I speak to either of the companies you say sorry sir it will be with you tomorrow but tomorrow never comes disappointing really,AmazonHelp
549370,2017-12-02 19:14:36,247926,@AmazonHelp Do you really? Have you sat in for the first Saturday you've been off in month waiting on a parcel that no one actually attempted to deliver and now have only the option of waiting in yet ANOTHER day for the same parcel which may or may not be delivered tomorrow???,AmazonHelp
559985,2017-12-02 19:15:48,250954,@SpotifyCares my account has recently been hacked by someone who changed the email address associated with the account to __email__. Can you help me get it back?,SpotifyCares
550736,2017-12-02 19:17:24,248300,@AppleSupport A little bit late I reset the phone,AppleSupport
549454,2017-12-02 19:17:46,247942,@AmazonHelp No. Amazon logistics for both.,AmazonHelp
551242,2017-12-02 19:20:25,248448,@3564 @116288 Hey @115873  This is how your India subsidiary behaves. No wonder you got kicked out of UK. I am not going to rest till i get justice. Legal actions &amp; police complaints .,Uber_Support
555688,2017-12-02 19:21:05,249759,I HATE COMCAST!°°,comcastcares
529162,2017-12-02 19:21:17,242523,@242522 @242507 @AmazonHelp un ssd de 500Go pfiou c’est pas donné,AmazonHelp
551340,2017-12-02 19:23:10,157238,hey @Delta,Delta
551938,2017-12-02 19:24:04,248651,"@AmazonHelp hi! my order was supposed to arrive on the 29th, but the tracking number says it can't be delivered because there's a problem with my address. i spoke with someone from amazon 2 days ago who told me it was fixed but the error still displays and my order still hasn't arrived.",AmazonHelp
550633,2017-12-02 19:26:39,248271,"@AppleSupport Above link is for i phone usage like i have to use our cell in -20’ to 40’ c like seriously , am in 14 * c ... where a body can not catch the heat properly how i phone does?",AppleSupport
551412,2017-12-02 19:26:56,248497,@AmericanAir I have Global entry but precheck didn’t appear on my boarding pass.  My known traveler number is part of my advantage profile.  Can you help me?,AmericanAir
551549,2017-12-02 19:27:44,248542,@VirginTrains I've got piss all over my shoes I'd like a refund and Mr Branson to come down and shovel up the shit himself rather than palming it off on someone who earns 1000 times less than him.,VirginTrains
553219,2017-12-02 19:28:26,249007,@115911 will a prepaid US phone work in Nicaragua? Mainly want it for data. Could it be used to Hotspot?,TMobileHelp
551833,2017-12-02 19:28:59,248636,@AmazonHelp nO,AmazonHelp
529163,2017-12-02 19:33:29,149953,@242523 @242522 @242507 @AmazonHelp C'était 130e/140e je crois,AmazonHelp
552628,2017-12-02 19:33:48,248868,"hey @115873 and @115879, will you please ban your drivers from playing christmas music? thanks!",Uber_Support
550715,2017-12-02 19:35:33,248295,@AppleSupport I bought it last month and I didn't have one in my box so I ended buying one on ebay and it doesn't work with my so I bought on apple website and I pick it up today,AppleSupport
552979,2017-12-02 19:37:48,248965,@southwestair how does early check-in get you B11,SouthwestAir
476872,2017-12-02 19:38:38,228330,@AmazonHelp They reached out to me but again helpless https://t.co/F3wpDAJD0T,AmazonHelp
550850,2017-12-02 19:42:31,248335,@AppleSupport Of course. I am using an iPhone SE running iOS 11.2 and I am sending SMS text messages.,AppleSupport
558579,2017-12-02 19:42:52,200363,"@SpotifyCares if I bought Premium for a year for $99 today, will my existing $9.99 per month subscription automatically cancel??",SpotifyCares
551857,2017-12-02 19:43:58,248640,@AmazonHelp  https://t.co/wp97uMlexV,AmazonHelp
552632,2017-12-02 19:46:36,248870,@Uber_Support @243186 yeah make sure you reach out so they can make you jump through hoops for a few days and then not refund you,Uber_Support
553277,2017-12-02 19:47:44,249026,"@MicrosoftHelps Sorry to have bothered you must have been inpatient its finished updating now
Thanks",MicrosoftHelps
547925,2017-12-02 19:49:23,247485,@AmazonHelp Just did the support email now. Just frustrating. Those item descriptions are there for a reason. If Amazon can't even follow their own descriptions what's to ensure third party sellers follow them? Just makes me weary and upset :/,AmazonHelp
553414,2017-12-02 19:53:18,249066,@AmazonHelp my package is once again late. I'm Christmas shopping on amazon so I really dont need these packages late. Why is everything late now,AmazonHelp
553013,2017-12-02 19:54:00,248973,@VirginTrains I have submitted my complaint and look forward to hearing back from you.,VirginTrains
554303,2017-12-02 19:54:19,249337,"Someone's bags didn't make it, lol @AmericanAir https://t.co/EPJK9SYtKy",AmericanAir
569692,2017-12-02 19:55:12,253713,@delta I want my $100 back.  Got worse seat assignment than family who didn’t pay extra.  They have SKY priority seating and are together. My husband and I who paid for seating assignment are not together and zone 3.  Pretty crappy paid service https://t.co/tLl202TJll,Delta
546701,2017-12-02 19:55:38,247135,"@AppleSupport changed my name to just my initials but on the main settings page it’s still showing my old full name, and like i don’t even want to edit it i just want to not see it at all, there’s no way to do that?",AppleSupport
552928,2017-12-02 19:57:08,248956,@comcastcares @248955 This story covers it. https://t.co/xphgzh2obw. Unfortunate and annoying. But still think @115900/@comcastcares should inform all its customers about losing the ability to set DVR recordings away from home.,comcastcares
553334,2017-12-02 19:59:38,249045,"@AmazonHelp constantly gettign a message ""Your account has been locked for security purposes.  Please check your e-mail for instructions on how to unlock your account"" had this issue for ages. Havent had an e-mail!",AmazonHelp
552580,2017-12-02 20:04:58,248855,@Uber_Support i have mentioned my problem over the link kindly resolve it as soon as possible.,Uber_Support
554649,2017-12-02 20:08:01,249447,When @115821 doesn’t pull through with their 2 day shipping so you have to make do https://t.co/PFxy6rJczE,AmazonHelp
556128,2017-12-02 20:08:11,249911,@AppleSupport How on earth can you send a full definition key photo via Em in jpg format. Seems to send in jpe format on my phone?,AppleSupport
544595,2017-12-02 20:08:27,246541,@SpotifyCares It cannot be formatted.,SpotifyCares
531535,2017-12-02 20:12:51,134813,@AmazonHelp hope so,AmazonHelp
555758,2017-12-02 20:13:18,243222,@VirginTrains Is the 30 min delay applicable on the return journey or the whole journey? https://t.co/XAZ2oeL0W8,VirginTrains
554402,2017-12-02 20:16:30,249372,@comcastcares DM me...,comcastcares
556011,2017-12-02 20:16:54,249877,@AppleSupport Not so much physical damage as there isn’t a mark anywhere on it but the screen just looks like this https://t.co/mY7H6nMGZQ,AppleSupport
552847,2017-12-02 20:16:57,245063,@AmericanAir Dear you never informed me! I don’t enjoy having to go through security several time becaus your partner is somewhere else in the airport. I’m sending your reply to our company for traveling policy review.,AmericanAir
554568,2017-12-02 20:18:09,249420,"@115911 has anyone reported issues with MMS, TO Verizon phones? Since last night I have sent 2 pictures to 3 different people and they have never received them. Have sent them multiple times?",TMobileHelp
554587,2017-12-02 20:20:11,249432,@AmazonHelp Thank you! A cranky toddler is...well it’s easy to imagine. https://t.co/neFim1vJtq,AmazonHelp
554089,2017-12-02 20:20:39,249279,@115873 Before this ride I was a 4.88. I’m still a 4.88. I’m so mad. I gave Gulammohuddn 5 stars. How dare he not rate me.,Uber_Support
560428,2017-12-02 20:25:23,251099,@AppleSupport,AppleSupport
539235,2017-12-02 20:28:35,244749,"@Delta @25275 @25274 the rules of flying are stacked against travelers, with no recourse. @136892",Delta
587468,2017-12-02 20:30:18,258776,The McDonalds on Lake Park and 52nd street is very unprofessional. I don’t know why I even stopped to get a breakfast sandwich here.,McDonalds
555286,2017-12-02 20:30:27,249646,@AmazonHelp very disappointed with delivery of an item today. Not packaged at all so son has now seen one of his presents 😡,AmazonHelp
568945,2017-12-02 20:32:33,253492,@115888 why is y’all’s app $13 a month and it only works half the time?,SpotifyCares
558773,2017-12-02 20:32:42,250579,"@25508 @116136 Do you still have problems because I still have problems! Lol they ""fix"" it then the next day goes back to not working",comcastcares
557866,2017-12-02 20:35:10,250304,"@250305 I realize you're not @115858's Support department.  
This is a mere FYi: i tried to implement ApplePay Cash on two iOS devices where all the requirements were upheld, and failed to find the option.",AppleSupport
555450,2017-12-02 20:36:38,249691,"@115877 you’re service is fucking trash. How about before releasing an app you actually make sure it works. P.S. Uber sucks my dick, Lyft is way fucking better",Uber_Support
555304,2017-12-02 20:38:31,249649,"@AmazonHelp I’ve had a card come through the post about restarting a 30 day prime free trial, but I can’t seem to activate it without the payment screen?🤔",AmazonHelp
555720,2017-12-02 20:40:36,249769,@VirginTrains I've purchased a train ticket and unfortunately lost the bank card. It it possible to pick my ticket up with a different bank card?  Many thanks,VirginTrains
557883,2017-12-02 20:42:30,250311,"There is not a single @115858 update of any kind - iOs, MacBook - that does not completely suck ass. How the great have fallen.",AppleSupport
558623,2017-12-02 20:45:09,250525,"@SpotifyCares Should I be worried that for 2 days in a row I've had a change password email, when I've not asked for one? Not logged into my account for years either!",SpotifyCares
548644,2017-12-02 20:45:57,247686,@Uber_Support @247685 Take @115879 bro,Uber_Support
555301,2017-12-02 20:47:28,199270,"@AmazonHelp Well the first photo is what I ordered and the second one is what my friend received 👀

On-top of that another parcel which was expected to arrive today is now expected to arrive between today and Wednesday. https://t.co/uM4SlfxfDF",AmazonHelp
555701,2017-12-02 20:48:23,249763,@SouthwestAir What is this I hear about Southwest Cargo? I need to move suitcases to the East Coast so they can be sent to Europe. Can Southwest help? #thanks,SouthwestAir
553025,2017-12-02 20:48:59,249771,@VirginTrains Can I use my ticket to Manchester to travel via Sheffield tomorrow morning? It would seem to be a reasonbale route.,VirginTrains
567447,2017-12-02 20:49:06,253319,@115913 @24636 #12DaysOfMagenta https://t.co/AItBKBk9Lh,TMobileHelp
556944,2017-12-02 20:52:47,250048,@AppleSupport Only in the US ?! And why from next week if the update came out today 👀,AppleSupport
557100,2017-12-02 20:54:31,250081,"@115821 If packages are left like this in apartment common area, they will be stolen.  packages are being lost coz of this. there are designated lockers for dropping them off. all of us in this apartments have called so many times to convey this. please communicate to ur carriers https://t.co/isQBmLol9e",AmazonHelp
557377,2017-12-02 20:55:36,250162,Never flying @AmericanAir ever again. Really upset with their customer service and the way they treat military spouses. I have never had any problems flying with @AlaskaAir should of stuck with them from the beginning. Any of my friends if you want better service fly Alaska.,AmericanAir
563353,2017-12-02 20:55:59,178975,I really don't appreciate @115890 trying to force me to update to the latest version of Windows 10! @MicrosoftHelps How do I get rid of the stupid pop-ups and the Windows 10 Update Assistant app? I don't want this pushy shit!!!,MicrosoftHelps
555500,2017-12-02 20:57:18,249707,@Delta Of course! I love @Delta airline of choice big time!,Delta
558725,2017-12-02 20:57:40,250558,Hey @116136 haven’t had internet ALL DAY in Oakland. What gives? #comcastoutage,comcastcares
557792,2017-12-02 20:57:54,250278,"Hey @AppleSupport , why my iPhone 7plus reloads every minute with annoying black screen? https://t.co/BLQA7LSqae",AppleSupport
557178,2017-12-02 20:59:59,213354,@Uber_Support How do I access the flat fares?,Uber_Support
551900,2017-12-02 21:01:25,248645,@AmazonHelp C20029347803 C10055776303 C10056008333 C10056002393,AmazonHelp
79460,2017-12-02 21:02:40,253483,@115888 What is minimum subscription term after and can it be stopped after this period?,SpotifyCares
550853,2017-12-02 21:03:25,248335,"@AppleSupport No, I get the message when I am sending a text message to someone. They receive the message but I still get a failed to send notification message. Not 100% of the time but quite often.",AppleSupport
557515,2017-12-02 21:08:01,250195,"@VirginTrains Hey, I'm booked on the 0920 from Euston to Man Pic tomorrow. Based on yours and National Rail updates it won't be running? What are my options?",VirginTrains
558739,2017-12-02 21:08:50,250564,"@116136 @115900 I want to like your service &amp; feel like I get value for the $200/mo I  pay, but I cannot even watch the #SECChampionship https://t.co/GCEHQPIK75",comcastcares
557754,2017-12-02 21:10:24,250267,Contact search still broken in 11.2. Returns empty Contact.  /@AppleSupport https://t.co/upk4umgQ8r,AppleSupport
557351,2017-12-02 21:11:09,250154,@AmericanAir Had the worst service attempting to modify my flight time and had the employee hang up the call. Absolutely inexcusable,AmericanAir
551927,2017-12-02 21:12:51,248649,@AmazonHelp No. I just went to https://t.co/n94gFjqOPR in my browser and everything was fine. I will try your fix.,AmazonHelp
557147,2017-12-02 21:13:26,250091,@Uber_Support cheers for making me miss a gig due to your drivers total lack of knowledge! How do I get my money back?!,Uber_Support
557050,2017-12-02 21:16:43,242497,@21330 why has my green screen been delayed again on Amazon as it was meant to be arriving this week now I’ve got to wait 2 weeks. This is the second time that I’ve been messed around and I’m not happy.,AmazonHelp
557535,2017-12-02 21:19:20,146590,@VirginTrains are trains running from Birmingham New street to London Euston 12:30 tomorrow?,VirginTrains
569613,2017-12-02 21:19:34,253684,"@SpotifyCares With a free account on Hong Kong Spotify, is it possible to use Google Home while in Hong Kong?",SpotifyCares
557913,2017-12-02 21:21:34,250317,@AppleSupport 11.2 came out today. I have just downloaded it.,AppleSupport
557632,2017-12-02 21:22:37,250221,@TMobileHelp @115911 i need to speak with someone because im about to cancel my service. ive called 3 times and no one is helping me fix my problem,TMobileHelp
555323,2017-12-02 21:24:42,249652,"@AmazonHelp Yeah, that's what I plan to do. I have to purchase elsewhere, because I cannot wait until Monday. Thanks for providing the exact same useless responses I got from customer service, yesterday. Absolutely appalling that nobody will do anything to help a long time customer.",AmazonHelp
585048,2017-12-02 21:28:08,258084,"I take it back because we just stopped at a great @McDonalds in Abingdon and everyone was really nice, even after they found out we’re vegetarian. #TeamMcGriddle 🥞🍳",McDonalds
559189,2017-12-02 21:28:51,250681,"Dear @115858, can you fixes the I.T, to it? I’m tired of it 🙃",AppleSupport
558564,2017-12-02 21:29:13,250505,@21167 how will the surge pricing effect the Ride Pass during Art Basel week/weekend? Will I️t still be the flare rate that I purchased? Thank you #UberMiami @115873,Uber_Support
532636,2017-12-02 21:29:17,116933,"@AmazonHelp Und ab heute drücke ich die Daumen für die nächste Bestellung, die heute rausging ^^",AmazonHelp
558650,2017-12-02 21:29:52,250534,@Delta I'm a first time flyer and have my flight confirmed. My flight is Basic Economy. Am I not allowed to bring a carry on the plane? That is all I have is just one carry on like back pack. I can message my confirmation number if needed. Thanks!,Delta
527900,2017-12-02 21:32:28,242197,@comcastcares ok,comcastcares
559164,2017-12-02 21:34:22,250677,"Hey @AppleSupport my phone keeps shutting on and off, what gives?",AppleSupport
558478,2017-12-02 21:35:13,250475,@115830 how do I complain about your delivery drivers? On here or is there an email address?,AmazonHelp
544663,2017-12-02 21:36:42,246561,@AmericanAir Too late! My @122986 calendar translated departure time in SF to NY/EST; I missed my flight b/c I never got an email or text reminder w/ correct info--even though I've opted in to receive these! Had to take longer flight in lower class to get home. :-(,AmericanAir
557529,2017-12-02 21:37:07,250198,@VirginTrains @25428 @122155 If we decide not to travel how are we reimbursed as I have already picked up the tickets? Thanks again.,VirginTrains
554739,2017-12-02 21:38:57,249478,@AppleSupport yes,AppleSupport
558529,2017-12-02 21:40:57,250492,Man I hope whomever stole my credit card info is enjoying their $50 @115873 rides.,Uber_Support
558453,2017-12-02 21:42:56,250471,The amount of packages that have been late recently make me consider canceling my amazon prime membership.,AmazonHelp
557888,2017-12-02 21:44:37,250314,@AppleSupport Yup. I know all that. But this process falls down when it’s a robocall machine that rings me back automatically (EVERY. MINUTE.) and clogs up my voicemail! The only way it “stops” is when my voicemail inbox is full of their blank messages 😡,AppleSupport
557020,2017-12-02 21:49:01,250062,@AmazonHelp Just wasted now two hours...and cancelled the two orders. May also seriously consider cancelling my Prime Membership. Thanks for nothing.,AmazonHelp
559088,2017-12-02 21:51:24,250659,How can you make a phone recognize someone’s face but you can’t get the gosh darn I️ fixed?!? @115858,AppleSupport
559895,2017-12-02 21:51:42,248861,I see that ignoring your customers when they are asking help seems to be your approach! That or leading them in circles ! @115873 @Uber_Support very disappointing,Uber_Support
558712,2017-12-02 21:53:24,241492,@comcastcares Still having digital choppiness on my tv connection. Happens almost everyday. So disappointed. Been with you guys for ever,comcastcares
558848,2017-12-02 21:54:42,250605,@VirginTrains thanks,VirginTrains
559728,2017-12-02 21:54:53,139371,@MicrosoftHelps Its a wifi issue what it is my wifi icon is white but recently  its been going dark like its disconnected  then back white like its back on i always  keep full bars only one laptop dose it,MicrosoftHelps
559785,2017-12-02 21:55:17,250900,@AppleSupport I didn’t know there was a new update. Will the new update address the battery draining issue with the new one?,AppleSupport
558930,2017-12-02 21:55:50,250627,@TMobileHelp Just did. Thanks.,TMobileHelp
559878,2017-12-02 21:56:17,249652,"@AmazonHelp Exact same items sent to me, damaged, 3 times in a row. Nobody willing to help prevent this from happening, no solution. Release-day delivery order delayed for 3 days. Nobody willing to help get it delivered the next day. Amazon sure knows how to treat their customers",AmazonHelp
563543,2017-12-02 22:00:03,251959,"@SpotifyCares I received an offer for a yearly membership, however, when I hit the button, nothing happened. And now I can find it.",SpotifyCares
553463,2017-12-02 22:00:05,249079,"@AppleSupport My Mac is second hand so the update available was Lion, but that doesn’t explain why my emails won’t allow me in even though I know the passwords are right??",AppleSupport
558554,2017-12-02 22:03:27,250501,"@Uber_Support Appreciate that guys, thank you. Looking forward to your response.",Uber_Support
560482,2017-12-02 22:08:28,251119,"@AppleSupport Hello I just updated my iPhone x on at&amp;t in the US to 11.2, but I have no option for Apple Pay Cash.",AppleSupport
559806,2017-12-02 22:08:39,250907,@115821 pretty poor treatment of this package! https://t.co/XUVpDgHWcS,AmazonHelp
560180,2017-12-02 22:10:28,251017,The purest of Bay views with @southwestair#. #sfbayarea #travel #oakland #airp#ort #departure… https://t.co/mk6yloPW5x,SouthwestAir
560467,2017-12-02 22:12:20,251113,"@AppleSupport I tried updating to the latest iOS 11.2, from iTunes, and I'm getting error 4013 repeatedly, across multiple PCs and cables. My phone is stuck in update mode. How can I recover this?",AppleSupport
558910,2017-12-02 22:16:07,250622,@TMobileHelp So?,TMobileHelp
559971,2017-12-02 22:18:03,250951,@SpotifyCares Awesome but trans siberian orchestra seems to be absent from the rock/metal playlists.,SpotifyCares
559823,2017-12-02 22:18:37,250909,"@AmazonHelp it was meant to be here on the 28th, then received and email saying it had been delayed to the 30th then I contacted customer service to be told it will be here today and still no delivery",AmazonHelp
556125,2017-12-02 22:18:46,249910,"@AppleSupport Yes, it worked! Thank you!",AppleSupport
560212,2017-12-02 22:20:35,251027,@VirginTrains 20:31 from Coventry coach D,VirginTrains
559897,2017-12-02 22:21:26,250927,@115873 Hey I left my phone in an Uber. There is no way reach you without my phone. What should I do?,Uber_Support
533750,2017-12-02 22:23:42,243639,"@116136 @115900 I have not been assisted at ALL!! @1724 ,  @comcastcares @116136  says it's your fault! Help",comcastcares
560034,2017-12-02 22:26:38,250973,@Delta Domestic,Delta
550837,2017-12-02 22:27:50,248331,@AppleSupport Updated to 11.2 yesterday. But the issue still persists,AppleSupport
561087,2017-12-02 22:30:14,251294,Everything was just fine until @AmericanAir @25704 ruins the day. I’ll do my best to not fly with this company anymore. Extremely disappointed.,AmericanAir
551911,2017-12-02 22:31:12,248647,@AmazonHelp here are the images I have for that..the second is laughable you have to admit https://t.co/5illi4MiCd,AmazonHelp
559911,2017-12-02 22:32:33,250500,@Uber_Support __email__,Uber_Support
560402,2017-12-02 22:33:38,251094,Please have a heart @AppleSupport .  I work for a company that sells (&amp;I own) a ton of your product.  This Mo/ I purchased an apple watch &amp; airpods.  Lost the charger for the airpods.  Please replace it?,AppleSupport
79459,2017-12-02 22:34:38,251956,@115888 Spotify have put this offer on numerous times and they never help existing customer.... #loyal.??,SpotifyCares
561388,2017-12-02 22:34:56,251362,@comcastcares ✅,comcastcares
561426,2017-12-02 22:36:23,251371,So we’re currently sat stationary on an @VirginTrains at Watford junction. Our change train at Wolverhampton is at 00:22 and we’re not gonna make it. That is the last train out of Wolves for us to get home. What do we do!?!,VirginTrains
559124,2017-12-02 22:39:17,250668,@AppleSupport  https://t.co/3WrFMYPrdV,AppleSupport
561685,2017-12-02 22:39:35,251439,"@120533 bjr, je souhaiterais faire jouer la garantie du doudou chant ourson n° de commande 404-7236011-2098702. Comment faire? VTech explique que c'est à Amazon de faire jouer la garantie",AmazonHelp
518841,2017-12-02 22:46:55,239703,"@AmazonHelp It showed up today,  thank you for all your help.",AmazonHelp
560870,2017-12-02 22:47:57,251229,@115873 @156128 Why are you charging me for a ride 2 of drivers cancelled on???,Uber_Support
561789,2017-12-02 22:48:45,251461,@115858 updates are draining my life with all of their problems 😫,AppleSupport
560568,2017-12-02 22:51:49,251146,"@AmazonHelp Der Kollege hat mein Feedback bereits aufgenommen. 
Trotzdem Danke für eure Hilfe 😉",AmazonHelp
560864,2017-12-02 22:55:31,128445,"@Uber_Support @251228 I’ve recently had a similar experience, but only 6 transactions for me. I’m sorry that you are experiencing this and I feel for you. Unfortunately you are about to enter a nightmare customer service experience.",Uber_Support
563067,2017-12-02 22:55:55,251807,"Thanks @115858 I love plugging your dongle into my phone and getting the message, ""This device accessory is not supported""
??????????????",AppleSupport
558873,2017-12-02 22:56:46,250615,"@VirginTrains I bought via the virgin app, will I automatically be refunded?",VirginTrains
561049,2017-12-02 22:58:16,251286,@Delta Especially given that Delta doesn’t have its own club at IAD yet tickets out of there.,Delta
121095,2017-12-02 22:59:26,142952,@AmazonHelp I've left the details at the suggest link. Hope someone can provide a clear answer about when will this order be delivered or an alternative solution.,AmazonHelp
541748,2017-12-02 22:59:47,245715,@AmericanAir Sent a DM,AmericanAir
561806,2017-12-02 23:03:52,251466,@AppleSupport I do have 11.2!!!,AppleSupport
562597,2017-12-02 23:04:15,251672,Another internet outage @116136! 🤬,comcastcares
567141,2017-12-02 23:05:00,251238,@115877,Uber_Support
557091,2017-12-02 23:05:05,250079,@AmazonHelp the carrier is AMZL US it said its out for delievery,AmazonHelp
562765,2017-12-02 23:05:18,251727,@TMobileHelp Hi. I’ll send in a DM,TMobileHelp
574261,2017-12-02 23:05:42,255065,@115888 what's a token error,SpotifyCares
562974,2017-12-02 23:11:41,251783,@AmazonHelp @115821 https://t.co/dAR8QQ8yaY,AmazonHelp
563077,2017-12-02 23:13:57,251812,@115858 @AppleSupport iPhone battery performance in anything other than a brand new phone is a joke. So sick of carrying multiple external batteries just for a few hours unplugged.,AppleSupport
563724,2017-12-02 23:17:41,132558,"@VirginTrains need to travel from MKC to Manchester tomorrow. If i wait until tomorrow to book the ticket, will I still be able to pay the advance fare??",VirginTrains
166426,2017-12-02 23:19:16,149041,@AmazonHelp Disgusting friends!! Utterly disgusting. I expected a fairer treatment,AmazonHelp
562641,2017-12-02 23:20:35,251688,@southwestair how can I find out what I paid for a trip?,SouthwestAir
556137,2017-12-02 23:21:37,251802,@AppleSupport Will it keep the original Live Photo also??,AppleSupport
562554,2017-12-02 23:22:24,251656,".@116136 I have spent 1 hour and 40 minutes trying to get a simple issue resolved.

What gives? You are making a great case for switching providers right now",comcastcares
562390,2017-12-02 23:22:24,251596,@115873 just had the most aggressive uber driver.  Now I can see why you're getting your license revoked.  Good riddance. 👋🏻,Uber_Support
562906,2017-12-02 23:27:37,251771,@AmazonHelp La #shitzu la blanquita minerva y #Yorkshire  Leonidas 😆,AmazonHelp
555478,2017-12-02 23:29:11,249700,"@SpotifyCares yep! I was able to access it by searching for Roman Mars (the artist) instead of the album name, but maybe you should be able to search for the podcast's name instead?",SpotifyCares
563730,2017-12-02 23:31:02,252003,@VirginTrains can you advise whether the last train from Crewe to Chester at midnight will be held as stuck at Stafford and not moving!,VirginTrains
562379,2017-12-02 23:31:32,251591,@AppleSupport I back them up regularly on my iMac. Restore failed saying the backup was corrupted —just when I needed it the most.,AppleSupport
563590,2017-12-02 23:34:09,251972,"@AmericanAir 
HISP VET ASSAULTED BY WH MID AGE MALE @ K5 gate. KEPT UP AGRESSIONS ON BOARD
AA 2562 ORD 2 PHL.
seat 5c, DEC 2
AA allowed it",AmericanAir
560615,2017-12-02 23:34:23,251154,@AmazonHelp Es una pena que nadie me pueda dar solucion a mi problema . Entre al enlace y nada. Pense que   ustedes si me podrian ayudar pero me voy decepsionado del servicio,AmazonHelp
564043,2017-12-02 23:39:33,252091,How long is it going to take for @115858 to fix this “I️” issue,AppleSupport
560142,2017-12-02 23:41:22,251006,@comcastcares Just sent a DM. Please address,comcastcares
563462,2017-12-02 23:41:46,251929,@Uber_Support please help!! Phone that was used to book journey has been left in car - don't know how to contact driver as requesting verification code when trying to log into account from another device,Uber_Support
563553,2017-12-02 23:42:31,251962,"@Delta what is the cheapest RT flight out of Atlanta on Sunday 12/17.
Need one flight to maintain status...",Delta
562912,2017-12-02 23:43:40,251772,@AmazonHelp Thank you very much you have already been more help than the chat.,AmazonHelp
563742,2017-12-02 23:45:08,252007,"@VirginTrains will do, thanks!",VirginTrains
562934,2017-12-02 23:48:52,251775,@AmazonHelp Tiene que haber una manera de comprobar mi cuenta y no perder mi membresia de amazonprime,AmazonHelp
588864,2017-12-02 23:51:01,259182,".@SpotifyCares why can’t I use a Spotify gift card to pay for spotify yearly?
https://t.co/wA9YBAGBqK https://t.co/ZSlVxCiLmH",SpotifyCares
602775,2017-12-02 23:51:49,263132,Can someone bring me a McDonalds MnM McFlurry,McDonalds
561796,2017-12-02 23:53:37,251463,"@AppleSupport Massachusetts, US.",AppleSupport
564640,2017-12-02 23:57:17,252270,Thanks @AmericanAir for being completely terrible in getting us out of Phoenix to NYC. Your crappyness knows no bounds.,AmericanAir
562756,2017-12-02 23:58:21,251723,"@TMobileHelp Just got off the phone with another rep still in the same situation, was able to get $100 off but still my phone bill shouldn’t be that high, might as well change carrier 😒",TMobileHelp
564470,2017-12-03 00:01:29,252218,"See, this is why I don't use @115873 it's always something with their company or their drivers.",Uber_Support
563712,2017-12-03 00:01:45,250207,@VirginTrains So is this train running with Crewe tomorrow,VirginTrains
564679,2017-12-03 00:02:25,252282,@comcastcares Is the ability to schedule DVR recordings from the Xfinity site gone?,comcastcares
565054,2017-12-03 00:03:04,252383,why does my phone keep typing “i.t” like this @AppleSupport,AppleSupport
563521,2017-12-03 00:06:44,251954,@SpotifyCares Thank you! Just sent a PM!,SpotifyCares
563929,2017-12-03 00:07:42,169302,@AmazonHelp I bough a pair of headphones about a month ago and now the music isn't playing out of one of the buds. I bought the warrantee. Can I get my money back,AmazonHelp
545005,2017-12-03 00:11:10,127695,@MicrosoftHelps I have sent Direct message now,MicrosoftHelps
564701,2017-12-03 00:11:32,252287,"Flight number one of the day, and @SouthwestAir keeps up their always-keeping-my-guitar-safe ways. 
Here’s looking at flight number 2!",SouthwestAir
565039,2017-12-03 00:14:17,252379,@AppleSupport why has my MacBook Pro once again broke for the third time? I've paid 700 dollars in repairs in 10 months. Explain please,AppleSupport
564584,2017-12-03 00:16:08,252258,@Delta Kudos to Cassandra IND-DTW-MDW #bestflightattendantEVAH #grateful,Delta
563715,2017-12-03 00:16:29,250207,@VirginTrains Not I hard question to answer surely Virgin,VirginTrains
564609,2017-12-03 00:18:36,158754,@AmericanAir Thanks for the quick reply!,AmericanAir
564923,2017-12-03 00:18:50,247041,"Buenas tardes el 24 de noviembre hize un pedido en @116875 y pese a un aviso de retraso, el paquete aun no ha llegado ¿Qué puedo hacer?/¿De donde obtengo el número de rastreo?
@118923",AmazonHelp
564648,2017-12-03 00:20:29,250584,@250585 YAS... screw comcast,comcastcares
558550,2017-12-03 00:21:26,250500,@Uber_Support what's a number to costumer service,Uber_Support
564925,2017-12-03 00:25:29,252349,"おはようございます。
Amazonの荷物が届かない今日この頃。海外発送なのかな？
本日はなにしましょうか。夕方は久々顔出さなきゃないからそれまでの時間だな、、、",AmazonHelp
565010,2017-12-03 00:29:19,252370,@AppleSupport how do I fix it https://t.co/rZ1nTPu7WA,AppleSupport
564951,2017-12-03 00:31:10,252356,@AmazonHelp CAN I GET A TELEPHONE NUMBER?,AmazonHelp
564872,2017-12-03 00:36:16,252336,amazonプライムでガルパン映画見れるやん！（歓喜）,AmazonHelp
565372,2017-12-03 00:37:27,252485,I’m never using FCKIN @115877 again @115873 and @115877 better wipe all my information out their system 🤬🤬🤬🤬🤬🤬🤬🤬,Uber_Support
580943,2017-12-03 00:37:41,256878,@125633 how long does it take to get a response?  I need help!,SpotifyCares
565726,2017-12-03 00:40:15,252595,@115913 help needed to upgrade to iPhone 8📱 ...currently on unlimited plan.,TMobileHelp
565474,2017-12-03 00:40:34,247709,"This is the 2nd flight I’ve been on today @Delta with “gate to gate” WiFi that hasn’t been turned on. DL38, DL374",Delta
565948,2017-12-03 00:44:21,252658,I find it extremely ironic that the iPhoneX comes out and then my phone decides it won’t work. I’m on to you @115858,AppleSupport
566463,2017-12-03 00:45:00,252804,There is 8 NFL games on tomorrow at 1pm and Comcast on let's me watch the shit fucking lions yeah fantastic 🖕 @115900 Fuck your service y'all have the worst tv experience! https://t.co/DonXVGE86C,comcastcares
565335,2017-12-03 00:49:23,252474,"@115873 @Uber_Support 
In early morning I donated my blood  to mosquitoes upon that air condition not working and best when I got the receipt I was shocked to see surcharge where so many cars where available easily, are we supposed to pay more for schedule Car.

(1/2)",Uber_Support
562980,2017-12-03 00:49:56,251786,"@AmazonHelp No email updates yet, delivery estimate is Wednesday the 6th but as it hasn't dispatched yet I'm not hopeful of it meeting the deadline.",AmazonHelp
565914,2017-12-03 00:55:21,252647,@AppleSupport Turnt off before i could finish. Helpp this is not on,AppleSupport
566487,2017-12-03 00:58:21,116421,@VirginTrains Night ^OL,VirginTrains
564874,2017-12-03 00:58:39,252337,@AmazonHelp ありがとうございます！！！！！観ます！！！！！,AmazonHelp
565664,2017-12-03 00:58:58,252576,@SouthwestAir I just sent a DM with our names and confirmation number,SouthwestAir
566693,2017-12-03 01:02:30,227508,@AmazonHelp My package was due yesterday and now it’s two days late 🙄🙄,AmazonHelp
565942,2017-12-03 01:03:40,252656,@AppleSupport Fixed it,AppleSupport
566393,2017-12-03 01:08:21,252786,@Delta If it takes an hour to reach someone on a nothing day with no weather or system issues how badly will you handle it when there are? I don't plan on risking finding out.,Delta
581516,2017-12-03 01:09:07,257040,How is there not a Mel Tormé fan site.  @115888  can you rectify this?,SpotifyCares
564427,2017-12-03 01:09:14,252205,@252206 @Uber_Support The ring already on my finger homie catch up,Uber_Support
554900,2017-12-03 01:09:39,249530,@AppleSupport Ok thanks.,AppleSupport
565817,2017-12-03 01:11:19,252623,@AmazonHelp Rep couldn’t answer my question. Actually they couldn’t even understand my question.,AmazonHelp
505164,2017-12-03 01:14:59,235818,@AppleSupport Hi no it doesn’t make a difference. It use to work great. But not now it’s just frustrating,AppleSupport
566438,2017-12-03 01:15:17,252797,"Hey @AmericanAir, one of your wonderful customer service agents just told my wife “There’s nothing we can do. That’s just how we roll.”  Next year I fly @JetBlue.",AmericanAir
566697,2017-12-03 01:17:26,252868,@AmazonHelp what is the point of a Prime membership if my “guaranteed fast shipping” ends up being this?? https://t.co/YhaPZCcWg3,AmazonHelp
566502,2017-12-03 01:19:36,224434,@136221 @TMobileHelp @122609 RCS?? Can't even find the setting! Help lol,TMobileHelp
566789,2017-12-03 01:22:41,252885,Seems @115858 iOS 11.2 #Camera has a focus issue.  Just in time for my cousins wedding tonight.  Guess I won't be taking any pics.  #AppleFail #iPhoneX,AppleSupport
566240,2017-12-03 01:25:34,252733,@Uber_Support DM sent,Uber_Support
566783,2017-12-03 01:27:14,252883,@26192 @115858 Feel bamboozled update has my phone all sorts of messed up,AppleSupport
566690,2017-12-03 01:27:40,227508,@AmazonHelp Thank u,AmazonHelp
567381,2017-12-03 01:31:35,251001,"After two hours chatting with @comcastcares and still no solution, I was assured specialist tech would call within 2 hours.  Guess what didn’t happen! #comcastgivesnofucks",comcastcares
527791,2017-12-03 01:31:38,242170,@Uber_Support I've already reported this; was sending photos in case your support agent couldn't view those in my emails.,Uber_Support
563030,2017-12-03 01:33:26,251797,@AppleSupport Ok thats done actually Thanks,AppleSupport
566621,2017-12-03 01:35:49,252848,It’s not really Christmas until you hear the Chritmas rape song. WTF!? @116935 why are you playing this. Rape is no longer considered a part of the festivities.,AmazonHelp
567591,2017-12-03 01:40:49,253125,This is nuts. 80% of my @115821 prime packages are late this week.,AmazonHelp
561807,2017-12-03 01:41:20,251466,@AppleSupport ?,AppleSupport
566627,2017-12-03 01:46:03,252850,@AmazonHelp your standard for packaging is the expectation especially this time of year with young ones to surprise. Gift lost.,AmazonHelp
567249,2017-12-03 01:48:05,253046,"I had no idea it was this many, but @AmericanAir operates around 6,700 flights a day or well over 2 million flights a year. That’s an insane number of flights! https://t.co/Flb9wKCi05",AmericanAir
79967,2017-12-03 01:48:23,133749,@MicrosoftHelps As in you restart your computer to square one,MicrosoftHelps
567231,2017-12-03 01:51:39,253038,@Delta That seems like a really bad excuse,Delta
557839,2017-12-03 01:53:32,250296,@AppleSupport No response for 2 hours ?? I waited up till nearly 2AM. Thanks.,AppleSupport
568380,2017-12-03 01:55:48,158456,@115850 hi guys - have an urgent query regarding delivery of an item. How do I connect with someone at amazon and speak to them? Thank you,AmazonHelp
584173,2017-12-03 01:57:03,193568,@SpotifyCares your ad's are very broken,SpotifyCares
568255,2017-12-03 01:59:12,253326,Cost me 3x the fare to get home from work cuz I had to take a cab because I had no reception. I’m so over @115911,TMobileHelp
567952,2017-12-03 02:00:50,253230,@115877 Shout out to the shitty driver that ate half my order never ordering again..... #wtf #ytho #supersad #myonionringsaregon,Uber_Support
566727,2017-12-03 02:01:17,252873,"@AppleSupport 11.2 and I think it started this morning. Everything is at the top it’s just unpressable. It happens on all apps but not all screens, I think it’s just when there’s a “header” at the top. Control center and notifications won’t come down no matter what though",AppleSupport
568138,2017-12-03 02:02:45,253288,"@ComcastCares
#mobile_CareXI",comcastcares
564918,2017-12-03 02:04:23,252348,"@AmazonHelp I followed the directions and the problems remain. Please improve your product quality or I will have to stop paying 10.99 a month for the access, I'm not getting what I pay for.",AmazonHelp
566729,2017-12-03 02:13:27,252873,"@AppleSupport It’s hard to tell, nothing really reaches that far when I try. I have noticed that if I want to select something I have to start above it and drag my finger down to what I’m trying to press and then it’ll work",AppleSupport
568348,2017-12-03 02:13:51,175043,"@115821 says my package was delivered at 2 PM, but I was home then and there was no delivery. 6 hours later, still no delivery.",AmazonHelp
567911,2017-12-03 02:18:10,235073,@Uber_Support i have opened several tickets asking for help about a order that happened yesterday which never arrived,Uber_Support
567970,2017-12-03 02:20:43,253236,@SpotifyCares Yes it’s beta version and I’ll give that a try,SpotifyCares
568397,2017-12-03 02:23:29,253363,Have this on loop when trying to update free apps... @115858 @118936 @AppleSupport https://t.co/29pRhatGOL,AppleSupport
569072,2017-12-03 02:26:52,253539,"@ComcastCares
#mobile_CareXI

Hi! My US/DS, 2.4/5GHz lights are flashing and have been for a couple days. What gives?",comcastcares
568887,2017-12-03 02:30:48,253471,.@Uber_Support “call the cops- I don’t care-  you’re giving me $30 for this phone cash”- our last Uber driver (in person) while holding my friend’s iPhone hostage unless we paid cash even though we mentioned the fee paid in app. There’s no option through to app to report this so.,Uber_Support
568352,2017-12-03 02:31:39,253351,"@AmazonHelp No thank you, probably canceling my prime at the end of this month. I pay for 2-day shipping, not 2-day shipping sometimes.",AmazonHelp
569080,2017-12-03 02:33:59,253542,@SouthwestAir Thank you for some great flights RSW-BWI-ALB ~~ Until we meet again ❤️ https://t.co/3nhaIEhPXD,SouthwestAir
568428,2017-12-03 02:35:34,252896,@AppleSupport That was 5 min ago,AppleSupport
568401,2017-12-03 02:42:29,253364,@AppleSupport … And thanks for your time 😃,AppleSupport
568316,2017-12-03 02:43:08,253339,"@AmazonHelp Should note, Amazon Canada",AmazonHelp
568992,2017-12-03 02:44:36,253509,"@Delta I don’t know why we get Medallion Upgrades... You can’t ever use them! My loyalty isn’t returned... 10,000 miles this week and next no upgrade!",Delta
569865,2017-12-03 02:47:38,253763,@TMobileHelp I have a question about my bill.  I called using the app but got disconnected from the rep,TMobileHelp
569053,2017-12-03 02:48:27,253532,"ビール飲んどった♪ (@ American Airlines Admirals Club - @americanair in Miami, FL) https://t.co/Uf5gSLcuEY",AmericanAir
569191,2017-12-03 02:54:40,253568,@AmazonHelp  sent you an email 4 days ago never got response,AmazonHelp
568857,2017-12-03 02:54:56,253464,My @115873 driver just hit someone then proceeded to curse the guy out. Only in Hollywood 😂,Uber_Support
569210,2017-12-03 03:01:45,241389,@AmazonHelp I have answered this question in your DM,AmazonHelp
570161,2017-12-03 03:02:19,253834,My iphone keep restarting and I’m trying to type up my work @applesupport !! It’s frustrating me 😡,AppleSupport
569796,2017-12-03 03:03:37,253742,@VirginTrains Thanks x,VirginTrains
569763,2017-12-03 03:07:24,253732,@116136 Is this quality good enough??  Your competitors are a 1/3 of the price and no way service can be worse https://t.co/9HOsvs63t0,comcastcares
572094,2017-12-03 03:08:41,254431,@SpotifyCares MY PAYMENT STILL ISNT GOING THROUGH AND IF IT DOESNT GO THROUGH TONIGHT MY PREMIUM WILL GO AWAY TOMORROW !!!!! SOS,SpotifyCares
569236,2017-12-03 03:12:08,253580,@AppleSupport Why is it in the release notes if it’s not released with the update?,AppleSupport
570134,2017-12-03 03:14:03,253825,"Amazon tracking says my package is going to be here within the next 47 minutes, but it's not yet out for delivery.",AmazonHelp
569573,2017-12-03 03:14:30,253668,"my family just took an @115873  and the driver took longer than expected,completely different car from profile, advertised driver was in passenger seat while some random guy drove and they just didnt feel safe @Uber_Support  #unsafe #whoareyou #uberdriver #dissapointed",Uber_Support
569725,2017-12-03 03:20:01,253722,"@AmericanAir why, when signed in to your app, do I need to fill out these forms by hand? https://t.co/eDorcxFTMH",AmericanAir
570063,2017-12-03 03:20:41,253810,@AmazonHelp Yes,AmazonHelp
522069,2017-12-03 03:21:19,240568,"@AppleSupport i can't back up to icloud because space not enough, but i make sure to you that my IOS is 11.1.2",AppleSupport
572274,2017-12-03 03:25:56,254459,@SouthwestAir checking for my flight on your garbage app. https://t.co/mQVcBDmWoy,SouthwestAir
569845,2017-12-03 03:26:25,253755,"@TMobileHelp Well, it took like 2 minutes to load my tweet so that answers your question as to why I miss my at&amp;t service.",TMobileHelp
570071,2017-12-03 03:28:08,253811,@AmazonHelp I have not received my current order: tracking says it was delivered but it's not here.,AmazonHelp
570182,2017-12-03 03:33:10,253842,@AppleSupport It requested that I enter my IPhone ID or password (I think). It appeared like a notification when lifting the phone &amp; gave me the option to do it later; which I chose.,AppleSupport
570011,2017-12-03 03:35:11,253802,"@115821 I don’t understand why I paid extra to have delivery today - and then I’m told “Sorry, contact is if you don’t have it by Wednesday.” Seriously??? https://t.co/SuNVivGX98",AmazonHelp
570482,2017-12-03 03:35:53,253937,Hey @115873! feature request: can we filter drivers by if they have fastrak? Kthnx! #couldhavesaved20min #firstworldproblems,Uber_Support
570545,2017-12-03 03:36:49,253961,@Delta how do i book a prefered seat. looking at flight dl2093 cant select a exit row,Delta
568771,2017-12-03 03:40:00,253449,"@MicrosoftHelps Windows 10 Home Edition

Version    10.0.15063 Build 15063

The Delivery Optimization service and process is a bandwidth hog. While running it prioritizes slows all other internet use on the machine to a crawl. Killing the process restores normal internet speeds. Broken service.",MicrosoftHelps
571355,2017-12-03 03:40:24,254215,@115888 @SpotifyCares when will the playlist of my top songs of 2017 come out?,SpotifyCares
570937,2017-12-03 03:41:42,254089,@applesupport  My iPhone 7 is continually going back to the log-in screen.  Trying to chat with Apple.  No one responds.  I think my phone is about a year old.__credit_card__,AppleSupport
560624,2017-12-03 03:43:04,117094,@AmazonHelp @251156 That’s pretty fantastic. In-character customer service.,AmazonHelp
570621,2017-12-03 03:46:18,253987,Credit where credit is due - @116136 i just used your self-service tools to fix my issue. I'll be watching you though...::squints eyes:: https://t.co/bjwr4BGgFi #speedtest,comcastcares
570852,2017-12-03 03:47:27,254061,When I pay for 1 day shipping usually means I need it ASAP. Looks like I paid for 2 day shipping which is free. Thanks @115821,AmazonHelp
537492,2017-12-03 03:54:56,157042,@AmazonHelp No. My subscribe and save is supposed to be delivered on Christmas Day which means the day after I guess. I was in chat and the wrap moved everything to January which is not what I wanted. I just wanted it not to be delivered the day after Christmas,AmazonHelp
570574,2017-12-03 03:55:31,253968,@AmericanAir Just saw your reply. First flight of delay should be ready.,AmericanAir
571326,2017-12-03 03:55:53,254199,"I love how when I do Uber Pool, the second passenger always gets picked up and dropped off before me but when I’m the second passenger, I have to wait for the first to be dropped off before I can even get picked up even though I’m on the way. 😡 @Uber_Support",Uber_Support
570886,2017-12-03 04:01:12,254071,"@AppleSupport But directly telling Siri to activate a scene like „activate good-night“ works fine. I’m using Siri with the German language tho. 
But on the Apple-Discussions-Website, there is a huge ongoing thread about this issue…",AppleSupport
570082,2017-12-03 04:01:42,253813,@AmazonHelp What why am i even playing for prime if my stuff is going to be late??,AmazonHelp
524926,2017-12-03 04:04:47,241396,@AmazonHelp disgusting!😒😡,AmazonHelp
571591,2017-12-03 04:08:51,254286,".@SouthwestAir what are my odds that I can get my ipad returned, I left it in the seatback today on Flt 4450 from AUS to MCI? It has my email etched in on the tablet. #mybad",SouthwestAir
571414,2017-12-03 04:09:46,251963,@Delta *AFM thank you! Away a lot...so it counts! #travel #luxury,Delta
570778,2017-12-03 04:10:05,254041,"@AmazonHelp アフター対応も素晴らしいです🙏
こちらこそ宜しくでーす🙇",AmazonHelp
570895,2017-12-03 04:12:54,254073,@AppleSupport Uh.  If only bots were real human beings they would have eyes capable of looking at photos,AppleSupport
573445,2017-12-03 04:13:48,254803,"@ComcastCares
#mobile_Care what is this authentication problem when trying to connect to WiFi",comcastcares
507447,2017-12-03 04:17:07,235099,"@SpotifyCares So... every time I restart my computer.... it tries to install the faulty new version.  So I then need to uninstall... again... every last file...... and reinstall the old version.
Every.
Time. 

Surely, there's a patch to keep us up &amp; running while you get a handle on this, no?",SpotifyCares
571774,2017-12-03 04:18:40,254332,"@AmazonHelp Can you check above ""Hello Samir"" there is no navigation bar 🤨",AmazonHelp
577378,2017-12-03 04:19:01,255904,@135855 hey why am I not eligible for flat rates?!?!?,Uber_Support
571836,2017-12-03 04:20:03,239221,@AppleSupport,AppleSupport
571613,2017-12-03 04:23:46,254293,@TMobileHelp @115913 thank you,TMobileHelp
572460,2017-12-03 04:26:44,254510,@119625 lo movie chudalante subscription kavala emaina money pay chesii !!,AmazonHelp
573829,2017-12-03 04:33:32,254924,"Finally cut the cord yesterday. Immediately after and since, we've had slow, spotty internet. 

Coincidence I'm sure. But hey, @115900 will never throttle you, so don't worry about net nutrality.",comcastcares
567646,2017-12-03 04:34:53,253142,@AppleSupport See i DMed you a long time ago you haven’t responded https://t.co/SMo3DzhPb1,AppleSupport
571727,2017-12-03 04:36:44,254053,@AmazonHelp Hola. Ya les indiqué los detalles requeridos. Espero su respuesta.,AmazonHelp
572039,2017-12-03 04:37:02,254412,"Yo @115873 why the fuck was I charged for a ride in San Fran? I live in LA and I never left.,, 🤔🤔🤔",Uber_Support
572456,2017-12-03 04:45:39,254509,Amazon Primeでたまこラブストーリーが出てた。約束された勝利！,AmazonHelp
572002,2017-12-03 04:47:26,254401,"And hey, @115873, your drivers are doing a thing where they pick up the call and then stay parked hoping you’ll cancel so they can collect their $5. It’s a ridiculous loophole you guys should have fixed at Version 1.0. Come on.",Uber_Support
571665,2017-12-03 04:51:54,254309,"@AmazonHelp According to your site, and text messages I received so far: UPS. Shocker, I know.",AmazonHelp
561480,2017-12-03 04:57:48,251390,@TMobileHelp #fakeLTE,TMobileHelp
582769,2017-12-03 05:01:36,257413,@AppleSupport Is this normal on a Series 3 Watch? (Tried pair-unpair to no avail) https://t.co/gXYj7C6ehP,AppleSupport
573202,2017-12-03 05:02:37,254713,"Hello, I already purcashed for spotify premium via my phone credit but the app remain free and I can't skip songs. And my balanced is already cut off by my spotify premium purchase. Can you help me fix this? Thanks. @SpotifyCares",SpotifyCares
572388,2017-12-03 05:03:05,254493,@AmazonHelp What details are required .. Call me at 91 8880233891,AmazonHelp
572732,2017-12-03 05:03:45,254582,@AmericanAir must be taking a break or a nap to deliver bags down to baggage claim. Absolutely ridiculous......,AmericanAir
515420,2017-12-03 05:07:01,238730,@Uber_Support I have sent you a message!,Uber_Support
573449,2017-12-03 05:10:35,254805,Don't know what happened... but there's no longer any audio for @175267 on @116136 - Missed the last minutes of the OSU vs Wisconsin game.,comcastcares
572937,2017-12-03 05:13:20,254644,てゆかしらんまにAmazonプライム会員やってキレそう,AmazonHelp
573255,2017-12-03 05:18:05,254733,@Delta Hello. How can I buy seats with extra room when buying a ticket? I had to cancel a reservation because these seats were only available during check in. Even when I try ‘upgrade’ it won’t allow me to purchase the seats. Btw I have Delta membership,Delta
571739,2017-12-03 05:19:11,254321,"@AmazonHelp It's been ""out for delivery"" twice now. I pay for Prime :(
If I'd known I had to wait 4 days I would have gone to store myself or ordered elsewhere.",AmazonHelp
572184,2017-12-03 05:23:40,254452,@VirginTrains @120893 @126035 Sorry @2547 https://t.co/LncgWgLMwM,VirginTrains
572850,2017-12-03 05:25:56,254618,"@119625 can you guys get shows like the office US and Everybody Loves Raymond? I'm sure these are highly specific requests, but hey, a girl's got to try!:D",AmazonHelp
582728,2017-12-03 05:25:57,257396,"@AppleSupport Every single native app specifically. Most 3rd party apps that have a keyboard. I’m on iOS 11.1.2. I’ve reset the phone, I’ve restarted the phone, I’ve cleared the RAM, I’ve cleared as many caches as I can. Nothing improves it.",AppleSupport
573176,2017-12-03 05:30:34,254707,But seriously though. When’re they gonna have @115877 in Delaware 👀,Uber_Support
572858,2017-12-03 05:34:55,254621,"@AmazonHelp はいいい✨✨
ありがとうございます(*'ω'*)
頑張ります😭✨",AmazonHelp
572874,2017-12-03 05:42:43,254625,"@AmazonHelp There, I sent an email.",AmazonHelp
44360,2017-12-03 05:47:05,254904,@115888 Where can I find the link for Spotify 9 pesos? WALA SA WEBSITE NIYO,SpotifyCares
573425,2017-12-03 05:47:21,254794,@comcastcares Yeah uh why the fuck does my internet not work 99 percent of the time?,comcastcares
573162,2017-12-03 05:48:28,254701,@Uber_Support I’ll never use uber again! I also have another complain!,Uber_Support
573521,2017-12-03 05:50:14,254823,"MODEST MOUSEがamazonで謎の90%オフだったから思わず購入したけど、届いたらケースが割れていて商品ページ見返したら40%オフに変わっていた
返送料払うのもアホくさくて返品悩んでるけど、何の説明もなしに意図的に欠陥品売りつけられたとしか思えなくてamazonに対する不信感と苛立ちがやばい https://t.co/3aScdxXZsS",AmazonHelp
574019,2017-12-03 06:02:15,254976,Amazon be bullshittin with my package man 🤦🏽‍♂️,AmazonHelp
572195,2017-12-03 06:03:24,254452,"@VirginTrains Thank you, how can she get to moor street from new street ?",VirginTrains
573716,2017-12-03 06:04:09,254889,@Uber_Support $80 was added to a $4 fare for uberx pool. WTF?!,Uber_Support
539809,2017-12-03 06:12:13,245190,@AmazonHelp Yes I have filled all relevant details.....,AmazonHelp
573783,2017-12-03 06:16:54,254915,"@SpotifyCares HTC 10 unlocked, android 7. I think it was happening when it was transitioning from bad wifi to cell data being off but can't recall when I pressed play. Why can't I load local data then update later? I was walking away from my home at the time.",SpotifyCares
571597,2017-12-03 06:17:07,254289,@SouthwestAir Ty! It was a quick flight and everyone on staff was so friendly!,SouthwestAir
573692,2017-12-03 06:17:22,254879,"I had to cancel two rides yesterday. 

One driver accepted my ride only to call me minutes later that he just discovered he had a flat tire. Second driver said he can't go to my area (Shomolu).

I still got charged for canceling. This is stupid @115873 @4018",Uber_Support
563031,2017-12-03 06:18:08,251797,@AppleSupport Haven’t received any revert yet in my dm i have @115858 @AppleSupport,AppleSupport
574006,2017-12-03 06:19:22,254971,i literally ordered this 3 hours ago and it’s already shipped. this is why @115821 will run the world one day. https://t.co/icfXnpxs3c,AmazonHelp
572296,2017-12-03 06:25:15,254467,@TMobileHelp Cool Thanks.Jerome,TMobileHelp
573953,2017-12-03 06:26:37,254958,@115850 your add address form resets after switching apps. Please address the issue in upcoming update. https://t.co/O0vTN1oEwQ,AmazonHelp
573929,2017-12-03 06:30:43,254953,"@MicrosoftHelps Last time i logged in was last week, the error message was that my emails got suspended, and the emails are __email__ and __email__",MicrosoftHelps
583644,2017-12-03 06:34:13,257662,"@AppleSupport Also, could this be an iCloud problem in addition to the older software? Because I cannot logout/login the iCloud section in System Preferences. And every time I try to sign out of my account through App Store, the thing freezes and shuts and a system error report is generated.",AppleSupport
574335,2017-12-03 06:39:04,255087,"So the tech that @ComcastCares sent out had apparently ""fixed"" our internet problem 2 days ago.  However, I'm not even live right now and my mother is watching a movie. It tells her ""low bandwidth"" but shes the only one using the internet. HOW IS THIS BUSINESS CLASS?  😡",comcastcares
574539,2017-12-03 06:42:07,255137,I placed orders with @30379 and @115821 and both are delayed and/or awol without update or reason after over two weeks 🙃,AmazonHelp
574218,2017-12-03 06:42:24,255049,"@Uber_Support Yes, ive had the price increase by a $1 or 2 but never $10. I was also not given the correct price up front or notified pricing would be higher when ordering. My trip length also did not change from the estimate that drastically.",Uber_Support
1774997,2017-12-03 06:47:58,533420,@VirginTrains directly to euston,VirginTrains
91511,2017-12-03 06:50:57,135838,"@AmazonHelp @119351 @18220 Worst Shopping Experience ever. No refund , no token of Apology or Goodwill gesture against failed delivery of my order. Worst Shopping Experience ever I have faced. Will never Recommend Amazon to anyone for Shopping (Really). Feeling Deceived, Dunced by Amazon. https://t.co/LD2zY4hIR0",AmazonHelp
586361,2017-12-03 06:51:22,258466,@115888 you need to bring back RBD’S albums fr ☹️,SpotifyCares
583652,2017-12-03 06:57:36,257665,Can someone help me? The video option for the camera is suddenly missing. #help #iphone8 @115858 https://t.co/jId743JqUR,AppleSupport
574984,2017-12-03 06:58:14,231112,@115821 @115850 @1840 @115851 @2517 @120320 @118341 @132458 @7291 @25348 This is the amazon services they will make a daily new excause and daily they raise a new complain...how can i trust on them tell me anyone........please close amazon in India https://t.co/U3hxViLIFS,AmazonHelp
573718,2017-12-03 06:59:18,254890,@Uber_Support your prices were outrageous. I have to thank @115879 for more than 50% less than what you were charging. #gowithlyft,Uber_Support
576335,2017-12-03 07:00:32,255628,No one buy @115900 .. Worst connection of em all,comcastcares
574836,2017-12-03 07:06:47,255234,@VirginTrains @120576 @242596 What about on chiltern trains &amp; cross country trains ?,VirginTrains
574678,2017-12-03 07:09:46,255182,@Uber_Support   I have lost my mobile phone in uber cab . Vehicle regstration No. KA28 -A 8714. Driver name : Mr.Bullappa. Travelling date : 2/12/2017. Cab booked at 17.19 Hrs &amp; reached destination at 18.00 Hrs. Can you please help me to get the drivers contact Nos.,Uber_Support
574982,2017-12-03 07:13:07,255272,amazon届くの早すぎ,AmazonHelp
583579,2017-12-03 07:22:44,257642,@AppleSupport @115858 my question- is it fair to pay rs 35000 just because of expiry of warranty by just 2 months..is it not exploitation ? Is brand apple dead now?..is there no guarantee of working..?? Why we pay so much if it does not work properly for 2 months post warranty 2/n,AppleSupport
575373,2017-12-03 07:24:25,255384,@AmazonHelp what’s happening with the new series of Twin Peaks on Blu-ray on the UK site? Still hasn’t dispatched and the version I ordered is “currently no longer available”?,AmazonHelp
574835,2017-12-03 07:26:21,255234,@VirginTrains @120576 @242596 Why not with cross country ??,VirginTrains
574940,2017-12-03 07:32:36,255258,@AmazonHelp 何も考えずに日付指定便使わせてもらってました。。。映画アニメも見てみるんでこれからもお願いします。。。,AmazonHelp
520851,2017-12-03 07:36:12,240237,@128445 @Uber_Support @196983 @116276 They are adamant and they don’t have any explanation for why I am being charged 24.48 for a short trip again and again!,Uber_Support
583566,2017-12-03 07:36:29,257638,@115858 fixes the #ibug and now we have the I.T bug.,AppleSupport
578103,2017-12-03 07:38:01,256079,@SpotifyCares I just tried to sign up my daughter to the 99c premium offer but because my card is used on another account ( my other daughter) it wouldn’t let me saying I already had a premium account which I do not. Another example of not a great experience with your accounts,SpotifyCares
575160,2017-12-03 07:40:00,255326,"@824, is it true that in 2019 you're limiting Sky Club access for DL AmEx holders and paid Sky Club members to days with flights on @Delta or partners?  Say it ain't so.  CC:  @119782, @255328, @26617, @255327",Delta
575744,2017-12-03 07:41:47,255479,"@VirginTrains I am due to travel from Euston to Manchester at 10:20am. Would the train be running from Milton Keynes, and if so could I use my original ticket to take it?",VirginTrains
578098,2017-12-03 07:45:25,250095,"@Uber_Support 

Then literally a minute after the latest agent has replied to my question with the same canned response, a good agent named John finally knows how to read and gives me a refund. So PSA: 1/4 agents at @115873 actually read your message. #BoycottUber #WorstSupportEver https://t.co/b2mzTqUNiX",Uber_Support
575351,2017-12-03 07:51:06,255378,"This baby arrived
today, #superfast delivery made me surprise as it arrived a day before its delivery date. #Thankyou @115850 @121548 https://t.co/0lFhVvH958",AmazonHelp
584839,2017-12-03 07:58:48,258025,"@AppleSupport my phone has been shutting down every 30 seconds for a day and a bit now, I went to apple and they told me to just wait it out. I’ve had enough.",AppleSupport
575363,2017-12-03 07:59:57,255383,I wasn’t able to add this to my cart and tried several times on my smartphone with and without WiFi on. Sad I had to miss the perfect Xmas gift/ deal of the day 😢@115821 @117795 #CustomerService https://t.co/afVaFRwuKh,AmazonHelp
575684,2017-12-03 08:07:09,255460,@Uber_Support :Uber blocked my id without any reason and they are not replying to my https://t.co/MpWIScbcgS have really poor customer service.Please approach me at __email__,Uber_Support
575727,2017-12-03 08:09:08,235628,@AmericanAir on flight AA2952 passengers openly fighting &amp; no flight attendants intervening what do you plan to do #BadTravel #Travel #News,AmericanAir
575940,2017-12-03 08:12:19,255519,"Amit Agarwal, Manish Tiwary  @115850 : Yr philosophy ""Anything a customer can think of,he or she should be able to find it on Amazon""reminds me of the Changi airport philosophy. Anything a transit passenger can think of,they have already thought of! ..1/2",AmazonHelp
584767,2017-12-03 08:13:17,258003,Tried to call @AppleSupport and they weren’t open. Their podcast app is beyond ruined. What a joke of a company. Why ruin a good thing? #Apple @258004 @26681,AppleSupport
568964,2017-12-03 08:21:03,148645,@SpotifyCares It's 8.4.30.688 armV7. Thanks.,SpotifyCares
576037,2017-12-03 08:21:50,255537,@AmazonHelp Amazon keeps attempting delivery to my business during ridiculous times. The last time was 12am Sunday. How is that reasonable?,AmazonHelp
576366,2017-12-03 08:26:46,255636,@VirginTrains my train from Liverpool to Euston is cancelled. I need to get back before 4pm. What are my alternatives? Are you paying for taxis?,VirginTrains
575938,2017-12-03 08:30:42,255518,身に覚えのないAmazonからの荷物がめっちゃ来る,AmazonHelp
576171,2017-12-03 08:33:54,255580,When you try to get a driver for @115873 off the road after they both hit and run and drive under the influence and their emergency line has no one on the other end to answer it....@Uber_Support,Uber_Support
575910,2017-12-03 08:39:30,255514,@AmazonHelp こちらこそ！良い買い物をしました(≧∇≦)b,AmazonHelp
564748,2017-12-03 08:43:34,252301,@VirginTrains Disgusting service. Had to change trains three times at Marylebone. Now standing room only for two and a half hours due to a cracked windscreen. Will miss show was going to see and am yet to receive an apology.,VirginTrains
584743,2017-12-03 08:45:05,257992,@AppleSupport I am very disappointed with the performance of iOS 11 on my 6 plus.  Constantly freezing up.  Have been a big iPhone supporter for many years but now thinking of changing to android.  Not enough alpha testing on all devices.,AppleSupport
575391,2017-12-03 08:47:49,255386,@AmazonHelp C'est fait. Merci. Cordialement.,AmazonHelp
576484,2017-12-03 08:50:48,255673,Amazon echo届いた。Wi-Fi接続エラー続出で投げ捨てようかと思ったけど、5分くらいでなんとかなった。音は悪くない https://t.co/BCX9rJfQOO,AmazonHelp
576327,2017-12-03 08:54:06,255626,"@comcastcares Currently, I cant send the account number because I'm at work and I do not have it on me. I'll be home in 4 hours.",comcastcares
37132,2017-12-03 08:56:43,256522,@115913 Traveling from Canada... any good options for data and calls better than my carrier here?,TMobileHelp
576039,2017-12-03 08:59:53,255537,@AmazonHelp Amazon Canada.,AmazonHelp
576915,2017-12-03 09:02:31,255779,@VirginTrains From London Euston,VirginTrains
584731,2017-12-03 09:08:07,257986,Voici l’état des mes écouteurs et de mon chargeur après tout juste 9 mois d’utilisation merci @115858...😒 https://t.co/sONBz1e2J4,AppleSupport
576788,2017-12-03 09:09:45,255746,@SpotifyCares Done 👍,SpotifyCares
575934,2017-12-03 09:10:09,255517,@AmazonHelp I have not,AmazonHelp
576755,2017-12-03 09:10:59,219039,"@Uber_Support I'm from Bangalore India, and want my grievance about a trip to be addressed. What email ID do I write to?",Uber_Support
533790,2017-12-03 09:15:19,243650,.@VirginTrains well I jinxed that didn't I What a horrible weekend it's been between Manchester and London Euston 😡,VirginTrains
575977,2017-12-03 09:21:37,255525,"@AmazonHelp Un colis commande pour le 02.12 avant 22h, faussement declare livre, retrouvera ainsi peut-être miraculeusement le chemin de son destinaire qui sera alors au travail et donc devra le chercher à la poste ou ailleurs dans x jours. 3 fois le meme souci avec vos livreurs",AmazonHelp
585971,2017-12-03 09:22:22,258352,"@AppleSupport Any app, 15sec in total.",AppleSupport
577091,2017-12-03 09:25:25,255820,Cheers for the boots @AmazonHelp but they're supposed to be a DVD boxset and some books! https://t.co/7H5eDamuVI,AmazonHelp
577579,2017-12-03 09:26:04,255960,@VirginTrains booked onto the 18:17 to Manchester...if it doesn't run can I use my ticket on @120576 to Leeds?,VirginTrains
578990,2017-12-03 09:32:29,131547,@MicrosoftHelps How Can We Solve  Astoria Error 14 in command prompt.,MicrosoftHelps
577046,2017-12-03 09:33:05,255813,@115830 is this an acceptable place to drop a parcel? Just dumped in my recycling box https://t.co/M2wOcBpDCx,AmazonHelp
578293,2017-12-03 09:37:38,255948,@VirginTrains surely we don't have to wait until off peak tomrw if can't get back home to Mcr today??,VirginTrains
577796,2017-12-03 09:40:49,256005,Amazonで♡のネックレス✨🎶買っちゃった(っ｡❛ᴗ❛｡)っ✨✧*😆✨💕 https://t.co/9Lf0jR2GJY,AmazonHelp
585930,2017-12-03 09:42:20,258338,"@AppleSupport why does the @118936 give this message, when I am trying to download a free app? https://t.co/4ltCCjVPQX",AppleSupport
553057,2017-12-03 09:45:22,255951,"@VirginTrains Hi , I have a reservation on the Lon-Liv at 1205, will that be ok?",VirginTrains
493417,2017-12-03 09:48:20,232629,@AmazonHelp No I had to request for it tomorrow as the driver/S haven’t communicated.,AmazonHelp
577542,2017-12-03 09:55:54,255948,@VirginTrains I have open return was meant but do not want to be sitting on the floor/battling for seats as have child with special needs,VirginTrains
578436,2017-12-03 09:56:19,256168,Dear @115850 your site for this hyperlink is insecure....https://t.co/VLKaZswtJ0 see pic below. Notice the small i at the beginning https://t.co/NLPWtUC1pG,AmazonHelp
603612,2017-12-03 10:00:57,263431,"@115888 I've got the ""Get a year of Premium"" offer splash screen on my iOs app, but there wasn't any CTA to apply just a button to open a webpage... and there is no button, link or anything... How can I apply?!?! 🧐🤨 #Spotify #SpotifyPremium",SpotifyCares
593222,2017-12-03 10:01:59,260442,Waiting for everyone to sleep so i can sneak out and go to McDonalds,McDonalds
577741,2017-12-03 10:03:34,255997,なんかAmazonに入れないんだが,AmazonHelp
577481,2017-12-03 10:07:37,255930,@Delta thank you. I had a connecting to Frankfurt. Hope the team can find it. I had just bought it.,Delta
577685,2017-12-03 10:08:56,255988,@AmazonHelp STOP USING HERMES THEY ARE AWFUL. Failed delivery yesterday and you said you had escalated the matter and it would be here by 10am today. Fobbed me off with more bulls##t ! So fed up with amazon and the razzle dazzle customer service. Why lie like that?,AmazonHelp
578885,2017-12-03 10:13:49,256302,@VirginTrains I have to train from euston to manchester picadilly booked at 15.37 will this service be running?,VirginTrains
578438,2017-12-03 10:14:12,256169,AmazonさんΣd(ゝ∀･)ｧﾘｶﾞﾄｫ♪ 人気過ぎて売り切れの初音ミク https://t.co/2OhKBfBg6i,AmazonHelp
578088,2017-12-03 10:17:42,256074,"@115873 @133311 it is disgusting that when your driver drives past me after waiting 8min watching him drive in the wrong roads to cancel, DISGUSTING!!!!!",Uber_Support
578236,2017-12-03 10:19:00,255946,@VirginTrains St Albans - Euston - Manchester,VirginTrains
577679,2017-12-03 10:20:30,173707,"@AmazonHelp THANKS BUT I DON'T SEE INFO ON HOW TO USE THE REMOTE. IT REALLY SHOULD NOT BE HARD TO REWIND OR TURN VOLUME UP. ""TURN VOLUME UP"" OR ""REWIND 1 MINUTE"" SHOULD BE ALL. IT SAYS IT CAN'T OR DOES NOT WORK WITH MY ""DEVICE"" SMH. WHICH IS A SONY SMART TV. LESS THAN A YEAR OLD",AmazonHelp
578410,2017-12-03 10:25:36,256161,"朝、届いたのは『Amazon Fire TV STICK』でした。

今夜のAbemaTVの林檎さん出演番組をPCやスマホじゃなくTVで見たかったのよ。

Wi-Fi接続の初期設定の段階で数字の1と英数字のlの小文字の入力を間違うという初歩的凡ミスを犯したザイオンさん👓( ￣▽￣;)

これいいね👍大画面で見られるって快適✨😆 https://t.co/pazimxIH2w",AmazonHelp
578772,2017-12-03 10:26:00,256274,"@AppleSupport I have to go to settings to choose what WiFi to connect to each time I lock my phone, I’v only used the WiFi at home so I don’t know if it happens on other networks, my gf and laptop have no problem staying connected",AppleSupport
578918,2017-12-03 10:30:07,256118,"@VirginTrains hi, we’re supposed to get the 10.58 Preston to London train. Please can you advise on what’s going to happen?",VirginTrains
577706,2017-12-03 10:32:40,255992,"@AmazonHelp After calling twice on Friday, once on Saturday and once today,  now being told we can’t get the codes we have been promised on each call.",AmazonHelp
469434,2017-12-03 10:38:45,226779,@AmazonHelp Arrange a phone call if possible,AmazonHelp
578964,2017-12-03 10:41:56,256321,@SouthwestAir your ticket agent really went above the call this a.m. to help me! This is what good customer service looks like!,SouthwestAir
578271,2017-12-03 10:42:55,256121,@VirginTrains @256120 I'm in the same situation as well - please clarify @VirginTrains,VirginTrains
578856,2017-12-03 10:43:36,237402,@AmericanAir is it possible to jump on that 7:30am flight to ORD?,AmericanAir
578442,2017-12-03 10:49:12,150316,@AmazonHelp how soon is that soon?,AmazonHelp
578799,2017-12-03 10:49:17,256281,@Uber_Support I can't login to my account.,Uber_Support
579141,2017-12-03 10:53:38,255992,@AmazonHelp We kept asking and were told they’d be emailed.  Nothing arrived each time and now being told that we just can’t have them.  No reason given,AmazonHelp
579331,2017-12-03 10:57:13,256412,@VirginTrains I'm at Euston what do I do about getting to Rugby? All trains are cancelled????,VirginTrains
587093,2017-12-03 10:57:38,253154,@AppleSupport how i know my phone already backup?,AppleSupport
579876,2017-12-03 10:58:55,256571,"@115821 has done fraud to me by not refunding money of cancelled order worth 13999/- rupees. Now I can't trust this company. I have complained everywhere, let's see what will happen.",AmazonHelp
598539,2017-12-03 11:03:57,261928,@SpotifyCares I want to cancel my subscription but cannot remember my password to log in.  This was the username given in the email you sent. https://t.co/kC8XtxTH4C,SpotifyCares
579062,2017-12-03 11:04:25,256344,@115830 Probably best not to deliver parcels to the patio floor in winter. Cardboard and rain not the best mix... 🤔 https://t.co/t40i244wR1,AmazonHelp
579444,2017-12-03 11:09:00,256455,"WTF I Just payed $5 to cancel my Uber right after I ordered it 😭😭😭y’all motherfuckers be taxing 
@115873",Uber_Support
579616,2017-12-03 11:10:37,256507,@VirginTrains are tickets being accepted from London Marylebone to Birmingham?,VirginTrains
529170,2017-12-03 11:11:42,242524,@149953 @242522 @242507 @242523 @AmazonHelp merci du tip,AmazonHelp
585868,2017-12-03 11:13:22,258317,"@AppleSupport anımsatıcı da uzun not yazarken sorun çıkıyor. Yazarken, yazdığımı görememeye başlıyorum. @115858",AppleSupport
551914,2017-12-03 11:18:41,248647,@AmazonHelp Info submitted,AmazonHelp
580378,2017-12-03 11:20:33,256714,@VirginTrains is the 12.17 Euston to Manchester still running?,VirginTrains
570872,2017-12-03 11:24:23,254067,"@AmazonHelp Already contacted you twice, the assistance was a waste &amp; your new policy for deliveries is trash.",AmazonHelp
576152,2017-12-03 11:26:07,255572,@Uber_Support Still no reply to my DM to you #Disguting,Uber_Support
580359,2017-12-03 11:28:35,256706,@VirginTrains can you confirm 1247 from Lime St to Euston is cancelled?,VirginTrains
99866,2017-12-03 11:30:03,137868,@AmazonHelp No. i am unable to report this. i was just waitiing of respose in this matter .please follow my matter and solve as earlier as possible,AmazonHelp
580336,2017-12-03 11:40:39,256699,"@VirginTrains Am I able to change my London Euston to Carlisle ticket to a Kings Cross to Newcastle and then Newcastle to Carlisle. Is this a reasonable route, so I wouldn't have to buy a new ticket?",VirginTrains
579799,2017-12-03 11:40:57,256555,"@AmazonHelp I need to return a parcel, I've put labels on, do I get it scanned at PO now? Thank you",AmazonHelp
575368,2017-12-03 11:47:15,255384,"@AmazonHelp Yep, it says “not yet dispatched” but the problem is that the item it’s supposed to be sending doesn’t seem to exist anymore and has been replaced in the last two days with another, more expensive version with its own product page",AmazonHelp
586975,2017-12-03 11:48:25,258623,why is my phone fucked? this keeps happening every time I type i.t .... i.t i.t i.t i.t i.t 😡😡😡@AppleSupport,AppleSupport
571733,2017-12-03 11:52:03,246882,@AmazonHelp I have retweeted it for ur further reference,AmazonHelp
580320,2017-12-03 11:54:45,256693,.@VirginTrains @26965 is due to catch 13.15 from Manc Piccadilly to Euston. Looks like this has been... https://t.co/8xmEhv1Y5z,VirginTrains
580162,2017-12-03 11:55:23,256645,"Dear @115873 once again, I've been charged for a trip I never made .. The trip distance is wrong , the destination is false ... https://t.co/R9BK6QLsLe",Uber_Support
581025,2017-12-03 11:58:50,256905,"Not true I would def hit @AmericanAir directly, did you get her name ? https://t.co/ipMnyOXQD2",AmericanAir
533333,2017-12-03 11:59:49,243552,"@AmazonHelp U guys are a big cheat, just give my money because again u ll give excuses and fool the world, whenever you want to take the product take back but give my money so that i can buy from flipkart",AmazonHelp
581033,2017-12-03 12:04:51,227795,@VirginTrains the train has been declassified - does that mean I won't get food and drink in first class ???,VirginTrains
580552,2017-12-03 12:06:07,136056,"@115830 Bought Konstsmide lights. Two 10 LED spirals, &amp; a 15 LED window lamp, all in brushed metal. All faulty, all bent, some broken LED’s &amp; 2 with dodgy connections. Not convinced they’re new, could have been used &amp; returned? Very Disappointed #Konstsmide #ChristmasLights #UK https://t.co/nb0s4klMIW",AmazonHelp
556043,2017-12-03 12:08:22,249885,@AppleSupport I’m not finding it,AppleSupport
561725,2017-12-03 12:10:06,251449,@AmazonHelp ...so I think it’s a software issue as it’s not recognising purchases from the cloud and it’s not just mine. I bought my mother a paperwhite and hers is doing the same now too. It needs a patch on the software. People on the amazon help forum say the same,AmazonHelp
580216,2017-12-03 12:10:32,256663,"@Delta Never mind, it’s full, next time",Delta
581215,2017-12-03 12:15:34,232624,"is it possible that there is not ONE single person to talk about AMAZON STEALING MONEY FROM CLIENTS, this is JUST RIDICULOUS @115830 @AmazonHelp WHERE ARE THE LAWS @2308 @1370 @26226 There should be some law or protection for the clients in this giants",AmazonHelp
654555,2017-12-03 12:16:19,228594,@275712 @SpotifyCares @275709 Spotify cunts,SpotifyCares
580894,2017-12-03 12:19:49,256864,"@115873 I booked a cab a few minutes back but on arrival of the cab near my house, the behavior of the driver was so arrogant that I cancelled the booking fearing the safety of my relatives who were supposed to travel from Perungalathur to nolambur. Very poor service Uber.",Uber_Support
581214,2017-12-03 12:21:31,232624,@AmazonHelp YOU HAVE BEEN LYING FOR 3 DAYS STRAIGHT ABOUT MY ORDER PROMISING REFUNDS AND CHANGE OF DELIVERY AND NOT DOING IT,AmazonHelp
581665,2017-12-03 12:21:53,257081,Hi @VirginTrains - was booked on 12:28 LON-LAN but read advice not to travel today. Said tix are valid tomorrow - but looks like this service is now running - pls can you confirm that my tix can be used tomorrow after all?!?,VirginTrains
559718,2017-12-03 12:27:30,250880,"@MicrosoftHelps I already did all of that much before I contacted you. Unfortunately, it says the change will happen only in January 2018 after 30 days. I cannot wait that long. All I wanted to do was change the phone number linked to my account as that number has been stolen.",MicrosoftHelps
581484,2017-12-03 12:30:00,257032,"@116288 @115873 @119983 
I have paid the driver and the driver in cash in front of CCTV and he has not updated my payment. 
Uber wants me to pay twice now
So unfair. Why should I pay twice for the same thing? So unfair https://t.co/zW0AwVNttA",Uber_Support
581165,2017-12-03 12:30:54,256945,@AmazonHelp That's what it keep doing after logged in. https://t.co/Pzen812cwE,AmazonHelp
586967,2017-12-03 12:32:02,258620,@AppleSupport iOS11.2 radomly goes unresponsive on me. https://t.co/iD74gHFmFq,AppleSupport
589035,2017-12-03 12:36:25,259234,Why I’m m canceling  #xfinity: Expensive internet should not be more than 35$ a month; surf endless blocked channels to watch the few my package has;  and I cannot chose channels a la cart. I am paying @116136 lot of $$$ to waste time watching things I don’t  need or want.,comcastcares
581148,2017-12-03 12:41:08,256942,"@AmazonHelp Thx for link which says 'not shipped'. 
Screen shot from the email. https://t.co/f2W87jLg5d",AmazonHelp
580902,2017-12-03 12:42:43,256866,@Uber_Support Done,Uber_Support
580347,2017-12-03 12:43:53,256701,"@VirginTrains Yes, thanks. On a Chiltern train to Birmingham.",VirginTrains
580677,2017-12-03 12:47:33,256801,@AmazonHelp OK thanks for getting back so quick :),AmazonHelp
588194,2017-12-03 12:49:35,259001,"@AppleSupport updated to 11.2, have 2 factor auth on, but do not see the swipe in settings&gt;wallet to enable apple cash --- bug???",AppleSupport
590138,2017-12-03 12:55:08,259554,@115888 Ni menar 9.00 pund och inte kr.Nu är ni enligt konsumentlagen tvungna att bara ta 9.00kr,SpotifyCares
582419,2017-12-03 12:58:23,257302,@VirginTrains I think I should receive some sort of compensation on very expensive tickets considering I stood for two two hour journeys.,VirginTrains
582337,2017-12-03 13:01:19,239908,"@AmericanAir Clear skies and friendly smiles! What more do I need!  Happy holidays, dear friends! Let’s finish this year off strong! ❤️✈️❤️",AmericanAir
581869,2017-12-03 13:02:13,257146,Good to see @115830 are still efficient with packaging.... https://t.co/Gr1P6R6oYv,AmazonHelp
582188,2017-12-03 13:02:41,257232,"@Uber_Support I’m so angry!! Your job is to pick people up and take them places so why are we receiving phone calls saying they can’t be bothered to drive to get me, and 2 Uber’s have been cancelled and now none are available. What amazing service you have 👍🏻",Uber_Support
581671,2017-12-03 13:03:37,257085,@257084 @VirginTrains It appears to be beyond the wit of some moaning git to pop in a shop and buy their own sandwiches.,VirginTrains
586931,2017-12-03 13:05:02,258605,@AppleSupport iPhone 7 front camera not working? Black and freezes phone?,AppleSupport
574491,2017-12-03 13:08:14,257363,"@115850 This is not expected from u team....The prize was @27145 Blazer...But u have sent T-shirt in place of it. #Disappointed 
Hope you look into this issue &amp; revert back https://t.co/51uYb0vozR",AmazonHelp
582652,2017-12-03 13:13:38,191315,"2nd @115830 parcel that has ""been delivered"" but certainly not to me 😔 getting a little pathetic.",AmazonHelp
551235,2017-12-03 13:16:31,248446,@Uber_Support @248445 Hi @Uber_Support how do I find out if by details were compromised in the recent #security breach on @115873 (that 2 CEOs sat on...),Uber_Support
582394,2017-12-03 13:21:00,257082,@VirginTrains I want to travel on the 7am service from Liverpool Lime St to London EUS tomorrow. Am I able to get on this train instead of the ridiculously delayed/cancelled services today?,VirginTrains
561734,2017-12-03 13:21:09,251449,@AmazonHelp I’m in work. I can’t at the moment. That number on that link just takes me to customer service. I need someone with knowledge of the software and how it all syncs. Customer service are limited in what they can do,AmazonHelp
583287,2017-12-03 13:25:19,133699,@SouthwestAir Why is flight 743 cancelled?,SouthwestAir
582320,2017-12-03 13:25:33,257270,@Delta Btw: I love @Delta Thanks for serving Pittsburgh!,Delta
588057,2017-12-03 13:26:59,258962,😑Woke up this morning and my phone keeps shutting off. @AppleSupport what's good?,AppleSupport
581876,2017-12-03 13:28:16,257147,"@AmazonHelp If they can't deliver, how long before it goes back to you and my money is refunded?",AmazonHelp
583057,2017-12-03 13:29:08,255458,@27199 @115873 I’ve sent them a message on the app but still had no response 😤 actually can’t believe they’ve charged me nearly £40 for a fair that should of been no more than £20 xx,Uber_Support
583225,2017-12-03 13:31:17,230227,@VirginTrains hi last Friday I was booked in 7 pm to Euston to Manchester. It was 85 min delayed. How can I claim my refund?,VirginTrains
583295,2017-12-03 13:33:34,257560,Fuck you @115911  my bill too damn high,TMobileHelp
562450,2017-12-03 13:36:37,251614,"@SpotifyCares thank you! It finally worked and the app can open up, except once i try to log in it says “service is temporarily unavailable”, is that a separate problem?",SpotifyCares
566836,2017-12-03 13:37:18,252898,@252899 @AppleSupport 😂,AppleSupport
582667,2017-12-03 13:39:11,257144,"@AmazonHelp Impossible to deal with you. WHAT IS YOUR CONTACT PHONE NUMBER?????
We've gon onto your site but cannot see anywhere to chat or call.",AmazonHelp
536060,2017-12-03 13:42:31,244198,@MicrosoftHelps .i just want to download apps from my app store.but I cant.please help me.,MicrosoftHelps
582436,2017-12-03 13:42:58,231529,@VirginTrains Whats the best time to travel back to London on an open return tonight?,VirginTrains
583033,2017-12-03 13:44:11,257494,Why has @115873 reset my password without my consent?,Uber_Support
582676,2017-12-03 13:45:31,257378,"@AmazonHelp こちらこそです。
丁寧なコメントありがとうございます。😄😃😀",AmazonHelp
584310,2017-12-03 13:49:22,257871,"Maybe my 11:05am flight will be conveniently a little late departing today, so I don’t have to wait 2 hours to find out if Bama got in. What ya think @AmericanAir? #CFBPlayoff #RollTide",AmericanAir
588089,2017-12-03 13:50:36,211455,"@AppleSupport there needs to be a bug fix. Whenever I’m listening to music, it’ll randomly stop multiple times during the song and that’s obnoxious",AppleSupport
463345,2017-12-03 13:53:58,257618,@115850 Oneplus 5t quiz,AmazonHelp
584146,2017-12-03 13:58:46,228250,"@Uber_Support is it some scam or what,my last ride issue of over charging is pending and yet again,I am being charged 4times more thn the rate booked on,charged for 48.3km(actual 2.5km),booked for Rs36(after coupon discount) &amp; charged for Rs133,How it is possible.",Uber_Support
583169,2017-12-03 13:59:59,257530,"@VirginTrains @120576 Out to @VirginTrains, Thank you. Hello, @120576  what's your answer as to why today is so hellish?",VirginTrains
584474,2017-12-03 14:00:07,257556,@SouthwestAir Reference code: SW900000-AAAA-r5RPKRFrTjKBnfQ2Au-8cQ Occurred on: 12/03/2017 07:59:35 https://t.co/agDPCsv82L,SouthwestAir
584647,2017-12-03 14:01:56,257964,@AmazonHelp @115850 I placed the order at 2:50 pm and you shared the details with the courier at 10:25 am !! You know me so well what am I going to order😂😂 keep it up !!! https://t.co/MiLm1LnI7i,AmazonHelp
581141,2017-12-03 14:06:51,256941,"@AmazonHelp One had the date changed, but still didn’t show. I’ve requested a refund. The second was supposed to be here yesterday, now has a range.",AmazonHelp
583009,2017-12-03 14:09:11,257486,@Uber_Support Thank you,Uber_Support
585443,2017-12-03 14:11:17,258208,@VirginTrains Not able to get on reserved train from MCR to LDN yesterday or LDN to MCR today. Do I get a refund? Thanks.,VirginTrains
584165,2017-12-03 14:12:10,257826,@SpotifyCares no they aren’t,SpotifyCares
584617,2017-12-03 14:13:59,257956,@115830 pls tell your driver to hurry up :),AmazonHelp
583208,2017-12-03 14:20:03,257879,@VirginTrains Can I use my ticket tomorrow instead?,VirginTrains
577115,2017-12-03 14:20:27,120914,@115850 @AmazonHelp I don't think then its worth for buying a prime membership and waiting for 13days....what is use of taking a membership???,AmazonHelp
588018,2017-12-03 14:22:21,214488,@AppleSupport Hi! :) After the latest update my Keep widget doesn’t show anything. https://t.co/zkcgPLmpvG,AppleSupport
585098,2017-12-03 14:24:10,258101,@Uber_Support I left my phone in the cab in Bangalore! My phone number is +65 94601729 my User name is Meghna Sahgal! Please help urgently I am from Singapore I need my phone back,Uber_Support
585831,2017-12-03 14:27:02,258305,@115821 hi i ordered from amazon india and it was shipped and later after 1 day its showing undeliverable . I wanted this product badly and amazon cancelled all my order . And also it was amazon fullfilled order . I want to order again at same price please help amazon.,AmazonHelp
589022,2017-12-03 14:28:57,259229,@comcastcares check your DM,comcastcares
584791,2017-12-03 14:30:20,258012,@AppleSupport 11.2,AppleSupport
578423,2017-12-03 14:32:28,256165,@AmazonHelp 到着予定日が購入後に(12/1着→12/4ごろ到着予定に)1回伸びましたよ。先ほど確認したら発送連絡がようやく来てて明日には着くらしいです。インフルで体力無いから問い合わせもしんどいのでおとなしく待ちますわ。。。,AmazonHelp
585271,2017-12-03 14:33:44,258160,@AmericanAir worst customer service i have experienced both your phone reps need to be re trained. Now I remember why I hare using you,AmericanAir
584158,2017-12-03 14:33:57,257826,@SpotifyCares it played until 11 seconds then it stopped and won’t play the rest of the song. https://t.co/6oXsWWfDX0,SpotifyCares
585221,2017-12-03 14:34:00,207673,@Delta Do you know why the app isn’t showing the upgrade list for flt 2768 tomorrow? It hasn’t shown it since I bought the ticket and I’m curious to know how many seats are left in first.,Delta
584558,2017-12-03 14:39:03,257941,"@AmazonHelp Danke, wenn morgen hier nichts ankommt werde ich das tun.",AmazonHelp
589548,2017-12-03 14:40:31,259390,"@AppleSupport Hi, I have a Early 2015 MacBook pro, looks like screen coating is going off, can i get it rectified in Manila as I am travelling to Manila shortly",AppleSupport
585364,2017-12-03 14:43:34,258189,@VirginTrains are advance tickets still applied to services today or can we get on other services to make sure we still get to our destination on time?,VirginTrains
585752,2017-12-03 14:44:15,254507,@23774 All of these were bought from @115821 and their policy has left me helpless. Hope I get some responsible response from you guys. https://t.co/NNecSxSf0H,AmazonHelp
585083,2017-12-03 14:44:35,258097,"@Uber_Support Pls ensure that your drivers are sensitized, if they don’t want to take a ride, let us know upfront instead of keening senior citizens waiting in the cold. Let me know what actions you are taking for such behavior.",Uber_Support
586675,2017-12-03 14:46:30,258548,@SouthwestAir love these #newplanes more leg and body room! Cannot wait til I can enjoy during a trip to #Hawaii,SouthwestAir
584660,2017-12-03 14:50:45,257968,@AppleSupport This issue occured since yesterday. Now I cannot use my iPhone 5s since it doesn't recognize any touch input... ☹️,AppleSupport
585801,2017-12-03 14:51:20,258297,@AmazonHelp this massive box for two nail varnishes is a bit much surely? 😂 https://t.co/aJBQUzsd1N,AmazonHelp
585352,2017-12-03 14:54:22,234454,@VirginTrains - will all be sorted for Piccadilly - Euston tomorrow am ? @27305,VirginTrains
563665,2017-12-03 14:54:55,251984,@comcastcares @127249 ru there? @comcastcares,comcastcares
570490,2017-12-03 14:55:54,253940,@Uber_Support @251234 😂😂😂😂😂😂😂,Uber_Support
585737,2017-12-03 14:59:09,258287,@120540 il doppio addebito per lo stesso prodotto. Perché mi devo preoccupare dei pagamenti con Amazon ??? Attendo vostra risposta https://t.co/2JCtVBpxud,AmazonHelp
586635,2017-12-03 14:59:44,258532,@VirginTrains how do I get from Birmingham to London tonight?,VirginTrains
586882,2017-12-03 15:03:08,258588,@115850 ORDER # 171-0200273-8793977 MCP Air Bed for Bed Sore Patients .. Worst product I have ever seen .. the air pumping machine was not working right from the beginning .. Tell me please how to return the item and how should I get back my money ...I badly want to return it,AmazonHelp
603610,2017-12-03 15:03:17,263430,hello @SpotifyCares i don't know what happened but my most of the songs i downloaded got erased and are now being downloaded again?,SpotifyCares
585712,2017-12-03 15:07:37,232627,@AmazonHelp Phone wont even turn on anymore. Not sure it is a software issue,AmazonHelp
586503,2017-12-03 15:09:08,258509,@AmericanAir Thank you.,AmericanAir
586611,2017-12-03 15:09:17,258527,"@VirginTrains My train was cancelled earlier to Euston, can I get the 5pm train today instead?",VirginTrains
589531,2017-12-03 15:09:28,259385,@AppleSupport @115858 please can you tell me when my #iPhone will stop crashing after the new update? Should have bought a @1107 brick!,AppleSupport
584126,2017-12-03 15:10:52,257820,@Uber_Support I did that this morning but no one has got back to me,Uber_Support
586530,2017-12-03 15:11:18,236552,Wow!! Fifth time Comcast was suppose to put in new phones lines. Once again they come for the cable. I don't even know what to say. It's like talking to a wall. Disappointed is an understatement. This is too much.,comcastcares
586686,2017-12-03 15:11:55,258553,"@115913 @27376 @910 John I have no problem with my phone service, but just to let you know, T-mobile app sucks.",TMobileHelp
586419,2017-12-03 15:13:56,258486,@DELTA so is policy to install navigation upgrade without testing them?? Or that just my experience? DL2233,Delta
585759,2017-12-03 15:15:36,258290,@AmazonHelp D'accord merci beaucoup,AmazonHelp
589500,2017-12-03 15:18:55,259377,@AppleSupport how can I activate family-sharing for two itunes-accounts from two different countries?,AppleSupport
586543,2017-12-03 15:19:19,258517,@VirginTrains am I safe to think 2130 Birmingham to Euston is going to run tonight??,VirginTrains
591464,2017-12-03 15:19:27,259953,@SpotifyCares please check for me and get it back https://t.co/yHTSS641rH,SpotifyCares
586835,2017-12-03 15:21:41,258578,"@258579 @118706 Now my package says Dec
 1 to 7th but when you click on the order to see tracking it says Thursday, which is 1 week past delivery date. No one will give me an answer not even the Amazon seller.",AmazonHelp
585660,2017-12-03 15:27:15,258278,@AmazonHelp  https://t.co/SwdyzYZAfP,AmazonHelp
590955,2017-12-03 15:27:48,259794,Battery life sucks on ios 11.2 for 6s plus ergh might change sides. Gila kau mau suruh aku beli lagi iphone HAHA makin lama makin bikin panas. Lama sudah aku sama iphone ni. Tukar selera ni next year @115858,AppleSupport
586497,2017-12-03 15:29:55,258508,@AmericanAir No option given when asked for getting back bags in MIA.,AmericanAir
587705,2017-12-03 15:30:17,258844,"Stranded in Durham, broken down train. Expecting some serious compensation @VirginTrains",VirginTrains
587989,2017-12-03 15:33:28,258938,@119625 I’m a prime member but couldn’t stream videos from My Nexus 6P - Prime App to TV using Chromecast. Can you help??,AmazonHelp
2980238,2017-12-03 15:37:08,821957,"@AppleSupport Thanks but no thanks, you are of no help!!!",AppleSupport
585710,2017-12-03 15:38:32,258285,@AmazonHelp Email sent.,AmazonHelp
589185,2017-12-03 15:39:25,259271,@SouthwestAir look how much the aisle seat is set into my storage area. Makes sitting in that’s seat incredibly difficult - leg right into the metal bar https://t.co/79zaF0r26l,SouthwestAir
578085,2017-12-03 15:39:31,256073,@Uber_Support Sorry if I sounded rude,Uber_Support
587662,2017-12-03 15:41:00,258832,@virgintrains @213768 Told not to travel to Euston. Told Crosscountry taking tickets. Got to crosscountry to be told this had stopped. Couldn’t get back to Euston in time. No refund on original ticket you advised I didn’t use. Discuss.,VirginTrains
547001,2017-12-03 15:45:20,247224,@MicrosoftHelps I have sent you a DM regarding this issue. A quick reply would be appreciated.,MicrosoftHelps
587934,2017-12-03 15:46:30,258929,"Dear @AmazonHelp, 

Great experience. Thank for that waste of time yesterday and that amazing service you offered yesterday and today. N",AmazonHelp
587056,2017-12-03 15:48:22,258649,"@AppleSupport In your language : spending more time to upgrade #iOs11 than using my iPhone which is now unusable due to this OS release. iPhone 8 order cancelled, no confidence in Apple right now.",AppleSupport
587657,2017-12-03 15:49:19,258831,"Loving the announcements on this @VirginTrains ""there doesn't appear to be any catering staff onboard"" 

I do like honesty 😂",VirginTrains
585242,2017-12-03 15:50:34,158122,@Delta I don't understand why it does not do it automatically. We live in a tech savvy World !!! From my app I try to upgrade and stand by but it won't even do anything from there. Just very Dissapointed the last several flights I have been on this past few weeks.,Delta
587620,2017-12-03 15:51:08,247778,@116136 Praises to Sam G. at the Fort Collins Xfinity store. He solved an 8 day email problem in a few minutes,comcastcares
588670,2017-12-03 15:52:49,259138,@AmazonHelp i am still waiting for my order from okt 19 My Order is # 205-0259599-2733945 I know that the book came out on nov 14 but I am still waiting. hopefully you can help me greetings from the Netherlands,AmazonHelp
585962,2017-12-03 15:57:32,258350,@AppleSupport Yes definitely! I can unlock my iPhone . When I connect my 📱 it unlocked already !,AppleSupport
585788,2017-12-03 15:58:28,139223,@AmazonHelp You've already made it clear you a)cannot help and b)have no access to my account. Giving you any further info is pointless.,AmazonHelp
502629,2017-12-03 15:59:23,235086,"@Uber_Support Contacted via the form linked above and also clicked on verify email id mentioned.
@116276",Uber_Support
589172,2017-12-03 15:59:46,259268,"@VirginTrains Hi Virgin, I'm due to travel on the 19.28 from Euston tonight. Is this train still running?",VirginTrains
590163,2017-12-03 16:00:58,259560,Vaag? @115888 @131098 komt met ‘n aanbieding. 99 euro voor een heel jaar. Bespaar 2 maanden. Ik log in. Je komt niet in aanmerking staat er. Je kunt wel premium nemen. Terwijl ik al jaren premium heb. Vaag?? 🤨 Snel mijn wachtwoord wijzigen. Vermoedelijk spam....,SpotifyCares
588946,2017-12-03 16:02:25,121782,"Hey,@AmericanAir, your admiral's club rep, Nicole, at DCA is amazing. Super helpful, oh, and nice to boot.",AmericanAir
586798,2017-12-03 16:04:35,258573,@AmazonHelp I used a gift card to pay so would I completely lose that balance?,AmazonHelp
587639,2017-12-03 16:04:45,258827,@VirginTrains Yes,VirginTrains
80547,2017-12-03 16:08:52,133883,"@AmazonHelp What should I do with your correspondence? I need resolution but Amazon people cheating us. I have sent all the details but in vain. It's 6 days now and Amazon is not even responding, I have to call them, pathetic!",AmazonHelp
584652,2017-12-03 16:12:57,257966,@AppleSupport Great thanks,AppleSupport
588805,2017-12-03 16:13:36,259164,"@259165 3 drivers denied gping to Airport, 
1st: Sir I don't have money to fill Diesel to come till airport. 
2nd: cancel without any response. 
3rd: I won't come to airport as I have to pay toll and Uber does not pay back.
I wasted 45min just waiting for @115873 cab.",Uber_Support
571487,2017-12-03 16:15:12,254262,@comcastcares What did the ruling say? @27448,comcastcares
589136,2017-12-03 16:17:09,249775,@VirginTrains Yes understand that as will be claiming fir no train to Stoke Saturday but cross country customers should have been able to have their seat. Your customers should have been told to stand!,VirginTrains
588773,2017-12-03 16:17:16,259157,"@AmazonHelp 3 de janeiro, tá muito longe e eu não entendo o porque",AmazonHelp
590915,2017-12-03 16:22:44,259782,"@116333 problem with the volume icon on the iPad Air 2, iOS 11.2 https://t.co/ozoLiEG3cB",AppleSupport
588666,2017-12-03 16:23:50,259138,@AmazonHelp They didn’t know why my order is delay. Or when it will be shipped. Hopefully It will be shipped soon because one of the Garth brooks book is a present for some one. But thanks for replying and helping me:),AmazonHelp
589080,2017-12-03 16:25:34,259246,@VirginTrains I’ve not got the tickets anymore but you have my details on my account so why can’t you use them,VirginTrains
590243,2017-12-03 16:27:07,259585,@AmericanAir y’all really have to get new episodes of tv shows on y’all flights. I’ve watched these same episodes over and over again. Lol,AmericanAir
590216,2017-12-03 16:28:17,259579,Majestic @Delta Queen departing @27445 now https://t.co/S4oUVVGSJS,Delta
592287,2017-12-03 16:28:20,260173,@AppleSupport is there a software glitch in the latest update for iPhone 5s? Phone switching off randomly and not staying on long enough to back up,AppleSupport
590614,2017-12-03 16:29:22,259694,"Need help.  Signed up for BOGO 2 weeks ago.  Got one phone. Other one is lost in transit. Store says it’s a known issue.  Spent close to 5 hours between store, customer service and UPS.  No resolution in sight and no one knows how to proceed.  @115911 @TMobileHelp @UPSHelp @115817",TMobileHelp
590018,2017-12-03 16:30:51,250041,@AmazonHelp Why do I never get the free standard Amazon locker pickup option anymore on eligible orders for my local locker? For months &amp; months now. Just tried a locker I haven’t used before and I only got the option of the free one tho?! I’m getting to know HMV store near work!,AmazonHelp
588070,2017-12-03 16:35:05,258966,@AppleSupport Many times actually. Repair installs and even clean installs. I first noticed the problem in one of pre-release public betas and the problem has persisted ever since.,AppleSupport
590020,2017-12-03 16:35:25,259508,@AmazonHelp I hope so. I won’t know for sure until I get a followup email.,AmazonHelp
590528,2017-12-03 16:35:43,259669,@VirginTrains Brilliant thank you!,VirginTrains
590103,2017-12-03 16:38:07,259538,@115877 Do y'all deliver Champagne 🤔,Uber_Support
588791,2017-12-03 16:41:45,244122,@AmazonHelp No update,AmazonHelp
589038,2017-12-03 16:42:25,247341,@comcastcares It was resolved. Thankz,comcastcares
590568,2017-12-03 16:44:18,259680,@259681 @SouthwestAir Like I used to get them once a quarter. Now I haven’t in 2 years but they know where to send me credit card offers.....,SouthwestAir
591688,2017-12-03 16:47:11,260010,"@AmericanAir after waiting 1.5 hours being told our plane was almost ready to leave with a fixed door, now I’m stuck at LAX and trying to make it back to the DFW area. What are my options? My wife has patients to see, my dog needs to get picked up today. Need options, please.",AmericanAir
590830,2017-12-03 16:48:20,259756,I don’t think I will ever order from @115821 again. Has anyone else ever had trouble receiving their order? It has been two(now three) weeks on my 5-7 day shipping.Nothing was on BO when I ordered. #frustrated #amazon #books #onlineshopping #help https://t.co/Rm4sM0NqdJ,AmazonHelp
590078,2017-12-03 16:48:27,259527,@Uber_Support hi i need help with placing a order it cant confirm my mobile number,Uber_Support
588148,2017-12-03 16:48:57,134431,@AppleSupport The phone seems buggy right now.,AppleSupport
590447,2017-12-03 16:49:06,259650,@VirginTrains Yes it was a 20 minute queue to buy the ticket to get out the station,VirginTrains
590952,2017-12-03 16:56:15,259793,@AppleSupport I’m updated to iOS 11.2,AppleSupport
591773,2017-12-03 16:57:50,258529,No response @VirginTrains after I spent more than an hour sat in a luggage rack as no seats were available?,VirginTrains
590798,2017-12-03 16:57:59,259746,@AmazonHelp How do you help customers by ignoring them?,AmazonHelp
562451,2017-12-03 17:02:42,251614,"@SpotifyCares turns out it did work for a few hours, but i closed it again and opened it after an hour or so and it just came up with the same error message.",SpotifyCares
590791,2017-12-03 17:02:44,259746,"@AmazonHelp My order was delayed, for no reason. It was supposed to be delivered, two days ago, but was delayed until Monday. All I keep getting told, is to wait. I cannot wait, it will be too late. It pretty much already is too late. Nobody wants to do anything to help.",AmazonHelp
544513,2017-12-03 17:02:55,259942,@115873 Was charged £156 for a £15 journey was the first time and last time I would use @115873,Uber_Support
591732,2017-12-03 17:03:17,241952,What sucks when you live in the Chicago area and @115900 only puts on at noon for CBS  is the Bears Vs 49ers and Fox nothing lol. Guess they dont know what real teams are https://t.co/cu3B7AbwFc,comcastcares
585855,2017-12-03 17:04:06,258313,@AppleSupport It says 11.1.2,AppleSupport
591771,2017-12-03 17:07:59,258529,@VirginTrains Do we get refunds for being treated like cattle?,VirginTrains
590052,2017-12-03 17:08:37,259516,@AmazonHelp Comme je l'ai dit je les ai appelés. Ils m'ont dit que c'était vous qui leur imposiez ce système et qu'ils ne pouvaient rien faire.,AmazonHelp
586485,2017-12-03 17:09:58,154289,@AmericanAir Ha well if you saw in the article another pax tried to get on the plane with my boarding pass. Not sure how he got an agent to reprint it but he did... so that was the weird experience.,AmericanAir
587021,2017-12-03 17:11:25,258640,@AppleSupport The “Manually back up to this Mac” one,AppleSupport
591402,2017-12-03 17:11:47,259934,@115873 Called at 1:41 and she was driving around looking for a second rider for more than an hour and cancelled on me! https://t.co/TUq4ZRpwDO,Uber_Support
592180,2017-12-03 17:14:35,260144,@AmazonHelp please contact me about an order that was never delivered yesterday. I live in Manhattan – you're service people tell me they left it on the street. That's either incompetent or impossible. Thank you.,AmazonHelp
593136,2017-12-03 17:14:57,260410,Just discovered that @SouthwestAir charges full fair difference for SAME DAY standby on earlier flight. Now have to sit at airport for 5 hours #buyerbeware #travel #businesstravel #airlines #worstairline #southwest,SouthwestAir
591764,2017-12-03 17:18:08,125747,@VirginTrains I'm still waiting for a reply to two emails about a delay repay query from November 5 😢,VirginTrains
593495,2017-12-03 17:19:22,260523,Seriously @115858 !!! Face ID bug is a huge #FAIL for such an expensive phone. Grrrrr! #alreadyrebootedthephone3times,AppleSupport
575808,2017-12-03 17:19:28,250630,@TMobileHelp @115913 I already did,TMobileHelp
592055,2017-12-03 17:21:41,260113,@115821 why do I pay money for prime and am being asked to tip the prime now delivery driver? #abandonedCart #googleExpress,AmazonHelp
591385,2017-12-03 17:23:20,259929,"@Uber_Support DM...? What is this?

__email__ that's my id. But if you just want to apologize then plz i m sry bt m nt interested...",Uber_Support
590428,2017-12-03 17:23:57,259642,@comcastcares @259641 Any update here? Service seems to be out,comcastcares
593074,2017-12-03 17:23:58,232026,Being sick in a @VirginTrains toilet is quite difficult. Somehow I managed not to get anything in my hair. Or on the floor. #masterpuker,VirginTrains
588859,2017-12-03 17:24:16,259180,@SpotifyCares @259179 Will there be a fix that automatically cleans up the mess you caused? I am not willing to make any changes manually. It's your task to release a fix.,SpotifyCares
592835,2017-12-03 17:26:45,260325,"@Delta I've just booked a flight with you, basic economy, for September next year, have missed last letter off middle name, can I change this?",Delta
594666,2017-12-03 17:30:42,260891,@AppleSupport since upgrading my iPhone 6 to iOS 11 GPS doesn’t work at all on any of my navigation apps.it was fine before updating. Why haven’t any of the subsequent updates addressed this?,AppleSupport
585675,2017-12-03 17:31:05,258280,@AmazonHelp Que había otro compañero en ello y que se pondría en contacto conmigo en breve. Y aquí sigo pendiente.,AmazonHelp
592959,2017-12-03 17:33:06,260359,@AmericanAir Doesn’t explain poor customer relations and the gate and bad communications! I know you can do better!,AmericanAir
599359,2017-12-03 17:34:19,262173,Dear @115890 @MicrosoftHelps 90mins and counting. Totally destroyed my work schedule (not the first time). This is beyond ridiculous. https://t.co/dW5hNTi2W0,MicrosoftHelps
594655,2017-12-03 17:35:54,260886,@AppleSupport the Apple pay app doesn’t show up in messages. I just updated and turned on dual authentication.,AppleSupport
592780,2017-12-03 17:38:32,260310,"@Uber_Support This link takes me to ""my fare was too high"" My fare wasn't to high i was charged and additional amount",Uber_Support
593492,2017-12-03 17:39:17,260522,"After sending back a 1334€worth product I needed to work with for visible damages and no packaging, after countless mail, chat and call more than 2weeks has passed and I’m still waiting for a replacement. Can someone give me an exausting reply? #amazon @120533",AmazonHelp
593120,2017-12-03 17:40:37,260409,@13621 at a bird's eye view on a gorgeous #BayArea #SundayMorning  @SouthwestAir #ilovemyjob #campusofchampions https://t.co/haAGFlcC56,SouthwestAir
594653,2017-12-03 17:41:44,247576,@AppleSupport why isn’t my Apple Pay Cash working :( tells me it’s not available bcuz of settings or region (i live in the US),AppleSupport
593165,2017-12-03 17:44:14,260091,@TMobileHelp @115913  https://t.co/MdYTi0bqUt,TMobileHelp
593461,2017-12-03 17:46:02,222542,@AmazonHelp Hi. I have a parcel which says due today by 8pm but doesn’t say it’s out for delivery. Can this be checked please?,AmazonHelp
594624,2017-12-03 17:48:39,260877,"Since iOS 11.2, my iPhone 7 has become way faster than before (perhaps even better than iOS 10). That’s great, but now it is warming a lot and I am still disappointed by the battery life (Location Services off (even the system ones) and background app refresh off). @AppleSupport",AppleSupport
594250,2017-12-03 17:48:42,260770,Another smooth journey from @120576 @VirginTrains London - Edinburgh!,VirginTrains
592742,2017-12-03 17:49:42,260297,"@Uber_Support Note has been senf, what do we do next? Order again? Bc at the moment we only recieved water and sauces, the transaction went through",Uber_Support
593434,2017-12-03 17:50:07,260507,@115821 is the most unprofessional company ever,AmazonHelp
594227,2017-12-03 17:53:44,260762,@116136. Your TV service was JUNK. AT&amp;T's Directv Now is soooo much better and only costs a third of your price. All stations in HD,comcastcares
592929,2017-12-03 17:53:47,260352,@AmericanAir  My boarding pass doesn’t have my TSA Pre on the boarding pass. Need help.,AmericanAir
593427,2017-12-03 17:56:26,260506,@116875 hola Amazon tu app para iOS está fallando mucho con la nueva actualización.,AmazonHelp
588118,2017-12-03 17:56:33,258982,@AppleSupport Ugh. This WASNT a problem since I’ve had laptop back in 2015. Leaves my hands and come back an issue. That’s where I am at. Thank you.,AppleSupport
593388,2017-12-03 18:01:14,260496,@AmazonHelp I have a quick question for you.,AmazonHelp
563457,2017-12-03 18:03:39,139533,@251928 @Uber_Support Once he is in proximity of the GPS pin the Clock starts. rider notified lasts 2 minutes and wait time lasts 3 minutes....after that it's time to cancel s customer is in wrong location. And YES there is a clock.,Uber_Support
595422,2017-12-03 18:03:47,261096,"@VirginTrains Wow no response at all @VirginTrains? I chose, on your advice to not travel today and want a full refund but have an eticket. Website taking me round in circles. Can someone please tell me how I get a refund?",VirginTrains
550483,2017-12-03 18:06:13,248239,"@AmazonHelp No me deja rastrearlo, y me preocupa que se haya perdido porque lo pedí desde el exterior y no tengo casillero. Algunas personas me han dicho que es necesario el casillero, ¿es cierto? ¿Qué podría hacer entonces si se perdió?",AmazonHelp
594166,2017-12-03 18:06:42,260740,@AmericanAir  https://t.co/QdxAnhskTS,AmericanAir
594127,2017-12-03 18:08:51,260729,@Delta I need help ASAP! My daughters are stuck at LGA and the desk person is not helping! Please DM me,Delta
595393,2017-12-03 18:09:28,237278,@comcastcares why is my nfl on CBS in hd in spanish!!!! Sd in english,comcastcares
595788,2017-12-03 18:10:27,261179,"@115858  Hi there, since I 've update my Mac pro late 2013 (GPU AMD FirePro D300 ) to OS El Capitan I 'm experimenting sporadicly freezes of the computer  that force me to turn it off by pressing the power button :(  Do you have any solution to this annoying issue ? Thanks",AppleSupport
594342,2017-12-03 18:10:41,260799,"@115911 No Melj , I need help with the trade in process",TMobileHelp
592060,2017-12-03 18:11:28,260114,@AmazonHelp This only relates to desktop browsers - we don’t have one! How do you do it from a tablet or phone browser? Thanks for your help!,AmazonHelp
594038,2017-12-03 18:17:26,260699,@Uber_Support  https://t.co/cdgiYi87Ah,Uber_Support
588748,2017-12-03 18:18:32,259151,@AmazonHelp ‘Delivery unsuccessful ‘ on text when we have been in all Day #unacceptable should of gone to @Tesco. Another email to customer service,AmazonHelp
592234,2017-12-03 18:21:33,260155,@AppleSupport @AppleSupport I’m getting tired of waiting. Have you buggered up my computer? I promise not to get angry with you Mr BOT. Honest! I’m a nice person really. I will just head butt the wall instead of you. Promise! 🙄🤷‍♀️🙏🤕😇,AppleSupport
594600,2017-12-03 18:22:35,260871,@AmazonHelp I placed an order on black friday and called up on the 1st to ask where it was the next day the order had been cancelled by you and now I've been told I have to re oder it myself - meaning I'll have to pay an extra £150!! Absolute scam,AmazonHelp
593081,2017-12-03 18:24:40,260399,@VirginTrains Great thank you. Is it also possible to get on a later train this evening?,VirginTrains
595176,2017-12-03 18:26:22,261024,@Uber_Support Hi. How to I order an SUV for several adults and TWO CAR SEATS? I don't see how to get multiple car seats using the app. Thanks!,Uber_Support
595770,2017-12-03 18:29:16,261172,@AppleSupport Hi I’ve got a £9.99 pending transaction on my bank from iTunes but I haven’t purchased anything? Can it be cancelled please?,AppleSupport
596886,2017-12-03 18:32:45,261494,@AppleSupport Safari didn’t open any page and this message is keep showing . what should I do? https://t.co/g4Es8bYhsI,AppleSupport
595335,2017-12-03 18:34:05,155352,@comcastcares just a minor request could you please fix the voicemail system so I don't have to listen to the ENTIRE message? Do you know how unnecessarily long some messages are?😳 #pleaseandthankyou,comcastcares
570058,2017-12-03 18:34:48,253810,@AmazonHelp I did not receive it by my new due date of today. Instead they moved it again for 2 days from now. This is unacceptable,AmazonHelp
595505,2017-12-03 18:37:51,206917,@SouthwestAir C’mon SWA - why have you locked me in at Terminal 1??? I can’t walk around to Terminal 2 without going back through security. Are there plans to connect the Terminals? I hope so.,SouthwestAir
596933,2017-12-03 18:37:55,261511,Sick of my phone crashing 😡 @115858  your shite,AppleSupport
595138,2017-12-03 18:39:34,261012,"@Uber_Support I have connected.  Their is no requirement for a dallas driver permit anymore yet I am being kept of the systems because my document expired.
Why can this be fixed.  My docs are in order and yet I can’t drive.",Uber_Support
594284,2017-12-03 18:39:37,194127,@VirginTrains Was it a Virgin train?,VirginTrains
595735,2017-12-03 18:39:45,261162,"@AmazonHelp I have an order that included an add-on item. Both the outer box and product came damaged, and I do not want to reorder (since it's an add-on). The site won't let me do an exchange, just a refund. Please help. Thanks!",AmazonHelp
595250,2017-12-03 18:40:45,261048,"@Delta I'm trying to book a flight JFK-HAV; I will be traveling with my Guatemalan passport so I don't need a Visa, only a tourist card I can get at the HAV airport; but I can't book it from the page and at the CC they don't seem to be able to help... what can i do?",Delta
594532,2017-12-03 18:45:16,260853,@AmazonHelp UPS,AmazonHelp
595262,2017-12-03 18:46:10,218538,@AmericanAir one flight down one to go. Two back-to-back cross country trips this week and next. Looking forward to smooth skies for me and all our folks. #Travel #elzly,AmericanAir
595132,2017-12-03 18:52:22,261010,@Uber_Support Just sent a report on the app. Hope I can get a refund for the unprofessionalism of the first Uber request I made last night,Uber_Support
596506,2017-12-03 18:53:44,261380,"@115900, your agent Jov is terrific! Please thank her for her help setting up our new router.",comcastcares
585926,2017-12-03 18:54:00,258337,"@AppleSupport Hiya, yeah thanks a lot, that seems to have fixed the issue completely! I am so happy 😀👍🏻",AppleSupport
598529,2017-12-03 18:54:35,261925,@Spotifycares I can’t join my family plan until I have an email to send the invitation to!! Please help!,SpotifyCares
595709,2017-12-03 18:55:24,261158,@AmazonHelp i want to know the price of alexa device .?RT,AmazonHelp
595544,2017-12-03 18:55:26,261118,@115911 @115913 yup this is what I need do I just stop by a @115911 store?,TMobileHelp
597606,2017-12-03 18:55:43,261681,"Cosy floor, loving having to move every two minutes for people stepping over me  @123241 @VirginTrains @120576 #noseatsonthetrain https://t.co/dcWRQIsB34",VirginTrains
596334,2017-12-03 19:00:41,261324,@Uber_Support I have submitted two requests for help since yesterday. Both responses tell me that I should be able to receive uberx requests now. I still cannot. How do I fix this? https://t.co/iY7bylU9hF,Uber_Support
595636,2017-12-03 19:02:25,130710,"Mais LOL!!! MDR!!! PTDR!!! Vous êtes SÉRIEUX, les gars??? @120533 😂😂😂😂😂😂😂😂😂😂😂 https://t.co/2V1IzNtqAp",AmazonHelp
453929,2017-12-03 19:03:51,222724,@AppleSupport More than 24hrs since I DM’d and still 🦗 https://t.co/hpkEkzeEXT,AppleSupport
596504,2017-12-03 19:07:21,217767,My internet goes out like every week @comcastcares,comcastcares
595630,2017-12-03 19:08:21,261140,@AmazonHelp Y este es el mensaje que recibí. La empresa seguramente ni siquiera ha intentado entregar el envío y ya están diciendo que tienen problemas para entregarlo. El último update del rastreo es que ya se encuentra en manos del transportista. https://t.co/EvmJutJVGK,AmazonHelp
595785,2017-12-03 19:13:39,162157,@AppleSupport Thanks 😊,AppleSupport
596304,2017-12-03 19:14:50,261315,@115873 can’t yall deactivate my account so I can create a new account. My email address and phone number is in use on two different accounts and yall don’t respond to any emails.,Uber_Support
594534,2017-12-03 19:15:31,260853,@AmazonHelp That's what I did and ended up with no resolution. They were not very helpful. They checked the tracking and told me I would have to wait because it is on the way which is why they can't give a refund.,AmazonHelp
598749,2017-12-03 19:18:32,261991,@VirginTrains have train booked for Dec 15th. Likely to be disrupted by strike action. Can I get a refund / travel on a different day at no extra cost?,VirginTrains
598103,2017-12-03 19:22:08,261788,@AppleSupport Hello. Please could you let me know how to escalate an existing support request to a complaint please? Partner has had no iCloud access for over a month due to erroring two factor authentication.,AppleSupport
596779,2017-12-03 19:25:21,261467,"@115821 I got a new phone. I don't remember my login, my old phone had it saved. And now I can't login and I can not get to help through the site because it wants me to login. Can you help me?",AmazonHelp
596411,2017-12-03 19:25:48,261051,EVERYONE it happened!!!!! I'm sitting next to a dog on a plane!!! @AmericanAir this is the best day of my life. 🙏🏻😘🐶 https://t.co/OILo9CUTwM,AmericanAir
597569,2017-12-03 19:28:54,261672,Internet has been out for hours... Nice job @116136,comcastcares
597767,2017-12-03 19:29:35,261717,"@MicrosoftHelps This doesn't exactly help me. My problem is that the main taskbar location changes, when I shutdown my PC and turn it back on, randomly from the 2nd screen (where I want it to be) back to the first screen. 
I have ''Lock all taskbars'' ticked.",MicrosoftHelps
597443,2017-12-03 19:30:05,261649,@Delta Hello. I’m trying to get Skymiles for a recent trip I took with you that were not credited to my account . What is the US phone number that I should call to resolve this? Thanks.,Delta
595817,2017-12-03 19:32:14,261188,"@AppleSupport Hi, thanks for getting back to me. I gave up after an hour and called. Go the help I needed, thanks",AppleSupport
597945,2017-12-03 19:32:41,261760,@116935 Tried to share prime playlist with another prime member thru app. Doesn't work. Tried w/ diff playlists and diff ppl. Help!,AmazonHelp
596594,2017-12-03 19:32:54,261407,@TMobileHelp Since I went to store in 33467 you're employee deleted this link did speak to Ryan and Charlie at moment all is well.,TMobileHelp
597309,2017-12-03 19:35:52,261622,"@Uber_Support currently on a trip where the driver is incapable of following satnav, has taken a wrong turning, delaying the journey by 30 mins. Please advise on refund",Uber_Support
597408,2017-12-03 19:39:33,237007,"@Delta So to confirm, 3 bags to the Caribbean from US with silver status &amp; skymiles AMEX, Under 50lbs, are complimentary?",Delta
596757,2017-12-03 19:40:34,261462,Does @115821 and @3375 just drive by and throw packages out the window? Cause I definitely didn't have a package 'delivered' 🙃,AmazonHelp
590379,2017-12-03 19:40:53,259620,@comcastcares Just did thanks!,comcastcares
598831,2017-12-03 19:42:34,262012,"For how much I fly with @SouthwestAir I’m still waiting for the day where during the safety announcements, one of the flight attendants puts on a show 😂",SouthwestAir
595425,2017-12-03 19:44:22,261096,@VirginTrains Yes I know that but on the website there's nothing for me to fill out 2 claim back on an eticket  as it's not normally refundable. Ticket isn't showing up on the online account I have so must have bought it not signing in to my account and I can't get through to anyone on phone??,VirginTrains
596845,2017-12-03 19:44:32,261482,@AppleSupport I can’t go into music through my settings. It freezes up and then closes my settings app,AppleSupport
528358,2017-12-03 19:45:23,242329,@Uber_Support @115873 in response to your email: I know that there is a surcharge on my receipt but I didn’t request it. I use Uber frequently and just requested and confirmed a ride In the normal way. The app didn’t tell me that there was a shortage of drivers.,Uber_Support
597960,2017-12-03 19:47:37,239373,@AmazonHelp funny how my Prume item ordered on Monday never left the seller till Wednesday and still hasn’t arrived. Why pay for Prime?????,AmazonHelp
597706,2017-12-03 19:49:28,261699,"Hey @115911 @TMobileHelp @115913 , You charged my friend $400 for making international calls on  @4305. Wth is this?",TMobileHelp
598523,2017-12-03 19:50:17,261923,@115888 Why isnt Hellboy by peep on Spotify?,SpotifyCares
596762,2017-12-03 19:53:16,261463,@AmazonHelp Thank you anyway. It requires that I link this message and my social media name to the complaint. I live near Amazon and I really don't feel like having my political ideology held against me in my personal life. This is a violation of privacy so I will deal with it.,AmazonHelp
597384,2017-12-03 19:53:29,232879,"@Delta not sure who *TMS is at your Twitter account, but s/he saved the day.",Delta
599673,2017-12-03 19:56:08,262261,"Dear @VirginTrains every time I book a seat with you I choose ‘Forward Facing’ as I get nauseous if I am sat opposite to the direction of travel. Every single time I end up in a backwards-facing seat. What am I doing wrong? Kind regards, yours, &amp;c.",VirginTrains
598628,2017-12-03 19:57:42,261954,@AmericanAir Oh no! I was mistaken. First flight delayed. This one canceled. Not told by crew but by automated text. Poor customer relations,AmericanAir
597689,2017-12-03 19:57:58,258924,@TMobileHelp @115911 Still on hold...,TMobileHelp
599108,2017-12-03 19:58:32,262094,Is anyone else having this problem with their iPhone and the word it becoming I.T.? I seriously don’t understand what @115858’s problem is with the letter I lately. https://t.co/ZETx4VJqgc,AppleSupport
597954,2017-12-03 19:59:05,239373,@AmazonHelp Yes. Wednesday Nov 29.,AmazonHelp
595663,2017-12-03 20:03:34,261146,@AmazonHelp Yes how do I see if il been billed for the kids prime account on my amazon account,AmazonHelp
593037,2017-12-03 20:04:12,260386,"@comcastcares It has been resolved I think. Apparently I was given an incorrect username/email when I signed up, which caused some problems. I will have to watch my account and bills to make sure everything resolved. Thank you.",comcastcares
598818,2017-12-03 20:07:16,262009,Another great flight on @SouthwestAir where I am a frequent flier! #travelbaby #More than24flightsAlready https://t.co/mdKMj3sczM,SouthwestAir
596929,2017-12-03 20:08:51,261509,"@AppleSupport Fellas, thank you very much, but the end of that process led me to this.https://t.co/P1JfPCmHpoi tried those steps on Nov. 29th.",AppleSupport
597937,2017-12-03 20:09:48,261759,@AmazonHelp Y con cuál de todos los transportistas se supone que me tengo que comunicar?,AmazonHelp
597450,2017-12-03 20:12:37,261650,"@AmericanAir You don’t understand, and that’s a very adorable response from someone behind a desk who doesn’t fly your airline regularly. The quality of your flights are steadily decreasing. Try flying your own shitty flights sometime :/",AmericanAir
598502,2017-12-03 20:13:56,261916,@Uber_Support Tried connecting with the above link. Received a call from +91 11 7941 3793. The call is not getting connected. The operator says it's an invalid number.,Uber_Support
597965,2017-12-03 20:14:07,261762,"@AmazonHelp You guys sent it to the wrong address, then y’all tell me that it’s been corrected and that I would receive my package by tomorrow, but you guys don’t wanna notify me that it’s sold out when I’m expecting my package today, is that how y’all treat y’alls customers no communication",AmazonHelp
597670,2017-12-03 20:14:28,258924,@TMobileHelp And now @115911 @TMobileHelp by phone has informed me that my problem is unfixable and that I have to go through Apple. So that’s the end of that.,TMobileHelp
598767,2017-12-03 20:16:40,261996,@VirginTrains @261995 Seat guarantee claim.,VirginTrains
598476,2017-12-03 20:20:46,261907,"@81661 @115873 @Uber_Support Uber profile shows 66% complete &amp; says add payment method. I have 5 payment methods set up. As a result, I cannot set up Uber on my Wink Relay. Help? Uber support team thinks I’m a driver. I’m not.",Uber_Support
598076,2017-12-03 20:21:18,261780,@AppleSupport Sorry 9.3.5,AppleSupport
545720,2017-12-03 20:23:15,246874,@AmazonHelp I also reported it to https://t.co/KhW7YPXS0E and co.uk,AmazonHelp
599625,2017-12-03 20:26:40,262254,Can’t watch football on a Sunday @115900 is having problems again. Might be time to cut the cord.,comcastcares
597453,2017-12-03 20:27:02,261650,"@AmericanAir My employer picks my flights. So I’m stuck with you. I have plenty of other options, and I may need to talk to my employer about getting a different airline to handle my flights in 2018.",AmericanAir
670498,2017-12-03 20:29:15,279940,@AppleSupport @279939 Hed hacker dont trust him he works for kim jung un,AppleSupport
599738,2017-12-03 20:29:57,260729,@SouthwestAir Just sending you love today. Realizing how much better of an airline you are than the others. Thank you for taking my kids safely to New York City!,SouthwestAir
592798,2017-12-03 20:31:05,260314,"@Uber_Support If you take it so seriously. Go to any city centre in the UK, stand at various traffic lights and just watch. You'll see it for yourself.",Uber_Support
599519,2017-12-03 20:31:14,262227,@Delta flight 1359 deserves free WiFi,Delta
587969,2017-12-03 20:32:04,258933,@AmazonHelp I have lost hope in @115830 customer service,AmazonHelp
600384,2017-12-03 20:37:20,262384,"Così, solo per capire: ma perché l’ultima puntata della seconda serie di #thepath non la mettete in italiano? @116618 #amazonprimevideo",AmazonHelp
599422,2017-12-03 20:41:31,262193,"Dear @115873 I would like a refund on my ride where my driver did not return change in full. DM for further support, please #uber #uberindia #ubermumbai #uberrefund",Uber_Support
599592,2017-12-03 20:42:43,262245,"@comcastcares here we go again . . . service cut off, technician they sent out says it's because of past due payment. log into my account and i see no past due amount anywhere, only my bill that's due on the 11th. and billing is closed today. augh . . . help?",comcastcares
599767,2017-12-03 20:42:52,260796,"@262281 can you believe this? Apparently I've had a bad run w/providers! Write a letter &amp; mail it? That might make sense if this wasn't one of the largest COMMUNICATIONS companies! Hire an escalations team &amp; green light FIXING problems, even if it involves a few bucks. https://t.co/JJoKlEhTiI",TMobileHelp
598031,2017-12-03 20:43:36,261768,@AmazonHelp https://t.co/k2I3flOM44  and https://t.co/P1T8oXnM1t,AmazonHelp
599071,2017-12-03 20:43:53,262083,@AppleSupport In the App Store,AppleSupport
601996,2017-12-03 20:45:27,262879,When you call #AmericanAirlines to just asked how much it would potentially cost to go home two days earlier and the lady tells you a number you could definitely book a new roundtrip to the Bahamas for next week with...,AmericanAir
600344,2017-12-03 20:51:17,262375,God damnit my Kindle Fire HDX died on me. Fucking buttons on the volume don't work and sound isn't working at all. I swear Bezos refuses to build things to last so he can force people to buy more of his crapware.,AmazonHelp
600407,2017-12-03 20:53:39,262393,"|@AppleSupport, New iPad offered software update which I accepted. Though wasn't able to complete agreement to Terms and Conditions. Unable",AppleSupport
599713,2017-12-03 20:55:40,262269,Always puts a smile on my face seeing this before my @SouthwestAir flights. Here I come Tampa! https://t.co/7npYmRUbvE,SouthwestAir
600308,2017-12-03 21:00:31,262368,"Furthermore, @116090 deleted half my shipping addresses and one of my payment methods. ✌️ Like, anything I had changed in the last 6 months. https://t.co/lOTZdScEQr",AmazonHelp
600983,2017-12-03 21:00:54,262567,@AmericanAir @262562 Don’t think that helps,AmericanAir
600876,2017-12-03 21:01:31,262525,Does anyone have an #Uber @115873 code for a ride?,Uber_Support
601342,2017-12-03 21:04:14,262657,"Fuck you @115821, your pick up in person crap is a goddamn disaster. Nothing says you need to wait for an email to pick up, your staff is way overworked and can't help me, and I can't cancel with them. Don't fucking offer pickup if I gotta drive 30 minutes for nothing.",AmazonHelp
601058,2017-12-03 21:06:47,262587,@comcastcares I mean if I was gonna do that I'd just call customer service and wait an hour or two to find out the issue is out of their hands. I just don't understand the development thought of let's hold aired shows a week or so,comcastcares
599023,2017-12-03 21:10:31,262069,"@AmazonHelp Thank you, I will, I am concerned that the order is preparing for dispatch and is still incorrect!",AmazonHelp
593093,2017-12-03 21:12:01,260402,@VirginTrains Is that meant to help? Seems to be a good reason never to travel by train or pay my good money for your tawdry services.,VirginTrains
583600,2017-12-03 21:12:12,257648,@AppleSupport My point was your bug led me to go out and buy a new phone unnecessarily. And by the way. The bug affected the new phone too after restoring a backup!!! How about a refund?,AppleSupport
600918,2017-12-03 21:12:46,262541,"@Delta a policy to reconsider: I’m traveling with my minor nephew who wasn’t allowed into sky club because he doesn’t have an AMEX. 🤔. I’m not going to leave him out. Nor should I have to pay for him. He’s a kid. Club Agents were really nice, though!",Delta
596294,2017-12-03 21:13:36,261313,"@Uber_Support Thanks for the reply, still need the issue resolved, iv just reset my password because the trip was made on another device that I don’t recognise. is it possible to get someone on the phone even if it’s tomorrow to sort it out ?",Uber_Support
601394,2017-12-03 21:16:32,262671,"@AppleSupport I was just updating Sierra on my Mac and an error occurred and it restarted  and now my computer won't reboot, it's 1/3 loading and then it shuts off, ive tried recovery mode but it won't let me!!",AppleSupport
590731,2017-12-03 21:17:27,259732,@MicrosoftHelps This has nothing to do with the download of the update. That happens at the initial stage I'm asking why the INSTALL has to happen in two phases. Not the bloody download.,MicrosoftHelps
600973,2017-12-03 21:19:39,262561,@AmericanAir Just DM'd you our flight info for me and my coworkers.,AmericanAir
601315,2017-12-03 21:22:46,262651,@115830 Why if I order something on 'One Day Delivery' does it say I will get it on Wednesday? We're currently on Sunday?! Confused 🤷🏼‍♀️,AmazonHelp
601359,2017-12-03 21:25:37,262662,"@115858 @AppleSupport IVE TRIED CLEANING THE SCREEN, UPDATING IT, AND TURNING IT ALL THE WAY OFF AND ON SOMEONE HELP",AppleSupport
601161,2017-12-03 21:25:56,262616,@115858 @115911 yall suck too why yo service fucking up,TMobileHelp
601300,2017-12-03 21:29:01,262647,@AmazonHelp This is the ONLY information that I have been provided!!,AmazonHelp
601040,2017-12-03 21:29:26,262580,@comcastcares Message sent,comcastcares
601848,2017-12-03 21:32:52,262827,@SpotifyCares I have a Premium subscription until march. But my app on my phone isn't showing premium and still only offers shuffle play and plays ads etc... Is there a way to fix this?,SpotifyCares
600861,2017-12-03 21:34:20,262519,@Uber_Support You're never getting another cent of my money,Uber_Support
602079,2017-12-03 21:35:57,262906,Thanks for the activities @SouthwestAir https://t.co/L8wNU5KaCN,SouthwestAir
602348,2017-12-03 21:36:39,262981,What is going on #Amazon? My second order not deliveried in 2 weeks. Very disappointed and customer service can’t do anything until Tuesday. So much for prime membership SMH @115821,AmazonHelp
602408,2017-12-03 21:36:57,263000,WTF @115858 iPhone been on charger for hours. I unplug it (FULL BATTERY) and it’s dead in 30minutes. @125607 where you at!?!???!?!?,AppleSupport
601905,2017-12-03 21:38:33,239739,@delta. I left my coat in the B skyclub today. It's a black coat with ( GE healthcare) on the arm.   I'm heading to CHS.  HELP PLEASE!!!!,Delta
601317,2017-12-03 21:43:20,262652,@AmazonHelp If you could come clean the slugs off my floor that are now coming out of the parcel that would be great 😷 I have sent you an email using above link.,AmazonHelp
601799,2017-12-03 21:45:05,262809,Guys... I am dead. My @115877 delivery guy just stole my food 💀💀,Uber_Support
602391,2017-12-03 21:46:32,119362,"Hey @115858, how many times a day do you have to charge your 1.5 year old phone while being afraid to use it because it gets unbearably hot and almost drains faster than it can be charged? #iOS11.2",AppleSupport
601323,2017-12-03 21:47:53,262653,@AmazonHelp What I want is to be able to use something I pay for,AmazonHelp
601413,2017-12-03 21:53:43,262677,@AppleSupport I don’t think you’re paying attention to the screenshots that I supplied. The last screenshot I sent is of the downloads screen in the iTunes Store. Your bots suck @115858 I require a competent human.,AppleSupport
601978,2017-12-03 21:53:52,262874,@AmericanAir I was about to ask how but someone finally came to the gate. 4 minutes before takeoff 👍,AmericanAir
602314,2017-12-03 21:54:04,262971,@117086 preciso de ajudaaa,AmazonHelp
602005,2017-12-03 21:55:27,262883,"@ComcastCares
#mobile_Care  when will the Venice outage be resolved.  Picked up new box and have killed the day trying to connect",comcastcares
602857,2017-12-03 22:01:55,203064,@Delta Received seat upgrade credit but not regular portion ticket upgrade,Delta
602275,2017-12-03 22:02:08,262963,"Bonjour @132988 et @115821, on a volé un colissimo déposé en boîte aux lettres et c est l un de vos livreurs.existe-t-il un moyen de savoir quelle société est passé livrer dans mon immeuble le 30/11.merci d avance",AmazonHelp
602814,2017-12-03 22:04:53,263148,"@115873 I ordered an Uber on Friday night from Birmingham, we were stood outside our hotel waiting and the driver turned up but then turned around, then I got charged £5.00 for cancelling it but we didn’t cancel and we were there! Not happy.",Uber_Support
602293,2017-12-03 22:06:33,262966,"@AmazonHelp I'm not certain, so I don't want to blame anyone! But one of the issues definitely wasn't down to the carrier anyway; one package was supposed to contain two items, but only one was there. My account says I've received the entire order, but I haven't. :-/",AmazonHelp
603021,2017-12-03 22:13:10,223218,@115913 STILL CANT DIAL ANY LANDLINES FROM MY CELL PHONE! TO MANY DAYS NOW!!!,TMobileHelp
603216,2017-12-03 22:13:25,263269,Waiting in all day for my order and no parcel @115830 please remind me why I pay for a prime membership if you are not able to deliver?,AmazonHelp
602053,2017-12-03 22:15:42,262895,@VirginTrains 1st class.,VirginTrains
603246,2017-12-03 22:17:08,263303,@AppleSupport Thanks! Live look at me: https://t.co/4SV38SLRcu,AppleSupport
603177,2017-12-03 22:19:14,263269,"@AmazonHelp I've waited all day for my parcel and no delivery, what is the point of having Prime membership if you are not able to fulfil it",AmazonHelp
602910,2017-12-03 22:20:53,263180,"@ComcastCares
#mobile_Care why is my television service doing this. It’s been doing this off and I’m for over a week https://t.co/skJSgdiHca",comcastcares
602792,2017-12-03 22:21:12,263140,Everyone be careful with @115873  they allow fraudulent credit card transactions. Never even heard of them until today when I see my credit card was used.,Uber_Support
602885,2017-12-03 22:21:35,263171,@AmericanAir Company pays for flights.   Should not have to pay extra for a seat that is comfortable.  Again I am only 5 ft 10 and 175 lbs.,AmericanAir
603229,2017-12-03 22:26:12,263296,@115858 Oh and the word I️ still comes out with a stupid fucking question mark.,AppleSupport
601326,2017-12-03 22:28:21,262653,@AmazonHelp All ready done this was waiting for a call back and never got it this is why your customer service team is so bad just go round in circles,AmazonHelp
603643,2017-12-03 22:32:22,183666,Classic take off of @delta 1317 after visiting with my consigliere @211 @213 https://t.co/q2ZjHnFQSg,Delta
603757,2017-12-03 22:43:45,263484,In moments like is why I only travel with @AmericanAir and not @116450 😐,AmericanAir
582719,2017-12-03 22:44:13,257392,"@AppleSupport Also, this automatically set to my homepage yesterday (I changed it back) https://t.co/zNTOjzs2iq",AppleSupport
603149,2017-12-03 22:45:10,263272,@AmazonHelp I am sad that Chromecast is not on that list.,AmazonHelp
597922,2017-12-03 22:56:23,261758,@AmazonHelp I got in touch through chat and still haven’t resolved the issue as I don’t have my package any my husband is being posted in the morning so frustrated can’t understand y he would deliver one and not the other it is just disgraceful you have to admit it is just lazy ness,AmazonHelp
603952,2017-12-03 23:03:48,129576,@AmazonHelp You should stop that open delivery thing. You have no right to unbox our package even if cost more than a lakh. This is not done. Flipkart is good at this.,AmazonHelp
