tweet_id,event_time,author_id,text,brand
1807845,2017-10-14 09:51:43,543121,"@AppleSupport Hi, I have 3 children with apple email addresses but no apple devices of their own. None can receive emails (since June) Help!",AppleSupport
983322,2017-10-14 09:52:35,353122,@AmazonHelp I am just warning public and asking them to avoid gr8 India sale.... Who is running g around to service centre not you my dear...,AmazonHelp
1808489,2017-10-14 09:52:46,543305,@SpotifyCares whenever I connect my iPod to my computer and finish playing a song why does it go back to the first song in the playlist,SpotifyCares
985413,2017-10-14 09:55:31,353555,@VirginTrains hey what's 390010 currently working,VirginTrains
979746,2017-10-14 09:56:44,352338,@Uber_Support This is not the solution i wanted dear uber...  I just want to know y there is abrupt abnormal increase in fare... Which is not atleast(1/2),Uber_Support
725555,2017-10-14 10:01:38,293795,"@AmazonHelp Don't do that....u loosing yr credibility
If u hv taken order n payment u must b delivered items without any excuses",AmazonHelp
1117934,2017-10-14 10:06:45,383777,"@comcastcares I want a refund for the interruption of service. This is the case EVERYDAY, all of this week at 3am. #xfinitysucks #overit",comcastcares
986252,2017-10-14 10:11:09,353737,@115851 Sir I have order from Amazon india skullcandy on 4th and claim for refund which i haven't got till now,AmazonHelp
985395,2017-10-14 10:12:19,353551,@AmericanAir waiting endlessly for your “HQ maintenance to provide authorization” for Flt 95 MAD-JFK! What is this about??,AmericanAir
986334,2017-10-14 10:12:37,353758,Just landed @Delta 3:11am still on the plane that should have landed at 10:55pm YESTERDAY.,Delta
926316,2017-10-14 10:15:10,337296,"@AmazonHelp And, I know you have individual drivers/freelancers who are in their own unmarke vehicles, with no company, branding, or uniform. 2/2",AmazonHelp
999403,2017-10-14 10:17:16,238824,@302216 @TMobileHelp @115911 @115913 At least you can pay your bill. Been trying to pay mine on their website all night. But their website is bugged tonight.,TMobileHelp
986949,2017-10-14 10:21:35,353882,@AmazonHelp @2600  Ou est ma commande? Merci de m'informer quand ma commande qui devait être livrée le 10 octobre sera livrée?,AmazonHelp
987057,2017-10-14 10:26:13,353900,It hurts whn after the delivery I see MRP on the box which is lower than wht I paid online. loosing trust @115850 @AmazonHelp,AmazonHelp
984261,2017-10-14 10:31:41,353330,@AmazonHelp Then how come it makes u more responsible if u don't have to pay from Ur pocket ? This is not the first time. Have seen such posts on FB.,AmazonHelp
987495,2017-10-14 10:35:04,352975,"@VirginTrains No problem, the rather tipsy @8905 fan on way to #BFCVWHU was real hero. Thankfully she seems to be in shock and just need blood test https://t.co/zVZArU9Jve",VirginTrains
1009013,2017-10-14 10:36:51,358762,"@AppleSupport who can I submit ideas to? Or, just vent about stuff that’s standard on other phones, but not iPhones?",AppleSupport
989145,2017-10-14 10:39:32,158378,@AmazonHelp könnt ihr mir mal wieder helfen ? Mein Paket sollte zwischen den 10.-13. kommen ist aber nicht da. Warum ?,AmazonHelp
351138,2017-10-14 10:44:53,199540,@AmazonHelp Auch hier jetzt alles geklärt. Ein schönes Wochenende euch.,AmazonHelp
987342,2017-10-14 10:46:40,353959,"@Uber_Support Moron drivers, inaccurate mapping system. Cancel fee because driver can’t figure it out. The sooner you get kicked out of London the better.",Uber_Support
988460,2017-10-14 10:48:00,354193,@southwestair is something goin on with the app? I can’t get anything to come up without error messages,SouthwestAir
988273,2017-10-14 10:51:15,354148,@AmazonHelp thr ws no option of #DM.. i made 4 rqsts to expdite delivry prcess snce ystrday evng..wht z d tme for ofce plce dlivry for 1 day dlivery?,AmazonHelp
979508,2017-10-14 10:58:53,352294,@AmazonHelp Are you seriously kiddin me? This is your response! Such pathetic customer experience. No discoverability whatsover. Is this gaming for you?,AmazonHelp
986091,2017-10-14 11:03:40,353700,@AmazonHelp Yeah I got some headphones on the way so hopefully they are actually headphones 😂😂,AmazonHelp
1009017,2017-10-14 11:06:50,358764,Why does my WiFi and Bluetooth come on whenever it wants!?🗣 @115858,AppleSupport
990735,2017-10-14 11:07:47,354687,@115850 My ordr(id 405-4217672-8793150)canceld by amazon at last moment.N they only provide return n not compensation #fakegreatindiansale,AmazonHelp
979510,2017-10-14 11:14:25,352294,@AmazonHelp What is ^HA?,AmazonHelp
990661,2017-10-14 11:20:35,354547,"This is what i get from Amazon, and when i place order for refund these guys say that its not theirs. Shame on u @115850 for 11000 Rs FO https://t.co/p0GKLNdjtG",AmazonHelp
990904,2017-10-14 11:25:55,354206,@VirginTrains Thank you. Much appreciated.,VirginTrains
989061,2017-10-14 11:25:55,354334,@AmazonHelp Haha so much better! Not broken at all ✊,AmazonHelp
1119033,2017-10-14 11:29:31,384031,@Uber_Support @384020 The driver may need help!!! So check with him,Uber_Support
872282,2017-10-14 11:30:48,294899,@AmazonHelp are you unable to enlighten me on here,AmazonHelp
1010512,2017-10-14 11:36:43,359112,"Sir, my iphone SE has started to hang and the screen becomes absolutely non responsive since the iOS 11.0.3 @AppleSupport plz help 😓",AppleSupport
963253,2017-10-14 11:37:07,348592,@AmazonHelp One was undeliverable however received 2 other packages and my regular mail seam day...2nd went from next day to mon-wend devilry,AmazonHelp
1019822,2017-10-14 11:38:09,173211,Hey @115888 @SpotifyCares @117168  the new pink cd that’s available isn’t able to be played at all. I click a song and nothing.,SpotifyCares
991949,2017-10-14 11:43:43,354972,@AmazonHelp Le lien renvoie au season pass pas au jeu non?,AmazonHelp
992886,2017-10-14 11:50:03,355196,@115850 Worst service https://t.co/BtpfQpnM9x person never contacted me&amp; I'm getting mails dat phone wasn't reachable.Dis is the 3rd time.,AmazonHelp
1023078,2017-10-14 11:57:47,362099,@115877 Last time I will be using uber eats!!! Complete wrong order as driver collected wrong order?? Can't even contact you as no number! https://t.co/cnuTpAFwIa,Uber_Support
994241,2017-10-14 11:58:02,355516,Supuestamente hoy me entrega un paquete correos express. Toda la mañana esperando y no cogen teléfono. @116928 alguna solución? https://t.co/MPn31I49pb,AmazonHelp
991812,2017-10-14 12:03:10,354939,@AmazonHelp Also they said they  can give me the order in 3-4 days then why I paid extra money for it and if you can't do that don't charge extra,AmazonHelp
1010516,2017-10-14 12:04:15,359113,I don't know what happened？🌚🐶@116333 @AppleSupport #ios11 https://t.co/SmYklMAaQI,AppleSupport
998236,2017-10-14 12:07:24,287931,Ay @116928 como me conoces... 💜😂 https://t.co/0Q8690rAVt,AmazonHelp
998428,2017-10-14 12:11:46,356421,Hey @AmericanAir thanks for lying to passengers when there was clearly more room in the overhead bin...,AmericanAir
985211,2017-10-14 12:12:16,353516,@115850 @AmazonHelp 19+min still on hold  poor customer services 😠😈 https://t.co/YBU8Jel153,AmazonHelp
1002567,2017-10-14 12:16:07,357315,"@357316 @115850 Amazon Transportation Services, their own!",AmazonHelp
1006802,2017-10-14 12:17:33,358242,Here we go! @43361 en route @358243 championship!! Thx @delta @158121 one girl beyond excited! @43775 @358244 https://t.co/uGW0Hpdqww,Delta
1001070,2017-10-14 12:19:36,356995,"Hallo @116316, kurze Frage: die von mir als „Prime“ erworbene Lieferung „Next business day“ gibt es jetzt gar nicht mehr?",AmazonHelp
981549,2017-10-14 12:24:48,352727,"@Uber_Support Thank for the information
We're a company in Burnley we cover a 25miles radius do mininbuses an coaches hire we could cover your jobs",Uber_Support
621715,2017-10-14 12:26:58,267540,@VirginTrains Ok. So what is the claim split so i can put the rest in with northern?,VirginTrains
1000980,2017-10-14 12:28:36,356981,"@AmazonHelp @356980 Hii amazon, i got a call from ur side n unfortunately missed it.. can u plss call back n let me know what was it call about...",AmazonHelp
725557,2017-10-14 12:34:54,293795,@AmazonHelp I have booked mi max2 64GB mobile on 7th oct but Amazon not able to delivered in given offer facility,AmazonHelp
1011836,2017-10-14 12:36:59,359412,"@AppleSupport IOS 11.03 continues to annihilate my battery, tkz Apple #iPhone7 #IOS11dead",AppleSupport
738444,2017-10-14 12:43:44,296613,"@AmazonHelp Still the product is not shipped &amp; no updates from you and you call this as being looked on priority?
#AmazonGreatIndianFestival #AmazonFail",AmazonHelp
1003650,2017-10-14 12:49:28,357558,Amazon商品届いてないのに「配達完了」通知来たんだけど(#＾ω＾)ﾋﾞｷﾋﾞｷ。,AmazonHelp
1003690,2017-10-14 12:54:52,357568,"@115850 is getting wrost placed order on 24-09-17 but still not received product or refund, even contact CC but no satisfactory response. https://t.co/7cwjOdFQZa",AmazonHelp
1002756,2017-10-14 12:56:28,357358,"@AppleSupport Not a single thing!! It was just lying there nonchalantly then boom, a siren",AppleSupport
1002855,2017-10-14 12:59:38,357384,@Uber_Support I want an action against him as it was very unprofessional behaviour as I humbly waited for 20 mins.. I wasted my time,Uber_Support
1006538,2017-10-14 13:02:18,192014,"@119625 thanks fro AR movie 
can we expect any other Telugu movies coming
Jai Lava kusa, spyder , Mahanubhavudu , Jaya janaki nayaka",AmazonHelp
1004117,2017-10-14 13:05:11,357666,@AmericanAir you should be embarrassed I have to pay extra to sit as a family with a 2 year old and a 5 year old,AmericanAir
1003619,2017-10-14 13:05:24,357552,@115850 @AmazonHelp i thin this time u know what you have to do,AmazonHelp
1004136,2017-10-14 13:07:11,357668,@SouthwestAir snapped this beautiful picture from BWI to MCO https://t.co/86KxIsExGH,SouthwestAir
1002762,2017-10-14 13:09:36,357360,@AppleSupport I have kept my power saving mode on but still battery draining fast. Can u send me link to degrade ios10.,AppleSupport
734595,2017-10-14 13:10:58,219399,@AmazonHelp In the correspondence from ur side it was told that I would be updated on status in 48 hrs. Haven't heard anything back yet.,AmazonHelp
1005062,2017-10-14 13:18:21,357887,"@AmazonHelp je vous ai contacté par DM, si vous pouviez me répondre vite, merci !",AmazonHelp
1007549,2017-10-14 13:24:06,358422,Hey @AmazonHelp.... what am I supposed to do about this?? https://t.co/QqdIfUvs9w,AmazonHelp
1005061,2017-10-14 13:26:41,357887,@AmazonHelp Merci beaucoup !!,AmazonHelp
1808262,2017-10-14 13:28:04,543242,"Hey @115858, iOS 11.0.3 just got a major brain freeze for about 10 min on my iPhone 7. If it’s not ready next time, don’t let the update out.",AppleSupport
1018332,2017-10-14 13:31:37,360944,@Delta And we will be stuck in shitty Detroit because we couldn't deboard,Delta
2076239,2017-10-14 13:32:45,316987,"@SpotifyCares I don't think words can express how much I hate you Spotify. You god damned thieves, there's a special place in hell reserved just for you",SpotifyCares
1010421,2017-10-14 13:33:43,182230,@119625 When I am traveling and it shows this. You ruined my plans.,AmazonHelp
1017086,2017-10-14 13:35:34,360641,@115873 does uber provide service to Mercedes stadium,Uber_Support
1002993,2017-10-14 13:35:40,147372,@AmericanAir @SouthwestAir I’m coming home.,AmericanAir
277123,2017-10-14 13:40:30,182215,"@AmazonHelp That's impossible for me to share, very complex procedures for solving issues",AmazonHelp
1012976,2017-10-14 13:41:25,359702,@AppleSupport what’s the difference between the iPhone 8 and 8+?,AppleSupport
990713,2017-10-14 13:48:29,172598,@AmazonHelp @115850 @115821 #Fake_promises #Liar #worst_customer_care #AmazonWorstIndianFestival #GOING_CRAZY https://t.co/aKGib9fqGb,AmazonHelp
277183,2017-10-14 13:55:40,182224,@AmazonHelp amazon app built into the hisense TV,AmazonHelp
1123902,2017-10-14 13:56:17,385034,@115913 @115911  no one accepts accountability for their actions and lies.  Phone calls are recorded so please pull mine &amp; tell me why,TMobileHelp
1808364,2017-10-14 13:57:41,301711,"Very disappointed with the @AppleSupport iOS 11.0.3 download, froze my phone for 2 days, now WiFi drops out and Apple Music won’t work right",AppleSupport
1008058,2017-10-14 13:58:36,311143,@VirginTrains Yes... we are getting the 1535 from Chester to MK... as are lots of people who have left the match today... the Mersey rail train is 2 mins.,VirginTrains
1009178,2017-10-14 14:03:06,358798,@115873 @119983 Why do we need to pay the cancellation charges if we cancel the ride when the driver is not responding to the call?,Uber_Support
1008926,2017-10-14 14:03:30,268370,@AmazonHelp sir Will I get a prime membership trial on the new account?,AmazonHelp
1012785,2017-10-14 14:12:08,140838,@AmazonHelp if I order a nintendo switch and games will it be prime same day delivery?? (I'm in the UK),AmazonHelp
1013331,2017-10-14 14:16:43,359785,"@SouthwestAir your service and product only gets better and better.  Easy boarding, free drinks, great free entertainment.  Perfect price!",SouthwestAir
1015741,2017-10-14 14:17:32,360333,@AppleSupport i don’t know if ye can help but it’s worth a shot,AppleSupport
963258,2017-10-14 14:17:38,348592,@AmazonHelp Nope.  Everything has been explained in the thread...,AmazonHelp
1031945,2017-10-14 14:20:32,364175,Please please add snoop dogg's riders on the storm @115888 @181186,SpotifyCares
1809450,2017-10-14 14:21:16,543599,"@115877  missing food from order called 4 times to get told difference things, so didn’t have lunch and out of pocket 😡",Uber_Support
1011947,2017-10-14 14:26:15,175746,@Delta By contrast this is @AmericanAir https://t.co/WMNlNUD7LP,Delta
1012926,2017-10-14 14:26:25,359689,@AmazonHelp Order #405-3523027-0270732.Not getting delivered due to wrongdoings of delivery person.Escalated.Still no delivery!,AmazonHelp
1010555,2017-10-14 14:27:22,359127,@AppleSupport I don’t think that you know what I mean.,AppleSupport
1014560,2017-10-14 14:27:35,360076,@AmericanAir Thanks for getting us booked for the next flight out.  Makes all the difference.,AmericanAir
1808910,2017-10-14 14:32:55,181395,@Uber_Support how do you charge me a cancellation when the driver is dropping someone else and I have to wait half an hour for the cab to come?,Uber_Support
1012892,2017-10-14 14:33:32,359681,@115821 extremely poor response from Amazon and bluedart in picking up  damaged product delivered. Return was requested on 03.10.17.Pls help,AmazonHelp
1016905,2017-10-14 14:37:44,360605,Thanks @AppleSupport for the new ISO update. It deleted all my contacts! #suchfun #annoyedthatmyphoneupdated,AppleSupport
1014312,2017-10-14 14:42:23,329198,"24 hours
No delivery
No response
Customer care redundant
Courier irresponsible
Good going @115850  #AmazonHaiTaiyyar #DeliveringSmiles",AmazonHelp
1808672,2017-10-14 14:47:33,543375,"Took my @115858 iphone in to get the battery replaced. 2 days later, phone is worse. Why? 😡 No appointments available for 3 days!",AppleSupport
1014232,2017-10-14 14:48:19,323902,Where is my TV? I have paid for it and it got delivered in other location. Please refund me my money or deliver TV.@115850 @AmazonHelp,AmazonHelp
1011853,2017-10-14 14:54:15,359417,"@AppleSupport yeah, only twitter. sometimes notifs pops up but it’s getting less frequently.",AppleSupport
1015599,2017-10-14 14:55:01,360294,"@115850 ordered moto g5s plus, received a cheap micromax phone.Not a good joke amazon😡#hightsofdisappoinment #whotoblame #amazonlostfaith https://t.co/fyz2UJSHoB",AmazonHelp
1013153,2017-10-14 14:56:28,359738,@115873 Can’t seem to get a car to pick me up from where they brought me to?!? Need to get back to the airport &amp; home to my babies...Help?!??,Uber_Support
1808280,2017-10-14 15:01:29,168336,@TMobileHelp looks like i had to clear and re-enter credit card data,TMobileHelp
1018383,2017-10-14 15:04:53,165859,".@360957 @AmericanAir 
Lili needs your help asap!!!",AmericanAir
1015644,2017-10-14 15:06:46,351184,@AmazonHelp what the need of filling form given in link when no one actually cares!!all bullshit,AmazonHelp
1018320,2017-10-14 15:07:59,360941,@AppleSupport cant download free apps or update my apps even though my visa has money in it help https://t.co/dkuhbBD7PE,AppleSupport
1014250,2017-10-14 15:09:49,359996,@AmazonHelp Already done 3 times today. you want more? Should I share the message where I already wrote to you about incident.,AmazonHelp
1137194,2017-10-14 15:13:15,387885,@3493 Condom ads while waiting to listen to a Sesame Street playlist seems wrong.,SpotifyCares
1015853,2017-10-14 15:18:23,360357,"@115873 I just signed up to @115873 and it's telling me ""rider.account_banned"" .. what does that actually mean please .. now I'm late 🙄😡😡😡",Uber_Support
1019564,2017-10-14 15:19:07,297930,@118919 you guys may be delivering to 99.6 pincodes but accepting return request but not picking on time.,AmazonHelp
776733,2017-10-14 15:19:35,385871,@SouthwestAir Oh @SouthwestAir - if I couldn't have loved you anymore than I already had!! #aloha #hawaii #southwestairlines #HomeSweetHome #vacay #happy,SouthwestAir
1011840,2017-10-14 15:20:48,343502,"@AppleSupport Thx but knew that, more so registering compliant that control center toggle needs to go back to old functionality. Deceptive, insecure.",AppleSupport
1021238,2017-10-14 15:25:04,361674,"#Repost @361675 (get_repost)
・・・
Big shoutout to @delta for getting me to my gate just in… https://t.co/bC3yFjziho",Delta
1016803,2017-10-14 15:26:45,360576,"@AmazonHelp do you think it’s appropriate to leave someone’s parcel outside the front door? I think not. Anyone could swipe it, thanks 🙄 https://t.co/WT4UPK6RG5",AmazonHelp
1018170,2017-10-14 15:33:22,360907,"@AmazonHelp @115850 WTF is wrong with you people, how much time do U take to issue a refund,&amp; customer service making false commitments.",AmazonHelp
1024934,2017-10-14 15:35:00,362528,Dead ass just had customer support @comcastcares just close chat on me because theyre incompetence.,comcastcares
1015753,2017-10-14 15:41:38,330989,"@AppleSupport Ever since I updated to iOS 11, it drains my battery way faster than it used to. Using an iPhone 7+",AppleSupport
1023165,2017-10-14 15:42:23,362126,".@americanair trying to get peeps out of PR, why are you making this so hard for me?!",AmericanAir
833400,2017-10-14 15:43:02,318457,@AmazonHelp 😈😈😈😈,AmazonHelp
1018496,2017-10-14 15:49:08,360980,"@115911 avoid this service, they lie and deny you promotions you sign up for after you pay for them",TMobileHelp
988377,2017-10-14 15:52:53,354170,"@133948 @Uber_Support I don't know what verification uber does before hiring their unethical, unprofessional drivers",Uber_Support
1003815,2017-10-14 15:55:57,311373,"@AppleSupport I’ve sent you a dm, and yes it is enabled",AppleSupport
1012842,2017-10-14 15:57:06,337296,"@AmazonHelp BH, you need to talk to ZW, and FR. Followed each option available. Only thing left is for your company to identify the couriers you use.",AmazonHelp
1022876,2017-10-14 16:04:56,266920,@115850 The order never came to my address and now i am seeing this. Please see this issue as it is currently in my city i think. https://t.co/CEfA7KDzLW,AmazonHelp
1809030,2017-10-14 16:06:45,543476,"@115858 @AppleSupport you guys stopped signing 10.3.3 so I can’t downgrade from this “stable trainwreck” called 11.0.3. Smh, @175597 https://t.co/lUGg4xhQsm",AppleSupport
1128449,2017-10-14 16:07:35,386029,@VirginTrains Gonna assume you had a word 👍,VirginTrains
1809388,2017-10-14 16:10:14,543578,@Delta Can a small duffle bag count as a personal item?,Delta
1003717,2017-10-14 16:11:41,317639,@AmazonHelp Still the same issue can you fix it asap before the offer ends,AmazonHelp
1021030,2017-10-14 16:18:20,361610,@AmazonHelp The fact I've not moved. I know for a fact no one has been here. Who can I speak too?,AmazonHelp
1021341,2017-10-14 16:20:22,361696,@SpotifyCares Well in the webpage it appears my premium payment and everything but in the app whe I hit account it appears free,SpotifyCares
1026274,2017-10-14 16:22:38,362829,@AppleSupport why does this always happen when connecting a display through @115858 dongle. Then I unplug and works ok. Thunderbolt 3 👎 https://t.co/ryedGTgH7W,AppleSupport
936527,2017-10-14 16:22:39,342017,@Uber_Support Support told us to wait 24 hours. She doesn’t have 24 hours she gets on a plane tomorrow morning. And phone has been lost seen Thursday,Uber_Support
1068428,2017-10-14 16:24:50,372140,"@115821どうにかしてください
Amazonちゃんと対応お願いしますね
返金は別にしてもらわなくていいですこれと同じで傷ついてないトレース台お願いしますよ https://t.co/M4XtwpTdCs",AmazonHelp
1017188,2017-10-14 16:26:39,343031,@SouthwestAir Yes 1-844-782-9792. I called them but was told I’d have to rebook myself online and they could only apply for a refund,SouthwestAir
1024735,2017-10-14 16:30:25,362484,@362485 @362481 @AmericanAir Hace rato que son un desastre.,AmericanAir
1022832,2017-10-14 16:30:52,362041,@AmazonHelp Werde ich gleich machen ^^ aber man musste sich einfach mal aufregen vermutlich eher Hermes schuld,AmazonHelp
1125408,2017-10-14 16:34:28,385351,@AppleSupport the worst version of ios is ios 11💔 i started hating my Iphone .. issues everywhere 🙂🔪,AppleSupport
1023281,2017-10-14 16:35:56,361822,@362157 @115725 @116136 Our next door neighbor's are obsessed with @116136. They're the reason there's now a Comcast line in front of our home.,comcastcares
1009165,2017-10-14 16:37:57,284340,@Uber_Support Whats a dm?,Uber_Support
1022925,2017-10-14 16:40:16,336536,@AppleSupport I want to order a case and it says collect Monday but I work be able to till Tuesday. Is this ok?,AppleSupport
990741,2017-10-14 16:42:40,354687,@AmazonHelp Thanks...expecting a posotive response.. :-),AmazonHelp
1024249,2017-10-14 16:52:09,332948,"@AmazonHelp I have sent the details you requested at least 10 times, u all r d same, i am expecting nothing out of you, but i will keep posting my issue",AmazonHelp
1810791,2017-10-14 16:53:14,544034,@115888 if you become a student and already have account how can you get the student discount?,SpotifyCares
1023214,2017-10-14 16:54:46,362141,"@SouthwestAir Mitch Cohn, MC. 👍",SouthwestAir
1026475,2017-10-14 16:55:08,135988,@Delta Does that include international flights?,Delta
1024723,2017-10-14 16:55:43,362481,@AmericanAir Absolutely!,AmericanAir
1028479,2017-10-14 16:56:39,227768,Just got a totally random notification on my computer saying “AppleCare would like to view your screen”… @AppleSupport,AppleSupport
1130727,2017-10-14 16:58:05,386479,@Uber_Support @386478 Could you raise their salary so they can afford non-veg biryani and start being cheerful?,Uber_Support
1021035,2017-10-14 17:01:30,361610,@361611 @AmazonHelp I've not left my living room other than to use the toilet since 8am. So obviously I'm getting increasingly annoyed at the lack of help here.,AmazonHelp
1028448,2017-10-14 17:05:06,209196,"@363340 @115858 @AppleSupport You and me both man. I have the exact same problem. Happened after iOS 11.0.3. The version before, 11.0.2, was fine.",AppleSupport
1021037,2017-10-14 17:10:15,361610,@AmazonHelp Ahhh it's been delivered now. Late but better than never. Though I don't know why it said failed to deliver.,AmazonHelp
1026591,2017-10-14 17:13:55,362912,"@TMobileHelp Nothing but the bomb ass rap song, I just told joanO what the deal was.",TMobileHelp
1027540,2017-10-14 17:15:48,363150,@115850 10% discount is not showing in my SBI card when I am select it with Emi. I have simply save platinum Sbi master card,AmazonHelp
1026034,2017-10-14 17:19:38,362774,"@AmazonHelp Okay!! It's supposed to arrive by Monday. If it doesn't, I'll let you know :)",AmazonHelp
1134255,2017-10-14 17:21:15,387255,Dammit @115858 would you please give ppl the option to turn the annoying screenshot off! Pretty please! Thank you 🇺🇸🇺🇸🇺🇸🇺🇸🇺🇸🇺🇸🇺🇸🇺🇸🇺🇸🇺🇸🇺🇸🇺🇸🇺🇸,AppleSupport
1028395,2017-10-14 17:23:29,362769,@115850 waste of time and money. All u get is Tareekh pe tareekh,AmazonHelp
1027494,2017-10-14 17:31:28,363137,@AmazonHelp No I asked for your help and you failed!  I will continue to post this crap of an order!  Spent way too much money with you to be insulted,AmazonHelp
1134503,2017-10-14 17:32:19,387313,"@ComcastCares
#mobile_Care",comcastcares
1137767,2017-10-14 17:32:30,387990,"I am done with @115858. I’ll get an Android next time. 😩 update sucks, my phone is always messing up and to get it fixed it takes half a day",AppleSupport
1809600,2017-10-14 17:34:45,543655,"@AmericanAir (3/3) The Customer Service agent was very helpful, however.  She put us on standby for a few early flights, and booked us a definite seat on a later flight.",AmericanAir
1044745,2017-10-14 17:34:50,367010,@115888 what’s the deal? i know a bunch of people’s spotify isn’t working and it’s kind of inconvenient,SpotifyCares
1030572,2017-10-14 17:36:18,363834,"On our @Delta flight to Orlando! Or as Licas calls it, Delta flight to Mickey's @122197 House! #familytrip #delta https://t.co/ZCI48LsV5g",Delta
1165114,2017-10-14 17:37:21,394060,"n/n

#WorstRideEver 

@116288 @115873 @Uber_Support 

We walked 15 minutes to reach our destination.

Wondering if #UberIndia is worth it?",Uber_Support
1030394,2017-10-14 17:44:22,363791,La importancia de la presencia de un traductor @116928 #ponuntraductorentuvida https://t.co/2ariOhY2p1,AmazonHelp
1033262,2017-10-14 17:49:38,364465,@AppleSupport what’s ap notification is not working.i have to open what’s ap for msg and calls.pls advise,AppleSupport
1030318,2017-10-14 17:52:34,363773,@115833 Hi i need help trying to login in to the app with a new password but it wont work now,AmazonHelp
1134369,2017-10-14 17:53:59,222324,@southwestair - you know me and miles oh so well. This upcoming trip is even better now and I… https://t.co/l3s3pqgyQm,SouthwestAir
1032023,2017-10-14 17:57:50,364200,@TMobileHelp Your online payment system is broken. I have entered a valid card several times and it always rejects the # as not valid,TMobileHelp
1064107,2017-10-14 17:59:45,371227,@115888 if your windows app freezes my entire computer one more fucking time I swear to fuck,SpotifyCares
1033505,2017-10-14 18:00:16,364512,"@AmericanAir fam AA2361 DFW a BWI on an MD-80 this is the oldest plane ive ever been on lol this plane is older than me, if i crash i swear.",AmericanAir
1032086,2017-10-14 18:01:52,364213,"@VirginTrains awful experience at haymarket -staff herding us on shut the door on my son, leaving my young daughter distraught! Not happy!",VirginTrains
836887,2017-10-14 18:01:59,319189,@AmazonHelp Nothing except the golden day deal.,AmazonHelp
1142473,2017-10-14 18:03:57,388911,"@Uber_Support overcharged me for my ride to work but that’s fine, I guess. I didn’t need the $7.45 I guess.",Uber_Support
1033201,2017-10-14 18:06:19,364446,@AppleSupport I have tried all the mentioned steps. It still randomly crashes. Also unable to send feedback to foxit due to in-app bug.,AppleSupport
1044336,2017-10-14 18:11:32,363149,@AmazonHelp @115850.my ticket number is 0550107375. You can get all details here. https://t.co/w7amkaYTFH,AmazonHelp
1809669,2017-10-14 18:16:18,543682,"@115900 Why are your cable boxes such total garbage? Press a  button, ten seconds later it responds. Why am I paying for this again?",comcastcares
1028189,2017-10-14 18:18:02,363317,"@AmazonHelp Being UK mainland, And every other purchase I make has VAT &gt;INCLUDED&lt;, I think that is a tad sneaky! Plus, My delivery WAS NOT free @ £1.66",AmazonHelp
1012969,2017-10-14 18:22:46,359700,@AppleSupport Thank you 😊🙏👍,AppleSupport
1031735,2017-10-14 18:25:09,364127,@AmazonHelp J’habite en seine maritime ?,AmazonHelp
1137145,2017-10-14 18:26:12,387871,Yes! @Delta https://t.co/8fS6wQkm0X,Delta
1036025,2017-10-14 18:29:20,365059,hiding somewhere when in actual fact the phone was reported stolen and number requested by victim to be closed. @TMobileHelp instead moved,TMobileHelp
1038889,2017-10-14 18:30:01,365807,@115850 it is pathetic customer service from your team have not received since past 2 months for order no 406-3476867-2157940,AmazonHelp
1058122,2017-10-14 18:33:26,369825,@Uber_Support Sent! The verification code texts kept coming until 5PM yesterday.,Uber_Support
1022841,2017-10-14 18:36:40,362042,@AmazonHelp when i phone se 32gb will in stock.,AmazonHelp
1137072,2017-10-14 18:39:47,387858,what the heck? @AppleSupport have you seen this before? 😐 https://t.co/zUdzMs9vxj,AppleSupport
1035524,2017-10-14 18:40:15,364938,@AmazonHelp since I didn't change my address that means the zipcode is incorect on the package whoch would be your fault since the order states,AmazonHelp
1023164,2017-10-14 18:40:29,362126,"@AmericanAir It's for a new reservation, the site isn't showing accurate flights. Will call thx",AmericanAir
1037982,2017-10-14 18:47:11,365546,@116136 is there a cable outage in vacaville?,comcastcares
1009094,2017-10-14 18:49:33,358781,@AppleSupport On iPhone SE running iOS 11.0.2,AppleSupport
1040096,2017-10-14 18:49:47,366069,Mum ordered skiing equipment via amazon and courier said it was put in the letterbox. How do you fit skis in a letterbox @AmazonHelp,AmazonHelp
1809864,2017-10-14 18:51:43,543739,@115913 i have been with sprint for a while now thinking to switch to tmobile once the iPhone X come out.. tell why should I switch?,TMobileHelp
1040121,2017-10-14 18:57:38,321479,@AmazonHelp you need someone to correct the labels for the products you're selling. I clearly got the wrong item again. https://t.co/kVpidIngOE,AmazonHelp
1041402,2017-10-14 18:59:10,366299,@127960 Is there 'x' amount of time I need to wait to reapply? I got rejected for a non-violent offense that happened 10 years ago.,Uber_Support
1027522,2017-10-14 19:03:10,363145,"@AmazonHelp Looks like everything is settled, just need to ship the item back. I'll have to look for the correct item again once I have my refund.",AmazonHelp
1140474,2017-10-14 19:09:43,388468,@SouthwestAir’s boarding model is really worthless when you have to switch planes bc of maintenance. Paying for #earlybird was useless,SouthwestAir
1041750,2017-10-14 19:10:01,366364,@TMobileHelp Just sent a DM,TMobileHelp
1044435,2017-10-14 19:10:09,366960,@115858 @AppleSupport after iOS 11 my camera app is not working: the images just can’t stabilize. It’s happening both for videos &amp; pics,AppleSupport
1044264,2017-10-14 19:10:50,366919,@AmazonHelp you’re always delivering my neighbors packages to the wrong building. I’m constantly bringing them next door cuz I’m nice.,AmazonHelp
1049476,2017-10-14 19:13:16,368043,@SpotifyCares Thank you!,SpotifyCares
1041383,2017-10-14 19:16:03,366294,"@Uber_Support Ok, thanks!",Uber_Support
1809926,2017-10-14 19:16:47,158154,@Delta @136892 Just another fantastic enhancement to the Medallion program.,Delta
994267,2017-10-14 19:20:34,355520,@AppleSupport Nope no profiles and yea it happens on both.,AppleSupport
835140,2017-10-14 19:21:56,318840,@AmazonHelp Nope. Please provide me the link,AmazonHelp
1046552,2017-10-14 19:30:32,367381,@AmazonHelp Como 500😂,AmazonHelp
1046609,2017-10-14 19:33:10,367394,@115858 why did my iPhone 8 come with an AmazonBasics charger? 🤷🏻‍♀️ https://t.co/dlbxIeLoZt,AppleSupport
1078604,2017-10-14 19:33:40,353394,@374437 @AmericanAir They did respond well to me.,AmericanAir
1046845,2017-10-14 19:36:25,367444,@115911 where the hell is my iPhone 8 &amp; why isn't in my hand yet? 🙄,TMobileHelp
1343198,2017-10-14 19:40:09,312751,@Uber_Support @116276 This will be attempt 18 by your CS team in 3 weeks to resolve #UberHacked issue. Is @Uber_Support up for the to? Stay tuned,Uber_Support
1048071,2017-10-14 19:44:03,367715,@AppleSupport Why do I keep getting an ! icon in the corner of my photos on my iPhone? I’ve got iCloud Photo Library turned on.,AppleSupport
1047963,2017-10-14 19:44:43,367694,@AmazonHelp Ordered pillow from Amazon seller &amp; received only pillow case. Really? I should not have to pay for return shipping. Help?,AmazonHelp
1047956,2017-10-14 19:52:05,275914,@AmazonHelp Its not difficult..let the packers pick the box size for a start..,AmazonHelp
1037792,2017-10-14 19:53:42,120576,"@365507 @VirginTrains Hi Rosie, you'll need to speak to the staff at King's Cross about this. ^MS",VirginTrains
1049245,2017-10-14 19:57:44,367990,"@AppleSupport this new update has destroyed my iphone! Nothing will load....apps, safari....it’s driving me insane! Fix it immediately!!!",AppleSupport
1049143,2017-10-14 20:00:07,367962,@AmazonHelp can i get a refund for my purchase of #cuphead via @115821? i got scammed and there's nothing i can do about it... smh... https://t.co/MYQLC7443R,AmazonHelp
1064029,2017-10-14 20:00:22,161114,@DELTA I need to reset my skymiles password but it doesn't have my correct address. How can I reset w\o waiting 2 hrs on phone?,Delta
1275165,2017-10-14 20:02:13,418497,@AmericanAir Just seems to make more sense to prevent challenges on Monday. Message received loud and clear however.,AmericanAir
1141787,2017-10-14 20:04:43,388766,@115873 do your drivers pickup at Orlando Intl airport?,Uber_Support
1050772,2017-10-14 20:11:07,361330,"Hey @115821 since when did 2 day shipping mean 9 days? If I pay for two day shipping, I expect my items to arrive by 18/10 not 23/10!",AmazonHelp
1810261,2017-10-14 20:12:09,543849,@SouthwestAir I have to get smart too. When I do though you are going to yell at me. That’s why I’m screensaving all this.,SouthwestAir
1049189,2017-10-14 20:19:24,367978,@AppleSupport No. I haven't been prompted to. Is there a new update?,AppleSupport
1033813,2017-10-14 20:22:38,364580,@115900 @comcastcares I’d like to have access to my cable subscription on my Roku box that I bring with me when I travel.,comcastcares
1052132,2017-10-14 20:27:10,368645,@115821 I been waiting for my package for damn near 2 weeks y'all got me fucked up,AmazonHelp
1067227,2017-10-14 20:27:45,371852,@115888 could you add a feature that allows you to continue where you left off on a playlist (after listening to another one),SpotifyCares
1052183,2017-10-14 20:30:39,368652,@115858 WTF apple!!! My iPhone 7 keeps on crashing! Do your job! The hell!!!,AppleSupport
1052480,2017-10-14 20:30:40,368729,@115913 hey I think I need you specifically or the corporate number u gave me a couple years ago I have a situation that urgent lol,TMobileHelp
1058259,2017-10-14 20:39:49,369859,Just landed in San Diego! Thank you to the fantastic crew on @AmericanAir flight 1288✈ https://t.co/nG8HQyw63X,AmericanAir
1054054,2017-10-14 20:41:12,369044,@AmazonHelp  is this really acceptable to leave my parcel on the doorstep all day? https://t.co/cPXzP4Pyha,AmazonHelp
1059307,2017-10-14 20:48:06,370103,@115850 I think amazon executive are not interested in providing right assistance you can see for yourself. &amp; this does not ends here https://t.co/yKl2wxBYcJ,AmazonHelp
1067122,2017-10-14 20:51:10,371826,@Delta Cool why aren’t check bags ready yet. Disappointing day of @delta travel,Delta
1054481,2017-10-14 20:52:12,369145,@369159 @comcastcares @116136 @116136 doesn’t care !!! 😤😠😡,comcastcares
1050798,2017-10-14 20:55:22,368322,"@AmazonHelp You tell me, it's coming today on a magical courier that hasn't been assigned yet. https://t.co/Y9GfwKevcT",AmazonHelp
1054169,2017-10-14 21:01:25,369067,@AppleSupport I have that button switched on. Every couple of days valumn buttons stop working again. Today again and phone was on locked screen.,AppleSupport
1810753,2017-10-14 21:05:36,544021,@115888 how am I supposed to use you if I can't make an account because there is always an error?,SpotifyCares
769624,2017-10-14 21:08:11,303762,"@AmazonHelp Guys,I don't think the matter is big enough that it's taking days to resolve #disappointed #Shame",AmazonHelp
1145296,2017-10-14 21:08:23,372845,Wendy on the screen isn’t a very good #golfer @AmericanAir #games #onboard #GlobalNomad #OnTheRoad 🤦🏻‍♀️✈️🏌🏻‍♀️ https://t.co/BhADn50J3Z,AmericanAir
1810501,2017-10-14 21:12:45,543929,@Uber_Support Just DMd,Uber_Support
1057987,2017-10-14 21:18:26,369802,"@AppleSupport @115858 what laptop should I buy MacBook, MacBook Air, or MacBook Pro I want to use this for editing &amp; entertaining purposes",AppleSupport
1000992,2017-10-14 21:21:46,356983,@AmazonHelp Second call was just made.  Turns out it was never resent out today like promised.   Getting very upset,AmazonHelp
1060821,2017-10-14 21:26:59,370466,@Delta It's ok the walk did us good but next time F terminal please,Delta
1072389,2017-10-14 21:31:48,348762,"So much for @AmericanAir's assurance that ""if my FF# is correct, it should be fine"" 5th international bc flight this year where it's not.",AmericanAir
1057952,2017-10-14 21:33:49,369792,@AmazonHelp My last two orders were delivered by OnTrac. The first order never arrived on delivery day. The second order (electronic home sensor) arrived in a flimsy envelope with the product box damaged on all sides and with dirt on the box.,AmazonHelp
1060599,2017-10-14 21:35:57,370410,So @AppleSupport every time I type my name KYLE it will autocorrect to all caps cuz I accidentally did it ONE time when I first got my phone,AppleSupport
1060976,2017-10-14 21:39:53,370507,"Dear @SouthwestAir, I hope all my items make it to my destination. My box was ripped open, but not taped shut. 😠 https://t.co/HUnadMLvTa",SouthwestAir
424394,2017-10-14 21:42:21,189540,@Uber_Support Can you just DM me please,Uber_Support
1145381,2017-10-14 21:44:43,389581,@comcastcares I have really lost all faith that Comcast cares about anything but a check they can cash #comcastcouldcareless,comcastcares
1064182,2017-10-14 21:46:26,371241,@AmericanAir Pregnant wife and I now have 15 min to make connection at CLT going to LHR.,AmericanAir
1060585,2017-10-14 21:48:24,370407,@AppleSupport any suggestions as to why my monitors won't recognise thunderbolt display port cables anymore? 2013 MacBook Pro.,AppleSupport
1059294,2017-10-14 21:49:36,370099,@AmazonHelp https://t.co/Sf3taN5c6i,AmazonHelp
1062676,2017-10-14 21:52:55,370937,@TMobileHelp Where is Tanya please?,TMobileHelp
1063841,2017-10-14 22:06:11,371167,@117086 Minha conta Prime foi hackeada em Abril/16 e até agora não consegui uma solução pq ninguém no Brasil ou US retorna meus e-mais!!,AmazonHelp
1810913,2017-10-14 22:06:44,544074,"@115858 @AppleSupport Not in your KBs: 
 (1) How to clear iTunes calendar cache?
 (2) How to clean non-cloud-related dupe calendars &amp; events? https://t.co/NTPNI2mjnJ",AppleSupport
1064032,2017-10-14 22:07:00,371206,@Delta no one in line for sky priority and you have 5 people working the bag drop. Regular line is huge w/only 3 people working @ DTW,Delta
1063946,2017-10-14 22:12:47,371188,@Uber_Support @154505 @115873 Left wallet and camera in car but do not have mobile/tele access. Jus suis American. What can I do? HELP https://t.co/VDk0w4mHrL,Uber_Support
1145871,2017-10-14 22:15:01,389703,@AmericanAir I fly out of England on tues and would love to fly out tomorrow (I used miles and there are no Sunday flights under same mileage award ),AmericanAir
1146375,2017-10-14 22:17:18,389825,"@AppleSupport pour résumer IOS11 c’est de la merde. Les icônes sont moches, ça bouffe la batterie, et AppStore c’est une usine à gaz ...",AppleSupport
1071181,2017-10-14 22:25:49,372777,"@SpotifyCares I am unable to listen to any One Direction song. On both my phone and computer, it says unavailable.",SpotifyCares
1063818,2017-10-14 22:27:11,371162,"@AmazonHelp Thanks, I guess",AmazonHelp
1068921,2017-10-14 22:29:18,372244,Why are @VirginTrains SO EXPENSIVE? I don’t have a spare £100 to go home for the weekend 😵,VirginTrains
1146988,2017-10-14 22:29:33,339419,@AppleSupport  How do I turn off notifications from Facebook in iOS 11.  I don’t even have the app on my device! Thanks.,AppleSupport
1810992,2017-10-14 22:36:27,544091,@TMobileHelp I need one for my second account.,TMobileHelp
1146990,2017-10-14 22:38:30,389949,"@AppleSupport Thanks for the reply, I will report this email asap.",AppleSupport
1058320,2017-10-14 22:45:46,360616,@SouthwestAir Doing two things at once doesn't seem to be your bag! Maybe start with on time and then work up to jokes,SouthwestAir
1098745,2017-10-14 22:48:30,379273,@Uber_Support Have a trip scheduled for tomorrow morning. I need to check what type of vehicle will show up. Why is there no way to do this?,Uber_Support
894602,2017-10-14 22:50:50,332414,@AmazonHelp He is telling me he doesn't have that button available and he also told me when I can and can't buy from Amazon. #1stCScontact #BadService,AmazonHelp
1066890,2017-10-14 22:51:36,322331,@AppleSupport It is damaged,AppleSupport
1047745,2017-10-14 22:54:49,367640,@AmericanAir Tat is not accurate you gave one of my friends a refund for the same reason,AmericanAir
1074635,2017-10-14 23:00:21,373554,@116618 please help! I’ve tried a dozen codes trying to get my TV dialed in and I keep getting these dogs! https://t.co/L6jXVufEey,AmazonHelp
1067194,2017-10-14 23:03:44,371844,@SpotifyCares It just won’t play for me. Say if I were to chose a different playlist and my playlist I was playing before was working the new one won’t,SpotifyCares
1807982,2017-10-14 23:08:29,543154,"@AppleSupport Dear Apple, you know what I mean. Just remove the all bugs from iOS 11 and give us good, old iOS.  https://t.co/E7CMNgPNBJ",AppleSupport
1080780,2017-10-14 23:10:28,233223,@Uber_Support I think it was network congestion. But my driver app wouldn't close tickets and some how I accepted a ride when I didn't. Got them there!,Uber_Support
1079582,2017-10-14 23:12:39,374648,@Delta basically just stole $180 from me,Delta
1065199,2017-10-14 23:12:53,371488,@AmazonHelp Eu já fiz isso e continua,AmazonHelp
710012,2017-10-14 23:21:55,289775,@AmazonHelp And now when I try and log in again on my old devices it does the same thing so I have NO access to my amazon or kindle!,AmazonHelp
1150646,2017-10-14 23:22:26,390770,"@SpotifyCares ""epic collection friend. your library is all filled up..."" Are you kidding me?",SpotifyCares
1071313,2017-10-14 23:23:32,372805,"Paid for wifi on my @SouthwestAir flight Netflix,Hulu or any other streaming app won't work. What a waste of money 😭",SouthwestAir
1080774,2017-10-14 23:27:04,374954,@Uber_Support Fee for something that was clearly your driver's fault for lack of communication. He clearly wanted me to cancel so he could get that,Uber_Support
1069930,2017-10-14 23:27:19,372465,@AppleSupport I can’t answer text messages while on lock screen it’ll always open the text message to iMessage to a different thread,AppleSupport
1071099,2017-10-14 23:32:29,372756,Had to re-register my tv on @115821 tonight &amp; it's still not working. Hmmm,AmazonHelp
1148955,2017-10-14 23:33:34,390383,@AmericanAir I paid over $1k in conference fees and hotel reservations. I’m missing a huge chunk of it bc your company is ill equipped,AmericanAir
1076405,2017-10-14 23:37:21,298561,@Uber_Support still not working,Uber_Support
1067388,2017-10-14 23:41:44,371891,@115911 @TMobileHelp I'll have old one sent back. New one I discussed with tech support. Run it and see if ok. So far works. Tough device to survive trip.,TMobileHelp
1072573,2017-10-14 23:42:42,373096,"@115900 Worse, @115900 tried to charge $70 for the tech. Why? “Because the tech’s gonna swap your coax for our FIBER OPTIC cable.” Bruh... 😂🤣😭",comcastcares
1065158,2017-10-14 23:46:18,371480,@AmazonHelp I spoke on the phone 3 times today with the same rep. She said the only option is to purchase a new box to ship it. Like it’s that easy lmao,AmazonHelp
184127,2017-10-14 23:48:26,159326,@AppleSupport ios11.03... how can this help tho? https://t.co/ShAPAcqAn9,AppleSupport
1073314,2017-10-14 23:56:10,320487,@AmazonHelp having huge issues with repeated fraud on my account and need to cancel my account ASAP. Please help,AmazonHelp
1074817,2017-10-15 00:01:04,373606,"Nice @AmericanAir - Flying PHX to VGS on half full plane and wife can't sit next to me cause I'm in 11C, and ppl pay xtra for that seat. #BS",AmericanAir
877433,2017-10-15 00:04:20,328295,@SpotifyCares That seems to have sorted it. Should've done that in the first place. Cheers!,SpotifyCares
1149852,2017-10-15 00:06:25,143734,Dear @115911 my internet has never been slower... &amp; for the amount I'm paying it is a shame.,TMobileHelp
1074665,2017-10-15 00:07:37,373565,@115858 lmk why your trash phones loveee to break on me for no reason and refuse to power back on (((:,AppleSupport
1073222,2017-10-15 00:08:55,373244,"@AmazonHelp tired of email/chat support with poor English. Delivery delayed, chat assured would be delivered. wasn’t.  Perhaps you can help?",AmazonHelp
1072313,2017-10-15 00:16:42,373040,@Uber_Support I can not login because I had to have someone else sign up with uber to help me out.,Uber_Support
1084432,2017-10-15 00:22:11,375798,"@Delta and I want actual service, not a bitchy stewardess who throws your red card ""customer support"" flyer at me, #DL4810",Delta
1095208,2017-10-15 00:24:45,378445,"Hello @120533 j'peux plus me co sur votre site depuis firefox, j'ai ça a chaque fois :/ https://t.co/7lnVcqHvIt",AmazonHelp
1150684,2017-10-15 00:29:27,390778,.@AmericanAir should be sad for scamming people to fly there horrible business model. For my followers don't fly American air.,AmericanAir
1077808,2017-10-15 00:32:23,374265,"@ComcastCares
#mobile_CareXV
Rdk03033 no tv",comcastcares
1073375,2017-10-15 00:32:39,373269,@AppleSupport iOS 10.3.3,AppleSupport
1035895,2017-10-15 00:34:21,365036,@SouthwestAir previous flight the attendant made no such effort. We will request assistance from them tomorrow.  My 10 yr old shouldn't fly btwn strangers,SouthwestAir
1075572,2017-10-15 00:39:20,373775,"@AmazonHelp I can provide order numbers as well as tracking numbers, carrier is: AMZL US. So, Amazon.",AmazonHelp
1076511,2017-10-15 00:49:44,374018,"@AmericanAir Hi guys I can’t make my check in, can you please help me?",AmericanAir
1073378,2017-10-15 00:50:13,373269,@AppleSupport Yes &amp; all my apps are up to date,AppleSupport
1076447,2017-10-15 00:51:34,374001,@SpotifyCares Motorola G5+ and Spotify V8.4.22.857 - also Google Home streaming status disappears every so often and I have to reconnect.,SpotifyCares
1075563,2017-10-15 00:52:23,373773,"@AmazonHelp Update: Did some looking around and it seems the one dollar charge has happened to other people, but wears off after a couple days",AmazonHelp
1151693,2017-10-15 00:55:12,391026,@115873 why is your customer service so pathetic and hard to get a straight answer out of I don’t owe you a dime yet account is blocked why??,Uber_Support
316644,2017-10-15 00:56:17,191605,@TMobileHelp I applied for a second line and he went though a credit agency told him my credit wasn't good but he got approval which agency did he go to?,TMobileHelp
1811614,2017-10-15 01:08:14,544284,@delta Unbelievable from an international airline the rude attitude of the man @ gate C46 flight 2191 from ATL to MIA,Delta
1079412,2017-10-15 01:08:35,374610,"@AmazonHelp It is amazon fulfilled product, seller-cloudtail India and my one of the product  also dispatched https://t.co/sEbLcjLQkp",AmazonHelp
1079475,2017-10-15 01:10:07,374623,"@116333 @AppleSupport I’m amazed at how bad the ios11 has been. My phone is overheating, photos gone haywire and battery life sucks.Fix it",AppleSupport
1077589,2017-10-15 01:16:26,374215,@AmericanAir Now deplaning with no guidance what’s so ever. But hey your app says the flight is now rescheduled for 6:30am the next day. That makes sense,AmericanAir
1577979,2017-10-15 01:29:15,486003,@AppleSupport I have been trying to download apps since yesterday but I cannot do so. Help please 😭,AppleSupport
1067202,2017-10-15 01:30:20,371844,@SpotifyCares Wait you mean the email I use for the app?,SpotifyCares
1080694,2017-10-15 01:30:37,374933,@115821 my last package was delivered to the wrong house and the one before that was delivered cut open. What is going on? Seriously.,AmazonHelp
1250295,2017-10-15 01:31:29,147243,@Uber_Support Please ask an human to respond to my concern.,Uber_Support
1089460,2017-10-15 01:32:11,377025,@comcastcares I'm a Chicago (zip 60634) customer. Is Weatherscan ch. 116 no longer available? My family uses it several times daily.,comcastcares
1080770,2017-10-15 01:43:06,374953,@Uber_Support I tried telling him the directions but he kept rejecting my calls,Uber_Support
1077569,2017-10-15 01:50:27,374213,"@AmericanAir Of course that's the solution to all of your maladies, work with staff, stand in lines for hours irrespective of age, physical ailments...",AmericanAir
1080672,2017-10-15 01:52:26,182223,"@AmazonHelp you never understand my concern kutte mother fucker Asshole,  if you had i should have get my product delivered",AmazonHelp
1799461,2017-10-15 01:53:01,540611,@TMobileHelp @115913 Inbtwn i am in dm actually ur customer is little better,TMobileHelp
1078372,2017-10-15 01:55:24,374387,@AppleSupport Multiple site. As if something is blocking the sites. 🤷🏼‍♀️,AppleSupport
1084339,2017-10-15 02:04:44,375775,what the hell is @115821 doing with Prime shipping showing up as November delivery for #halloween items? that's the opposite of Prime.,AmazonHelp
1077373,2017-10-15 02:10:41,374181,@AppleSupport I restarted it which helped a little but still a lag,AppleSupport
1081237,2017-10-15 02:13:07,375052,"@comcastcares Hi AG, I've sent you a DM. I apologize it's a bit lengthy but I wanted to give as many details as I could of my connection problems.",comcastcares
1048356,2017-10-15 02:16:32,367774,@367773 @AmericanAir Eek. Amtrack would have been easier!,AmericanAir
1081772,2017-10-15 02:21:49,375177,"@AmazonHelp Both! 5-6 times each!
Because that's all they did! Transfer me! Over and over again!",AmazonHelp
1083377,2017-10-15 02:28:05,375554,@Delta You need this status? Smh 🤦🏽‍♂️ Flight #DL4099 https://t.co/mbinyCNRXI,Delta
1153636,2017-10-15 02:30:04,391432,@115873  this prick charged me and I told him where I was and never turned!! SORT IT OUT!!!' https://t.co/P8GJ4zCZ19,Uber_Support
919196,2017-10-15 02:31:29,338207,@338208 @AppleSupport Thanks,AppleSupport
1089230,2017-10-15 02:34:49,376968,@115850 Your site is not designed to shop Apparels. First filter needed is the SIZE. Else it is very frustrating. Try shopping underwear..,AmazonHelp
1811812,2017-10-15 02:38:30,133699,"@SouthwestAir hey, is BWI-Hawaii a possibilty, or BWI-LAX-Hawaii but no passenger boarding just refueling",SouthwestAir
1084550,2017-10-15 02:43:39,375833,@AmericanAir 3- she took 30 mins to try to print mine til a supervisor came and did it. They made mom check her carry on.,AmericanAir
1072175,2017-10-15 02:49:34,373008,@AmazonHelp Gracias... 😒 https://t.co/6u91D79rCr,AmazonHelp
1154831,2017-10-15 02:49:59,391676,"@12195 @16201 @115858 Interesting conundrum. How do you get a refund @AppleSupport for a film that doesn't load, despite other streaming services working?",AppleSupport
1087471,2017-10-15 02:59:06,376538,@115873 trying to schedule a ride to PDX airport 10/15/17 at 11:45am.  Help!  Is it scheduled or not? Thanks,Uber_Support
1063054,2017-10-15 03:08:19,126936,@AmazonHelp Can you identify the cash back  I am referring to by using my email id ( __email__ ). I shouldn't be reminding about the cashbacks!,AmazonHelp
1156867,2017-10-15 03:10:45,392144,@115888 when the fuck did y'all lose Jay z?,SpotifyCares
1165421,2017-10-15 03:19:34,394122,@115858 Not trying to slow it down rn,AppleSupport
868021,2017-10-15 03:21:13,326085,@AmazonHelp Sent mail to your customer care. Go check it.,AmazonHelp
1090063,2017-10-15 03:23:14,377181,"Frustrated with @115911 trying to unlock carrier for 3 months having paid in full when I bought the phone,worst service @TMobileHelp :-\",TMobileHelp
836894,2017-10-15 03:29:51,319189,@AmazonHelp your service is just going from decent to worse.,AmazonHelp
1090006,2017-10-15 03:29:56,374994,"@AmericanAir Update came in. Flight cancelled. I know it's not your fault, but this is ridiculous",AmericanAir
1102447,2017-10-15 03:30:47,380136,"@Uber_Support @14117 @72792 @123289 @2155  last night &amp; uber driver picked me out of airport not paid fee ,add in bill by uber https://t.co/sGpkxPD6XG",Uber_Support
1118111,2017-10-15 03:43:27,383825,@AppleSupport the software update took out the speakerphone on telephone calls again #canyougettheseupdatesright?!?,AppleSupport
1091665,2017-10-15 03:44:57,360553,"@115850 please imporve your service in delivering products, 

I wanted this deliverery before 13 Oct. But your service sucks 😓

Proof -} https://t.co/Nl1kn8Zc4V",AmazonHelp
1097478,2017-10-15 03:54:07,174722,@delta i submitted an out of pocket expense claim 6 days ago and have yet to hear anything - what is the average response time?,Delta
1095489,2017-10-15 03:54:49,378514,"@115900 ughhhhh internet and cable out again! No bad weather, no good excuse! Worst service ever!",comcastcares
1089259,2017-10-15 03:55:15,353035,@AmazonHelp Okay but your services not satisfactory.,AmazonHelp
1102980,2017-10-15 04:01:05,380279,Our Uber driver is a sexist piece of shit @10363,Uber_Support
1074617,2017-10-15 04:05:47,373549,@AmazonHelp  https://t.co/lwWVAFWxbd,AmazonHelp
1095293,2017-10-15 04:16:20,378469,"@AmazonHelp TY for forcing me to cancel my cc b/c you wanted to ""test"" one of my cc's on file to make sure it was still good. 1 of 2",AmazonHelp
1119373,2017-10-15 04:18:03,384111,@AppleSupport could you all maybe fix the fact that ever since the update it takes 5 minutes to watch a minute long video. Keeps pausing.,AppleSupport
1096831,2017-10-15 04:21:19,378825,@SpotifyCares I need to speak to someone in the charity department as soon as possible. Can you please help?,SpotifyCares
1093487,2017-10-15 04:25:00,378067,@AmericanAir hubs flew home yesterday from Miami and still NO SUItCASe!  No luck contacting anyone!  Please help!,AmericanAir
1089818,2017-10-15 04:28:18,377114,@AmazonHelp Done that 3 days ago. No luck.,AmazonHelp
1095218,2017-10-15 04:41:48,378448,"@115851 @115850 haven't had this bad experience w/ online shopping that I had with you guys, You literally ruined my mom's birthday. TY",AmazonHelp
1156841,2017-10-15 04:42:51,392138,@115873 ... I want a full refund.  Never saw the driver.  Took a cab.,Uber_Support
1095163,2017-10-15 04:50:22,158367,@115850 I fell in love with a few products &amp; want 2 buy them 4 Diwali gifting; the delivery dates r 18-23rd October; why no 1 day delivery,AmazonHelp
1095451,2017-10-15 04:55:42,375833,@AmericanAir 4- so now we can't even volunteer. No vouchers no food no hotel FUCK YOU @AmericanAir,AmericanAir
1089923,2017-10-15 05:04:11,377141,@Uber_Support Look at the map routes!! This guy charged us for a route we didn't even take! The first one! https://t.co/Rd5hsqzNsV,Uber_Support
1813537,2017-10-15 05:06:01,544817,"Updating to #iOS11 was the biggest mistake. Experiencing call fails, unable to receive calls and slow functioning. @115858 @AppleSupport",AppleSupport
725253,2017-10-15 05:07:56,293720,"@AmazonHelp ALL are just copy past  reply really to understand ,Infact i have asked for a callback , Which  is never done from our side,...",AmazonHelp
1095813,2017-10-15 05:15:34,378595,クレジットカードに身に覚えない引き落としされててえって思ったらAmazonプライムだったやられた〜,AmazonHelp
1097366,2017-10-15 05:28:04,378947,"@115850  I have order red mi 4 on 24-9-17 with order no. 4__credit_card__ but, till today I have not receive any cash back from your end",AmazonHelp
1812371,2017-10-15 05:28:38,544483,@SouthwestAir since may i am waiting to get points credited to my account!!!! what's the matter???,SouthwestAir
1813143,2017-10-15 05:34:11,544696,"$90 a month for unlimited and every night at 11pm my texts stop sending until the next day. Tough to run a business this way,  @115913",TMobileHelp
1166631,2017-10-15 05:36:35,257527,"@AppleSupport I just purchased the wrong song. I think there was a delay in the preview. Right name, wrong artist, wrong song #help",AppleSupport
1110962,2017-10-15 05:37:18,382206,@Uber_Support we accidentally left a phone in an uber and now we can’t contact our driver. help,Uber_Support
1097353,2017-10-15 05:37:40,378931,Hey @115821 I will be canceling prime &amp; my services with you because of new #amazondelivery - major problems with EVERY order #ByeFelicia,AmazonHelp
1098008,2017-10-15 05:43:53,210510,@115821 let me down today. My package didn’t come in two days.,AmazonHelp
1095291,2017-10-15 05:49:27,378469,@AmazonHelp I've already been in contact with your cs dept. Waiting to see if I actually get a return call from a higher up.,AmazonHelp
1812415,2017-10-15 05:53:01,392409,@Delta Done.   Got an update email they are atill searching.  LOL.  Didn’t look well as it was found.  Someone took it.   We shit off svs.,Delta
1158269,2017-10-15 05:55:33,392471,@115873 I confirmed this trip 10 mins ago and called them to say you’re driving away from me and got “fuck of ill be there”.... soo....,Uber_Support
1098628,2017-10-15 05:56:33,379245,"@AmazonHelp  hey need u r help.
Iam unable to login to my account.
Forgot password is asking Gmail I'd which I don't know.i know mobile no.",AmazonHelp
1098568,2017-10-15 06:07:51,379235,@116439 HOW do I get my screen back to normal size???? Accidentally zoomed and I’m stuck. I using my iPhone as a remote.,AmazonHelp
1812525,2017-10-15 06:11:28,544525,@115888 please for the love of god. Apple Watch app. Please.,SpotifyCares
1104273,2017-10-15 06:14:46,380596,@115850 Hi team can I pay partial by Gift card and Partial Amazon pay balance to pay for my order &amp; get 10% CB on the Amazon pay paid amt?,AmazonHelp
1138029,2017-10-15 06:19:02,388048,HEY @AppleSupport LET ME BE ABLE TO TURN OFF THE DAMN AUTOBRIGHTNESS. #problemswithios11,AppleSupport
1099852,2017-10-15 06:21:54,379534,@115850 @228164 @13150 I was never knowing you people also deliver a pair of shoe in two different sizes. Really it is a to z,AmazonHelp
1033513,2017-10-15 06:26:06,125895,@AmericanAir @364514 Why ignore comments you contradict yourselves r inconsistent. Are you virtual robots? I want this matter to be followed by CS. Expect call!,AmericanAir
1099689,2017-10-15 06:33:50,182463,@AmazonHelp @13150 No one bothered  to call me it's me only  who is asking  for update  @13150 @AmazonHelp #amazonindia #shame #sucks,AmazonHelp
1116343,2017-10-15 06:37:44,383419,@Uber_Support I have three charges on my account all for the same day in which I took 0 trips?,Uber_Support
1096785,2017-10-15 06:40:35,378627,"@378813 @120533 @AmazonHelp Même problème Idem obtient cette erreur sur amazon.de puis amazon.fr  SEC_ERROR_OCSP_INVALID_SIGNING_CERT 
Pb de certificat ?",AmazonHelp
1096656,2017-10-15 06:45:01,278558,@AmazonHelp Provide me the solution of this....,AmazonHelp
292297,2017-10-15 06:48:14,185616,"@AmazonHelp and As Always your customer care No. sucks , I think I've made a miatake taking Amazon Prime Membership",AmazonHelp
1100894,2017-10-15 06:58:50,379742,Presents for meeee ! Was only expecting the one I ordered myself 🤔 @115821 #amazing. https://t.co/q8zOsv9ZOS,AmazonHelp
1122789,2017-10-15 07:01:14,384807,@115858 @AppleSupport please make it so when the iPhone updates it turns the alarm back on after! Missed work for first time in 3 years today,AppleSupport
1099303,2017-10-15 07:05:47,379409,@AmazonHelp i need explanation,AmazonHelp
1102309,2017-10-15 07:12:09,380103,@115850 baar baar request karne ke baad v products courier se vejte hain. Products @120543 se vejen. (1/2),AmazonHelp
725259,2017-10-15 07:17:38,293720,"@AmazonHelp When ?
any time frame",AmazonHelp
1120716,2017-10-15 07:25:51,384386,"@115877 hi guys, my account disabled, need help ! #uberindia #UberEATS",Uber_Support
1100987,2017-10-15 07:31:27,379760,@AmazonHelp Oneplus 3.,AmazonHelp
1102384,2017-10-15 07:37:11,380122,@AmazonHelp Beyond delivery date. 12 oct was promised date. Reported the team many times. Causing inconvenience since 12th october,AmazonHelp
1113680,2017-10-15 07:38:10,382841,"@115888 Be careful taking on Spotify. Their Accounts Department are useless and will double charge you, without informing you.",SpotifyCares
925604,2017-10-15 07:47:43,394722,@AppleSupport WatchOS4 - Why alarm on my watch doesn’t vibrate any more? Before I’ve been able to set up vibration only without sound. Now it’s sound only,AppleSupport
1098578,2017-10-15 07:48:57,379237,@AmazonHelp Nope I have been using https://t.co/xlMJ8ELzNA for all my orders and for this particular one the delivery date is pending,AmazonHelp
978612,2017-10-15 07:57:35,352095,@AmazonHelp Thanks. Anyways when is the next sale of Redmi 4 2GB variant?,AmazonHelp
1812918,2017-10-15 08:03:04,544639,Why is @115900 upload speed so slow 🤔 Download speed isn't even close to 200Mbps on non-peak hours too. 🙄 https://t.co/1NAS3LqHOD,comcastcares
1104323,2017-10-15 08:03:55,380606,@118919 @115850 @380607 He is with CC since yest. We will look into it is all what he has got until now. Return not yet initiated. What a Diwali Bonanza https://t.co/z505OhlvMz,AmazonHelp
1813520,2017-10-15 08:13:36,205438,I think this new Uber driver is either drunk or tired. He swerved then turner the windows down like that's gonna keep him focused.,Uber_Support
1106466,2017-10-15 08:15:26,381138,"@115850 Advertise as ""Exchange at Top Cities only; Remote parts of IN we don't care"". Grow up guys! #AmazonGreatIndianFestival https://t.co/IhdRGiLQSU",AmazonHelp
1106507,2017-10-15 08:26:09,381143,@115850 @AmazonHelp sad! I am not able to complete my transaction either payments fails or i am getting such errors https://t.co/4VzpJtDntK,AmazonHelp
1104552,2017-10-15 08:31:24,380652,@AmericanAir @380651 Are you paying for his hotel? Did you get him a better seat? Or is your sorrow purely performative?,AmericanAir
1105834,2017-10-15 08:34:27,380969,"Incredible service from @117795 I ordered this at 8:32am, it was delivered at 9:27am. #amazonflex #amazon #thanks #happycustomer https://t.co/WdsfmphR7Q",AmazonHelp
1813792,2017-10-15 08:37:20,352618,"@AppleSupport hi, I’m having a hard time pressing the keys on the left after updating",AppleSupport
1105343,2017-10-15 08:37:47,136974,@VirginTrains good morning hows u today,VirginTrains
1107280,2017-10-15 08:40:34,169505,@115850 my order was supposed to arrive by 25th sep. Item not delivered yet. After so many calls now they say the item is lost.,AmazonHelp
1123898,2017-10-15 08:50:02,350721,@Uber_Support Due to your privacy policy my mom replied to you and you you came up with answer which an asshole can give without looking into matter,Uber_Support
1104344,2017-10-15 08:55:30,380611,@AmazonHelp Thank you...really overwhelmed .,AmazonHelp
1030401,2017-10-15 09:04:08,363792,@AmazonHelp Weekends like this are enough to make me not re-subscribe promised 10 am delivery today and still not here 😡,AmazonHelp
925605,2017-10-15 09:07:25,431138,"@AppleSupport Volume rocker x work, camera x come on when prompted, I receive partial @4305 notifications, phone freezes from time2time. iOS 11.0.2",AppleSupport
1107846,2017-10-15 09:12:21,381474,"@AmazonHelp is there a limit to the number of playlists I can have? I can't go below my mid-""r's"" on @116935 https://t.co/MtfLm3iTAy",AmazonHelp
1119032,2017-10-15 09:21:53,384030,@Uber_Support @384020 The driver needs to give a written apology and must be placed under suspension,Uber_Support
1108803,2017-10-15 09:24:52,381675,@AmazonHelp with same delivery option. till now(15th oct 3pm) it is not reached the local courier station.. worst service..great👏👏👏,AmazonHelp
1108823,2017-10-15 09:32:25,381680,@AmazonHelp going to have to stop using u. Fed up of my deliveries going to someone else’s house. Seems your courier can’t read road signs,AmazonHelp
1168445,2017-10-15 09:34:08,394839,"@115858 WILL YOU FIX THIS iOS UPDATE!!Can’t access texts, not responding to touch, can’t send mms (b4 update no prob) using 11.0.3 EVEN WORSE",AppleSupport
1110450,2017-10-15 09:39:03,382065,"I'm at @Delta Air Lines Ticket Counter in San Antonio, TX https://t.co/uIlJbk5vBN",Delta
1110381,2017-10-15 09:39:14,201213,"@115850 I haven't received my cashback of ordr no.  402-7250695-6490769 yet, which i supposed to get on 28th Sep, i m disappointed wid u",AmazonHelp
1108087,2017-10-15 09:40:45,257025,@120576 @381529 @VirginTrains Train or car. TOUGH CHOICE.,VirginTrains
1107874,2017-10-15 09:45:05,381484,@AmazonHelp DM sent,AmazonHelp
1108799,2017-10-15 09:50:27,297351,@AmazonHelp How do you charge shipping charges for COD customer if he hasn't self shipped it,AmazonHelp
801630,2017-10-15 10:00:50,311017,@172598 @AmazonHelp @115850 What happened?,AmazonHelp
1147082,2017-10-15 10:02:43,389973,"@SpotifyCares I do with Spotify connect is ok but when i save in my Playstation 4 playlist is here but it's switch with another track when i start ""dozo""",SpotifyCares
1024214,2017-10-15 10:09:10,362387,@AmazonHelp The customer representative assured me of replacement but they refunded the balance for the product which I bought in an offer #fake,AmazonHelp
1126741,2017-10-15 10:10:07,385666,IOS11 ÇA PUE LA MERDE ma caméra fonctionne plus mon tel bug mon clavier bug ma connexion bug ptn @115858 ressaisissez-vous,AppleSupport
1162735,2017-10-15 10:11:02,393531,@115873 @1143 in my to and fro journey u charged me double just because I keep sufficient money in my paytm wallet?? https://t.co/eHeMHn7Yyf,Uber_Support
1163174,2017-10-15 10:15:54,190745,@AmazonHelp Call me urgent,AmazonHelp
1110837,2017-10-15 10:24:24,382177,@115850 Isn’t this cheating? Note MRP. https://t.co/cVyuOzkfgh,AmazonHelp
305834,2017-10-15 10:34:01,189029,"@VirginTrains Hi, I'm due at Euston Way earlier than expected. Is there any chance I can get an earlier train home with my later ticket?",VirginTrains
1110910,2017-10-15 10:34:26,305629,@AmazonHelp Doing this on purpose!? So I'm unable to buy anything by the time sale ends?,AmazonHelp
1111804,2017-10-15 10:42:11,382402,@AmericanAir what is up with the dirty pillow on AA33 Flagship Business??? https://t.co/Aumx3hcg7K,AmericanAir
1163548,2017-10-15 10:44:07,393708,アマゾンで刀ステのブルーレイ予約してるけど支払い番号来ない。明後日か明明後日に発売だった気がするけどまだなのー？？,AmazonHelp
785115,2017-10-15 10:54:23,307354,@115821 finally after so many days the package arrived to my place just now,AmazonHelp
1112590,2017-10-15 11:05:09,382581,"密林注文したんだけど届かない。流石に遅すぎだろ…佐川じゃないんだからさあ…
こーいうのが嫌だからプライムにしてるのにその意味が無いって",AmazonHelp
1128273,2017-10-15 11:09:03,385989,"@115858 what’s going on with this new update? Getting notifications from days ago, can’t access swipe up menu, apps shutting down on me?!",AppleSupport
1112680,2017-10-15 11:13:51,382599,@AmazonHelp すいません、時間ギリギリできました。お騒がせしました。,AmazonHelp
1113653,2017-10-15 11:20:07,382840,"This is a good move for  @Delta The less frustration, the better #Travel #efficiency https://t.co/MfTxuizK5i",Delta
1805598,2017-10-15 11:21:03,542521,"@Uber_Support so my friend lost hr ph in 1 of ur cabs, d driver had it, he said he'll return after 1 ride,",Uber_Support
1116249,2017-10-15 11:23:41,383398,@AmazonHelp just had a message saying no1 was in to deliver my parcel? I'm waiting here why you lying? #Lazydriverskeepdoingthis #nothappy,AmazonHelp
1116202,2017-10-15 11:29:01,383390,@115830 why do you pack like this? Can't believe you don't have a smaller box. #waste https://t.co/BizSM1XL3a,AmazonHelp
1110604,2017-10-15 11:30:54,382113,@VirginTrains @120576 aye bring me a can of anything alcoholic to coach b seat 36,VirginTrains
1116492,2017-10-15 11:35:11,208656,On board @americanair 1111 @133384 to @49654 #avgeek #skytourist https://t.co/Iy76QLrNdK,AmericanAir
1115308,2017-10-15 11:42:00,383182,@115821 I don't recall signing up for a one year plan . Sort it out pls https://t.co/e3bSCDRHPF,AmazonHelp
1130504,2017-10-15 11:46:51,165490,"@AppleSupport @115858 when I’m scrolling through a PDF in Files App, it always randomly scrolls to the top of the PDF! That’s ridiculous!!",AppleSupport
1116244,2017-10-15 11:51:38,383397,Just received. My sherry love it. 😍😘💗 #pet #love @115850 https://t.co/vNLeT6ExSL,AmazonHelp
1821894,2017-10-15 11:52:05,546928,"@115888 @117168 @116130 @SpotifyCares 
I really want all of @49660  studio albums avalible",SpotifyCares
1115326,2017-10-15 11:55:41,383186,Can you PLEASE have a #nonsmoking option?  I loved @115873 because cars were clean - last 3 vehicles have reaked.  I can’t be alone on this!,Uber_Support
965045,2017-10-15 12:07:30,326613,@AmazonHelp My internet is down right now on my comp. Wil send it tomorrow probably.,AmazonHelp
1130590,2017-10-15 12:11:03,386444,@115858 I also had to hard reset my #iPhone6S 3 times already in one single morning! Seriously @115858? #iOS11 has far too many errors… @AppleSupport,AppleSupport
965042,2017-10-15 12:12:39,326613,@AmazonHelp I wish 5his 2 b escalated to your CEO,AmazonHelp
1117436,2017-10-15 12:16:08,216897,@AmericanAir Great way to start the day! https://t.co/hrsH2uE4lR,AmericanAir
1117041,2017-10-15 12:19:57,383577,"@AmazonHelp Completely unnecessary too - I saw him from upstairs and was on way to front door, but he rammed it through before I could open it (2 of 2)",AmazonHelp
1116046,2017-10-15 12:24:34,383358,@AmazonHelp All I was told was would refund shipping which was free with product and get a free month of prime. It’s about good customer service,AmazonHelp
1117017,2017-10-15 12:29:31,383573,@AmazonHelp Amazon,AmazonHelp
1164798,2017-10-15 12:32:06,394002,@SouthwestAir Thank you.  We made it to gate. 20 mins to spare. Now coffee..  Thank you,SouthwestAir
1130561,2017-10-15 12:32:25,386439,"Please software correct, phone it is locked time wife connection cut off.
#ios11 #apple #iphone7 @2310 @AppleSupport",AppleSupport
1119289,2017-10-15 12:35:44,384095,"Amazonからのお支払い番号お知らせメールってメールじゃなくてメッセージでもくるの？私メアド持ってない…
そしてそれは注文してからしばらく待たないとこないの？
不安しかないんだけど…",AmazonHelp
1119223,2017-10-15 12:43:30,295783,@AmazonHelp I am already in talks with @115850 and submitted the asked details to them long time back,AmazonHelp
1170836,2017-10-15 12:43:31,395370,"@116333 apple comes a company which isnt fight for the better thing , is it? I don't understand why it happening in apple product lol. https://t.co/gKJeN3KQWF",AppleSupport
1074787,2017-10-15 12:48:44,373598,@AmericanAir I’ve emailed your customer service department as well.,AmericanAir
1119437,2017-10-15 12:51:11,384126,@Delta Please do!,Delta
1119200,2017-10-15 12:52:13,384070,"Warum fragt Amazon nicht nach der Uni-Mailadresse,wenn man Amazon Prime-Student abschließt?Was,wenn ich da nen Vollpreis zahle? @AmazonHelp",AmazonHelp
1174410,2017-10-15 12:54:03,396223,@Uber_Support Want to do that but cannot enter my account https://t.co/fWCFUPVCJG,Uber_Support
1170116,2017-10-15 12:58:40,395218,"@115858 @AppleSupport : Really fed up of having faulty OS updates. 11.0, 11.0.1, 2, 3?? When we cn c sm stability? Evn 7plus 256gb is hanging",AppleSupport
1112619,2017-10-15 13:00:52,382589,@AmazonHelp Thanks.,AmazonHelp
1124336,2017-10-15 13:03:29,220186,@VirginTrains the new app is SO rubbish and user unfriendly. Bring back the old app!,VirginTrains
1122715,2017-10-15 13:10:37,384790,"@AmazonHelp 
My Order# 407-7892075-0993107
Tracking # 447195674850 booked 7.10.17 but not received till now",AmazonHelp
1120835,2017-10-15 13:11:13,384411,@AmericanAir Yeah thanks. Handled that myself. And we were the lucky ones. Your wait now is 2 hours at the kiosk. Bad for business.,AmericanAir
1121614,2017-10-15 13:16:04,384564,Fuck @115821 the long way 🖕🖕🖕 I hate y'all rn give me my money back I'm not subscribed to u the fuck you thought this was,AmazonHelp
1814112,2017-10-15 13:18:58,544977,Ever since I updated my phone it has been fucking up. 2 whole ass years without having no problems and now you want to fuck up. Fuck you @115858,AppleSupport
1121719,2017-10-15 13:27:08,384591,"@Uber_Support Sent the info. I've contacted help, but they give me generic reasons like ""the system blocked it and we can't manually undo""...",Uber_Support
1123630,2017-10-15 13:31:10,384983,There is some catch here. 99.6% 😂😂😂 https://t.co/t3vUBg8TPM,AmazonHelp
1122897,2017-10-15 13:36:05,384830,Taking my favorite little girl on her first plane ride @Delta to LAX https://t.co/lv7UZUEHJt,Delta
1123570,2017-10-15 13:38:15,384970,"@115850 if I have shared my KYC details with Amazon while ordering from global store, do I need to again share it with courier agency?",AmazonHelp
1152021,2017-10-15 13:39:00,391109,"Faster Kill Pussycat isn't on Spotify, FIX THIS @SpotifyCares.",SpotifyCares
1124342,2017-10-15 13:41:10,130372,@virgintrains  and on 13.28 eus glc half the reservations have not downloaded = massive confusion when boarding at eus,VirginTrains
1171481,2017-10-15 13:47:08,211378,@AppleSupport what’s going oooooon https://t.co/1BHAh0CzSZ,AppleSupport
1124027,2017-10-15 13:49:06,385054,You know its morning (afternoon and night) when the @AmericanAir gate agents can't be nice to anyone.  #badcustomerservice #wishyouwerehere,AmericanAir
1168090,2017-10-15 13:50:53,385080,@SouthwestAir https://t.co/es1XdRRFel,SouthwestAir
993932,2017-10-15 13:54:11,323508,@AmazonHelp I have already replied to your mail. Plz check.,AmazonHelp
1005049,2017-10-15 14:04:26,357884,@AmazonHelp Pre-orders? I have a default place. But it wasn't on the packaging so I think he guessed. I have a really important thing on the way 🙁,AmazonHelp
1136317,2017-10-15 14:07:33,387695,@AppleSupport My phone won't turn onand i have no idea why,AppleSupport
965244,2017-10-15 14:14:53,201415,@AmazonHelp Ya I have given all ..bt no hlp...they r on der word...they dnt want to chk the price list of the date given by me..plz hlp @AmazonHelp,AmazonHelp
1813899,2017-10-15 14:15:48,385721,@115911 gotta have the worst customer service ever brah,TMobileHelp
1157493,2017-10-15 14:17:41,198731,@Uber_Support I believe I have DM'ed multiple times. Please check. Logout login done already!,Uber_Support
1124043,2017-10-15 14:20:01,385056,@AmericanAir  https://t.co/KaGD9aJoeN,AmericanAir
1123588,2017-10-15 14:21:19,383009,"@AmazonHelp Got the message thank you cheers.... Actually o was unable to dm amazonIN but message from you is a gud help,",AmazonHelp
1813966,2017-10-15 14:21:41,383876,@Delta help! My flight from FRA to ATL was just cancelled!,Delta
1805455,2017-10-15 14:27:46,542479,"iOS 11.0.3 still sucks. Watching battery percentage fall as I type, lost 6% since beginning this tweet @115858 #ios",AppleSupport
994066,2017-10-15 14:29:42,355490,@AmazonHelp Still I dint got any  resolution on this. I won't trust anymore,AmazonHelp
1130443,2017-10-15 14:42:31,262598,@AmazonHelp Nope. Just saying nothing is guaranteed. Just told me it will not be delivered. What a waste of time and major inconvenience,AmazonHelp
1128304,2017-10-15 14:44:49,385999,@Uber_Support Already submitted. Would like to discuss this on the phone like normal human beings.,Uber_Support
1189833,2017-10-15 14:45:47,399659,@SpotifyCares my payment for premium doesn’t go through... help??,SpotifyCares
1128170,2017-10-15 14:46:41,385959,@AppleSupport It won’t let me open the email and it’s with gmail,AppleSupport
1171051,2017-10-15 14:47:51,395413,@AmericanAir why is there only one customer service representative working for all of the cancelled flights. Come on American!!! #CustomerService,AmericanAir
1128110,2017-10-15 14:49:01,385948,"@AmazonHelp Aucune idée, c'est pas écrit. Je sais juste que le vendeur est SouthCoast. https://t.co/yLCz5mmelM",AmazonHelp
1130259,2017-10-15 14:56:26,386378,@AmazonHelp Hi yes I’m running version 9.18.0,AmazonHelp
1172080,2017-10-15 14:59:43,395693,"I'm at @Delta Sky Club in Tampa, FL https://t.co/c7AkA4SRPu",Delta
1124267,2017-10-15 15:00:25,385106,@VirginTrains Heard so many great things about virgin and there customer service... Booked approximately £700 worth of trains over the next 1/2,VirginTrains
1137983,2017-10-15 15:02:35,166689,@AppleSupport Without my phone nearby,AppleSupport
1148345,2017-10-15 15:04:51,201848,"Finally buyed an Amazon echo Dot, but can't wait till 6 November, btw Amazon where is the prime music, and my prime membership... @115850 https://t.co/b1G9UbUmVm",AmazonHelp
1133490,2017-10-15 15:12:00,387082,@AmazonHelp Then what's the benefit for taking a prime membership if I have to wait for products to delivered.....tell me @115850,AmazonHelp
1133623,2017-10-15 15:14:11,387113,"@AppleSupport Hi, thanks for replying. It’s been since I upgraded to IOS11 and started using the new updated podcast app. I’m currently running IOS11.0.3",AppleSupport
1140245,2017-10-15 15:16:02,118406,Please @AmericanAir I'm begging you! Get another WiFi vendor @116462 is SO SLOW. How's a #RoadWarrior supposed to work in the air?,AmericanAir
843211,2017-10-15 15:17:32,320519,"@AmazonHelp @115821 made it right &amp; upgraded the shipping, so I got this beauty in 1 day (after being lost for 3)! #amazonprime #turtlesallthewaydown https://t.co/MwUVsVkldv",AmazonHelp
1179278,2017-10-15 15:18:07,397356,"@Uber_Support Hello, I lost my eye-wear glasses in the uber, cant contact the driver, I wrote  support messages via the app;PLEASE HELP",Uber_Support
1141640,2017-10-15 15:24:54,388728,Anyone elses @115858 2011 iMac DVD drive kaput after upgrading to Sierra - just spits out discs? Hardly used it either - bah @AppleSupport,AppleSupport
1173834,2017-10-15 15:28:53,165753,@116136 @comcastcares hellllllllloooooo?,comcastcares
1136218,2017-10-15 15:31:32,387674,@AmazonHelp Already tweet to founder plz close your company. 405-8158996-7018755. 1 oct order placed no response from your side,AmazonHelp
1123827,2017-10-15 15:32:54,368349,@AppleSupport Sadly they couldn't really help either. It's now with a Genius Bar to be erased and rebuilt ☹️first time ever an update has done this to me,AppleSupport
1138294,2017-10-15 15:33:21,388122,@TMobileHelp Read the main tweet and please provide an explanation on this.,TMobileHelp
1143352,2017-10-15 15:36:09,389105,@AmericanAir is the worst all around. Never again. I’ll take a bus if no other options exist nex time.,AmericanAir
1805576,2017-10-15 15:37:32,209865,"@Delta Accommodate yes, but have a convo with the other passengers sharing space before you get on a flight a see a large dog coming for you.",Delta
1151801,2017-10-15 15:39:46,208723,@115850 I hope @115851 reads this along with amazon india team and learn how to seriously taint your brand. Thank you for the endless talks 4/4,AmazonHelp
1171660,2017-10-15 15:40:38,395567,@SouthwestAir Thanks!,SouthwestAir
1106604,2017-10-15 15:42:02,381162,"@Uber_Support ""I cant find you but im not going to even try"" is not a valid reason, even worse after we wait 10+ mins for arrival and have to start over",Uber_Support
1138383,2017-10-15 15:47:16,388140,@VirginTrains You can’t just say it’s standard to get away with THEFT.,VirginTrains
1143210,2017-10-15 15:47:43,389074,"@AppleSupport Dear apple, I just bought apple watch a week ago. And there is already scratch on the screen. I have the video. Send to..?",AppleSupport
918243,2017-10-15 15:48:39,337992,@115850 Please beware of the bluffs. Check SC for consumer harassment. Amazon accepting the fault but buyers are harassed. https://t.co/t0xlnPM48i,AmazonHelp
1143176,2017-10-15 15:56:12,319186,"@115850 Thank you Amazon, for being the crappiest delivery company! I'm not ordering from Amazon again! https://t.co/2lbmxPGN9C",AmazonHelp
1821896,2017-10-15 16:00:42,546929,@AppleSupport iPhone keeps correcting “is” to “I.S” even after a dictionary reset. Driving me crazy. Please help!!!,AppleSupport
1209351,2017-10-15 16:04:42,403902,@SpotifyCares having issues playing albums from artist profiles on mobile. Android user. Please help!,SpotifyCares
1141475,2017-10-15 16:04:57,388693,@117795  music doesn't have a jazz category ! #wellthatsmedone,AmazonHelp
1141841,2017-10-15 16:05:28,388778,@AmericanAir Thanks!,AmericanAir
1138004,2017-10-15 16:07:49,388042,"@AppleSupport Also a question: using polyurethane (or similar) covers vs heat dissipation while on heavy use (gaming, HD videos, etc.). Ok or not ok? :)",AppleSupport
1141716,2017-10-15 16:08:09,388746,@115873 get ready for a law suit unless i can get a hold of someone. Had a Traumatizing experience with one of you driver!!!,Uber_Support
1136210,2017-10-15 16:10:40,387674,@AmazonHelp I am going to fb wid order id.  Aur fake commitment. Why r u not updaing e where is my courier.  Already going to tweet to your founder,AmazonHelp
240572,2017-10-15 16:14:55,173140,@AmazonHelp @115850 @115821 Can you get this sorted from your end and resolve this issue? Coz I want my money back. @AmazonHelp @115850 #amazonsucks,AmazonHelp
1143278,2017-10-15 16:16:45,389091,@Delta Do you not see the plane status?,Delta
1821923,2017-10-15 16:18:06,187947,#ios11 restart of the day. #iPhone8 messages app went white not open then whole phone froze #really @AppleSupport #BadApple,AppleSupport
1143145,2017-10-15 16:20:47,389061,"@AmazonHelp Yep like 3 times, Fri, sat, &amp; sun now delayed til tomorrow :(",AmazonHelp
1099321,2017-10-15 16:30:29,379416,@Uber_Support Done. Hoping to get it resolved.,Uber_Support
1144972,2017-10-15 16:30:32,389474,"F’ you @115821, My account hacked, refusal to give me an incident number, Hung up on, Spoke to like I’m a f’ing amateur...NEVER AGAIN!!",AmazonHelp
1151237,2017-10-15 16:30:34,390911,@AppleSupport just bought series 3 watch and all apps open and close straight away?,AppleSupport
1104557,2017-10-15 16:31:44,380654,@AmericanAir I missed a flight to my friend's wedding due to things beyond my control and AA has made a terrible situation exponentially worse.,AmericanAir
1040203,2017-10-15 16:38:46,366099,"@AppleSupport @115858 literally worst customer service I have ever seen.ur advisors wasted my 2 hrs transferring chat to 1 another,hanging up",AppleSupport
1144950,2017-10-15 16:39:17,389473,@AmazonHelp Thanks for the super quick reply! Will this work even if I just want a partial refund?,AmazonHelp
887898,2017-10-15 16:44:20,330826,"@AmazonHelp More than 24 hours,  I have shared the details",AmazonHelp
1146854,2017-10-15 16:46:47,218402,@AmericanAir No announcement from the gate agent. Only us weary travelers who’ve learned to never trust gate agents know about the departure change.,AmericanAir
1149994,2017-10-15 16:50:53,390614,@AppleSupport Hello. No error message. Just the Apple logo and the progress bar which is stuck at what I assume is 100%?,AppleSupport
1146589,2017-10-15 16:51:19,182233,@AmazonHelp yes they have given me resolution that cashback will be coming on 24 dec but recently one of them have told me of 7 to 10 days,AmazonHelp
1814623,2017-10-15 16:53:01,158590,@SpotifyCares Plus it’s skipping every 10 seconds of each and every song,SpotifyCares
1151172,2017-10-15 16:56:58,390897,@115850 just ordered an echo for me.. So when does my prime membership gets activated.. Now or after delivery,AmazonHelp
1160710,2017-10-15 17:03:02,393081,.@AmericanAir My flight out of PWM was delayed + I missed my connection to CHO. Only flight avail was to DCA 5 hours after orig flight. 1/2,AmericanAir
1146656,2017-10-15 17:04:02,389887,@AppleSupport So my apple account is essentially unusable until I get paid in two weeks,AppleSupport
1182653,2017-10-15 17:05:22,235561,They need to hire me to do @Uber_Support cause apparently they need more fucking help 🤷🏾‍♀️,Uber_Support
1146579,2017-10-15 17:06:28,389871,@AmazonHelp My account is __email__. Please look at the history and respond. I'm fed up with repeating myself,AmazonHelp
1112005,2017-10-15 17:06:28,382444,@VirginTrains I could not go too far as I am disabled and I had luggage to try to manage as well as crutches. I also booked assistance but did not get it,VirginTrains
1822134,2017-10-15 17:14:31,547012,@AppleSupport my battery has been rapidly draining since the update. #help,AppleSupport
1176567,2017-10-15 17:14:55,396758,That @SouthwestAir commercial is so funny 😂,SouthwestAir
1178772,2017-10-15 17:18:31,397248,@115900 I pay for NFL red zone every month and I can’t watch it when I’m away from home like the other carriers.. is there’s something Idk?,comcastcares
1153315,2017-10-15 17:19:24,391366,@115850 There were no delivery signs taken by the delivery guys during recent deliveries. Is this is change in process?,AmazonHelp
1822061,2017-10-15 17:21:09,546985,@Delta  https://t.co/gRGwOf2uyk,Delta
1153444,2017-10-15 17:22:49,391389,@352118 @AppleSupport Seems to drain my battery faster too,AppleSupport
1814720,2017-10-15 17:23:30,545153,"@115888 Only mention of this fact is on the help forums. Badly, badly design process.",SpotifyCares
1149777,2017-10-15 17:29:37,182538,"@AmazonHelp What are you asking? Yes, ofcourse, I did.",AmazonHelp
1175447,2017-10-15 17:31:52,396501,@AppleSupport *restarted,AppleSupport
1151666,2017-10-15 17:37:12,391017,@TMobileHelp Poor performance outdoors next to one of the larger stadiums in College Football. https://t.co/0A11tLyhLs,TMobileHelp
1155323,2017-10-15 17:37:13,242587,@115850 will I ever win any contest? i have participated in so many contest but never had the luck of winning.,AmazonHelp
1157635,2017-10-15 17:42:17,392309,@AmericanAir @AmericanAir we need this dealt with.,AmericanAir
1153240,2017-10-15 17:42:54,193147,"@116928 hola, es posible indicar para un pedido que me lo entreguéis a partir del jueves y no del miércoles?",AmazonHelp
1178390,2017-10-15 17:45:51,167317,@AppleSupport 11.03. Happens with all (5) of our iPhones and a couple iPads. Doesn’t happen on WiFi anywhere else (neighbors or friends).,AppleSupport
1133750,2017-10-15 17:49:05,387144,"@Uber_Support Just sent a DM. Although, you’ll forgive me for saying that I don’t think anything will come of it if talking to 2 ppl already didn’t help.",Uber_Support
1153227,2017-10-15 17:52:01,391346,When did @115821 hire delivery folks that just chuck your package on the front lawn?   Really?   Like a newspaper.,AmazonHelp
1155593,2017-10-15 17:52:53,391842,@AppleSupport I spend a mortgage with you guys yearly. After today’s experience I’m team PC and android for life. Awful,AppleSupport
1142662,2017-10-15 17:53:43,388952,@VirginTrains Perfect! Thank you!,VirginTrains
1822431,2017-10-15 17:59:20,301417,"@ComcastCares
#mobile_Care My self installation package was supposed to come in on Friday and I still haven’t received it",comcastcares
1153222,2017-10-15 18:02:07,391345,@AmazonHelp It was Amazon for both orders the past 2 days.,AmazonHelp
1146753,2017-10-15 18:02:32,389905,@AppleSupport I see them in Safari. Version 9.3.5,AppleSupport
1814818,2017-10-15 18:06:05,545176,make @115888 available in Saudi Arabia,SpotifyCares
1822469,2017-10-15 18:08:28,547100,@AppleSupport 11.03 is making my phone super buggy. Glitchy. Apps crashing. Screen going blank. Unresponsive touch.,AppleSupport
1153612,2017-10-15 18:13:17,391427,"@AmericanAir Again, they classed the gate as a group of us were running up to it. It could have been done. @116450 managed get their passengers on board",AmericanAir
1153407,2017-10-15 18:15:21,391382,"@AppleSupport I have tried all of those options, it has been charging for over an hour and it is still unresponsive.",AppleSupport
1822404,2017-10-15 18:15:29,547083,@SouthwestAir I do appreciate the response.  If you can remind them they are there on behalf of your company and we're all human... that would be great!,SouthwestAir
1157468,2017-10-15 18:19:49,392277,"Aye @115873 y'all needa teach ya drivers how to drive. dude was a block away, then drove the opposite direction, had to cancel and it cost $5 https://t.co/FbosMPCpKO",Uber_Support
1157214,2017-10-15 18:20:08,126342,So tried new batteries in @115821 Firestick remote still no joy repairing it..but phone is working as remote fine #AmIPressingTheRightButton,AmazonHelp
1155528,2017-10-15 18:26:33,391829,@AppleSupport Yes,AppleSupport
1170507,2017-10-15 18:26:43,395299,"@Delta hello, can you clarify my baggage allowance on these flights please? How can it be included and charged on the same itinerary? https://t.co/XgX8OWTHtK",Delta
1160939,2017-10-15 18:29:25,393140,I love how @116136 consistently loses service on all of my sports channels while every other channel works fine,comcastcares
1157224,2017-10-15 18:29:33,392228,"@AmazonHelp Purchased a $250 Amazon gc.We have tried to spend it 3x on amazon and every time we do, the account it put on hold for “suspicious” activity",AmazonHelp
1159017,2017-10-15 18:34:13,392650,"Hi @115825 , ich hab grad 6,99 in die Tonne gekloppt, weil der originale Blade Runner bei euch keine englische Tonspur enthält. Sad!",AmazonHelp
897163,2017-10-15 18:36:17,333046,I did have one caller that had trouble reaching me yesterday. Calls have dropped in most locations of my home. @AppleSupport https://t.co/q3nEGguPkU,AppleSupport
1159617,2017-10-15 18:37:00,261992,"@VirginTrains hi, what coach is unreserved on trains from Manchester to London?",VirginTrains
1160721,2017-10-15 18:43:05,393085,@AmericanAir I must tell you empathy for disabled individuals on AA 1647 from Philly is pretty upsetting.  Not typical of other locations,AmericanAir
1161685,2017-10-15 18:43:43,299659,@115850 pathetic delivery service Amazon is doing now..having worst experience..product yet not delivered after being in out for delivery,AmazonHelp
1160578,2017-10-15 18:44:24,393047,@115873 should Uber drivers have a sticker on their front and back window?,Uber_Support
1179947,2017-10-15 18:45:00,397495,"@AppleSupport I'm taking about ""auto"" brightness.  I always used it before and now its gone.  Is there a reason why?",AppleSupport
1161599,2017-10-15 18:51:35,393287,"Gut zu wissen, dass Hacker bei @115821 scheinbar die E-Mail Adresse des Accounts ändern können, ohne dass man das irgendwie bestätigen muss.",AmazonHelp
1160582,2017-10-15 18:57:39,393048,@Delta Well a couple of hours agonizing for a call back I've resolved it.,Delta
1161748,2017-10-15 18:58:36,393322,"@AppleSupport new iOS bug. When you turn wifi off, it keeps turning back on. And battery drains fast. Otherwise I love it! I do have 11.0.3",AppleSupport
1163756,2017-10-15 19:02:19,393758,@115850 its a failed diwali for me...become worst service in one day... kindly reslove me issue... i need my money back asap @AmazonHelp https://t.co/nJK3k0PKwg,AmazonHelp
1161757,2017-10-15 19:05:03,393325,@AppleSupport I have a 6+ &amp; IOS 11.03 - I’m around a bunch of Samsung users. They are laughing it up! #MAGA Make 🍎 great again! Send me 📱 x or new 6+!,AppleSupport
1160452,2017-10-15 19:10:39,165795,"@AmazonHelp That would only work 4 purchases on Amazon. Now because of Movies Unlimited, films in library I didn’t purchase at Amazon. Question remains.",AmazonHelp
1163907,2017-10-15 19:12:36,393796,"Sorry to put out more negativity, but my least favorite part of this update is the podcast app. Trying to add/download is a JOURNEY  @115858 https://t.co/m15qGvqq3M",AppleSupport
1159623,2017-10-15 19:14:40,323288,"@VirginTrains Me too, me too :(",VirginTrains
1180008,2017-10-15 19:16:02,397507,@Uber_Support Is there a UK specific support team that can look into this urgently? Surprised by the lack of service (see first reply),Uber_Support
1161579,2017-10-15 19:17:50,153416,"@AmazonHelp There were a options of other languages such as Kannada, Telgu, Gujrati, Hindi, etc",AmazonHelp
1167176,2017-10-15 19:21:06,347959,I have to fly @AmericanAir this week. Not looking forward to it. https://t.co/GrbCJjNGHX,AmericanAir
1182347,2017-10-15 19:21:27,398042,A flight attendant on my @SouthwestAir flight is wearing a red shirt and a @286363 communicator. Hoping this is not a bad sign 🖖🏽#beammeup,SouthwestAir
1163739,2017-10-15 19:24:39,393754,@AmazonHelp Isso com certeza! 😂😂😂 Mas gosto tanto do meu que ele não chega próximo a situações de risco. ;),AmazonHelp
1165765,2017-10-15 19:26:04,394202,"@ComcastCares @48886 Help!!! Speeds are terrible (again)!!! Wish you guys had competition for gig speeds!
#mobile_Care",comcastcares
1166880,2017-10-15 19:28:38,207088,"@AppleSupport my iphone 6 makes a click if i push down on the bottom corners,should i get this checked out And is it covered by the warranty",AppleSupport
1217410,2017-10-15 19:28:55,203506,"@SpotifyCares @49216 Also @115888 why has your ‘hold to preview’ function on the iOS app disappeared?  My peers and I found it extremely useful! 
Thanks",SpotifyCares
1165324,2017-10-15 19:33:13,394103,"Can't wait to play this game! But I was sent a case with no disc inside, thanks @115821 ! https://t.co/I8erazZ0rq",AmazonHelp
1165589,2017-10-15 19:39:27,394170,@115913 just went into your store in Adrian and the phone we wanted was told no longer selling bit still on display..,TMobileHelp
1183383,2017-10-15 19:39:42,330037,@AppleSupport 2 of 2 asking for bitcions the email address was __email__ can you help please???,AppleSupport
1170673,2017-10-15 19:42:34,395336,"Well apparently the pilot is just straight up missing on my 3:45 from Philly to San Francisco.

How are you going to take care of us @AmericanAir ?",AmericanAir
1176537,2017-10-15 19:46:35,396753,"A big S/O to Helen at TLH @Delta for refusing to give me an open first class seat, told to “take my chances” on standby...",Delta
1168511,2017-10-15 19:48:58,394856,@AmazonHelp can yall tell my why my preorder for Turtles All the Way Down signed edition was cancelled?? cause i’m kinda mad &amp; sad 🙃,AmazonHelp
1168545,2017-10-15 19:50:05,394862,Wtf? @AppleSupport #ios11  @115858 #iossucks https://t.co/9EG4FD427f,AppleSupport
1213727,2017-10-15 19:51:50,404865,@Uber_Support As a driver where can I find earnings yr to date?,Uber_Support
1159097,2017-10-15 19:55:54,392670,@AmazonHelp Okay !! 😊 Thank you.,AmazonHelp
1168592,2017-10-15 19:58:49,394875,Anyone getting issues with @115858 iMessage? I see a full text in notification but when open the text it’s half a message.,AppleSupport
1176006,2017-10-15 20:04:43,396627,"@Uber_Support seen uber gift cards can be used on uber eats, after purchase I can only see it on my uber rides, no option on ubereats",Uber_Support
1168491,2017-10-15 20:09:18,368644,"@AmazonHelp You claimed that the deluxe edition that I preordered was a.) out of stock, even though I preordered it while you had stock, and b.) (1/2)",AmazonHelp
1170314,2017-10-15 20:10:53,395259,"Worst update ever #ios11 
😣
@115858 https://t.co/JYYbB0YFMi",AppleSupport
1193005,2017-10-15 20:16:02,400325,Someone should not be in charge of the labels @Delta. The label is behind the seat rather than centered with the row. #overlycomplicated https://t.co/rFybDVuAuG,Delta
1184652,2017-10-15 20:18:46,398585,@AppleSupport notifications glitch since #iOS11 https://t.co/KsuR8Ons9L,AppleSupport
1170099,2017-10-15 20:19:42,395216,"@AmazonHelp i ordered a product on the 14th and it was next day delivery at 1pm, i check the tracking then and it tells me it won't be 1/3",AmazonHelp
1170679,2017-10-15 20:20:24,395338,@AmericanAir You have incorrect information. They REFUSED to help them.,AmericanAir
1182780,2017-10-15 20:22:26,398138,@116136 @115900 WHAT HAPPENED????? We can't use internet until tomorrow?😵 https://t.co/cXErw946wU,comcastcares
1170826,2017-10-15 20:23:11,395368,@TMobileHelp And I wanted to make changes to my account. There's no excuse for this. This is not a new account its piss poor policies by T-Mobile. (2/2),TMobileHelp
1182651,2017-10-15 20:25:13,385080,@SouthwestAir OK.At airport I was told ‘somehow’ my luggage not put on the at BWI.Get call now saying they are actively searching for it. ? https://t.co/FpjAVqJaUE,SouthwestAir
1823448,2017-10-15 20:27:54,547380,"@115888 we need help with a student subscription. Paid, but no access. Customer care hasn't responded. How do we get help?",SpotifyCares
1823333,2017-10-15 20:28:56,502935,@AppleSupport have dm you,AppleSupport
1172681,2017-10-15 20:30:09,395815,@115821 please quit using @118706 for Sunday delivery. 1st. My package delayed for weather. It’s 80 here. 2nd. Can’t gain access to Door,AmazonHelp
652717,2017-10-15 20:35:33,275194,"@AppleSupport Why DM, Why not let everyone know.. After all I am donating my iphone for a Cause....",AppleSupport
1814654,2017-10-15 20:37:41,545135,@115877 i need help with my account I’ve been waiting 30 min,Uber_Support
1172493,2017-10-15 20:38:00,395784,@AmazonHelp my email was changed on my account without my permission and I am unable to log into my account to change the email back. HELP!,AmazonHelp
1197890,2017-10-15 20:40:08,401459,Have now seen a perfect take off and landing by @Delta at Gowen Thunder Air Show. 10/10 for you Delta. You go Delta. 🛫🏆,Delta
1163814,2017-10-15 20:42:01,393771,@AppleSupport yes I've had different version on iphones since '07 and used iMessage since you brought the service up. Not sure why it's not working now,AppleSupport
1181726,2017-10-15 20:50:29,393037,@AppleSupport Yes but they’re already all uploaded. I don’t know why it’s doing it again?? It happened when I got iOS 11,AppleSupport
1175621,2017-10-15 20:55:29,396544,"@AmazonHelp I'm sorry, too but this does not help, its not quick and its not efficient. Its too general and I just stopped shopping. #USA #Amazon #shit",AmazonHelp
1183010,2017-10-15 20:56:59,398183,"@VirginTrains hi, query re Cov to Euston train 20:31. Was 20 min delay (20:51) &amp; now journey time is 1h31. Isnt journey time usually 59mins?",VirginTrains
1805828,2017-10-15 21:00:05,397507,@402280 @Uber_Support Ouch!! At least you are getting it back in time - mine was also an iPhone that is no longer traceable on find iPhone - definitely stolen!,Uber_Support
1823919,2017-10-15 21:00:29,547503,@comcastcares @115900 how do you stay in business with this kind of service?!,comcastcares
1823986,2017-10-15 21:02:39,547526,@AppleSupport Add me to the list of people with major battery drain issues with iOS 11.0.3 on an iPhone 6s. Sporadic crashes and hangs too.,AppleSupport
1168832,2017-10-15 21:04:52,394929,@AmericanAir Thanks. I would be more happy if you correct the people at the gate to make sure they know proper policy.,AmericanAir
1234503,2017-10-15 21:09:19,409558,i have been on hold with @Delta for 1H37 https://t.co/CPAZFxBtrT,Delta
1178131,2017-10-15 21:12:54,397079,@115911 How the hell am I four bars and LTE but receiving no service at all at my work??? Resetting network stats don’t work anymore. HELP! https://t.co/6xYiaGulaI,TMobileHelp
1188183,2017-10-15 21:15:09,399414,Mdrrr à ce prix là j’espère que mes articles sont livrés chez moi en Rolls Royce dans un colissimo en or 24 carats @120533 https://t.co/yvVBfZJcYH,AmazonHelp
1130537,2017-10-15 21:15:47,386432,"@AppleSupport Thought we had it.   After update, tri tone alert still randomly happening.  No notifications anywhere",AppleSupport
1178312,2017-10-15 21:21:27,397130,@southwestair I paid for early bird check in then didn't get it? How do I check on that to get refunded?,SouthwestAir
1181848,2017-10-15 21:24:13,397936,@AppleSupport Bluetooth on my iPhone 8 plus is not functioning. Running off iOS 11.0.3. Was fine two days ago.,AppleSupport
1206097,2017-10-15 21:27:24,403245,"@AmericanAir I voluntarily checked my bag as we had a full flight and it is destroyed. Ripped, straps ruined. Loyal customer for years.",AmericanAir
1188453,2017-10-15 21:30:20,399474,@Uber_Support Signing in to comment doesn’t get me a ride.,Uber_Support
1181478,2017-10-15 21:30:50,397852,@116618 @115821 Why on earth have you signed me up to this? I’ve not even logged into my account today - absolute joke! https://t.co/myYmqEDdBE,AmazonHelp
1815095,2017-10-15 21:32:42,545251,@115888 @SpotifyCares,SpotifyCares
1192293,2017-10-15 21:33:58,123124,"@AppleSupport my old iPad 2 suddenly asked to reactivate whilst in use, is this normal? I've never had a device suddenly ask for my login to reactivate before. As it's an older device on an old version iOS I'm concerned it has been compromised and reluctant to enter my details.",AppleSupport
1140093,2017-10-15 21:40:18,388382,@Delta Made it but then it took nearly an hour to get bags. Who has time for this?,Delta
1181636,2017-10-15 21:45:37,397889,@AmazonHelp Thank you. Will call shortly.,AmazonHelp
1814284,2017-10-15 21:45:51,545027,@AppleSupport I can’t download anything in the App Store :(,AppleSupport
1126732,2017-10-15 21:55:13,385665,@AppleSupport but with netflix i just can’t even open it because it loads and instantly crashes,AppleSupport
1208844,2017-10-15 21:57:55,403810,@AmericanAir serve spicy stromboli to an English woman @403810 https://t.co/RpWHn8O7Jl,AmericanAir
1814319,2017-10-15 22:03:30,545034,@115858 can you make an IOS update that doesn’t kill the battery on my IPhone?,AppleSupport
1203989,2017-10-15 22:07:20,126488,Hey @115888 can you replenish and update the My Time Capsule playlist at least once a month? Need more nostalgia!!!!!! 🙏🏻🙏🏻🙏🏻🙏🏻🙏🏻,SpotifyCares
1197371,2017-10-15 22:11:15,401332,@AmazonHelp Panic over. For some reason it signed me out of everything and I needed to sign back in.,AmazonHelp
1199957,2017-10-15 22:14:00,257825,"@SouthwestAir Ah okay, so the companion pass works *after* you book? You pay for two flights with points, but then get half back?",SouthwestAir
1213884,2017-10-15 22:14:13,404906,@Delta entertainment system broken on transcontinental flight - not cool #iwantmymovie,Delta
1208544,2017-10-15 22:15:54,344070,@Uber_Support @115873 I have no intention of paying N400 for “Daniel’s time” so please step in and cancel abeg. Here’s an idea; the option to report an issue,Uber_Support
1203402,2017-10-15 22:15:58,402706,New #iOS draining battery? @AppleSupport,AppleSupport
1183175,2017-10-15 22:22:39,398216,@VirginTrains @173428 @173429 A true iron horse!,VirginTrains
1204153,2017-10-15 22:28:54,402870,@TMobileHelp It would have been cool if you'd addressed her concerns when she asked you.  $100/month down the drain for your crap company.,TMobileHelp
1209684,2017-10-15 22:34:42,403968,@ComcastCares Please explain why out #Xfinity internet service goes down every day? #Centurylink was not this bad. Why did we switch?,comcastcares
1814650,2017-10-15 22:35:43,463835,"@AppleSupport 
Hi.  been hearing mixed opinions if even such an app needed, but do you have a recommendation for an antivirus app for a mac?",AppleSupport
1814960,2017-10-15 22:37:54,545216,"When you're a platinum @Delta AMEX holder &amp; u get stuck in the very last row, basically sitting in the bathroom. Oh &amp; 3 screaming kids too.",Delta
1214394,2017-10-15 22:44:55,405004,Hey @AmericanAir super unamerican of you to make it this hard for me to see my family on thanksgiving,AmericanAir
1208549,2017-10-15 22:51:24,403754,Uber literally just charged me for canceling a ride . It wasn’t even up to five minutes,Uber_Support
1208368,2017-10-15 22:52:26,403719,"@115830 you sent my parcel to the wrong address, what do I do?",AmazonHelp
1211064,2017-10-15 22:55:06,404266,"Make my autocorrect stop ""correcting"" shit that's already correct. @115858",AppleSupport
1201132,2017-10-15 23:07:29,402231,@115858  are audio books included in my subscriptions to Apple Music?,AppleSupport
1209309,2017-10-15 23:10:55,403891,"@SpotifyCares Android 7.0 and no error notification, nothing happens",SpotifyCares
1213019,2017-10-15 23:11:03,404721,Instead of my frozen chicken I got rotten bananas and raisins... why do u hate me @117093 ??! https://t.co/1MdI4cEZnY,AmazonHelp
1222014,2017-10-15 23:14:01,406746,"Good move, @Delta !  Free pizza for delayed travellers on #dl4728",Delta
1219885,2017-10-15 23:15:04,406210,So frustrated with #AmericanAirlines. Flight finally landed 4 hours late and we still don’t have a gate. Could’ve driven. @AmericanAir,AmericanAir
1201120,2017-10-15 23:21:34,402228,"@115858 whats goin on w/ iOS 11? Its freezin my iPhone 6. Fix it! How convenient new iPhone release, iOS release that messes up old phones",AppleSupport
1247345,2017-10-15 23:22:29,187145,"@115873 hi. I ordered through uber eats and the courier cancelled the delivery. Not only that, i was charged twice!!! Whats this abt????",Uber_Support
994226,2017-10-15 23:25:25,355514,"@AmazonHelp contacted, received email saying I would be contacted again in 6 hours. That was almost 48 hours ago...",AmazonHelp
1214826,2017-10-15 23:28:28,167622,@115911 what's up with my network now,TMobileHelp
1213646,2017-10-15 23:35:01,404848,@115858 your update ruined my brand new phone #thanks,AppleSupport
1219374,2017-10-15 23:39:37,406092,@AmazonHelp @115821 Home Services failed to show up. 2nd tech was sent 2days later &amp; was unable to do a simple job. Happiness NOT Guarantee.,AmazonHelp
1217755,2017-10-15 23:40:42,405748,"@ComcastCares
#mobile_CareXI Team, Experiencing Internet connection issues since couple of hrs. Can you please help.",comcastcares
1258771,2017-10-15 23:40:58,414947,"Hello 
I am an uber driver, and I changed my last name. What can I do to update my info?
@Uber_Support",Uber_Support
1216841,2017-10-15 23:44:58,353247,@AppleSupport Does this mean updating it through my mac book?,AppleSupport
1188755,2017-10-15 23:48:03,399534,@Delta Never been on a SINGLE delta flight that wasn’t delayed 😑,Delta
1214395,2017-10-15 23:48:46,405004,"@AmericanAir A ridiculous fee, more expensive than either flight. It's not even like I'm asking for a refund I just want to buy a second flight",AmericanAir
1222706,2017-10-15 23:55:48,406914,@SouthwestAir what does this mean? Is there an issue getting into Oakland (due to fire maybe?)? https://t.co/Ir0AHjHPqo,SouthwestAir
1216764,2017-10-15 23:57:15,405513,@AmazonHelp UPS Surepost is the carrier,AmazonHelp
1219429,2017-10-16 00:04:53,406102,Hey @115858 how the fuck do I unupdate my phone? I’m sick of it freezing every 5 seconds. Thnks.,AppleSupport
1221909,2017-10-16 00:15:26,406717,@AppleSupport Where do you go to report iPhone bugs?,AppleSupport
1814993,2017-10-16 00:18:19,545225,@TMobileHelp @115913 thank you,TMobileHelp
369480,2017-10-16 00:18:37,203535,@AmericanAir I only made it to my connecting flight because the 2nd flight was late too.   We had to deplane engine problems 2x in same day,AmericanAir
1181649,2017-10-16 00:18:57,397889,@AmazonHelp I think your support staff may have completely screwed up my account by making me start another application.,AmazonHelp
1238080,2017-10-16 00:22:40,410413,Being priority platinum doesn’t mean much when it comes to your fishing rods.. for @Delta,Delta
1216246,2017-10-16 00:26:25,340657,@SouthwestAir Why do they not have a policy to let people know about “some people have reserved seats”?,SouthwestAir
1194987,2017-10-16 00:29:43,400801,@AmazonHelp Link doesn't work for uk accounts.,AmazonHelp
1209241,2017-10-16 00:31:40,403878,@SpotifyCares 1.0.65.320.gac7a8e02,SpotifyCares
1227550,2017-10-16 00:32:23,407971,What more does one need for a comfortable transatlantic flight?  @AmericanAir https://t.co/rAnq3J4gqs,AmericanAir
1227310,2017-10-16 00:33:24,407910,@115873 I entered the wrong Uber at an event last night in Tampa. Was charged for missing my original Uber and the Uber I ended up in I was,Uber_Support
1227103,2017-10-16 00:37:55,170301,@407865 @AmazonHelp YES.,AmazonHelp
1233164,2017-10-16 00:39:22,409219,@115900 why hasn't @17809 shown up on my schedule for this week? Are you not an elite cable company? https://t.co/geA0ENDtpd,comcastcares
1224758,2017-10-16 00:40:55,407327,@AppleSupport DM sent,AppleSupport
1224989,2017-10-16 00:47:26,407394,"@Delta Yes, Ithaca. The flight should be taking me to Detroit, where I will be spending the night now.",Delta
1224541,2017-10-16 00:56:08,407280,@AmazonHelp No entiendo… debo considerar el anuncio de delivery rápido de Prime como engañoso por más que no lo envíen ustedes?,AmazonHelp
1181707,2017-10-16 00:57:38,397903,@AppleSupport Yea 😁,AppleSupport
1208568,2017-10-16 00:58:43,178372,@Uber_Support I already DM about uber worst services.,Uber_Support
1229462,2017-10-16 01:04:45,362689,@AmazonHelp  https://t.co/cd8WeBRq5x,AmazonHelp
1815980,2017-10-16 01:08:26,545525,@117153 I have created a new premium family account. When I go to the page to invite people it's blank,SpotifyCares
1230540,2017-10-16 01:10:43,179247,@SouthwestAir Assist with what? You going to fix the WiFi from there?,SouthwestAir
1217202,2017-10-16 01:10:51,405630,@302212 @AmericanAir I’ll bet the food would’ve sucked anyway,AmericanAir
1232293,2017-10-16 01:14:49,409015,My battery phone life has decreased drastically with little use after the iOS 11 update! Any way to fix this? @AppleSupport,AppleSupport
1229466,2017-10-16 01:17:36,362689,@AmazonHelp It’s 4 items. Micandle. Amazon. Halier. Amazing quality.,AmazonHelp
1241625,2017-10-16 01:22:07,411260,@Delta I need you to get me my lost luggage ASAP.  Sitting on hold FOREVER is not helping my day get any better or my attitude toward Delta right now.,Delta
1815425,2017-10-16 01:29:16,545351,"@AppleSupport I updated my iPhone’s operating system. Now when it gets down to 24%, it shuts off. When will you be fixing iOS11?",AppleSupport
1273150,2017-10-16 01:29:45,418019,@115877 customer service is like a 6/10 you get refunded when they screw up but pay a delivery fee and nothing for inconvenience. #deleted,Uber_Support
1232129,2017-10-16 01:31:41,408976,"@AmazonHelp No, but I have the feeling it should be going out pretty soon.",AmazonHelp
1235186,2017-10-16 01:37:31,409710,"@ComcastCares
#mobile_Care the worst customer service I’ve ever dealt with in my life I can’t wait to get xfinity out of my house for good",comcastcares
1236002,2017-10-16 01:48:32,409895,"iOS 11 totally destroyed AirPod’s “magic”. 

They barely work anymore. Thanks @AppleSupport",AppleSupport
1816023,2017-10-16 01:50:08,545537,I take too much pride in my music playlists. @115888 hire me already,SpotifyCares
1234180,2017-10-16 01:50:28,409476,"@AmazonHelp Ya en serio: si pudiera cancelar mi cuenta y recibir todo mi dinero de vuelta, lo haría. Es grotesco que ofrezcan eso como “novedad”",AmazonHelp
1244021,2017-10-16 01:55:37,411859,"Oigan si llego mi maleta de Miami, gracias @AmericanAir",AmericanAir
1236662,2017-10-16 02:01:20,410042,@TMobileHelp Ok thanks,TMobileHelp
1238838,2017-10-16 02:03:00,410579,@SouthwestAir Hey friends - Any info on flight 1792 MDW-DEN? We’re not boarding (Scheduled depart 2 min ago) and no info from the gate.,SouthwestAir
1250341,2017-10-16 02:03:25,413343,. @delta harassment plus the aforementioned streaming A/C ruined a brand new special collection hat by causing water damage. DO BETTER. https://t.co/sTOIL5TS6R,Delta
1239545,2017-10-16 02:04:33,410745,@115821 Yo I didnt get a shipment from you guys and its been a month. im cheesed rn,AmazonHelp
1815573,2017-10-16 02:09:09,545393,@115858 MY PHONE FREEZES UP ATLEAST 20 TIMES A DAY FUCKIN FIX IT.,AppleSupport
1275803,2017-10-16 02:14:27,418636,@Uber_Support Ride pass! I need a ride pass! I'm a local spending $300 a month to commute across town!,Uber_Support
1062301,2017-10-16 02:28:04,370826,@AmazonHelp Hello i answered you,AmazonHelp
1241561,2017-10-16 02:32:04,411236,"@115873  , this uber driver just yielded a gun at me on the highway because i cut him off supposedly???  safety first  @115873 ?? https://t.co/oFUj1DRe5a",Uber_Support
1243783,2017-10-16 02:39:36,411800,@AppleSupport I’m so damn sick of not being able to hear my phone calls 😤,AppleSupport
1245825,2017-10-16 02:43:34,3364,".@117093 is really convenient, but the packaging waste is abhorrent.",AmazonHelp
1238090,2017-10-16 02:43:36,410416,@Delta That isnt what I was told on the phone by a representative for the technical support team-major issue with booking reward flights currently,Delta
1241680,2017-10-16 02:45:35,411272,@AmericanAir @322659 Do they plan on empty flights when they contracted with vendor for connectivity?,AmericanAir
1232085,2017-10-16 02:58:48,234607,@AmazonHelp Still no reply no food,AmazonHelp
1300699,2017-10-16 02:58:49,423993,"@Uber_Support Trying to set up account to find that I already had one with my info. Tried to reset password, received Russian reply? Help???",Uber_Support
1816226,2017-10-16 03:02:25,545592,@SpotifyCares I was charged 3 times for premium this evening! Can you please fix that asap.,SpotifyCares
1125418,2017-10-16 03:03:09,385355,@AppleSupport Yes brother. Same results.,AppleSupport
1254262,2017-10-16 03:09:38,414206,Thanks @AmericanAir for the sneak peek of the cockpit..made my twins day!!! #kidfriendly #chicagobound @52578 https://t.co/eAfBmzCNSx,AmericanAir
1247256,2017-10-16 03:12:52,412635,@AppleSupport So when are you fixing iOS 11 so my phone actually functions again? I don’t think 3+ restarts a day is ok,AppleSupport
1234211,2017-10-16 03:12:59,409483,"@AmazonHelp Yes; confirmation said today, but shipment said Monday. This happens almost CONSTANTLY with same day delivery items.",AmazonHelp
1815896,2017-10-16 03:23:33,545500,"@SouthwestAir We found our own solution to the problem, but when we entrust you with our property, and it gets damaged, I thought you'd be more helpful",SouthwestAir
1258637,2017-10-16 03:26:46,414911,&amp;by amazing I mean @115821 where is my package? USPS post office? Somewhere random in my complex?? Because its not at my door for pickup....,AmazonHelp
1817570,2017-10-16 03:34:15,545955,My Battery Goes from 99% to 23% in a Matter of Minutes! @115858 Fix That Shit! 🤝,AppleSupport
919063,2017-10-16 03:35:15,338174,@AmazonHelp Please arrange full refund not the replacement,AmazonHelp
1274305,2017-10-16 03:37:33,418285,Rico at the gate in #MSP for #Dulles @Delta flight 1813 did an amazing job helping a friend get home.  Thanks Rico &amp; thank you #deltaproud,Delta
1064365,2017-10-16 03:43:12,415427,@115913 @115911 T-Mobile is going downhill with customer service,TMobileHelp
1232112,2017-10-16 03:46:56,359661,"@AmazonHelp I need my money back, right now,
54 hrs completed  of cancellation,
Every tym ur executive said, it's policy,
where is policy now??",AmazonHelp
1325992,2017-10-16 03:54:13,429397,@AppleSupport It’s ruined the device and I can’t undo it without erasing everything! I’ve already tried to help three other friends who have same issue,AppleSupport
1015856,2017-10-16 03:57:15,360358,@Uber_Support No update i have submitted  my request  on the portal,Uber_Support
1266628,2017-10-16 04:04:27,416576,"Even after two hours on the phone, @115900 can't connect me to a hotspot and can't get my internet set up. What gives, @comcastcares ?",comcastcares
1250224,2017-10-16 04:05:50,413306,@AmazonHelp I have NEVER left a chat session satisfied every time you make statements you cannot honour and then just offer more free prime,AmazonHelp
1253897,2017-10-16 04:12:59,414126,Amazon informed me that no courier facilities available in my Area i.e. in South Ex area.  thats why they could not arrange pic-up.,AmazonHelp
1329279,2017-10-16 04:15:26,430149,@115858 @AppleSupport I have been a feverish Apple #fan since #2010 and I have never been disappointed until tonight.,AppleSupport
1816305,2017-10-16 04:20:24,545614,@SpotifyCares but I still haven't received the new invitation to join the Family group again. What can I do? 2/2,SpotifyCares
1257052,2017-10-16 04:26:52,414569,@115850 My account got locked while I was placing an order to gift my Cousin in USA. Pls help asap.,AmazonHelp
1817772,2017-10-16 04:33:18,546017,Thanks to the new iOS update my phone is sooo slow and won’t connect to wifi @115858,AppleSupport
1714979,2017-10-16 04:34:03,372475,"@Uber_Support Response I received. If my email address contains a typo, how am i receiving them?? #ubered #wow https://t.co/yYERQ9NtXa",Uber_Support
1254249,2017-10-16 04:34:44,384898,@AmericanAir @414203 What about your airline not sending bags on with connecting flight? I’m in UK with no clothes and young child,AmericanAir
1123641,2017-10-16 04:43:06,384985,@AmazonHelp Have filled up the form and submitted. But explain me why did u guys return the order from Vapi. That's like my delivery destination,AmazonHelp
1329241,2017-10-16 04:47:35,134128,".@115858  Time Machine won’t let me restore the old 12.7 back, and the App store won’t let me download again, thinking I have already upgrade",AppleSupport
1105768,2017-10-16 04:53:48,338682,@AmazonHelp I got this reply after reverting to your mail. INSANE you dont even knw what ur team is doing. https://t.co/rM1NjDCmJZ,AmazonHelp
1033322,2017-10-16 04:54:55,364476,@SpotifyCares I want premium for students but I haven't got notified. I'm a college student I swear! I have the acceptance letter as proof! https://t.co/tAswtBveKG,SpotifyCares
1248751,2017-10-16 05:01:50,412991,@SouthwestAir Best price point for flights out or SNA!,SouthwestAir
1262923,2017-10-16 05:03:55,415784,@115850 why my order is cancelled...? Need help 9782077700 https://t.co/fryoj1BkZz,AmazonHelp
1817746,2017-10-16 05:06:22,216860,"After installing 11.0.2, my iPhone battery is acting like quick sand. Revolutionary features at what cost? Funny! @115858 @AppleSupport",AppleSupport
1257239,2017-10-16 05:11:07,414619,@Delta I need to upgrade my flight how can I do ?,Delta
1250233,2017-10-16 05:13:23,413306,@AmazonHelp I just want you guys to change your sign up page to state that proof of enrolment is required. I don't want others to be mislead.,AmazonHelp
1326218,2017-10-16 05:22:49,429439,@Uber_Support Unhappy Experience. https://t.co/I10gyEcQsq,Uber_Support
436417,2017-10-16 05:24:09,218639,"@AmazonHelp Yes your correspondence has already emailed me to get back within 24-48 hours with resolution, but it's been more than that and NO RESPONSE.",AmazonHelp
1220102,2017-10-16 05:29:50,406258,@SpotifyCares Neither.,SpotifyCares
1232136,2017-10-16 05:31:56,408978,"@AmazonHelp Why was I told to dispose of the item? They're all sealed cans, one just fell out somehow.",AmazonHelp
1264420,2017-10-16 05:43:09,416098,@AmazonHelp Amazon India site,AmazonHelp
1201152,2017-10-16 05:46:09,402236,@AppleSupport I’m updated to 11.3 on my 7 plus.,AppleSupport
1272238,2017-10-16 05:48:12,417810,2/2  plane they tell me to pay 50$ and the people checking me in said nothing. Thanks yo. 🖕#fixyoself #why @AmericanAir,AmericanAir
1258186,2017-10-16 05:52:05,414821,@AmazonHelp 😍,AmazonHelp
1332513,2017-10-16 06:01:59,430860,@Uber_Support Last night i was charged before the driver arrived and he cancelled the trip. This morning was charged twice. I want REFUND!!,Uber_Support
1264423,2017-10-16 06:05:47,416098,@AmazonHelp I've don't that and have received no help whatsoever. Is there any other way you could help?? @115850,AmazonHelp
1817979,2017-10-16 06:10:05,546079,Why after I’ve paid off my 6s suddenly it doesn’t work. iPhones don’t need to be upwards of $1000 if the lifetime is that short 🤷🏽‍♀️ @115858,AppleSupport
1160415,2017-10-16 06:17:41,338944,"@AmazonHelp why are you all making this hard? That seller is clearly unreliable like your service. Thanks for wasting my time, money, and energy.",AmazonHelp
1269967,2017-10-16 06:26:14,417338,@SpotifyCares And I can rejoin with a new account,SpotifyCares
1270273,2017-10-16 06:29:35,417409,@115850 worst sevice I hv ever seen. No transparency.,AmazonHelp
1271200,2017-10-16 06:35:31,417620,"6:30 train GLC-EUS, sockets in coach E not working, train manager not bothered. Busy servicing food, really? DISAPPOINTED @VirginTrains",VirginTrains
831789,2017-10-16 06:40:20,318094,"@AmazonHelp Same tweets from your sides. Please, try some new lines and statements. Don't know how much more i need to wait for your positive replies",AmazonHelp
1332287,2017-10-16 06:40:51,430804,Anyone had problems with alarms on their phone since the new iOS update? Mine goes off late &amp; almost made me late for work today! @115858,AppleSupport
1335455,2017-10-16 06:52:27,431537,I updated my phone &amp; now it’s acting dumb.. I’m too broke for the iPhone 8 so fucking stop @115858,AppleSupport
1717264,2017-10-16 06:56:16,172089,@Uber_Support Operating permit receipt not being accepted when uploaded. worked for other 2 cars.please help.Cherry plastics,Uber_Support
1270335,2017-10-16 06:57:03,417420,@AmazonHelp I have they already deregistered it. Also locked the serial number.,AmazonHelp
1816346,2017-10-16 06:58:20,545626,"@SpotifyCares It worked out in the end. Thank you! One question though, is there a way to unsync between devices under one account?",SpotifyCares
1009598,2017-10-16 07:03:57,358895,@VirginTrains I think there was an issue with the app as tickets are back to normal fare now,VirginTrains
1335419,2017-10-16 07:04:32,431529,I HATE my fucking @115858 iphone! locked out. too many accounts and passwords and passcodes.  Never had to put passed in phone before this 1,AppleSupport
1816423,2017-10-16 07:04:42,545649,最近よくアマゾンを使うから、心当たりを探るうちにログインしそうになった。危ない危ない🙄 https://t.co/uAj04xujkT,AmazonHelp
1229775,2017-10-16 07:10:40,408429,@Delta Really?? Well you maybe need to reword the reply I received as it says 30 days or less!!!,Delta
979611,2017-10-16 07:12:51,321988,"@AmazonHelp Had not received any mail regarding my product and your team has not contacted me also.
It is more than week that my order has not returned",AmazonHelp
1271905,2017-10-16 07:19:20,362769,@AmazonHelp I have recd an email that they will pick up in next 24 hrs. N those 24 hrs have also passed. I am not so free to follow up without a reason,AmazonHelp
1273930,2017-10-16 07:23:42,418191,"@ComcastCares
#mobile_Care useless. Not open 24x7 like you claim. Five minutes of automated time wasting only to be told office is closed",comcastcares
1271837,2017-10-16 07:28:26,371732,@AmazonHelp I have directly send you all the details,AmazonHelp
1276388,2017-10-16 07:34:54,418769,"@115850 @119625 
almost 1 year i haven't purchased prime after 1 month free trial. am i eligible for 20% cashback offer now https://t.co/7DvzSVmTSr",AmazonHelp
1213742,2017-10-16 07:35:22,404868,@Uber_Support How can i do to get my account activated? Email couldnt work. I got email that @115873 activated my account but its not activated.,Uber_Support
1271025,2017-10-16 07:46:18,417586,@VirginTrains  https://t.co/WoznDncL2y,VirginTrains
1274967,2017-10-16 07:47:30,418446,@AmazonHelp Y a-t-il un moyen d'avoir une adresse de facturation différente de l'adresse de livraison ? Je ne trouve pas de telle option.,AmazonHelp
1817960,2017-10-16 07:49:00,160015,@AppleSupport hiya! Is there an easier resolution for blocking emails? Having to do this (which doesn’t always work) seems antiquated. https://t.co/waF8wYPceD,AppleSupport
1272783,2017-10-16 07:53:08,193843,"@AmazonHelp My wife ,place order fr me, but now she is totally frustrated frm ur service,
u every time says only sorry.. go to hell...odr plce on 6 oct.",AmazonHelp
1276365,2017-10-16 08:00:52,418762,"@116316 was ist denn an der Figur so gefährlich, dass man dafür gleich zweimal Volljährig sein muss?
😜 https://t.co/3i4MbLPDcE",AmazonHelp
1343125,2017-10-16 08:03:01,267514,"@115873 @Uber_Support @4018 But if indeed these drivers are Uber drivers and Uber wasn't hacked then this is rather dismal of the company. Because of this debacle,",Uber_Support
1087643,2017-10-16 08:08:52,376578,@127187 @115850 @115851 I committed my family on behalf of Amazon. Plz respect customer commitment if you guys not able to follow your words.#BoycottAmazonIndia https://t.co/lIvyoEOWVg,AmazonHelp
1045570,2017-10-16 08:21:36,367182,@AmazonHelp Where should I write ? Here ? Sorry ... Provide some mail contact..,AmazonHelp
1269659,2017-10-16 08:22:29,417273,"@SpotifyCares It shows behind album art but as soon as I swipe down, wanting to dismiss the now play screen, it brings lyrics to the front",SpotifyCares
1815833,2017-10-16 08:24:01,176402,@AppleSupport @545476 Move to dm. I like that one. They will take like 12 hours to reply if they do even. Then they will do stupid analytics with zero help,AppleSupport
1278818,2017-10-16 08:29:04,419252,@AmazonHelp Have contacted customer service multiple times about the issue. They told it's technical glitch.Attached response mail received after call https://t.co/gJgRvhNK37,AmazonHelp
1815744,2017-10-16 08:36:38,367874,"@Uber_Support Well that doesn't work. Asks me to sign in, but my password is incorrect. Seems like the issue I'm trying to solve, no?",Uber_Support
1284949,2017-10-16 08:37:01,419438,@115850  very pathetic service from Amazon Courier at Jamshedpur. Since 4 days it showing out for delivery &amp; still package with them.,AmazonHelp
1279683,2017-10-16 08:42:20,419444,@AmazonHelp Je suis certaine que cela ne sera pas compliqué que de faire mieux qu'eux :),AmazonHelp
1299442,2017-10-16 08:49:15,423703,@115821  order 408-9277432-7357157 hasn't been delivered but marked as delivered. Made complaint also but still not resolved.,AmazonHelp
1292379,2017-10-16 08:50:33,227831,Turns out that catching a @VirginTrains with @LondonMidland tickets is a pricey affair 😅,VirginTrains
1257314,2017-10-16 08:53:24,414634,@414633 @AmericanAir @414632 CmnBruh,AmericanAir
1170202,2017-10-16 08:54:34,261799,@AmazonHelp Ok merci c'est réglé !,AmazonHelp
1273029,2017-10-16 09:02:36,264124,@AmazonHelp Already share all details,AmazonHelp
1278708,2017-10-16 09:06:28,419228,@AmazonHelp Care to explain how an electronically generated number for the sole purpose of replacement of my product should be considered secret/private,AmazonHelp
1342956,2017-10-16 09:12:42,433208,"@AppleSupport I can’t setup a username for Apple Communities, tried 2 devices 3 browsers. Fails after when agreeing terms with a form error.",AppleSupport
1300427,2017-10-16 09:17:33,423940,@115850 don't spoil someone's diwali by cancelling orders..,AmazonHelp
1273140,2017-10-16 09:18:25,418015,"@Uber_Support That is in fact correct. So unless Papa John's now serves ""Orange Chicken and Fried Rice"" pizza, I was left hungry and without any food.",Uber_Support
915048,2017-10-16 09:27:30,330255,"@AmazonHelp Atraso reportado viernes por la tarde, lunes al mediodía sigo sin novedad. ¿Para qué sirve Amazon Prime si no cumplen con plazos ni avisan?",AmazonHelp
1297232,2017-10-16 09:28:20,423148,@VirginTrains There is nobody around. Hasn't been since wolverhampton and now just arriving at Coventry.,VirginTrains
1302990,2017-10-16 09:28:34,424500,@SouthwestAir Thanks and appreciate the quick response.  Just a frustrating way to start the morning for some that could have probably been avoided,SouthwestAir
1099764,2017-10-16 09:38:26,377403,@AmazonHelp One of the worst services #amazon.in cancelled my order due to delivery. Will let others not to shop in #amazon.in,AmazonHelp
1323352,2017-10-16 09:43:01,366913,"@AmazonHelp Oder verschickt Ihr jetzt wieder keine Schokolade weil auf der Südhalbkugel der Sommer anfängt?
Pro-Tipp: Deutschland und Finnland - Europa!",AmazonHelp
1302973,2017-10-16 09:48:21,424495,"@TMobileHelp I am So tired,frustrated and SICK of dealing with your un experienced and ZERO trained representatives.",TMobileHelp
1141489,2017-10-16 09:50:19,388694,@AmazonHelp I haven't received any call yet,AmazonHelp
1304510,2017-10-16 09:57:21,424525,"Uh-oh, @VirginTrains - “approaching Crewe” - will we need to change seats again?
#shouldhaveflown",VirginTrains
1305540,2017-10-16 10:01:11,425087,@AmazonHelp this is the fourth time in a row my order is running late for delivery. Why do u guys promise the things you can't deliver?,AmazonHelp
1303974,2017-10-16 10:06:07,424703,Nice one @Delta https://t.co/HHfXwJGTJu,Delta
1717304,2017-10-16 10:06:55,519997,I need @115858 to fix this damn update. My phone keeps shutting down &amp; it ddnt do that until this damn update!! 😡😡😡,AppleSupport
1305558,2017-10-16 10:07:41,425090,"Wow @115821, you clearly have work to do on your #packaging policies, a huge waste of resources, why not a jiffy bag? @51424 https://t.co/2IAPhxlZJv",AmazonHelp
1303727,2017-10-16 10:14:43,262934,@AmazonHelp Still not showing me having placed any orders this year through that link - but through my account they're all visible.,AmazonHelp
1266723,2017-10-16 10:23:29,178372,@Uber_Support That's OK. But I want the money back to my card. I do not want any credit.,Uber_Support
351887,2017-10-16 10:25:06,199693,"@AmazonHelp Soy un poco tonto y viejo y no me aclaro con tantos enlaces. Y buscando por ""cuenta familiar"" no hay nada. Me podéis pasar el enlace?Gracias",AmazonHelp
1307743,2017-10-16 10:36:22,425596,@AmazonHelp can I ask you a question regarding a product you have listed for sale?,AmazonHelp
1310084,2017-10-16 10:38:05,251795,@VirginTrains Still not had a response...,VirginTrains
721367,2017-10-16 10:44:49,223780,@AmericanAir AA2321 stuck at EWR ... engines won't start !!!,AmericanAir
1342816,2017-10-16 10:46:27,433178,"Toda la mañana intentando contactar con @appleSupport y @115858 #puertovenecia para pedir cita, no puedo poner id de @115858 si mi movil murio",AppleSupport
1314432,2017-10-16 10:47:05,427093,"im so angry
i order 50€ worth of stuff that is never delivered and all amazon can say is ""oops you contacted us with the wrong email -",AmazonHelp
1316032,2017-10-16 10:56:02,427435,"@AmazonHelp was speaking with Manish @115830, so helpful, I accidentally closed the chat before saying thank you. 😞 Can this be passed on?",AmazonHelp
1336206,2017-10-16 10:56:10,431700,@115888 @SpotifyCares I did your stupid survey NOW LET ME HAVE MY MUSIC,SpotifyCares
721331,2017-10-16 11:01:36,292663,@119983 @Uber_Support just got the promo code and it says invalid https://t.co/b3HUaserOg,Uber_Support
1316008,2017-10-16 11:03:20,427428,"@AmazonHelp hi there, how do I contact and make a complaint to amazon where I speak to an actual person?",AmazonHelp
721350,2017-10-16 11:07:10,263574,Why can't I select my seat @Delta for my flight tomorrow?,Delta
1299349,2017-10-16 11:15:36,423678,@AmazonHelp Not sending the message ahead. Very poor service from your side!,AmazonHelp
1130593,2017-10-16 11:18:38,386445,"@386444 @AppleSupport No, my problem is the battery. I unplugged my iPhone today at 7:30 and now is with 30% of battery, and I’m in classroom, I don’t use it https://t.co/SOBUH6OEuM",AppleSupport
1310339,2017-10-16 11:19:34,294193,@AmazonHelp Done..,AmazonHelp
1318243,2017-10-16 11:24:14,427875,Amazonからメールが来ないんだけど大丈夫か…...…,AmazonHelp
1315846,2017-10-16 11:29:38,427397,@115821 I am not concerned about refund that i can claim now i gotta cancel the gifts i promised. It wasn't business - gifts has got sentiments.,AmazonHelp
1817535,2017-10-16 11:29:42,416303,"@Uber_Support @545947 Uber, you endangering the public by not properly checking their backgrounds. Don't fool us by pretending you care.",Uber_Support
1320853,2017-10-16 11:31:51,428404,@AmericanAir almost boned us out if a connecting flight cuz of mech failure. Last 5 ppl to board after booking it. You shoulda seen mom 🏃,AmericanAir
1211552,2017-10-16 11:36:55,404362,@AmazonHelp しっかりチェック入れましたよ,AmazonHelp
1346387,2017-10-16 11:39:49,433971,@115858 #ios11 is BULLSHIT. My touch screen doesn’t respond after the updates and I’ve never had problems before. 🙄,AppleSupport
1323317,2017-10-16 11:43:10,428810,"@115850 today your person has come to pickup cancelled item and was not carrying any slip, I denied him for handover and he cancel pickup",AmazonHelp
1321582,2017-10-16 11:46:17,428532,The world needs more people like John. Thanks for looking after me on my travels! @VirginTrains Give this guy a lovely holiday will ya,VirginTrains
1817513,2017-10-16 11:46:27,545941,"In all honesty, does @Delta really read comments on these surveys sent out re:delayed flights? I'd just like to be reimbursed for my time.",Delta
1314436,2017-10-16 11:48:36,292648,@AmazonHelp When can I expect the refund,AmazonHelp
1314425,2017-10-16 11:54:37,353737,@AmazonHelp And I will never disturb you,AmazonHelp
1817520,2017-10-16 11:56:55,545944,"@SpotifyCares macbook pro 15” 2017, macOS Sierra (10.12.6). Spotify desktop version 1.0.65.320.gac7a8e02",SpotifyCares
830800,2017-10-16 12:00:27,169505,@AmazonHelp shitty company...you cancelled order without any information,AmazonHelp
1009419,2017-10-16 12:01:15,428970,"@SouthwestAir Please offer flights to Ireland, so I can see my girlfriend.",SouthwestAir
1328911,2017-10-16 12:08:12,430052,"@115821 Where can I forward emails from sellers that ask me to review products and give 5 star reviews, plus a free product?",AmazonHelp
1165419,2017-10-16 12:10:48,394121,"@Uber_Support As per your suggestion, I have replied to my orginal thread. This time please do not sent any copy paste replies like before",Uber_Support
1346069,2017-10-16 12:11:19,433878,"Bonjour @AppleSupport, pourquoi le clavier de mon Iphone6 est très lent depuis l’installation de IOS11?? #iphone6 #ios11 #lenteur",AppleSupport
787566,2017-10-16 12:13:40,307860,@AmazonHelp Belated update: I called the support number late night the 12th and was told that people were working on my problem &amp; to give it,AmazonHelp
1325879,2017-10-16 12:19:55,429377,@AmazonHelp @115850 I am not sure if you missed it. It was supposed to to deliver today at my office premises and its already close to 6 PM.,AmazonHelp
1307758,2017-10-16 12:23:45,120538,@AmazonHelp It is a JBL earphone but I don't want to waste my time in a product that I have purchased from amazon It is completely pointless to waste,AmazonHelp
1327074,2017-10-16 12:25:17,429631,@VirginTrains Lime St work has highlighted how convenient Liverpool Southparkway is. Can’t we have trains to Euston from here all the time?,VirginTrains
1329484,2017-10-16 12:27:44,430202,@Delta why can’t you pay to upgrade to comfort/first class with an economy seat? 🙄,Delta
1126657,2017-10-16 12:30:40,385652,@AmazonHelp I've updated the email address now and shared the required details over the link,AmazonHelp
1209793,2017-10-16 12:37:19,403998,@AmazonHelp that's a really a sad part with amazon no one know what is happening with customer.. Why mr chadha is sleeping.. ORDER # 404-6436696-4471517,AmazonHelp
1329878,2017-10-16 12:39:09,127032,@430291 @AmericanAir Erm... I dno,AmericanAir
1329382,2017-10-16 12:39:17,430180,It's frustrating when @115873 disables your acct for NO reason when you are trying to get to the airport for work and makes you late #terrible,Uber_Support
1818348,2017-10-16 12:41:12,546187,@AppleSupport So many are complaining battery drain issues with iOS 11. Why are you guys not doing anything? I am facing same issue.,AppleSupport
1817889,2017-10-16 12:41:32,482454,@TMobileHelp Can I discuss my bill with you real quick?,TMobileHelp
1332197,2017-10-16 12:41:54,430785,JAY CRAQUEY TANS PIS JE MANGERAI MA MAIN Je viens d'acheter : 'Golden Kamui T07 (07)' de Satoru Noda @120533  https://t.co/6qDtszKZ9a,AmazonHelp
965085,2017-10-16 12:48:43,326613,@AmazonHelp If I had the link wid I ask 4 it again?,AmazonHelp
1335100,2017-10-16 12:53:03,431443,@115850 what time will take to refund money if cancel an item,AmazonHelp
1354032,2017-10-16 12:54:41,435762,If I cancel my itunes subscription and change to another region/country to DL an app and change back can I still have it back? @AppleSupport,AppleSupport
1031757,2017-10-16 13:00:35,364132,@AmazonHelp Two of your exec. Confirmed that I will get Cashback of 10% on purchase of #firetv . On purchase i got 189?? How come?,AmazonHelp
1323396,2017-10-16 13:05:57,428825,"@AmazonHelp Tengo que pagar de mi bolsillo que se me haya enviado un producto con fallos, ¿eso me están diciendo?",AmazonHelp
1307764,2017-10-16 13:10:31,120538,@AmazonHelp This is not the first time I have experienced this in each and every order placed at amazon,AmazonHelp
1354046,2017-10-16 13:11:50,435766,iOS 11 com problema nas notificações em todos os apps. Mesmo resetando as configs. Mais alguém aí com mesmo problema? #iOS11Bug #iOS @115858,AppleSupport
1818800,2017-10-16 13:13:22,546312,"@Delta: On flt 763 to JFK &amp; the BR REALLY stinks! Hvn't left the gate yet, bt no1 can clean? $800 &amp; 6hrs of this smell is ridiculous! #HELP",Delta
1332764,2017-10-16 13:13:23,335386,"@AmericanAir Always do that and will get either tomorrow or last flight, which gets cancelled. Another overnight in Charlotte",AmericanAir
1340202,2017-10-16 13:16:30,165753,Oh lookie... @116136 net aint working again,comcastcares
1342529,2017-10-16 13:18:01,433119,"@120474 can you clear this up?
I pre-ordered the @146898 book last Thursday (maybe b4 midday) do I still get a presale code?",AmazonHelp
1338551,2017-10-16 13:24:26,410957,"@AmazonHelp No concern with your service. Don't bother, I've learnt not to buy anything important from Amazon.",AmazonHelp
1354999,2017-10-16 13:25:32,435971,"@115888 Can you please add ""block this artist"" feature to software? 
#userfeedback",SpotifyCares
1340442,2017-10-16 13:28:21,432646,@VirginTrains I’m working with Merseyrail and hopefully other operators to become autism friendly,VirginTrains
1343188,2017-10-16 13:28:38,433261,My @115873 driver just kicked me out because i said his air fresheners weren't masking the smell of his used diapers in the trunk??? https://t.co/3nghXUQeJO,Uber_Support
1338503,2017-10-16 13:30:08,296604,@AmazonHelp He also told me to complain to whomever I want because he did not care about Amazon or anyone else. What a fantastic employee!! 😑,AmazonHelp
1353908,2017-10-16 13:32:56,435733,"I woke up to a dead phone after it being on the charger all night. I don't want to upgrade to the iPhone 8 yet, damnit @115858",AppleSupport
1334751,2017-10-16 13:37:26,431369,@AmazonHelp i will take a legal action towards you with an advocate after 20th oct,AmazonHelp
1358108,2017-10-16 13:44:54,436634,@56403 @115858 After the update too much battery problem,AppleSupport
1345849,2017-10-16 13:45:57,433822,@AmazonHelp are your delivery staff supposed to ring 20+ flats to get access to three people who AREN'T at home? Parcels now in corridor...,AmazonHelp
1412999,2017-10-16 13:47:58,448364,"@Uber_Support Hello, I can’t choose Uber credits for current payment method but my balance 600rub. Can u help me with that?",Uber_Support
1336053,2017-10-16 13:48:28,431669,@AmericanAir I wasn't asked what kind of ticket I had and was just told it was $75.,AmericanAir
1344139,2017-10-16 13:50:03,127671,@TMobileHelp I'm sorry. Just get too many bots on here,TMobileHelp
1345836,2017-10-16 13:51:56,433820,"@AmazonHelp Nein. Der Händler schreibt nur extrem unverständliches Deutsch oder Spanisch (was ich nicht kann), behauptet aber, da kommt heute jemand.",AmazonHelp
1818312,2017-10-16 13:54:13,546177,Shout out to @SouthwestAir for extending my trip from 7 hrs now to 21 hrs travel time 👍💀,SouthwestAir
1818682,2017-10-16 13:56:04,546278,@115888 is there anyway you can block artists from coming up say when your listening to radio. The 👎🏻feature just doesn't cut it,SpotifyCares
1346183,2017-10-16 13:56:30,433909,"@AppleSupport Totally missed that happening, oops!",AppleSupport
1349116,2017-10-16 13:56:47,434618,@AmazonHelp 2/2 remote will take 2-3 months to arrive !! #WTF Borrowed a friends remote won’t connect with my stick. Anything I can do ?,AmazonHelp
1395437,2017-10-16 13:59:26,444511,@Delta I want to be compensated back for this!,Delta
1345801,2017-10-16 14:04:50,433813,@AmazonHelp Fortunately all items landed. #lucky,AmazonHelp
1349967,2017-10-16 14:04:55,434811,@AmericanAir My father’s only carry-on was his small suitcase - no room to transfer his essentials to in this case,AmericanAir
1349086,2017-10-16 14:10:25,434616,"@AmazonHelp Very disappointed that my order has come in this condition, not happy at all, it is completely bent throughout. https://t.co/5u6SzpNuzj",AmazonHelp
1420727,2017-10-16 14:10:26,450295,"@Uber_Support For some Reason I don’t have acces to my account, I’ve tried through forget my ps it doesn’t work at all",Uber_Support
1358029,2017-10-16 14:12:34,436613,.@AppleSupport Sometimes my #iPhone6sPlus 64GB stop working when I open the calendar. The problem happens with the last 2 #iOS version. https://t.co/700bRljMEG,AppleSupport
1349197,2017-10-16 14:15:49,434625,@AmazonHelp Patriots Day has Arabic subtitles missing. Man in the High Castle have Japanese subtitles missing.,AmazonHelp
1382291,2017-10-16 14:20:01,441709,"@SpotifyCares Hi. Is there any reason why I wouldn't be able to play any St. Vincent songs? Premium sub, regardless of device/on or offline",SpotifyCares
1353534,2017-10-16 14:22:00,435663,@AmazonHelp i did! thank you!,AmazonHelp
1355347,2017-10-16 14:24:14,436046,"I reckon you could spend the rest of your life trying to
Connect to @virgintrains
Wifi...
Lucky I have a book
( @56232 biography ..)",VirginTrains
1818695,2017-10-16 14:25:20,546284,@AppleSupport I’m working I don’t have time for this.,AppleSupport
1363561,2017-10-16 14:28:39,437495,"@115850 : Order placed on 23rd Sep, delivery still awaited despite several follow-ups. 23 days to deliver!!!
Order # 406-3057764-7066755",AmazonHelp
1429930,2017-10-16 14:30:26,452094,@Uber_Support dm can't request,Uber_Support
1372131,2017-10-16 14:38:09,331695,"@AmazonHelp Still getting declined. Skipped gift cards n paid for the items off credit c. Rejected at first, then one item was allowed through but not..",AmazonHelp
1352375,2017-10-16 14:39:59,435382,"@AppleSupport I talk about clean install with the original dvd. For the updates when you click ""find updates"" in the finder menu of SL.",AppleSupport
1818668,2017-10-16 14:42:10,546274,The past week my parents had 2 flights canceled and today they lost my dads luggage and canceled another flight. So don’t fly @AmericanAir,AmericanAir
1358377,2017-10-16 14:42:48,407926,PRAISE for @Delta 's app &amp; #CustomerService via @123765 . Delay caused missed cnxn but timely communication will get me to #PuertoRico 2day,Delta
1279706,2017-10-16 14:45:28,419446,@AmazonHelp I'd be happy to. Can I have a private email to message please? Still no call back by the way.,AmazonHelp
1352377,2017-10-16 14:50:20,435382,"@AppleSupport ""Software updates"" in the finder menu",AppleSupport
1391762,2017-10-16 14:50:41,443694,Can @115888 get it together today? Your ruining my Monday morning even more,SpotifyCares
1363458,2017-10-16 14:52:11,437473,Auch bei @116316 ? https://t.co/FSyEXNCTr5,AmazonHelp
1350889,2017-10-16 14:54:01,220059,@VirginTrains Hmm if someone sat in 1st class with a standard ticket you’d enforce that and same principle applies with quiet coach surely?,VirginTrains
1151165,2017-10-16 14:58:29,390896,"@AmazonHelp Great joke....Refer screen shot...
Seriously #amazon tumse na ho payega.... https://t.co/INEId76qRM",AmazonHelp
1439526,2017-10-16 15:00:02,322853,"@Uber_Support attacked by 2 drunk riders one of them punched me and bite my thigh , my account is on hold,I am the victim!! Please help me",Uber_Support
1342794,2017-10-16 15:01:29,433173,@AppleSupport Yes it does.  Is that the problem? Also double pressing to close an app takes several double presses.,AppleSupport
1353580,2017-10-16 15:07:10,435630,@AmazonHelp Will do it.,AmazonHelp
1818761,2017-10-16 15:09:36,418503,@AmericanAir Will do xx,AmericanAir
1399673,2017-10-16 15:10:27,445450,@115888 you guys having problems with the site? Mine keeps playing pausing every second,SpotifyCares
1335050,2017-10-16 15:12:10,431431,@AmazonHelp Message instantané = SMS (juste ce que vous proposez sur Amazon 😊 https://t.co/PHXvo02d25,AmazonHelp
1386393,2017-10-16 15:14:53,442608,This last update messed my phone up and deleted all of my music. Thanks @115858.,AppleSupport
1372173,2017-10-16 15:15:08,127099,"@comcastcares sure - the ""preview show"" when you go into on-demand TV is just a brutal noisy experience. Watch Central was a much better format.",comcastcares
1363973,2017-10-16 15:18:54,437600,@Uber_Support Hopeless reply. It has become the fashion of drivers to complete trips as per their wishes.,Uber_Support
1353463,2017-10-16 15:21:00,435650,@AmazonHelp Pues que @4496 dice que no estaba en casa (falso) y no ha dejado aviso. Horas después me lo notifica por email y no se cuando lo recibiré,AmazonHelp
1346298,2017-10-16 15:26:20,433943,@AppleSupport No. I bought another pair from duty fre in Dubai,AppleSupport
1381336,2017-10-16 15:27:47,441514,Two flights now where I’ve paid for seat upgrade on @AmericanAir and I get on the plane and it’s not what I paid for. Ugh.,AmericanAir
1353682,2017-10-16 15:27:54,182554,"@AmazonHelp I have shared my details twice, stop giving scripted replies and sort my problem.... #amazongoofup",AmazonHelp
1820734,2017-10-16 15:29:37,546611,"If That Aint Country, Longhaired Redneck &amp; Willie, Waylon and Me are no longer on my playlist wtf is that @SpotifyCares @115888",SpotifyCares
1388932,2017-10-16 15:31:20,443115,"@SouthwestAir Longtime customer, but your policy on cancelled flights bc of hurricanes is not cool. I just want to use my travel funds......",SouthwestAir
1329271,2017-10-16 15:32:00,430147,"@AppleSupport My phone has been slow AF , freezing , half the time speaker phone doesn’t work , and I can’t hear people when they call me",AppleSupport
1387270,2017-10-16 15:34:31,442790,@115821 your Customer Service has really gone down hill recently.,AmazonHelp
1387619,2017-10-16 15:38:28,442861,@15462 takes ages to boot after a restart on my @AppleSupport tab? Where are things wrong?,AppleSupport
1316169,2017-10-16 15:39:37,427461,@Uber_Support @416303 Terrible as usual.,Uber_Support
1819295,2017-10-16 15:40:33,546407,@TMobileHelp @115913 Or you can call my phone 310 561 9842,TMobileHelp
1387260,2017-10-16 15:40:54,442788,@117086 Ofertas aproveitadas com sucesso @117086,AmazonHelp
1387980,2017-10-16 15:43:51,188231,Landed at #ATL @122828 @Delta #DL1970 🛬,Delta
184559,2017-10-16 15:45:27,159444,My favorite new feature from the @115858 iPhone iOS update is my phone freezing.,AppleSupport
1051192,2017-10-16 15:45:57,368422,"@VirginTrains we were too because we will be travelling to and fro London lots to see new baby ,will check for the drunk next time 😡😡😡",VirginTrains
1367933,2017-10-16 15:49:32,438440,"@AmazonHelp Lo último que nos han dicho, hoy, es que enviemos la carta. La misma carta que hemos enviado dos veces -como os recordaba, la última hace dos semanas-. Es insistir para que te digan lo mismo.Menos serio,suena a cualquier otra cosa. Os he enviado un mensaje privado con + detalles.",AmazonHelp
1820164,2017-10-16 15:52:36,393753,@AmazonHelp Ok thank you,AmazonHelp
1381329,2017-10-16 15:52:58,441512,"@AmericanAir booked a direct flight last week for January that has now disappeared. Now rerouted through DFW, cost more $ and squeezes my connection",AmericanAir
1387612,2017-10-16 15:54:35,442860,@AppleSupport iPad was restored from a backup and error started then. Deleted the app and tried to reinstall and also restarted iPad with no success.,AppleSupport
1387784,2017-10-16 15:55:49,442898,@115873 this person messages you and asks if you’re going to SFO and if not cancels https://t.co/0aXU6oc1cv,Uber_Support
1391132,2017-10-16 15:58:58,443558,"@115850 is it possible to get order delivered before what it is showing currently..
Reason:Want to present it as gift ...",AmazonHelp
1391232,2017-10-16 16:03:22,352662,@AppleSupport iOS 11.0.3,AppleSupport
1821833,2017-10-16 16:05:41,546913,"Metered taxi thugs intimidating Uber drivers at Hatfield Gautrain, was dropped off 500m from station 2 avoid them @Uber_Support @57896",Uber_Support
1394419,2017-10-16 16:05:59,208981,"It seems that there is some delay, please update me the details , it is showing delayed it seems,  Order# 402-7090913-5820366 @AmazonHelp",AmazonHelp
1391182,2017-10-16 16:12:22,353035,"@AmazonHelp So what should I do. Why u r not take this seriously.
Your service 100% bad.",AmazonHelp
1394936,2017-10-16 16:13:13,444394,Hey @115858 - I have an idea for a feature for the next update (see next tweet),AppleSupport
1821345,2017-10-16 16:14:56,546799,fight for my way (쌈 마이웨이) soundtracks to be on @115888 is all i’m asking for 🙏🏽,SpotifyCares
1394637,2017-10-16 16:17:28,444330,@AmazonHelp I haven't received my order yet just becos I asked to deliver it after 4pm today and it was scheduled in morning.,AmazonHelp
1819173,2017-10-16 16:18:40,399487,@546370 @AppleSupport What a sad state is this. On the othwr hand mac survives for 7-8 hours.,AppleSupport
816249,2017-10-16 16:18:41,310901,@Delta I highly doubt that the $249 replacement car seat is equal to the lifetime value of my family as customers.,Delta
1394386,2017-10-16 16:21:18,444273,Gracias por el fantástico servicio que dais @116928 salvo cuando cobráis suscripciones falsas. perdéis un cliente... adiós!!,AmazonHelp
799329,2017-10-16 16:25:25,310532,@AmericanAir you guys are really flying me to Vegas on a plane wit no WiFi or entertainment? Retire this plane fast.,AmericanAir
1369442,2017-10-16 16:26:46,325561,@AmazonHelp Es todo vuestro.,AmazonHelp
1379597,2017-10-16 16:29:04,415605,@AppleSupport Was updated to latest iOS been at it since 10.30am it's now 5.28pm 🤦🏼‍♀️,AppleSupport
1407706,2017-10-16 16:30:58,444277,@447205 @AmazonHelp Of course!,AmazonHelp
1405088,2017-10-16 16:31:08,446658,"Bag was damaged on a recent @SouthwestAir flight but I missed the 4-hr window to report. Also, cuts &amp; punctures aren't normal wear &amp; tear. 😡 https://t.co/BAK98tv27V",SouthwestAir
1399849,2017-10-16 16:31:50,163500,"@comcastcares The X1 went down last night, but came on. Interent wasn't affected. Today we had internet issues, but x1 was okay",comcastcares
1389256,2017-10-16 16:33:37,120576,@443183 @VirginTrains Sorry to hear this Jeremy - were staff able to offer any part of our complimentary catering offer at all? ^KM,VirginTrains
1398745,2017-10-16 16:35:07,444757,"@115873 hw cn u charge for pick up n drop place r same n i dint even taken a ride.

Asked for refund but its not yet done https://t.co/NefuGufVdc",Uber_Support
1403929,2017-10-16 16:35:50,5923,"So apparently iOS 11 App Store no longer allows installation of iPhone-specific apps onto iPads. Policy decision, @115858 ? Cuz its awful.",AppleSupport
1395426,2017-10-16 16:36:50,444508,"@Delta Thank you, much appreciated",Delta
1391131,2017-10-16 16:37:07,443558,@AmazonHelp Thanks for the advice.Deleted the previous tweet.,AmazonHelp
1226779,2017-10-16 16:44:09,363470,@115821 got the nerve to charge me 4 times for one order and then HANG UP ON ME,AmazonHelp
1405619,2017-10-16 16:44:44,359795,@115911 @446749 First you have to get them then lets worry about any deals. I'm about to switch to Verizon.,TMobileHelp
1379359,2017-10-16 16:47:53,439341,@AmazonHelp I thought for same. But deewali is just after 2 days and app shows deliver in 2-4 days so don't think it will be delivered till deewali.,AmazonHelp
1820488,2017-10-16 16:48:34,218882,@AppleSupport How can I restore an iPhone from an iTunes backup WITHOUT restoring (numerous) 3rd party apps?,AppleSupport
1471063,2017-10-16 16:52:03,461466,@Uber_Support And saying having tea sir,Uber_Support
1407932,2017-10-16 16:55:24,134769,@AppleSupport Spotify is no longer showing in my control center on the most recent iOS. Is there a fix?,AppleSupport
1373823,2017-10-16 16:55:41,439760,@AmazonHelp I emailed customer service I would like to know what other options are available other then the ones in the link provided,AmazonHelp
228071,2017-10-16 16:56:00,170379,"I'm tellinggggg ya'll @SpotifyCares just gets it, there's no better streaming service out there than this dont @ me bye. #rootingforspotify https://t.co/Ipi3Sops8f",SpotifyCares
1404711,2017-10-16 16:59:28,446588,@446591 @AmericanAir No. But typical for them,AmericanAir
1411273,2017-10-16 17:01:22,448004,Denver @Delta agents are not helpful trying to find a new flight to NYC area airports. It's literally the biggest city in the country. https://t.co/ec38r7VNBt,Delta
1398320,2017-10-16 17:04:21,190682,@AmazonHelp I totally understand- but both items specifically said that they were in stock when I purchased them. So it’s just a bit frustrating,AmazonHelp
1403874,2017-10-16 17:06:34,446385,@AppleSupport My photos,AppleSupport
1420517,2017-10-16 17:12:36,450236,@AmazonHelp I was contacted service this morning. But you guys said that you can not control other seller.,AmazonHelp
1820725,2017-10-16 17:13:54,546607,My bags are still missing 75 days later!!!! @SouthwestAir,SouthwestAir
766987,2017-10-16 17:14:23,303309,@Uber_Support Done!,Uber_Support
1143539,2017-10-16 17:16:13,389150,@AmazonHelp The device is not an amazon device it's a smart Sony Android TV with amazon video app installed.,AmazonHelp
1412721,2017-10-16 17:18:09,448297,@AppleSupport Yes my software is fully up to date,AppleSupport
1412462,2017-10-16 17:21:18,448229,@115850 @118702 @118702 does that by themselves without asking any questions and am an old user..why the hell am paying 500/ for prime membership then?,AmazonHelp
1407866,2017-10-16 17:24:05,447246,@AppleSupport MacBook Pro (model no : MD101HNA),AppleSupport
814366,2017-10-16 17:27:01,313951,#AmazonIndia product purchased: Lenovo K8 Note order number: 171-8449043-3586758,AmazonHelp
1407780,2017-10-16 17:30:25,447226,"@AppleSupport Thank you but I think it’s bug. With all other sharing friends, any problem.",AppleSupport
1414593,2017-10-16 17:30:27,448743,"@VirginTrains Thanks, you'd think but coming down here coach K was at the front so thought I'd check, they don't stop for long...",VirginTrains
1417722,2017-10-16 17:31:47,449522,"@SpotifyCares Ill have to let you know in a few days, cant tell so soon, it happens over a spread-out time period. Thnx for the advice, Ill give it a try!",SpotifyCares
1398273,2017-10-16 17:33:37,309051,@AmazonHelp And my second order is marked delivered directly to customer where as i dint get it... whats going on....,AmazonHelp
1418074,2017-10-16 17:35:52,449600,"Nice one, @115911 https://t.co/5ZXm4Jwwyl https://t.co/zE3X10VCU6",TMobileHelp
1420650,2017-10-16 17:38:08,450270,@AppleSupport updated to 11.0.3 and now iPhone is lagging &amp; battery life is unbearably short; Please tell me you’re going to resolve this?,AppleSupport
1821140,2017-10-16 17:38:51,546732,Just realized I have a lot of #harsh words for #flying lately. Promise to #stepdown when @delta decides to #stepup,Delta
1806434,2017-10-16 17:39:06,542728,@comcastcares is the worst internet provider ever. Outage not enough! Jerks in ccare rather close my acct than make it right #ByeFelicia,comcastcares
1480987,2017-10-16 17:39:57,463875,@18613 will not let me add payment option to __email__,Uber_Support
1416654,2017-10-16 17:40:28,183114,"@AmazonHelp yes, I've spoken to cust svcs twice now. Was advised to wait to see if it arrived, which it clearly isn't going to do....",AmazonHelp
1425841,2017-10-16 17:46:05,451253,@AmericanAir,AmericanAir
1363467,2017-10-16 17:48:01,437475,@AmazonHelp i have already contact with your support team but i am not getting any surety from them.,AmazonHelp
1420590,2017-10-16 17:48:05,450255,I don't want auto brightness #ios11 #ios #appleiphone7 #iphone7 #iphone #apple there is no option to disable auto brightness @applesupport,AppleSupport
1429555,2017-10-16 17:54:14,452030,Dear @120474 I haven't receive the #gbsolo2018 code - are you able to help please?,AmazonHelp
1332370,2017-10-16 17:55:20,430824,@AppleSupport It freezes out of the blue the apps are slow &amp; i constantly have to hard reset my phone.,AppleSupport
1420526,2017-10-16 18:00:21,450237,@AmazonHelp Contacted number of times . 2 times logged a call with your customer care . Not going to contact anyone .,AmazonHelp
1425139,2017-10-16 18:02:43,451099,@AppleSupport i cant hear anything on my phone unless I have headphones on? Why,AppleSupport
1430731,2017-10-16 18:03:38,452250,"You’re good peeps, @SouthwestAir https://t.co/0eQMzflFsU",SouthwestAir
1429603,2017-10-16 18:04:56,452038,"@AmazonHelp, where is my package that left your facilities days ago (&amp; way too late)? Also, where on earth is a contact button on your page?",AmazonHelp
1439891,2017-10-16 18:07:00,454144,For both push-and-pull reasons I moved from @delta to @AmericanAir this year.  I seemed to have drained my Delta FF correctly! https://t.co/HQ6Qv5ZIJX,AmericanAir
1426482,2017-10-16 18:07:39,169681,@TMobileHelp help please,TMobileHelp
1433938,2017-10-16 18:10:08,452942,@115821 where is my shit !!!!!! 🖕🏽,AmazonHelp
1235244,2017-10-16 18:10:25,305379,@115888 I don't need to pay $10 a month for added stress; this country doing that for free.99 every month right now. 🙅🏾,SpotifyCares
1407830,2017-10-16 18:11:41,447237,@AppleSupport It just started about 2 weeks ago for no apparent reason but slowly the flickering became more and more noticeable,AppleSupport
1425056,2017-10-16 18:17:25,451080,@AmazonHelp So no Canadian Roku App?,AmazonHelp
1429661,2017-10-16 18:18:16,452049,The iOS 11 update RUINED my battery. Thanks @115858 https://t.co/YvRW1DArir,AppleSupport
1434975,2017-10-16 18:20:20,453168,"@Delta Emailed your recruiter email, messaged on instagram &amp; Facebook &amp; have not been able to be helped!! I really want to work for your company!",Delta
1487601,2017-10-16 18:20:37,465511,"@Uber_Support Had a driver start the trip and head towards my destination, but never picked me up!",Uber_Support
1172619,2017-10-16 18:23:05,395806,@AmazonHelp Nah it wasn't too bad plus we found it funny!,AmazonHelp
1434466,2017-10-16 18:25:54,453052,Eu tava amando esse iOS 11 mas o filho da puta tá travando meu teclado direto. Não tenho iPhone pra ficar travando não ow @AppleSupport,AppleSupport
1433927,2017-10-16 18:27:29,452939,Que compres algo en @116928 y te llegue el día acordado debe ser como ver un unicornio.. de nuevo sin paquete.. sin regalos de cumple.. 😑,AmazonHelp
1821262,2017-10-16 18:32:21,546775,@AmericanAir Unacceptable. Only booking w you bc I have credit. Would never be able to hop on a flight an hour late... Would I? #CustomerExperience #air,AmericanAir
1434350,2017-10-16 18:32:50,453031,"@115858 Why do voicemail notifications keep popping up on my screen, up to a week later? If they're ignored, they're ignored for a reason.",AppleSupport
1403206,2017-10-16 18:34:48,446250,@AmazonHelp But why it's happening again and again guys...? Really not satisfied with the service...😕,AmazonHelp
1436083,2017-10-16 18:37:09,150069,@VirginTrains @122155 Zero staff on the platforms &amp; misinformed by ticket office staff. I think a complaint is fully justified yes,VirginTrains
1277440,2017-10-16 18:39:08,137095,@AmazonHelp I want it by Tuesday 8 PM,AmazonHelp
1434740,2017-10-16 18:39:26,453123,"@115873 I was harassed by one of your drivers on Saturday night, have reported it and still not got a reply",Uber_Support
1434369,2017-10-16 18:42:50,453035,@AppleSupport It's getting very hot. The screen freezes occasionally. Key lock is broken @115858,AppleSupport
1433888,2017-10-16 18:46:06,452927,@AmazonHelp lol it’s a series not a movie 🤦🏻‍♀️😂,AmazonHelp
1434914,2017-10-16 18:46:22,453160,@Delta DM sent. Thanks.,Delta
1446657,2017-10-16 18:49:38,455698,@comcastcares Are you serious right now with this? How is your company not extremely embarrassed by this? I pay for 300/50. What a joke. https://t.co/M4lw1x4qKz,comcastcares
1439156,2017-10-16 18:52:35,453988,@AmazonHelp No - it’s just so much unnecessary oackagibgfor a tiny item,AmazonHelp
1434372,2017-10-16 18:52:46,453035,"@AppleSupport No, it's not broken. 5S @115858",AppleSupport
1435274,2017-10-16 18:53:30,453243,@SpotifyCares Thank you!😊,SpotifyCares
1442632,2017-10-16 18:57:28,308731,@AmazonHelp third disappointment within 10 days... why after 10 days of prime delivery had my parcel been delayed?!,AmazonHelp
1821538,2017-10-16 18:57:33,348356,@AmericanAir do any of your planes not have mechanical issues... another hour. Three..plane @59890,AmericanAir
240858,2017-10-16 18:59:08,173207,@SouthwestAir Can you still collect points from MGM properties?,SouthwestAir
1358162,2017-10-16 19:00:31,406075,"@Uber_Support The link implies that surge means demand &gt; 0. Empirically this is false. Also, what gives with the little blue lines when in queue? Lies...",Uber_Support
1431075,2017-10-16 19:00:40,120576,@452319 @439078 @VirginTrains Glad to hear. Let me know if you need anything else Kerry. ^KM,VirginTrains
1821471,2017-10-16 19:01:48,546829,"@AppleSupport My MacBook Pro w/TB is a month old. Sticky key today. I'm aware of the compressed air thing, but it is *a month old*! Come on!",AppleSupport
1449078,2017-10-16 19:06:40,456249,Already fake sellers in amazon.in and now fake ads are popping up in facebook.Take some safety actions to safeguard your customers @115850 https://t.co/uYGGKnu4mo,AmazonHelp
1445716,2017-10-16 19:07:49,455486,@AppleSupport how could this happen? https://t.co/fzrJCpEwt1,AppleSupport
1443520,2017-10-16 19:13:59,296636,@Delta Really. You guys ask us to be in the airport 3 hours before the flight and open the counter 2 hour before? Why having a lounge at all?,Delta
1442787,2017-10-16 19:14:07,454766,@AppleSupport ? https://t.co/gZDw2dp2lF,AppleSupport
1449037,2017-10-16 19:16:50,456240,"1/3 @AmazonHelp Hi, I added 3850 into Amazon pay balance at around 10.30 pm ist and still it is not reflected",AmazonHelp
1490389,2017-10-16 19:18:09,466131,"@115888 Why can't I hear any of Daft Punk's songs on Win10 desktop client, but it works on linux client, web client and phone?",SpotifyCares
1445615,2017-10-16 19:20:12,455462,@AppleSupport looks like the email unsubscribe feature in ios11 isn’t working. Still keep getting emails,AppleSupport
1240710,2017-10-16 19:23:56,411009,"@AmazonHelp It says it will be arriving today, but it also says it's delayed. Should I expect it to arrive today or not? https://t.co/HEkrQ8twpQ",AmazonHelp
1455564,2017-10-16 19:27:00,169071,45 minutes at the gate on @AmericanAir flight we’re FINALLY leaving LA headed to Vegas. The flight is shorter than their ridiculous wait 🙄,AmericanAir
1180523,2017-10-16 19:27:00,263299,@AppleSupport Thanks... That worked.,AppleSupport
1833336,2017-10-16 19:29:04,173072,@Uber_Support please help as account is deactivated until payment of this trip is made.  Trip was never taken!!!,Uber_Support
1446817,2017-10-16 19:29:19,319075,@VirginTrains Thanks!,VirginTrains
1085078,2017-10-16 19:30:08,323508,@115850 @115850 not able to deliver a product in 2 months. Seller cancelled order without any info. Customer care is clueless.,AmazonHelp
1445624,2017-10-16 19:34:20,455465,"@AppleSupport it’s my Iphone , when i ft the haptic feedback is really bad and the other person can’t hear me nor can i hear them and the screen freezes",AppleSupport
1442544,2017-10-16 19:35:50,454716,@AmazonHelp Amazon Amazon. Que es lo que mas nos molesta.,AmazonHelp
1451005,2017-10-16 19:37:42,206153,Hi @115911 This Windows device is not making me money to pay the bills. I have to use other devices.,TMobileHelp
1450004,2017-10-16 19:39:27,456464,@Delta There’s no room for my small bag in first class on flight DL4732. Completely unacceptable.,Delta
1454616,2017-10-16 19:40:43,457612,@AppleSupport I updated my iPhone to the newest software today since then it keeps freezing and turning off! Coincidence how the 📞  is out!,AppleSupport
1454186,2017-10-16 19:42:57,219816,"@60567 How does the Amazon Channels subscription work? If I'm signed up for BFI Player+ already, do I need to sign up for Channels too?",AmazonHelp
1493534,2017-10-16 19:44:46,466820,@115888 I need immediate assistance.,SpotifyCares
1464253,2017-10-16 19:50:07,349202,.@117795 is great. I ordered a Bluetooth mouse on the train ride home from San Jose and it was delivered before I got off the train.,AmazonHelp
1434376,2017-10-16 19:52:40,453035,@AppleSupport have you found a solution @115858,AppleSupport
1346554,2017-10-16 19:54:13,434010,@Uber_Support I have..,Uber_Support
1442483,2017-10-16 19:55:52,454705,@AmazonHelp J'ai envoyé le mail en dm,AmazonHelp
1474595,2017-10-16 20:00:43,462315,Worst airline customer service still goes to @americanair .... don’t understand why people take a job like this if you don’t want to help,AmericanAir
1449015,2017-10-16 20:00:59,456237,@AmazonHelp I’ve already done that 3 times and each time not having my question answered and only explaining what the £1 is for. Thank you though.,AmazonHelp
1465656,2017-10-16 20:05:48,141021,@SouthwestAir It finally went through! Thank you though!,SouthwestAir
1329303,2017-10-16 20:06:02,430158,@AppleSupport I had asked Siri for directions. Phone froze. Did this for about an hour.,AppleSupport
1464236,2017-10-16 20:11:11,459862,@AmazonHelp It says amazon carrier. I've never received such a bad quality item from you. Come on it's coming up to Christmas. Let's get items packaged,AmazonHelp
1464984,2017-10-16 20:12:44,460041,@Delta 60??? wow!,Delta
1831759,2017-10-16 20:16:44,161523,@AppleSupport what seems to be wrong here?? Unable to do anything in Wallet App. https://t.co/CdQ10uhgSV,AppleSupport
1833417,2017-10-16 20:18:15,549990,"@SpotifyCares For my friends it shows I got 2 exact same accounts, with the same share codes and mail but with different playlists?????",SpotifyCares
1492963,2017-10-16 20:20:09,427463,"@115879 really hope you guys can get a foothold in Toronto Canada, lots of unsatisfied @115873 @Uber_Support users up here! they rob customers!",Uber_Support
1454137,2017-10-16 20:22:17,329233,@AmazonHelp I used to be able to get most things on prime but I can’t anymore,AmazonHelp
1831732,2017-10-16 20:27:02,549597,@comcastcares dm’d it to you.,comcastcares
1477407,2017-10-16 20:28:26,463035,@115830 Have many issues with my Canary but little help plus unhappy at membership charges contrary to initial promotion which made me buy,AmazonHelp
1387616,2017-10-16 20:28:29,337451,@AppleSupport I’m asking will there be iphone xs on launch date for first come first served bases on release date ?,AppleSupport
1468486,2017-10-16 20:37:22,460860,"@AmazonHelp Y'a votre livreur qui est curieux :s
Il tient à savoir ce que j'achète.... https://t.co/g3qtYUJ12H",AmazonHelp
1470707,2017-10-16 20:38:50,461368,"@AppleSupport Google chrome, it happens on the YouTube app too but not as frequently",AppleSupport
1471159,2017-10-16 20:39:38,216285,@Delta Your apology is insufficient. Friday 10/13 was the last time I spoke to an agent of your company and confirmed.,Delta
1439901,2017-10-16 20:40:48,454147,@AmericanAir Just an incredible amount of inconsistency and no service attitude. Will be sending you a more thorough explanation.,AmericanAir
250966,2017-10-16 20:43:05,175653,@VirginTrains I’m on the 21:10 from Euston to Preston,VirginTrains
1238649,2017-10-16 20:46:45,410547,@AmazonHelp Not via phone as I work shifts and haven’t had a chance but I have via email,AmazonHelp
1445764,2017-10-16 20:51:48,455494,"@AppleSupport ""I don't have the information you're looking for"" when ask to the next level ""I'm as high as you can go"" refused to give me any1 else.",AppleSupport
1475330,2017-10-16 20:52:33,216287,@TMobileHelp DM sent,TMobileHelp
1464263,2017-10-16 20:54:54,459866,"@AmazonHelp quindi, forse sarebbe meglio evitare di appoggiarsi a corrieri così inaffidabili... guardate anche i riscontri da parte degli utenti...",AmazonHelp
1492955,2017-10-16 21:00:16,466700,@159934 @115877 That page doesn’t pull up.,Uber_Support
1498723,2017-10-16 21:02:00,467980,Why isn't Handwritten deluxe album by Shawn Mendes version on Spotify 😨😭 @SpotifyCares,SpotifyCares
1480556,2017-10-16 21:06:05,463797,"Lamentable prueba gratuita de @115821, un engaño, te cobran y dicen no poder devolverlo",AmazonHelp
290204,2017-10-16 21:06:58,185132,Pssst @AppleSupport  @115858  just wondering when you guys were going to fix the bug that makes the clock on the lock screen disappear? I've got an iphone 7 and the lastest iOS and subsequent updates and it is still happening. It's ANNOYING &amp; I'm tired of resetting my phone,AppleSupport
1477701,2017-10-16 21:09:10,289658,All checked in!  #ATL-#GPT @Delta,Delta
1477253,2017-10-16 21:14:52,463004,"@AmazonHelp No worries, just checking that I'm not mistaken. Thanks.",AmazonHelp
1505137,2017-10-16 21:19:45,469321,Definitely needing a vacation now... want to sleep for days after pulling 15 hours of movie set work #hairandmakeup #hairstylist,SouthwestAir
1480470,2017-10-16 21:19:52,463775,@116875 @116875 cuentan con alguna opcion para ver sus series solamente? es decir los envios gratuitos no me interesan y encarece el paquete,AmazonHelp
1480725,2017-10-16 21:24:59,463820,@AppleSupport my phones been super laggy and occasionally freezes on my 6s with iOS11. I’m about to be done with it,AppleSupport
1477414,2017-10-16 21:27:36,463036,@AmazonHelp He will not be accepting card payment,AmazonHelp
1484054,2017-10-16 21:32:23,464622,"@AmazonHelp Hey, danke! Wär echt cool, wenn das klappt!",AmazonHelp
1824571,2017-10-16 21:34:51,547721,@Uber_Support is there any help line for México? I have an issue and the FAQ doesn't have anything on it,Uber_Support
1505064,2017-10-16 21:35:06,469301,"@SpotifyCares The words subscriptions use-but you are better..App’s cache, means you can/can’t download an album to, say flash drive or external drive/CD",SpotifyCares
1480708,2017-10-16 21:41:02,463818,@AppleSupport I tried in the storage management first then in Finder.,AppleSupport
1477424,2017-10-16 21:41:53,463036,@AmazonHelp Will give business to other ecommerce sites.,AmazonHelp
1485450,2017-10-16 21:44:27,464952,@TMobileHelp got ya on the web now,TMobileHelp
1487853,2017-10-16 21:44:31,203533,Had @61368 on my flight this AM from #LAX to #DFW on @AmericanAir he seems super down to earth but didn’t wanna bug him for a pic!,AmericanAir
1489619,2017-10-16 21:50:48,465984,@AppleSupport ????? Soooo what am i supposed to do here??? https://t.co/tvi2v5pLVc,AppleSupport
1489499,2017-10-16 21:58:37,465954,Bless amazon prime now for delivering things to a sick boy 😷,AmazonHelp
1832875,2017-10-16 21:59:21,549905,How many @115900 techs does it take to fix a box??? IDK I'm still waiting to find out! Not 6 weeks not 6 months!!! #noshame #toolong,comcastcares
1488038,2017-10-16 22:01:31,184908,"@SpotifyCares The 1% bit is a bit insulting. What features are actually happening that the 99% are voting on?

The limit seems so arbitrary.",SpotifyCares
1525390,2017-10-16 22:03:57,473791,@Uber_Support  @61441 how on earth am I being charged for drivers who are starting trips while I’m still here waiting for a driver? https://t.co/2H13C1E4Dn,Uber_Support
1832846,2017-10-16 22:05:31,549892,@115858 And at some cases I can’t make calls because I hear nothing and the other side doesn’t hear me either. Facetime works though @AppleSupport,AppleSupport
1489863,2017-10-16 22:05:49,466034,Help @Delta,Delta
1487326,2017-10-16 22:10:31,465436,@AmazonHelp Nope. It just said it was processing a refund.,AmazonHelp
1507457,2017-10-16 22:16:52,469876,@AmericanAir muy mal servicio de internet en el avión... súper lento !! Tenía que reiniciar constantemente ... no sé que les pasó . Muy malo,AmericanAir
1492784,2017-10-16 22:20:39,466655,@AppleSupport I can’t export videos on my Mac keep getting an error help thanks,AppleSupport
1489759,2017-10-16 22:24:28,466013,"@Uber_Support Thank you, I DM'd you the information. If someone from your team would call me it would be appreciated.",Uber_Support
1272791,2017-10-16 22:28:08,417927,@AmazonHelp so how else I get in contact with you.  Amazon has arbitarily rejected the delivery of the order I had placed. No response yet.,AmazonHelp
1824469,2017-10-16 22:29:22,547686,@SpotifyCares hi is there an easy way to transfer my music on apple music over to spotify? thanks!!,SpotifyCares
1474118,2017-10-16 22:31:47,275575,@AppleSupport can I DM you?,AppleSupport
1496114,2017-10-16 22:34:59,467363,Thanks @SouthwestAir for the free drinks coupons! Vegas anyone?!? 🙊🙈👀 🍹🍷🍺 https://t.co/BZObpvo2jU,SouthwestAir
1495776,2017-10-16 22:35:07,337759,@Delta 35-60 minute hold time for skymiles support?,Delta
1496180,2017-10-16 22:37:33,467372,Great work @VirginTrains. You have stranded a bunch of passengers at Stevenage with no discernible means of reaching Cambridge.,VirginTrains
1497710,2017-10-16 22:46:57,467738,"@AmazonHelp Yes I know how to track a package, it says ""Delivery date pending"" and when I ordered it it said that it would be delivered tomorrow",AmazonHelp
1497849,2017-10-16 22:49:04,467765,".@AppleSupport been trying to order an #Iphone for the last hour. The site keeps saying my @115725 pin is wrong..not true, already checked!",AppleSupport
1513940,2017-10-16 22:50:16,199556,@122128 thanks for the workout today. Airlines should be able to have gates closer together though @americanair,AmericanAir
1528144,2017-10-16 22:53:35,466013,@115873 I'm still waiting on that phone call,Uber_Support
1498208,2017-10-16 22:55:08,467863,@Delta Are you in Nashville and do you have pretzels?,Delta
265531,2017-10-16 22:58:47,179255,"@SpotifyCares hi, how come the songs I have downloaded on my playlist don’t sync to my phone?",SpotifyCares
1502410,2017-10-16 23:01:02,468716,"@115911 you say you have great data speeds, then why does is this constantly happening? I can’t even load a basic web page... https://t.co/dsVYOL7Z3X",TMobileHelp
1504120,2017-10-16 23:02:01,469118,"H, @115821, your contracted delivery people refuse to deliver pckgs to actual address &amp; a dumpthem inside @ vanderbilt med center's doorway https://t.co/2O9KupUxtu",AmazonHelp
1824205,2017-10-16 23:09:03,547598,"@AppleSupport Hi, can you help me to solve this little problem https://t.co/4xYmiybRAK",AppleSupport
1501689,2017-10-16 23:10:36,468562,"@AmazonHelp Sounded like a drummer from DAY ONE. I want @115821 to refund the cost of part AND the $28 shipping, &amp;send a *prepaid* RA label😡 @115851",AmazonHelp
1502303,2017-10-16 23:12:30,468690,Comcast Xfinity outage has me feeling like... @ComcastCares @139671 @116136 @115900 #WholeDay #CantBlameItOnIrma https://t.co/oxFQzdPe32,comcastcares
1824178,2017-10-16 23:19:39,130546,@Uber_Support My gas tank is saying not so 🙃,Uber_Support
1517421,2017-10-16 23:21:52,163652,@AmericanAir Seriously retire your aging American Eagle E140/5s. Waiting on an agent to walk over paperwork so we can leave.,AmericanAir
1501626,2017-10-16 23:24:01,468548,@AmazonHelp I swear the Amazon people are wizards or something. https://t.co/vf6x0yHb4G,AmazonHelp
1504332,2017-10-16 23:29:27,469145,@AppleSupport I swipe up from the bottom of the screen to use Control Center. I switch the wifi and BlueTooth buttons (Bluetooth doesn’t turn itself on).,AppleSupport
1507817,2017-10-16 23:38:17,469961,"Hey @SouthwestAir, can I bring my knitting needles in my carry on bag?",SouthwestAir
1505060,2017-10-16 23:38:54,469300,"@SpotifyCares The issue has been resolved, thanks!",SpotifyCares
1506870,2017-10-16 23:42:46,360907,"@AmazonHelp 2/2 but haven't received it Yet, Customer service rep on Friday said, will get it by saturday today is Tuesday, U guys R frauds to  the core",AmazonHelp
1510287,2017-10-16 23:48:10,470548,@Delta shout out to Zach W at SEA gate S3.  Thanks for living the the dream!   You're my employee of the month!,Delta
1551721,2017-10-16 23:48:23,480164,@Uber_Support tried to email uber support but can't seem to get anything except auto responses back-Can I please get in contact w/ a human?,Uber_Support
1497866,2017-10-16 23:49:16,467770,@AppleSupport Just one. I only have the iPad mini n idk what it is on haven't updated it for a while,AppleSupport
1506888,2017-10-16 23:52:34,470436,"@187887 @115821 @13579 amazon  delivery said package damaged, returned. found package torn open on way home on street behind my house with one item.",AmazonHelp
1510669,2017-10-16 23:58:12,179371,@TMobileHelp Done!,TMobileHelp
1516669,2017-10-17 00:04:04,470457,@AppleSupport my sensor is not working since ios 11 updated,AppleSupport
1522519,2017-10-17 00:08:09,473125,@AmericanAir u have batman v superman and wonder woman but not captain america??? 1/10,AmericanAir
1514276,2017-10-17 00:12:26,471351,"@SpotifyCares Thanks for the reply, But is this saying can't shuffle at all now? lol I'm doing it on my current playlist.",SpotifyCares
1247995,2017-10-17 00:12:37,412804,"@AmazonHelp Ok, agradezco su atención.",AmazonHelp
1523089,2017-10-17 00:17:35,473256,@116136 .@comcastcares do you have any input on just how flawed the system you work for is?,comcastcares
1516897,2017-10-17 00:18:41,471928,My @115873 driver drove right by me and then cancelled my ride https://t.co/6nSs71EThJ,Uber_Support
265652,2017-10-17 00:18:52,179288,@AppleSupport @179287 Oh not really the response i was looking for,AppleSupport
1521827,2017-10-17 00:23:28,473000,When @115830 screw up your pre-order you made in *May* and all you get is a shoddy apology. Superb customer service folks🙄🖕#givemethebook https://t.co/86MmysKdbo,AmazonHelp
961290,2017-10-17 00:25:22,547722,@115913 I wonder if I could win a refund for the broken phone one of your stores sold to me,TMobileHelp
1472055,2017-10-17 00:25:49,328130,@SouthwestAir 🍹? 😜,SouthwestAir
1522584,2017-10-17 00:28:06,473136,@AmericanAir there are 8 of us. You pulled away from jetway as we all arrived. Now you are putting us all up in DC.,AmericanAir
1010940,2017-10-17 00:29:33,269291,"@Delta Trying to scam your Medallion Flyers?
Left - Seat Map on my Delta Profile. 
Right - Seat Map while booking a fresh ticket. https://t.co/DfI6kGPMwo",Delta
1520181,2017-10-17 00:34:00,472586,@applesupport can you tell me if this email is legit? it seems kind of odd and i'm not sure if it's a scam or not. https://t.co/33HEqjuIst,AppleSupport
1006584,2017-10-17 00:42:10,358193,@AmazonHelp Someone from customer service actually emailed me yesterday. Thank you so much.,AmazonHelp
1525209,2017-10-17 00:45:31,223301,"@AppleSupport @115858 @116333 I know this might seem minor, but it really is frustrating for those who use portrait and landscape 😞 (8Plus) https://t.co/geIfEwggDs",AppleSupport
1514025,2017-10-17 00:46:38,471298,@AmericanAir @AmericanAir really sad. Stealing is a Federal Crime,AmericanAir
1372537,2017-10-17 00:48:31,439431,"@AmazonHelp tudo bem, só gostaria de saber se de fato meu pedido está confirmado",AmazonHelp
1131952,2017-10-17 00:51:30,386736,@SpotifyCares The android version is 7.0,SpotifyCares
1525469,2017-10-17 00:57:18,473808,An Uber driver just called me a bitch asshole because I proved him wrong #appalled @115873,Uber_Support
1516468,2017-10-17 00:58:03,471846,@AmazonHelp lo que quiero en este momento ya solo es cancelar esos pedidos y recuperar mi cuenta.,AmazonHelp
1522030,2017-10-17 01:02:37,473033,@AppleSupport Same happening in my wife 7. Just on the monthly view,AppleSupport
1520106,2017-10-17 01:07:14,472564,@AmazonHelp I always do.Haven’t had that issue in a while. My frustration stems 4m difficulty w/tracking packages in order to anticipate a delivery date,AmazonHelp
1824757,2017-10-17 01:13:35,547784,"@116136 Never mind, I called and they found me another place, thanks though!",comcastcares
1531059,2017-10-17 01:16:11,474979,@AppleSupport la nueva actualización alentó y perjudicó mi iPhone .... necesitamos soluciones!,AppleSupport
1528223,2017-10-17 01:16:38,474472,@DELTA arrive on time in RIC but no ground crew to direct plane in? Ridiculous,Delta
1531535,2017-10-17 01:24:14,475114,@SpotifyCares I'm trying to have only my email to sign in to my account. Can't reset password because I deleted my Facebook account.,SpotifyCares
1531051,2017-10-17 01:28:31,474976,iOS 11 trabas mi cel y me empiezas a fastidiar @AppleSupport,AppleSupport
1504419,2017-10-17 01:29:14,469167,"@Uber_Support Thanks, love you",Uber_Support
1537960,2017-10-17 01:30:22,125895,@AmericanAir this is2nd time in DFW. Agents do what they want. Still waiting 4 U guys to respond to the tweet of the guy that board 5 min b4,AmericanAir
1505134,2017-10-17 01:33:08,314926,@SouthwestAir Not my day....now delayed becouse of a crew member not present.....,SouthwestAir
1520960,2017-10-17 01:33:34,472780,@TMobileHelp @115913 Not getting anyone to dm back to me,TMobileHelp
1521834,2017-10-17 01:35:16,473002,@AmazonHelp No I haven’t I had to drive an hour and what not home from your store.  It will have to wait till tomorrow when I have time.,AmazonHelp
1525216,2017-10-17 01:42:52,221214,@AppleSupport 11.0.3 mang,AppleSupport
1353506,2017-10-17 01:45:09,158494,@115850 Joker's treating customer as toy  and asking Brace yourself for blockbuster deals on toys #just aking @115851 @115821 joker's @115850,AmazonHelp
1471773,2017-10-17 01:53:03,450267,"@SpotifyCares I have an iPhone 6, with iOS 11.0.2 software. The version of Spotify I have is 8.4.20.535",SpotifyCares
1205265,2017-10-17 01:54:00,403086,@AppleSupport Yes and it still doesn’t work,AppleSupport
1825713,2017-10-17 01:56:47,548031,"@115900 @comcastcares I’ll gladly provide you with the reference call number, but I’m expecting you to contact me.",comcastcares
1539913,2017-10-17 01:57:42,477285,"@115850 this is probably the first, but I've received a product which belongs to someone else! And I suppose my order is sent elsewhere!!",AmazonHelp
1824978,2017-10-17 02:03:14,403086,"I finally got the app to work, thanks @AppleSupport",AppleSupport
1531390,2017-10-17 02:04:46,291007,@AmericanAir Thank you! The APU was also running when we boarded which was a big relief here in Miami.,AmericanAir
1484262,2017-10-17 02:08:41,464678,@Uber_Support However I had nothing to do with the picture that was sent. I think I have been mistaken for another customer and I refuse to pay £95,Uber_Support
990763,2017-10-17 02:10:22,353498,@115821 Yet not return of goods done or any contact from your side.. Unhappy with the service,AmazonHelp
1542993,2017-10-17 02:12:51,478021,"I need a new phone but @115911 won't let me be great. My phone is "" ""unchargeable"" and won't back up 😩",TMobileHelp
1535584,2017-10-17 02:18:45,476146,@AppleSupport my home screen wallpaper has changed to this indicated by the arrow for the last 2 days. Any reason why? #iphone8plus https://t.co/XyJXbLNq15,AppleSupport
1535518,2017-10-17 02:23:19,476134,"Awesome @115821 GUARANTEED delivery today - seems ""today"" is now late NOVEMBER. WTF!? Why do I pay for #prime- worthless. Getting worse...",AmazonHelp
1520700,2017-10-17 02:38:15,432784,@SpotifyCares Here's a screenshot of all the ppl it's happening to https://t.co/vnW5CA2uOe and it's only for that one song,SpotifyCares
1535583,2017-10-17 02:39:54,476146,@AppleSupport Hard reset or just turn it off/on?,AppleSupport
1547890,2017-10-17 02:42:02,338424,"@AmazonHelp I just signed up for amazon fresh, if it is a free trial why was $1 taken out of my account?",AmazonHelp
1826181,2017-10-17 02:44:50,548149,@Uber_Support Doesn’t surprise me that your “customer support” is lousy. Twice I’ve tried emailing my particular issue &amp; get no real help!!!,Uber_Support
1544452,2017-10-17 02:47:45,478391,@AmericanAir terrible experience today at MBJ need someone to complain to,AmericanAir
1477683,2017-10-17 02:49:40,463113,@Delta @463112 Frankie how can we help???,Delta
1544897,2017-10-17 02:50:24,478501,"@TMobileHelp After I picked it up and transfer the phone is a 32gb, not 64.",TMobileHelp
1547864,2017-10-17 02:56:32,479216,ばあちゃんの携帯にAmazonの未払いのやつが来ちょって今日中にっちメールが来ちょったんやけど、ばあちゃんAmazon使ったことないし詐欺よね？？,AmazonHelp
1825529,2017-10-17 02:59:32,547987,Well this new @115858 update makes me extremely nauseous when I close apps. #appleupdate,AppleSupport
1547923,2017-10-17 03:05:42,479226,"@AmazonHelp Thank you for the response, I logged this on CS and it says I can be looking at up to 12hrs for a response",AmazonHelp
1552208,2017-10-17 03:07:53,461771,@VirginTrains why has 0428 been cancelled with 20 mins notice?,VirginTrains
1674088,2017-10-17 03:14:44,509381,My broadcast just went blank!! WTF?  # MNF #ESPN #xfinity #INDvsTEN,comcastcares
1555480,2017-10-17 03:19:12,481019,@117153 some of the artists I followed do not appear in my library/artists column. Is there a way to fix this issue ? Thanks,SpotifyCares
1253885,2017-10-17 03:22:31,414124,@115821 Não. Está tudo dentro do prazo. Eu tô é ansioso msm hihihi,AmazonHelp
1553533,2017-10-17 03:22:52,223226,@SouthwestAir website says undergoing maintenance and this part of website unavailable - is that true?  trying to confirm car reservations,SouthwestAir
1626205,2017-10-17 03:26:36,497967,@AppleSupport Using Iphone 6S Plus but the battery doesn’t last long. I feel battery has issues.,AppleSupport
1537857,2017-10-17 03:28:16,358710,@Delta Pretty sure they are aware... everyone on here is aware.,Delta
1574708,2017-10-17 03:32:42,485283,@Uber_Support was reported by driver that I didn’t pay the full amount but I did. What should I do? https://t.co/4BB4ce89Yg,Uber_Support
1552998,2017-10-17 03:33:11,480500,"@115821 @AmazonHelp Just in case I'm not being clear, I just want to know where my stuff is. This week is bad enough without having stuff not show up.",AmazonHelp
229275,2017-10-17 03:34:14,170678,"@AmericanAir Great, glad to hear.  Please share next steps.",AmericanAir
1555870,2017-10-17 03:35:20,322341,"@115913  instead of making digs at the other services, maybe fix your own. Still have 1 bar w/T-M #prioities #tmobilehelpdontmessageme",TMobileHelp
1560935,2017-10-17 03:41:38,482249,@AmazonHelp I want to know that the time limit of cash back..??,AmazonHelp
366976,2017-10-17 03:48:55,314322,@AppleSupport Having the same issue too. I opened a radar #34904227,AppleSupport
1557431,2017-10-17 03:52:54,461296,@AmazonHelp 5 days from my initial order when this isn't my fault. (2/N),AmazonHelp
1825768,2017-10-17 03:58:46,548044,@SpotifyCares This was on both android and pc,SpotifyCares
1557430,2017-10-17 04:00:32,461296,@AmazonHelp That answer is unacceptable. I want a manager to contact me now.,AmazonHelp
1557305,2017-10-17 04:10:05,481391,@AmazonHelp Voltaire very nice.,AmazonHelp
1589792,2017-10-17 04:14:58,488823,"@Uber_Support Why am I unable to select UberX when booking a ride? The last lot of rides, I can’t select it and XL is more expensive!",Uber_Support
1631371,2017-10-17 04:18:24,499271,Also why can’t I see my contacts in my messages anymore? Worst update ever @AppleSupport,AppleSupport
1558914,2017-10-17 04:22:36,481774,Hey @115821 A required feature of all prime orders should be return shipping is paid for. Sucks to force me to pay to return incorrect item.,AmazonHelp
1559252,2017-10-17 04:31:59,479304,@AmericanAir 😂🙄,AmericanAir
1387284,2017-10-17 04:32:59,442793,@AmazonHelp still I didn't receive my order,AmazonHelp
1561176,2017-10-17 04:35:54,482300,@SpotifyCares No it Only happens on my Mac,SpotifyCares
1631298,2017-10-17 04:39:39,416266,@115858 @AppleSupport https://t.co/5iJdPOnSn5,AppleSupport
1563840,2017-10-17 04:42:31,450218,@115850 You do not return the customer's money for 15days you should be ashamed.Do my money back quickly youare giving poor service Iam not satisfie,AmazonHelp
1559174,2017-10-17 04:45:01,481836,"@Delta @delta I have flown a million times, now we are jogging up and down through turbulence, everyone is warm and uncomfortable. I sincerely hope your in flight staff is doing great, however the outside circumstances are to great. #fail  #deltaprobs #DeltaAirlines",Delta
1561326,2017-10-17 04:49:25,482331,"@comcastcares Oh no thank you I'm happy just complaining about it, preciate the help tho!",comcastcares
1563789,2017-10-17 04:52:29,482898,"If I wanted 5-7 day shipping, I wouldn’t have paid for amazon prime... @14249 @115821",AmazonHelp
1563058,2017-10-17 04:56:24,482710,@115911 Bye forever. I'm so done with this shady business. Started noticing my plan wasn't holding up once you started offering TMobile One. Hmmm.,TMobileHelp
1562638,2017-10-17 05:00:11,482625,@Uber_Support No need keep it with u Thanx but No Thanx.,Uber_Support
1567109,2017-10-17 05:04:40,483653,"Hey @115850, a book I ordered is being processed for a refund. Reason cited: Customer return. How did I return a book I never received?",AmazonHelp
1633588,2017-10-17 05:08:04,499793,"@AppleSupport my iPhone SE updated to iOS 11.0.2, after this I can’t get gmail push notifications in native mail App, I restored it",AppleSupport
1563161,2017-10-17 05:10:58,482740,@VirginTrains Ok thanks,VirginTrains
1563765,2017-10-17 05:13:17,482897,"@AmazonHelp https://t.co/aQS0AwfvWl
Sent details let's see can u help.",AmazonHelp
1131944,2017-10-17 05:23:55,261651,"@AmericanAir @386734 Meanwhile, when they delay or strand you for maintenance or other incompetence, they say “oops. too bad”?   How arrogant can a company get?",AmericanAir
1828037,2017-10-17 05:26:47,454003,"@116333 In the meantime battery is now down to less than 20%, drains ten time faster.... than previous iOS",AppleSupport
1563802,2017-10-17 05:28:06,482901,@AmazonHelp Reported it. Hope the issue will be resolved soon.,AmazonHelp
1566958,2017-10-17 05:40:11,483625,@AmazonHelp @115830 can you please tell me why money has been taken from my account when I haven’t ordered anything?? 😤🤔,AmazonHelp
1267533,2017-10-17 05:46:52,416792,@SpotifyCares Can't wait. We miss those songs already 😭 Thank you!,SpotifyCares
1566945,2017-10-17 05:47:37,139584,"@AmazonHelp It’s now any time until 18th, hopefully it turns up today",AmazonHelp
1570748,2017-10-17 05:53:37,429382,"@AmazonHelp I am sick and tired of twitting, mailing and calling you folks. You  respond to twitter, calls and email but fail to resolve the problem.",AmazonHelp
1569330,2017-10-17 05:54:48,484076,@115873 @255462 waited nearly 30 minutes for my Uber.  How does Uber justify charging its clients for their service?,Uber_Support
1570795,2017-10-17 05:57:09,484382,@115850 https://t.co/ZIBhPKJjLs,AmazonHelp
1828351,2017-10-17 06:00:08,548704,@AppleSupport @115858 I an faving various bugs in my iPhone 6 32GB after I have updated it to iOS 11. To whom Do I report the bug?,AppleSupport
1571327,2017-10-17 06:02:28,484485,"Here two hours early for the only delta flight. 
Thanks @Delta https://t.co/e7cHaBjXM5",Delta
1565155,2017-10-17 06:02:52,415593,@115850 I didnt got the reply over there thats the reason i had msg here hope u will help me out as early as possible was expecting this kind of ser,AmazonHelp
1571772,2017-10-17 06:05:18,484590,"@VirginTrains I downloaded the app so I could get em on my phone, to avoid having to walk to Limey, that ok? 🤓🤓",VirginTrains
1572817,2017-10-17 06:10:16,214881,"@AmazonHelp Hello Team, Return order request has not been done yet. Please help. Urgent..",AmazonHelp
1572983,2017-10-17 06:14:17,484867,今朝のさ、密林さんの動画視聴料が滞納してるからってやつさ、電話番号調べるとさ、詐欺情報を共有するサイトにヒットするんだけど「電話をかけてしまってお困りの方はこちらまで」って別サイトに繋がってるんだけどさ…それすら怪しく思えてくるよなって話,AmazonHelp
1568784,2017-10-17 06:21:22,483648,@AmazonHelp Non of my earlier given contact details are closed.,AmazonHelp
1072167,2017-10-17 06:27:25,373007,@AmazonHelp No mail received @115850 @AmazonHelp,AmazonHelp
1591864,2017-10-17 06:27:36,489343,@Uber_Support My mobile number is 9672374013,Uber_Support
1003856,2017-10-17 06:34:42,357599,@AppleSupport Thankyou.,AppleSupport
1574459,2017-10-17 06:35:11,485227,"@AmazonHelp もう開封してしまったので、大丈夫です。
わざわざご丁寧にありがとうございます。
次からはこのような事がないよう、お願いいたします。",AmazonHelp
1576811,2017-10-17 06:40:18,485767,"@comcastcares I sent it to comcastcares, not sure how to send it to you directly",comcastcares
1576337,2017-10-17 06:43:25,485222,@115821 Just this evening I got another email saying it failed to deliver/got lost in transit and I should contact them to get it taken care of. ¯\_(ツ)_/¯,AmazonHelp
1574992,2017-10-17 06:45:41,485350,@VirginTrains @245045 Not really good enough. If the fault was known then the information screens and online data should have been updated.,VirginTrains
1578266,2017-10-17 06:50:15,486080,@AmazonHelp alrdy did that many tims last rply frm amzn ws amzn hvnt got tht amnt frm sbi n bnk say I hv to pay it. I m pissed of now,AmazonHelp
1578397,2017-10-17 06:56:24,468404,Hey @AmazonHelp any reason why you all can't ship games on time? Dealing with my second delayed game from you in a row. Prime member shafted,AmazonHelp
1636094,2017-10-17 06:58:23,500433,Damn @115858. My phone is not even a year old and it dies internally...wtf is up with that? #GetItTogether I lost a lot of my ish!,AppleSupport
1589804,2017-10-17 07:05:18,484926,"I have asked for immediate assistance and you are taking your sweet own time for response, even after provding details.@Uber_Support @115873 https://t.co/yzLnU39DHn",Uber_Support
1578555,2017-10-17 07:06:06,486148,"@AmazonHelp Danke, mach ich!",AmazonHelp
1582666,2017-10-17 07:12:56,486690,why all the amazon agent's numbers provided are always not reachable in your system @115850,AmazonHelp
1581205,2017-10-17 07:19:47,486794,Ticket machines aren't 'friendly' at Rugby Station. I want to buy a ticket for any train! @VirginTrains @125047 @125861,VirginTrains
1585062,2017-10-17 07:20:21,487720,"@115850 Should all the old accessories be returned for exchange of old mob?
If so?, what all?",AmazonHelp
1826930,2017-10-17 07:23:44,548339,"Hey @SpotifyCares I have spotify linked to my Facebook account, I have allowed and made public. But spotify doesn't post to my profile.",SpotifyCares
1828348,2017-10-17 07:25:18,548703,"@AppleSupport the worst and bad customer service with lack of communication in Apple store mall of emirates Dubai,#apple #iphone",AppleSupport
1261464,2017-10-17 07:27:16,415509,"@120540  mi stai deludendo. Non puoi avere l'S8 allo stesso prezzo dei negozi. No, non lo accetto.",AmazonHelp
1582903,2017-10-17 07:32:23,478505,@115913 your company has the worst customer service ever,TMobileHelp
1582890,2017-10-17 07:32:40,487186,"@AmericanAir $218 upcharge for ""main cabin"" (or no carry-on)...on a $108 flight? C'mon, AA. These shenanigans are why people hate to fly.",AmericanAir
1586733,2017-10-17 07:33:20,414894,@115850 Do you not differentiate high priority cases and treat them any differently,AmazonHelp
1582592,2017-10-17 07:42:00,454720,@AmazonHelp 404-1734010-2860330 chauffeur s'est présenté a 11h00 signé par MP ? faux recu le lendemain. 2/3,AmazonHelp
1589701,2017-10-17 07:45:53,488800,Stop fooling customers @115850 on the app u show the product &amp; we order it Nd make the payment post payment the pic is changed.Disgusting,AmazonHelp
1582571,2017-10-17 07:53:11,162519,@AmazonHelp I DMed you my registered email ID to be able to check this. Hope you receive it.,AmazonHelp
1586739,2017-10-17 08:04:09,298108,@AmazonHelp Ah I have the £5 credit now. Still though the way this has been handled is really bad :(,AmazonHelp
1577157,2017-10-17 08:06:19,485826,"@VirginTrains 2/2 treat customers, which is poorly. Even now you aren't actually listening, just telling me to buy more tickets.",VirginTrains
1639021,2017-10-17 08:09:27,501175,"@AppleSupport Yahoo mail doesn’t work with IOS 11 (iphone 6s)

IOS 11 is sucks! 👎🏻👎🏻👎🏻👎🏻👎🏻👎🏻 https://t.co/C79XXyQp12",AppleSupport
1586716,2017-10-17 08:12:21,488134,@AmazonHelp Absolutely,AmazonHelp
1589694,2017-10-17 08:18:18,488798,@AmazonHelp The app,AmazonHelp
1591618,2017-10-17 08:28:36,489281,"アルバムのAmazon支払いしたか覚えてないし支払いのメール来た覚えもないので詰み

(ほんとに買えてんのか)",AmazonHelp
1631570,2017-10-17 08:33:53,499330,@Uber_Support Booked Uber Pool. Driver called asking me to cancel. Says he will reach in 20 mins despite app showing 9mins. What’s the deal? https://t.co/YDaCB1ObuC,Uber_Support
1591554,2017-10-17 08:34:23,489263,"なんかamazonがおかしい･･･
拙者のタブレットでamazon開くとブラウザが強制的に閉じる症状が。
メモリ解放やキャッシュ削除やっても変わらず、他のページは問題なく見れる。
解せぬ。",AmazonHelp
1639014,2017-10-17 08:42:09,501172,Why does iOS 11 always have Bluetooth turned back on whenever I restart it? It should only be on when I turn it on. @AppleSupport,AppleSupport
356669,2017-10-17 08:42:38,200693,@AmazonHelp @115821 @AmazonHelp @115830 when do u plan to sort out the problem .or is stealing the only practice you are following @115851,AmazonHelp
1589550,2017-10-17 08:51:58,488768,@AmazonHelp Yes but checking the status of the delivery says it will notify me when  OR IF it will be back in stock,AmazonHelp
1597191,2017-10-17 08:57:56,490649,"@117153 Spotify hasn't worked since Sunday, don't know why. I attempted uninstall then download but it comes up with error message 18",SpotifyCares
836920,2017-10-17 09:00:45,318974,"@AmazonHelp even i have replied back to this mail, every time i have to explain to your new customer agent each and every detail",AmazonHelp
1598918,2017-10-17 09:09:25,491045,For some reason I've just received some fake blood from @115830 though the package was supposed to contain a phone screen protector,AmazonHelp
1642408,2017-10-17 09:13:22,502031,"@AppleSupport Brand New MacBook Pro, which I've had for five-six weeks, the charger has exploded??? What the...!!! 50% battery left! @115858 https://t.co/OROtSvJLjj",AppleSupport
1596987,2017-10-17 09:16:28,490602,Merci @120533 quand je commande une paire de vans et que je reçoit autre chose. Abuser de votre part. Cdlt,AmazonHelp
1594049,2017-10-17 09:19:58,365845,"Shockingly bad train service @virgintrains booked seats, people seating in our seats won't move .. no help from train manager",VirginTrains
1642488,2017-10-17 09:22:26,502048,"@Uber_Support Absolutely atrocious, another evening ruined. After hundreds of orders as a loyal customer, not even a reply anymore!",Uber_Support
1598982,2017-10-17 09:23:23,405008,Danke @AmazonHelp und @124285 dass mein Paket heute zeitnah und pünktlich ankam. Muss man ja auch mal sagen 💪 https://t.co/zFomyl9FEI,AmazonHelp
1595337,2017-10-17 09:29:44,490179,@AmazonHelp Kindly arrange phone call for me 7077757293,AmazonHelp
1598694,2017-10-17 09:40:09,491008,@AmazonHelp I got a mail saying we'll keep you posted about when the book is in stock. Except the website does say it's in stock.,AmazonHelp
1602220,2017-10-17 09:45:59,446296,@115850 @115851 multiple factors made my shopping on #Amazon really frustrating this diwali. Won't be shopping again with Amazon,AmazonHelp
1602259,2017-10-17 09:50:41,491825,@115850 jst received this shipment on my old address.pls provide details of this order. https://t.co/AhAo0XILVN,AmazonHelp
1642410,2017-10-17 09:55:42,502032,@AppleSupport how do I figure out my system PIN code? Currently locked out because someone got in my AppleID and locked my computer on me,AppleSupport
1265829,2017-10-17 09:57:03,416409,"おい、 #amazon さんよぉ…。
確かに昨日の件でお問い合わせメール送ったけどよぉ、何も言わずに返金はなくないか？
なんか不躾な態度で金投げ返された気分だわ…。
はっきり言って失望だよAmazon君…。",AmazonHelp
1601066,2017-10-17 09:57:35,491546,@Delta Thanks!!,Delta
1598865,2017-10-17 10:02:17,491035,@AmazonHelp I called yesterday and they offered me a $5 credit,AmazonHelp
1394541,2017-10-17 10:08:29,444309,@AmazonHelp Done,AmazonHelp
1599600,2017-10-17 10:09:27,491193,@120576 @VirginTrains I’ll know next time. Maybe I didn’t hear it this time,VirginTrains
1609289,2017-10-17 10:09:47,494091,"@115888 my student discount runs out this month for premium membership. but i am still a student, how do i still get student discount?",SpotifyCares
1604490,2017-10-17 10:12:29,119055,.@AmericanAir you charged me twice and booked me twice for the same flights to &amp; from Memphis - didn’t realize until after checking in (1/2),AmericanAir
1648655,2017-10-17 10:14:40,503642,@Uber_Support why won't y'all respond on Facebook? Your customer service is horrible.,Uber_Support
1595282,2017-10-17 10:16:11,290137,"@AmazonHelp すみません、メールで届いてました💦
ありがとうございます助かりました！",AmazonHelp
1603889,2017-10-17 10:21:42,491795,@AmazonHelp You people take the customers on toss because you people think that indian peoples are fool your company is running because of us only .,AmazonHelp
1603773,2017-10-17 10:25:54,492157,"@AmazonHelp Le livreur Amazon dit ne pas trouver l'adresse, mais elle est complète, je peux pas donner plus @115817 @132743 @132988 y arrivent eux",AmazonHelp
1606254,2017-10-17 10:32:48,387384,@115850 Delivered Broken Product ! @118702  never had issue ! Quality is Deteriorated by Amazon https://t.co/LVGARcMef4,AmazonHelp
1598867,2017-10-17 10:38:11,491035,@AmazonHelp Then what’s the point of “guaranteed delivery” date ? I relied on this info to make my purchasing decision .,AmazonHelp
1357653,2017-10-17 10:41:22,313517,"@AmazonHelp You morons if you can't do anything for last 100 hrs, you can't do anything now. So shut the hell up and work.",AmazonHelp
1454520,2017-10-17 10:45:08,248711,"@AppleSupport Turning it off, and back on again. What other steps should I try?",AppleSupport
1606549,2017-10-17 10:47:49,182232,@AmazonHelp Look at the form - tell me how I can use it to report the LookInside issue. I've asked you this twice. PLEASE SHOW ME.@115851,AmazonHelp
1615122,2017-10-17 10:48:21,495383,Thank you @Delta Houston Hobby airport staff Afval and Shay.  To Puerto Rico with relief supplies and Afval and Shay made it happen,Delta
1598921,2017-10-17 10:53:09,491046,@AmazonHelp Guess you'll might lose business to @118702,AmazonHelp
1602674,2017-10-17 10:54:44,344971,"@TMobileHelp @115913 Pretty orders are next week though. Shouldn't something be set in place? I don't want to get ripped off,be without a phone or switch to vzw.",TMobileHelp
530814,2017-10-17 11:02:23,493962,"@116928 Hola, a través de que medio puedo ponerme en contactos con vosotros por un producto dañado que está en garantía?",AmazonHelp
1631929,2017-10-17 11:06:08,142541,@SpotifyCares Seriously using my PS4 as a workaround is not a solution.,SpotifyCares
1387410,2017-10-17 11:06:23,442816,@AmazonHelp Yes,AmazonHelp
1645793,2017-10-17 11:09:30,302776,@115948 @AppleSupport duplicates (see attachment) https://t.co/rhx8HDOKIn,AppleSupport
1268508,2017-10-17 11:10:43,417020,昨日アマゾンで商品頼んだのに、一番すぐ用意できるものの支払い番号だけ来てないんやけど,AmazonHelp
1618374,2017-10-17 11:10:57,496197,@VirginTrains I did not see one throughout the journey.,VirginTrains
1602284,2017-10-17 11:15:14,491826,@AmazonHelp since payment has been done online..it will take time before it will be refunded and items again ordered..it was going to be delivered today,AmazonHelp
1544018,2017-10-17 11:23:06,478293,"@AmazonHelp It’s not carrier specific, but it happens more often in bad weather or when the city is busy...",AmazonHelp
1827811,2017-10-17 11:23:50,428000,"@Uber_Support My Uber number is 9175701638
Alternate number is 9175507653",Uber_Support
1608751,2017-10-17 11:30:50,493985,"@AmazonHelp Merci, j'ai envoyé un mail.",AmazonHelp
1827749,2017-10-17 11:31:51,548546,@AmericanAir @120944 Its backed up. Should go to C term- take shuttle- no time. Makes no sense for regional terminal not to have Precheck @164688  @120944,AmericanAir
1828566,2017-10-17 11:36:41,548771,@AppleSupport not able to sent emails with iOS11.0.3,AppleSupport
1610988,2017-10-17 11:36:57,494489,Por fin ha llegado!!!!! #GTSport  1 día antes del lanzamiento!!! Gracias @116928 https://t.co/Zv777EG850,AmazonHelp
1627621,2017-10-17 11:43:15,129916,@491534 @AmazonHelp I've given up with Amazon- yesterday 1 of their drivers threw my package (a go proesque type camera) over the fence onto the porch ground...,AmazonHelp
1268507,2017-10-17 11:48:37,417020,@AmazonHelp 理解しました、ありがとうございます:),AmazonHelp
1648378,2017-10-17 11:52:47,503576,Ive just lost all my photos after updating to the new iOS 11. This is annoying. @115948 @AppleSupport,AppleSupport
1627810,2017-10-17 11:54:12,498369,@AmazonHelp thank you i have contacted them and awaiting reply,AmazonHelp
1622230,2017-10-17 12:00:25,441237,@115830 should your delivery drivers leave a card if unable to leave parcel? 😡😡,AmazonHelp
1627012,2017-10-17 12:01:05,498156,@SouthwestAir You are one of the only Airlines that doesn’t have an Apple Watch app.  What’s up with that!,SouthwestAir
1622616,2017-10-17 12:04:03,497122,@Delta can you DM me I’ve got a ? about Active Duty that fly Delta,Delta
1085074,2017-10-17 12:04:24,177687,@AmazonHelp Thanks amazon for your quick reply and concern,AmazonHelp
1622434,2017-10-17 12:05:00,497075,How does an @115873 driver get lost going to the airport??? A friend missed her flight this morning because of this.,Uber_Support
1624638,2017-10-17 12:09:09,497584,@VirginTrains Not that long ago...I make the journey often. Usually transpennine express but even your services finish early now,VirginTrains
1622228,2017-10-17 12:11:26,441237,@AmazonHelp It says amazon carrier,AmazonHelp
1622793,2017-10-17 12:13:09,497161,@SpotifyCares and i answered ... but it's bit frustrating ... :-),SpotifyCares
1648962,2017-10-17 12:15:26,261651,@AmericanAir @503714 That’s an @AmericanAir lie.  They board and close the door because as long as they push back from the gate it counts as ontime departure.,AmericanAir
1645882,2017-10-17 12:15:50,502916,Why is my battery life going backwards when its on the charger? @115858 tf is that about?!,AppleSupport
722921,2017-10-17 12:16:53,183299,@AmazonHelp Thank you @123765 for bringing @AmazonHelp and me so close together.Job done to great satisfaction.,AmazonHelp
1626110,2017-10-17 12:26:22,301255,@AmazonHelp Same canned responses? How about a DM?,AmazonHelp
1631029,2017-10-17 12:31:43,455215,Come on @115821 - is ALL of this packaging really necessary?? What about the trees! https://t.co/JYAEpOMx53,AmazonHelp
1628058,2017-10-17 12:36:38,481108,@Uber_Support #UberIndia can you pls check. Have sent it again.,Uber_Support
1631408,2017-10-17 12:38:45,499282,@AppleSupport Then the call just fails.,AppleSupport
1633162,2017-10-17 12:39:46,499703,@120533 où est mon colis !? c'est écrit Livré mais je n'ai rien..,AmazonHelp
1648938,2017-10-17 12:41:09,503710,@116380 @SpotifyCares not sure why I keep on getting this notification when I'm already a premium member? https://t.co/dU9UKx6Z7F,SpotifyCares
1542597,2017-10-17 12:42:23,354627,"@AmericanAir She's re-booked-involved overnight hotel costs, child care for her son-now new flight this AM is delayed. Terrible #CustomerExperience",AmericanAir
1631035,2017-10-17 12:47:32,499182,@AmazonHelp I have spoken to customer service.This isn’t the first time Amazon Logistics have lied about a delivery.I don’t deal with ppl I can’t trust,AmazonHelp
1651981,2017-10-17 12:51:05,504438,"@AppleSupport iPhone 5S. IOS 11.0.3. When a contact is added thru CONTACTS or PHONE icon, it doesn't add. On editing calendar items,goes off",AppleSupport
1828289,2017-10-17 12:52:25,548684,@TMobileHelp @115913  I got charged a non return fee for something I clearly show you received before the cut off date. Wtf,TMobileHelp
1635880,2017-10-17 12:53:09,500384,@AmazonHelp Good morning! Just curious on the status of the title: Star Wars Forces of Destiny: Tales of Hope &amp; Courage.,AmazonHelp
1264811,2017-10-17 12:56:16,416172,@AmazonHelp Still waiting for my phone!!! Will it be delivered today @115850,AmazonHelp
1645602,2017-10-17 13:00:56,502848,What’s up with the Amazon delay in shipping??? Is it just all my packages delayed with no date? #AmazonShippingDelay,AmazonHelp
1130479,2017-10-17 13:05:23,386418,@AppleSupport It's when I get a notification. I have the privacy thing turned on to where I have to tap my watch to read the notification.,AppleSupport
238088,2017-10-17 13:08:09,172659,@AmazonHelp This is frustrating. How many times to start over and okay,AmazonHelp
1718763,2017-10-17 13:08:56,520368,"Hey @Uber_Support, what can I do to convince your app there is no entrance to my apartment complex on the back side??",Uber_Support
1638621,2017-10-17 13:12:53,501075,"@116090 Like maybe if I order my stuff from a robot, I should expect an angry guy to shove it through my door?",AmazonHelp
1636855,2017-10-17 13:14:14,261651,@AmericanAir @500641 Wow...why is it always the same story for all around @AmericanAir?sure looks like a culture of indifference to the rest of us.  #makeitright,AmericanAir
1639418,2017-10-17 13:16:31,246127,"Hey @Delta, booked flight yesterday. Still not upgraded 2 Comfort+ &amp; won't allow me 2 check box for 1st upgrade. It's not an E-class. Help?",Delta
1639862,2017-10-17 13:18:34,336845,@VirginTrains hello can I upgrade to first class if When I’m on a train,VirginTrains
965113,2017-10-17 13:19:09,326613,@AmazonHelp Y then someone has some time back repliedbtonme starting that u will b get back 2 me in 12 hrs? I think it is ur own college from amazon,AmazonHelp
1655498,2017-10-17 13:19:24,505216,@AppleSupport I’m having voice memo compatibility issues with ISO11.0.3 and ISO10 #pleasehelp,AppleSupport
1650353,2017-10-17 13:21:27,201351,@comcastcares I really wish you could but i've been told I need to road trip around to find the which 40 min away service center has the equipment.,comcastcares
1652661,2017-10-17 13:22:37,504572,"@SpotifyCares I was able to stream the new Beck album on release day, but now it simply refuses to play. Any reason why?",SpotifyCares
1642091,2017-10-17 13:24:34,501960,@115850 Your customer service and courier service have ruined my diwali. Never going to do this mistake ( shop by amazon ) again . https://t.co/z860NjXx2R,AmazonHelp
1828538,2017-10-17 13:26:02,318477,6am flight to #philly...#southwest #citylights #fly #tourlife #defamationfalltour2017 @southwestair https://t.co/p3EfINm09F,SouthwestAir
1608708,2017-10-17 13:29:17,493975,"@AmazonHelp Hi, I had an email saying the order is out for delivery yet the website tracker does not say this?",AmazonHelp
1283761,2017-10-17 13:29:37,408579,@Uber_Support hey I’m having difficulties signing up could I get some assistance I’ve uploaded all my documents but am unable to continue,Uber_Support
1651804,2017-10-17 13:33:23,470979,Can someone pls help me wHY the hell does my phone keep doing this 😠😡 @115858 https://t.co/Nmm73hLArQ,AppleSupport
1598781,2017-10-17 13:37:09,354762,"@AmazonHelp Well you've lost my custom, that ""fluctuation"" hasn't happened at ANY OTHER STORE.",AmazonHelp
1645579,2017-10-17 13:42:10,502842,"あのね、あのね、amazonでね注文確定したのね？
その後またカートにもどったのね、大丈夫だよね？ね？大丈夫だよね？
心配症なの。勉強集中できない。笑",AmazonHelp
1647054,2017-10-17 13:47:07,202226,@TMobileHelp you need some serious data upgrades in Montgomery TX. No data at @66801 despite “LTE”,TMobileHelp
1648027,2017-10-17 13:47:28,503488,"@115850 where is my order 
ID 403-1779981-0965156. very bad delivery service.",AmazonHelp
1633569,2017-10-17 13:48:34,499790,@499789 @AppleSupport This happened to me too while room was in separate room for 12 hours. Called my contacts for 6 hours straight. Unbelievable.,AppleSupport
1276003,2017-10-17 13:48:56,418690,@SpotifyCares all of Frank Ocean's discography and also Kendrick's.,SpotifyCares
1329395,2017-10-17 13:51:25,430184,@Uber_Support It's totally frustrating when they respond whether understanding the concern.,Uber_Support
782443,2017-10-17 13:55:32,306773,"@AmazonHelp Sharing u my order# 402-6900635-3148335 dated 4th October, in case u guys are willing to help. @115850 @306775 @123288",AmazonHelp
1659259,2017-10-17 13:57:36,506240,@AppleSupport  https://t.co/eUzyhgI9w6,AppleSupport
1648164,2017-10-17 14:00:26,503521,Cuando @116875 no envía mi #WWE2K18 el dia de lanzamiento pero ya me lo cobró. https://t.co/2Rim4sMRmA,AmazonHelp
1649506,2017-10-17 14:01:42,503852,@AmericanAir swimming through a sea of @SouthwestAir sharks https://t.co/OZmL4Lt6t6,AmericanAir
1603880,2017-10-17 14:05:28,162540,@AmazonHelp This is a contact us page link.,AmazonHelp
1829064,2017-10-17 14:10:46,548900,@AppleSupport my phone shouldn’t die in a little over an hour after upgrading to ios 11...,AppleSupport
815092,2017-10-17 14:11:49,504722,@VirginTrains loving your colleagues on the 1140 GLC-EUS train - smiley and attentive.  First class 😉,VirginTrains
1651753,2017-10-17 14:11:59,504393,"Allora @120540 ho Prime da un anno, ordino sempre e sono gentile con il corriere, me lo potreste regalare un codice sconto però eh 🧐",AmazonHelp
1659245,2017-10-17 14:18:15,506237,@AppleSupport this new IOS update has made my phone so slow and the battery die so fast. Any tips? Also the new Apple Podcast changes stink,AppleSupport
1387402,2017-10-17 14:19:25,442815,@AmazonHelp Noted. Pls get id : Order Id: 408-8320066-0437160,AmazonHelp
1646130,2017-10-17 14:22:30,502978,@Uber_Support Plz take immediate action! https://t.co/zKaixLdPoY,Uber_Support
1655073,2017-10-17 14:27:52,505114,"@AmazonHelp hey, I was wondering if you could help me track my order, I’ve been waiting all day and it still hasn’t arrived...",AmazonHelp
1656079,2017-10-17 14:29:11,505352,Finally! The @AmericanAir flight from @126119 that will requalify me for EXP! https://t.co/nZGp0k3aQa,AmericanAir
1655978,2017-10-17 14:29:29,498547,@SpotifyCares I've been getting this message for quite a few artists now. The music appears to be available but won't play. Friends say it works for them. https://t.co/7HLp6M9iui,SpotifyCares
1662176,2017-10-17 14:29:35,206716,"@AppleSupport I can see faces and places in Photos on iPhone but when I connect to my Mac, Photos there only lets me import from iPhone in bulk. why can't I see those same faces/places on Mac so I can import just the ones I want?",AppleSupport
1656398,2017-10-17 14:29:58,400482,"@SouthwestAir I just booked earlybird check in for my round trip flights 10/26 and 10/31.. do I still have to check in online? If so, when?",SouthwestAir
1627672,2017-10-17 14:35:05,422528,@AmazonHelp I did that few mins back.,AmazonHelp
1081785,2017-10-17 14:37:56,375178,@AmazonHelp Muito obrigada pelo atendimento! Resolvi meu problema e estou muito feliz com vocês &lt;3,AmazonHelp
1659225,2017-10-17 14:38:08,506232,So my phone blew up on the charger...what happens now @115858,AppleSupport
1659623,2017-10-17 14:40:56,393976,"@Delta now that you opted to provide free texting, the wifi is not useable for other things. Took 4 mins to load twitter. Awful! #canceling",Delta
1665970,2017-10-17 14:42:05,507560,Hey @115850 previously I had called regarding not available PS4 in my PIN code are. But finally i make it possible. Do you know how?,AmazonHelp
1662199,2017-10-17 14:45:55,390678,Anywhere from 3-8 attempts to enter a Messages password that BEFORE MacOS High Sierra worked EVERY TIME...this is silly @AppleSupport,AppleSupport
1651592,2017-10-17 14:46:32,504357,@AmazonHelp How much? How do I pay? I haven't shop online for once. I need the price in Nigeria's currency.,AmazonHelp
1660371,2017-10-17 14:47:16,506496,@VirginTrains 13.55 Piccadilly to Euston. I don't envy the person who has to figure out solution to this 🤔,VirginTrains
1660495,2017-10-17 14:48:49,506538,"@115911 Terrible!!! Tmobile stole the money I was supposed to receive back as a phone credit, PREDATORY PHONE THIEVES!",TMobileHelp
1829696,2017-10-17 14:51:44,549056,"@SpotifyCares i am on a family plan and it stopped because it couldnt verify my address, i have changed my address on profile johngfrazer",SpotifyCares
1626204,2017-10-17 14:54:33,497967,@AppleSupport My Ios version is 11.0.2,AppleSupport
772377,2017-10-17 14:55:34,304504,@Uber_Support Worst company ever. If anyone needs service go to lyft. Later uber.,Uber_Support
1655038,2017-10-17 14:56:56,453966,@AmazonHelp @135806 Por cierto muy hábil el mensajero de @135806 dando el paquete del revés para que no se viera el problema.,AmazonHelp
1661900,2017-10-17 15:02:20,506843,"Dear @115821 why I have been charged $8.99 two consecutive times for ""Digital services"" when I haven't bought anything?",AmazonHelp
1280460,2017-10-17 15:02:41,419599,@AppleSupport Any app. Including mail and messages.,AppleSupport
1716049,2017-10-17 15:06:41,519683,"@519682 @comcastcares @116136 Yup, no internet for me in Central Square either. There’s an outage in Cambridge.",comcastcares
1636132,2017-10-17 15:11:02,500443,"@AppleSupport @500442 2/2 For facebook messenger, I receive new messages but replies are not sent if we reply to the notification!",AppleSupport
1284497,2017-10-17 15:11:12,420469,@115850 Amazon very poor service delivery very poor 3day order  not dispatch,AmazonHelp
1681623,2017-10-17 15:12:06,511255,@115888 kicked out of my account. I moved to the EU and tried to change payment method but can't log in due to 'wrong postal code'. HELP,SpotifyCares
1829487,2017-10-17 15:14:13,549001,@AmericanAir my flight was downgraded and so was my seat and no compensation? Last time I received a flight credit.. this time... a bad attitude from the gate attendant!,AmericanAir
1666017,2017-10-17 15:15:58,507568,@116090 Less than 12 hours from order to doorstep. Incredible. #AmazonPrime,AmazonHelp
1829533,2017-10-17 15:17:28,354764,@AppleSupport after updated iOS 11 look assistive touch not working https://t.co/QWv15RQc9f,AppleSupport
1681256,2017-10-17 15:18:20,511161,@Delta has always been my business travel airline of choice and this further cements them being best in the biz.  @511162 #Hadouken https://t.co/r0ilZ1felk,Delta
1642476,2017-10-17 15:21:29,502045,"@Uber_Support Your just looking at a notice to select a location, then I get the fee re book another car and he also get given the ALLEY way...",Uber_Support
1648103,2017-10-17 15:24:06,503488,@AmazonHelp at list have the courtesy to reply ant letting the status know so that i don't wait in office like a fool. #badService,AmazonHelp
1662239,2017-10-17 15:27:16,506908,"@AppleSupport My all apps are up to date.
The battery is draining very fast. 
After I updated my phone I am facing these issues",AppleSupport
1667897,2017-10-17 15:27:21,507969,"@506495 @VirginTrains Did Harry Potter downgrade from the Hogwarts Express to work for Virgin Trains, because wonderful! ^HP",VirginTrains
901121,2017-10-17 15:29:28,333910,@115821 @AmazonHelp My @115821 account was hacked into at the end of September. 1 day before my wife was expected to give birth. 2/X,AmazonHelp
1646872,2017-10-17 15:30:19,503189,@SouthwestAir Thank you!,SouthwestAir
1676621,2017-10-17 15:34:08,204455,@AmazonHelp 1/2 but I got mixed response. Delivery guy saying he is not able to scan the bar code on the product. I totally fade up,AmazonHelp
1670011,2017-10-17 15:36:28,508423,"@AppleSupport No it’s random, I’ll swipe they will be gone, I swipe back they return. I’m on iOS11.0.3 but have had the issue since 11.",AppleSupport
1674134,2017-10-17 15:38:19,509397,"@115913 Life long Tmobile customer, but not happy with your CSrs and how they are handling my complaint",TMobileHelp
1655975,2017-10-17 15:38:45,505334,@SpotifyCares @498547 Happens to me with some Red Hot Chili Peppers songs :/,SpotifyCares
432331,2017-10-17 15:39:08,217823,@AmazonHelp Got this just now. Not even a week since this last happened. Come on man what do I have to do... https://t.co/zH1kZZerr1,AmazonHelp
1669794,2017-10-17 15:43:54,508377,@AmazonHelp There's no number on the card and the call me function on the site is not working for me on either of my devices.,AmazonHelp
1694515,2017-10-17 15:46:28,405210,"Hey @115850, you should start GPS tagging your delivery guys and share that info with your customers. Tht guy is 30mins away since 6.30!",AmazonHelp
1673179,2017-10-17 15:48:42,509163,"@AppleSupport É só queria entender pra que serve a função Wifi e Bluetooth na Central de Controle, se ela nao desativa as funções??! https://t.co/iffSdRgP6k",AppleSupport
1711210,2017-10-17 15:49:49,518370,"@Uber_Support hi, my apple watch app is not working. Keeps showing this even when the iPhone app is running side by side. Any advice? https://t.co/XQyVbSuBV1",Uber_Support
1677603,2017-10-17 15:50:55,306902,@AmericanAir just said TOO BAD ASSHOLE WE ALREADY HABE YOUR MONEY,AmericanAir
1665986,2017-10-17 15:52:28,507564,@AmazonHelp Also packages left in atrium and twice on the street. I am one of many in our building impacted.,AmazonHelp
1666289,2017-10-17 15:55:48,507627,@AppleSupport The song says downloaded,AppleSupport
1666111,2017-10-17 15:57:38,507586,@AmazonHelp ...selection/location but no human check when wrong for the 2nd and 3rd time! No refund or compensation received! And no gift!,AmazonHelp
432335,2017-10-17 16:01:41,217823,"@AmazonHelp I’ve filled this and called so many times. How many more times? Had problems with delivery’s for years. No matter what info I provide, same.",AmazonHelp
1676426,2017-10-17 16:04:27,509971,votre date de livraison garantie c'est au bon vouloir du livreur ou de votre logistique ? @120533,AmazonHelp
854097,2017-10-17 16:04:58,511163,@Delta What about the bags?,Delta
1695864,2017-10-17 16:07:42,505489,@115888 you guys verified me but you have another persons music mixed with mine 😩🤔🤔🤔 https://t.co/dWGLyCPiG0,SpotifyCares
1680911,2017-10-17 16:08:30,511099,@AppleSupport is this real or fake? Whenever I click verify the page says it cannot connect to internet and doesn’t load. https://t.co/6h2kodmryx,AppleSupport
1822142,2017-10-17 16:08:44,547014,@Uber_Support I see. That's pretty disappointing that mcdonalds won't deliver 1.9 miles away.,Uber_Support
1701291,2017-10-17 16:09:09,515841,"@115850 Order #
408-0765654-2133140 ordered on 1oct17 still undelivered....",AmazonHelp
1829980,2017-10-17 16:10:36,549153,Yo @SouthwestAir your scales at DIA need to be checked. Scrambling to lose 3lbs in my suitcase when the scale next to it said 49lbs? #shady,SouthwestAir
1694342,2017-10-17 16:15:52,514124,@115850 @115850  you guys are fake only...very disappointing service and support...no benefit with prime membership also...,AmazonHelp
1685144,2017-10-17 16:18:20,512042,Battery replacement for an @115858 iPhone 7+ how much would the cost?,AppleSupport
396917,2017-10-17 16:20:49,210014,@AmazonHelp I didn't even receive the box. How will I complain about package being missing inside the box??,AmazonHelp
1718758,2017-10-17 16:23:18,326878,".@Uber_Support My Uber account has been hacked! I changed my password and reset, and it's been hacked again, now I can't even change. Advise",Uber_Support
1686594,2017-10-17 16:23:42,192417,Heading2Chitown 4 @176804 @117118 @128832 #NLCSGame3 thx 2 @AmericanAir @20481 @115911 #LuckOfTheRays @25410 #CubsHero #RaysUp https://t.co/5mtfeQyLMI,AmericanAir
1566962,2017-10-17 16:24:41,483625,@AmazonHelp That they wouldn’t give me a refund because my email address and account address don’t match however they do. https://t.co/B6yrd7IJjb,AmazonHelp
1830113,2017-10-17 16:25:54,549196,@115858 @AppleSupport the new iOS updates have really slowed my 6plus down. Was this update for the 7’s only? Is that why my phone is slower?,AppleSupport
1682316,2017-10-17 16:25:58,510418,@VirginTrains They didn't understand how long people been trying to get out for or how chaotic it was. Now opened barrier,VirginTrains
1830307,2017-10-17 16:27:29,549242,Why does @115911 claim to always take care of the customers but yet I find them always screwing my me every time @115913,TMobileHelp
1678266,2017-10-17 16:28:30,510450,"@AmazonHelp Lorsque j'achète un objet sur Amazon jespere le recevoir en état. Et voilà dans quel ""état"" il est arrivé... https://t.co/fnBsi8GawB",AmazonHelp
1553586,2017-10-17 16:31:36,521991,@396062 @comcastcares @115900 163? How do you get that price?,comcastcares
1622199,2017-10-17 16:32:28,497029,"@AmazonHelp @497028 Nate, we all handle this stuff directly with Amazon, Jet, etc. Why air this here?",AmazonHelp
1715232,2017-10-17 16:33:42,519470,"@115888 having a difficult time canceling my subscription,  cannot remember the email address used and there are no other options??? Help",SpotifyCares
1677250,2017-10-17 16:34:25,301595,@Delta Ok.    Are.    There.    Still.   Storms,Delta
1830243,2017-10-17 16:35:26,549226,"@115858 please fix iOS 11. My phone keeps freezing, my battery life is fucked, and the worst part is I can’t even make phone calls.",AppleSupport
1614798,2017-10-17 16:40:05,495316,@AmazonHelp Alors vous acceptez un paiement amazon prime sur un compte inconnu avec une carte pour laquelle j’ai fait opposition,AmazonHelp
1689573,2017-10-17 16:43:12,512983,"@115821, please put a leash on your third party sellers; had another order go sideways again.",AmazonHelp
1689747,2017-10-17 16:47:24,511869,@AmazonHelp See Its urgent and I've to leave on 21th anyhow and I aint coming Bangalore back. If you could arrange it would be a great help,AmazonHelp
1685575,2017-10-17 16:47:46,512118,@Uber_Support You can check that those cancellation are not booked one. There is no driver or cab detail associated with them,Uber_Support
1676891,2017-10-17 16:48:57,510068,@AppleSupport iPhone 6 and iOS 11.0.2,AppleSupport
1199964,2017-10-17 16:52:41,257825,@SouthwestAir Thank you!,SouthwestAir
1689293,2017-10-17 16:52:56,512908,Yo @AmazonHelp. Where do I get my Towelie bonus content for South Park FBW?,AmazonHelp
1701662,2017-10-17 16:57:37,515940,@AppleSupport It's 10am and I've already had to restart my phone 6 times due to it freezing everytime i try to use it,AppleSupport
1287240,2017-10-17 16:57:52,421092,"Hi @AmazonHelp, I was wondering if I should be worried about my current pre-order. The title is due for release on Friday. https://t.co/ypGg5xxtlz",AmazonHelp
1695945,2017-10-17 17:01:14,514515,@AmericanAir  why can't I reserve my seat on a codeshare flight with BA?  I paid fro my flight...  Thanks!,AmericanAir
1725343,2017-10-17 17:02:32,154057,@SpotifyCares hi it's me again. Y'all charged me 120$ but it's saying my payment didn't work and suspended my premium,SpotifyCares
1696513,2017-10-17 17:04:47,487904,rubbish first class service on the 1731 EDB - KGX tonight @VirginTrains. Short staffed so nobody to operate the microwave!!,VirginTrains
1702983,2017-10-17 17:05:15,292660,@117735 @TMobileHelp My internet is provided through AT&amp;T U-verse,TMobileHelp
1701362,2017-10-17 17:05:17,515856,So impressed with @115830 online #chat service today! Songam was able to update me on my #delivery! #amazonprime #CustomerService,AmazonHelp
1728098,2017-10-17 17:07:03,165102,@Uber_Support horrendous experience after 10 .ins wait you give driver another booking and cancel my booking plus charge me 154 rupees,Uber_Support
1694919,2017-10-17 17:10:30,514248,@AppleSupport 6s. Apps are freezing Facebook mostly. iMessage is acting funny sometimes won’t let me add pics to a message. Scrolling is slow,AppleSupport
1706331,2017-10-17 17:12:34,517135,"@115850, @AmazonHelp  Where is my order  #403-7469811-1791523 ? Escltd 4 times to ur cstmr care. Prime Dlivry shld hv hppnd by 2day 8 pm .",AmazonHelp
1694662,2017-10-17 17:17:15,441107,@AmazonHelp The carrier or shipper is @118706,AmazonHelp
1710619,2017-10-17 17:21:54,518219,"@115850 please consider the most popular #UPI as one of the payment options, u initiate this, people will follow.",AmazonHelp
1830842,2017-10-17 17:24:08,448461,@AppleSupport hi. How do I turn repeat song off on iOS 11?,AppleSupport
1329397,2017-10-17 17:24:15,430184,@Uber_Support No use. Your members are typing in the same response one after the other. I think they don't understand the concern or are they robots!,Uber_Support
1706598,2017-10-17 17:24:56,517203,"Wow, @AmazonHelp your customer service chat employees really need to step up their game. Terrible experience!",AmazonHelp
1831117,2017-10-17 17:26:43,543052,@116450 @Delta just delayed my flight to JFK and I will miss my @116450 flight from JFK to Frankfurt. Can someone help?,Delta
1725335,2017-10-17 17:27:03,521826,@SpotifyCares I have indeed but I get nothing or an instrumental featuring an xylophone. Also what do you mean by song links?,SpotifyCares
1707401,2017-10-17 17:27:27,517424,@AmericanAir wait 10 mins before boarding to notify a long delay when other flight websites have shown this delay for over 2 hrs. Unacceptable. Going to miss transatlantic connection.,AmericanAir
1706270,2017-10-17 17:32:18,517123,"Fui na livraria no shopping perto de casa,o livro q procurei ñ tinha.Só encomenda.No @117086  METADE do preço e chega até sexta. Fim. 😉",AmazonHelp
1271036,2017-10-17 17:35:02,417587,@VirginTrains Odd update then. A few people i talk to utilise this...,VirginTrains
1530341,2017-10-17 17:35:25,474936,@AmazonHelp Will be taking this story to channel 12 news,AmazonHelp
1328773,2017-10-17 17:39:49,298259,@AmazonHelp Royal Mail,AmazonHelp
1830826,2017-10-17 17:40:28,126877,@115858 did literally anyone try ios 11 before release? My phone has never worked so poorly. iPhone 6s crashing freezing stalling constantly.,AppleSupport
1736176,2017-10-17 17:42:45,524180,@115873 @Uber_Support i forgot my phone in uber that i took from 9834591329. Can you help me contact the driver?,Uber_Support
1831018,2017-10-17 17:42:56,549425,@SouthwestAir How long will flights be delayed to San Francisco?,SouthwestAir
1710615,2017-10-17 17:45:15,518218,"Amazon Logistics ""Handed to resident"" ... I didn't know I was a brick wall/Window #Amazon https://t.co/H0zaPgmBLC",AmazonHelp
1707353,2017-10-17 17:46:48,414213,@AmericanAir Thank you!,AmericanAir
1701167,2017-10-17 17:48:18,515818,"@AmazonHelp Sadly it seems to be Amazon deliveries, either they are due next day and don't arrive, or despite being Prime there's no next day available.",AmazonHelp
1711016,2017-10-17 17:48:30,518323,@AppleSupport Please help me on it? Is possible to do a downgrade? This is very bad,AppleSupport
1699962,2017-10-17 17:51:06,515525,@AmazonHelp Vale muchas gracias,AmazonHelp
1712258,2017-10-17 17:52:00,518636,@comcastcares I wanted to pick up the box because a few years ago I dealt with ups trying to deliver it to an apt without an office and it not leaving it.,comcastcares
1132349,2017-10-17 17:53:21,386831,@117168 please add more joan jett,SpotifyCares
1429533,2017-10-17 17:54:58,149695,@AmazonHelp i contacted them and they said they gave it to the wrong carrier,AmazonHelp
1710962,2017-10-17 17:58:44,518305,"@AppleSupport just did, but in short here's a list of what's wrong with #ios11:

1. everything
2. see #1",AppleSupport
1831064,2017-10-17 17:59:36,549438,Don’t buy the new #AppleWatchSeries3 from @115911. Doesn’t work and they’ll lose your return package.,TMobileHelp
1714424,2017-10-17 18:00:24,519146,"@120533 y reste deux minutes et toujours en transit, suspens ! https://t.co/ifhWbKa6Il",AmazonHelp
1718295,2017-10-17 18:05:46,520272,Instead of having me sign for my parcel the delivery guy just took a pic of me with it as proof 😂 @115821 is this normal?,AmazonHelp
1715772,2017-10-17 18:10:15,444636,"@VirginTrains both trains today had no seat res system. Tonight at Nuneaton we were told it was Crewe and at Crewe, Nuneaton. New IT needed?",VirginTrains
1711005,2017-10-17 18:11:09,518321,@AppleSupport I am. I was also able to download the google app. I don’t want the app though,AppleSupport
1717969,2017-10-17 18:11:15,520188,"@115850 Inconsistent UI, and CVV field missing in the credit card payment section. https://t.co/N1g0D1TJII",AmazonHelp
1718850,2017-10-17 18:14:04,520386,"Almost 3 hrs waiting for mechanical issues, not even water are offering so far. @Delta. We still no boarding so 2:30 will not be. https://t.co/WTjKQ4hB2x",Delta
1718103,2017-10-17 18:15:21,520221,@AmazonHelp my amazon prime video has stopped letting my stream HD on my iPhone 7 and I don’t know why. Can you help,AmazonHelp
1520720,2017-10-17 18:17:51,472717,@SpotifyCares And I'm not sending URI because that's on your playlist that y'all created..,SpotifyCares
1717984,2017-10-17 18:19:05,506083,"Package shipped on 13 with guaranteed delivery on 14th, order has been changed to “received” but I’ve been home all day and still no package https://t.co/qhY6abMFVO",AmazonHelp
1659606,2017-10-17 18:19:12,506315,@Uber_Support I have and still nothing... :(,Uber_Support
1718461,2017-10-17 18:19:24,520322,@AppleSupport OK i will explain in english. My icloud account has been hacked ! And the hacker have lock my MacBook.. can u help me ?,AppleSupport
1721608,2017-10-17 18:22:07,520984,@119959 @115828 I preordered this game 14 months ago just to be sent it for the wrong console. FML... https://t.co/EMBHygMbOL,AmazonHelp
1021141,2017-10-17 18:24:37,361646,"@AppleSupport AppleCare doesn't cover my mac anymore. After some extensive testing, it turns out that images without a title are silently ignored. Setting the export file name to ""Use file name"" solves it. Maybe something for the Photos app development team?",AppleSupport
1572902,2017-10-17 18:26:34,484855,@AmazonHelp have received the product .thanks,AmazonHelp
1718419,2017-10-17 18:31:00,365480,@AppleSupport Thanks - sent a DM,AppleSupport
1721488,2017-10-17 18:31:11,520962,@AmazonHelp Bought directly from Amazon as a Prime phone.,AmazonHelp
1724752,2017-10-17 18:34:37,521661,"@115821  A+ overall, as always, but why do my (AT&amp;T) iPhone ""Delivered"" push notifications show up 1-2 hours after the package does?",AmazonHelp
1493230,2017-10-17 18:35:34,466754,@AmericanAir Thanks - found it I was on the UK store - doh!,AmericanAir
1839357,2017-10-17 18:37:12,551247,I don't think @115888 knows the difference between @12899 and @131175 https://t.co/1djT6xreQY,SpotifyCares
1283647,2017-10-17 18:37:32,420275,@comcastcares It is supposed to be on ESPN tonight at 1am but it's not showing up. First I had issues with Comcasts updog and now this!,comcastcares
815033,2017-10-17 18:39:27,314101,@VirginTrains Since this is the second screw up of the day costing hundreds of pounds can you answer my first question please. Why travel with you again?,VirginTrains
1831308,2017-10-17 18:40:25,549499,"@AppleSupport take it off all together as obviously nobody likes it, phones ruined",AppleSupport
1721522,2017-10-17 18:43:16,520967,@AmazonHelp That is great except I have been on the phone with you guys for 2 hours this morning and no one is helpful,AmazonHelp
1839051,2017-10-17 18:45:05,551175,@115913 Hey any chance well support the pixel 2s esim?  I have a customer who was curious and now I'd like to know as well,TMobileHelp
1721763,2017-10-17 18:46:37,521016,@AppleSupport I’m using ios11.3 and it’s when I am on snapchat and things like that,AppleSupport
1831310,2017-10-17 18:48:31,549500,"@Uber_Support Question, A user that we cant get a hold of may have had his uber account compromised, how can i get more info if I dont have",Uber_Support
854076,2017-10-17 18:49:13,301595,@Delta 9346320,Delta
1724748,2017-10-17 18:49:17,521660,@115821 I get this error every single time I try to open the app when on LTE (not on Wifi) even tho my connection is fine - what’s the deal? https://t.co/MzNo9nEonm,AmazonHelp
1724741,2017-10-17 18:57:21,121279,@AmazonHelp Today I'm guessing! https://t.co/iSIPU3dPrm,AmazonHelp
342810,2017-10-17 18:58:14,197615,"@118845 these headphones have treated me so well, until now  Do you have any kind of warranty for this? 😊 https://t.co/Sr2Ws4MYij",AppleSupport
399190,2017-10-17 19:01:38,210382,"@SpotifyCares I have a problem playing Justin Timberlake songs on iPhone6s, problem does not occur on desktop.  Reinstall of app does not solve the issue, can you help? :)",SpotifyCares
1727601,2017-10-17 19:02:41,522442,"I don’t know why I have an @115830 prime account, most of my packages “could not be delivered” and arrive the day after!",AmazonHelp
1724726,2017-10-17 19:06:02,521658,"@AmazonHelp Simón, gracias.",AmazonHelp
1728070,2017-10-17 19:08:49,522546,"@Uber_Support I had tweeted earlier, around 3 hrs ago and saw responses to tweets sent after mine",Uber_Support
1725049,2017-10-17 19:09:10,521745,@AppleSupport This is 3rd time I have had to reinstall either Yelp or Opentable.  Is there anything that you can do on your end?,AppleSupport
1718166,2017-10-17 19:12:57,520235,@AmazonHelp I have just done that thanks,AmazonHelp
1296583,2017-10-17 19:15:20,423049,"Appreciate the concern @917! Have no fear, @SouthwestAir is all time DD and got me safe and sound to Chicago today! #gocubsgo #flythew https://t.co/BSLwd9Iu7n",SouthwestAir
1727535,2017-10-17 19:16:25,522426,@AmazonHelp I was watching 14th ep and the timebar was missing suddenly and when I closed the tab altogether it won't play again...,AmazonHelp
1736556,2017-10-17 19:17:54,524260,My flight is to depart at 3:20. It is now 3:16 yet haven't received a delay notification yet.  Thanks @AmericanAir for the transparency.,AmericanAir
1296665,2017-10-17 19:21:17,409369,@115913 Looks like a nice house. @115911 error is preventing me from buying one. Customer service super friendly as always. Just want resolution. 😭,TMobileHelp
1295648,2017-10-17 19:21:44,422853,@SpotifyCares I just rebooted a second time.. it's functioning again 🔥🔥 thank you for your time and effort✨,SpotifyCares
1727698,2017-10-17 19:22:34,341674,@AppleSupport also shuffle fails to shuffle 20-30% of the time (continues playing song from same album instead of finding somethign else),AppleSupport
1732270,2017-10-17 19:24:39,523296,"Virgin trains charging for an empty cup! Jesus I have heard it all now @VirginTrains forgot dog bowl I’m bad, £2 for a cup but no receipt",VirginTrains
1645587,2017-10-17 19:24:56,502844,@AmazonHelp Yes et il déchire aussi.,AmazonHelp
854123,2017-10-17 19:25:12,322868,@Delta I'm thinking the 10/11 one but can't hurt to check both.  I edited on both flights,Delta
1758935,2017-10-17 19:28:57,442917,@Uber_Support can you please check my account y uber promotions codes invite is not working on my account pls,Uber_Support
1203494,2017-10-17 19:31:18,402725,"@AppleSupport Yes.  Just not that show, like the option to turn them on disappeared!  It is now back- I just checked.  Thanks.  :)",AppleSupport
1735389,2017-10-17 19:35:18,523127,@AmazonHelp Danke! Mit dem Kollegen telefoniert. Alles wird gut.,AmazonHelp
899916,2017-10-17 19:39:44,333636,@SpotifyCares Keeps saying cant play current song then does and keeps sticking when making playlists. Pretty anoying ?,SpotifyCares
1578403,2017-10-17 19:39:48,486104,"@AmazonHelp @468404 We won't hear shit. Amazon keeps fucking up preorders, gives half hearted apologies, gamers don't get their games.
Sick of this shit.",AmazonHelp
1735574,2017-10-17 19:43:49,524030,@AmazonHelp Can I dm you my track number?,AmazonHelp
1739519,2017-10-17 19:46:53,131501,@AmericanAir Thanks for this lovely view of Chicago! ✈️ https://t.co/8onQeS5S2V,AmericanAir
399245,2017-10-17 19:47:36,210389,@comcastcares all services have gone out three times since noon today and have been for the past week and a half. What is going on?,comcastcares
1839479,2017-10-17 19:48:01,551280,"@115858 you guys are a joke , you know you have an IOS problem yet you continue to have reps lie that there is not. Your a joke!!!😡",AppleSupport
1297363,2017-10-17 19:50:50,423183,"@AmazonHelp Do you really understand??
After i cancelled the order i got this? still you need expanation from my side? https://t.co/a5kMOd2Us7",AmazonHelp
1839474,2017-10-17 19:55:19,551278,@506045 @Delta Be careful Larry- they'll drag you off the plane!,Delta
1739907,2017-10-17 19:57:17,157374,@525039 @TMobileHelp @115913 Any tmo Corp store and show your tmo Tuesday app!,TMobileHelp
1738881,2017-10-17 19:57:52,524838,ya making me wait longer yet I have to pay the driver for his time ??!!🤔🤔 @115873,Uber_Support
1839547,2017-10-17 20:00:19,551302,iOS battery issues are insanely bad - app refresh off and still need to charge phone 3x a day.  Fix it @115858,AppleSupport
1738500,2017-10-17 20:00:45,524736,@AmazonHelp I already have and had no reply and needed to know tonight before I decided on what tickets to buy tomorrow,AmazonHelp
1738516,2017-10-17 20:06:22,524739,@AmazonHelp Says 17-18,AmazonHelp
1758668,2017-10-17 20:12:59,313517,@AmazonHelp Yes. 20 times already,AmazonHelp
1736549,2017-10-17 20:13:01,524258,@AmericanAir How?,AmericanAir
1746683,2017-10-17 20:13:48,526582,@SouthwestAir My bag has been lost for 21 hours and no one knows anything. I called the number and the lady just shrugged. Please help!,SouthwestAir
1840175,2017-10-17 20:16:31,234101,The problem with @115888 being so good at predicting my music is that I end up listening to the same stuff over and over. I want variety!,SpotifyCares
1748869,2017-10-17 20:16:57,527141,@AppleSupport your new update is awful. I have 6 app updates that won’t update been like that for 3 days now,AppleSupport
1689258,2017-10-17 20:23:15,330809,@AmazonHelp a correlação que dá pra fazer entre minorias e mutantes + personagens envolventes + superpoderes + universo Marvel,AmazonHelp
1754150,2017-10-17 20:28:56,518654,"@115913 @115911 Back &amp; forth with an advocate for a while now and we are getting no where with this. They keep doing #research
How did I become the bad guy",TMobileHelp
1740752,2017-10-17 20:29:13,347254,@Delta thank you!! ❤️💙,Delta
1807499,2017-10-17 20:29:36,200276,@543012 @AppleSupport Did you get to the bottom of this? I’m having this issue too 😔,AppleSupport
1748639,2017-10-17 20:29:54,527078,"@115821 @AmazonHelp You still keep canceling my orders, can you please help",AmazonHelp
1766463,2017-10-17 20:36:23,531208,"@Uber_Support I use uber 10-15 times aprx in  week, in diferent countries, to do this to me, I am very sad, I am sadder with what they did to my employees",Uber_Support
1748897,2017-10-17 20:37:23,474040,"@AppleSupport Hi, iOS 11, TvOS 11 (all latest versions) on all devices, except I do have an old iPhone 4S, iPad 4, Apple TV 2&amp;3 on the same account",AppleSupport
1745352,2017-10-17 20:39:03,526275,@AmazonHelp Si Solo me pidieron el numero pero la contestación fue que el número aun no ha sido verificado con el banco,AmazonHelp
1118196,2017-10-17 20:41:49,383844,@115888 hey the John Mayer Spotify page isn't working. Please fix #premiummember,SpotifyCares
1753606,2017-10-17 20:44:50,528200,@AmericanAir I dont want to be updated I want to leave. Thx. The flight that flew in had no issues getting here. Now there's an issue,AmericanAir
1748564,2017-10-17 20:46:29,154995,"@AmazonHelp I did try that but I can't email you through my account because it's been deleted... so it won't log me in, nor can I register 'again' - I need a direct contact really, please?",AmazonHelp
1756440,2017-10-17 20:51:01,528888,"#Game4 @70153 (at @Delta SKY360° Suite in Bronx, NY) https://t.co/dm0xrFonQi",Delta
1757020,2017-10-17 20:52:07,529022,"@VirginTrains i have sent an email, can this be used as a claim for compensation?",VirginTrains
907507,2017-10-17 20:54:00,335503,What’s going on with my iPhone 7 battery since the iOS 11.0.3 update @AppleSupport 100% charged at 6am. 6% by 11am with normal work usage 😤,AppleSupport
1759588,2017-10-17 21:01:03,165232,"Newark is the largest city in NJ, why do I have shitty service with both LTE and 4G @115911 ? Fuckin ripoff.",TMobileHelp
1755940,2017-10-17 21:03:31,528756,"@AmazonHelp I’ve just noticed that across the board, any boxes affiliated with amazon are just being left on the floor in the mailroom.",AmazonHelp
1752044,2017-10-17 21:06:36,527846,"@AppleSupport can you explain to me why I must enter my social security number to verify my account. I own a iPad, not a Rolex. https://t.co/hDadTAfScb",AppleSupport
1759282,2017-10-17 21:07:11,382013,@SpotifyCares got it thanks! 🙏🏽,SpotifyCares
1735447,2017-10-17 21:08:14,524014,"@AmazonHelp @132981 @209576 @118919 @4449 @524017 @54519 @54520 Don't loop out anyone 🙏
It was a linghtening deal. If I order again, I will have to pay more.
Why don't u stop RTS and just deliver the pkg?",AmazonHelp
1759545,2017-10-17 21:08:55,529606,@115900 I mean honestly what the hell does it take to get some quality customer service 🙄🙄🙄,comcastcares
1753015,2017-10-17 21:09:05,528065,@AmericanAir @2189 Thank you for once again screwing up my flight #MCO https://t.co/nbfiJeTAp8,AmericanAir
1757087,2017-10-17 21:11:13,243869,@SouthwestAir It's hard not to! Aaron in customer service was a huge help today when the website didn't work.,SouthwestAir
1758919,2017-10-17 21:11:21,529458,@115873 app isn't working 😒,Uber_Support
1748578,2017-10-17 21:14:04,527064,"@AmazonHelp I chatted before, they were beyond not helpful.",AmazonHelp
1659267,2017-10-17 21:17:33,506241,@AppleSupport Correct.,AppleSupport
1752679,2017-10-17 21:21:05,527985,@Delta How early do I need to be at the airport for a Boston to Dublin flight? Hard to tell from the site if it's 3 hours or 4. Thanks!,Delta
979491,2017-10-17 21:23:05,352292,@115850 Thank you @115850 my product has finally arrived!!,AmazonHelp
1769133,2017-10-17 21:25:51,531890,@115858 @AppleSupport 1. Please don’t delete my tweet this time. 2. Why am I getting multiple pages in one folder for no reason. https://t.co/TTFt9RACXY,AppleSupport
1751798,2017-10-17 21:30:41,527796,@AmazonHelp It was ordered on Friday to be delivered Saturday u guys are getting finessed by a secret black market group of Amazon Logistics drivers,AmazonHelp
1769153,2017-10-17 21:31:32,531898,@115858 my phone keeps getting worse and worse with these updates. WTH?!!! Fix this!,AppleSupport
1774246,2017-10-17 21:38:48,533214,"@SpotifyCares Hi, several songs in Spotify won't play anymore on my account since this weekend. Says 'song is unavailable'. Any advice?",SpotifyCares
1762037,2017-10-17 21:39:44,530190,@AmericanAir #TerribleCustomerService trying to get expired miles back #no compassion from a company I have used for two decades,AmericanAir
1763529,2017-10-17 21:40:09,530554,@AmazonHelp Hi.. I'm a Prime member in US and am currently traveling in Poland. Can i use my membership and get stuff delivered in Poland?,AmazonHelp
1827963,2017-10-17 21:44:53,511027,"@548599 @115858 @AppleSupport My 6S Plus is running really slow, so you reckon that’s down to iOS 11?",AppleSupport
1768975,2017-10-17 21:47:53,531842,My 3yr old got onto @115821 &amp; made a purchase without my #password... Mmm .. I'm now watching #Snowden .... Mmm #dataprotection #Security,AmazonHelp
1840495,2017-10-17 21:49:57,200091,"@Uber_Support Hi, lost my phone. I am trying to track it down by logging into my account. However, u all require a 2step verification.",Uber_Support
1840616,2017-10-17 21:54:37,212642,Took @116136 9 days to fix my upload problem. Thanks for the speedy effort. 👍🏼,comcastcares
1774146,2017-10-17 21:56:10,173416,the @delta reminder about making flight changes in the app whilst on hold is not helpful when I’m calling you because that doesn’t work,Delta
239383,2017-10-17 21:57:10,172880,@SpotifyCares @172877 https://t.co/8FacgiuepO,SpotifyCares
1761039,2017-10-17 21:57:40,529975,"@AmazonHelp ok war verwirrend, hatte ich bis jetzt in den vergangenen ""15"" Jahren Amazon noch nicht.",AmazonHelp
1761073,2017-10-17 21:57:55,529981,"Dear @115858 , please fix iOS 11 so my phone can STOP turning off, freezing, and resetting 🤦🏾‍♀️",AppleSupport
1761009,2017-10-17 22:02:22,290388,@AmazonHelp yes today’s date.  the day it released,AmazonHelp
1758830,2017-10-17 22:04:57,448116,@AppleSupport Send same message response there also.,AppleSupport
1189002,2017-10-17 22:10:25,399581,@399579 @AmericanAir @390316 2/ Lets reverse: Why are you defending her and dismissing AA &amp; safety?,AmericanAir
1765431,2017-10-17 22:11:37,531013,@AmazonHelp where can I make a return?,AmazonHelp
1770794,2017-10-17 22:15:31,532330,@AppleSupport My IPad Wont Charge Heelllp,AppleSupport
1759256,2017-10-17 22:22:25,529538,"@SpotifyCares Whatever GT! I see how it is. (If its not coming across, Im joking 😏😁) I’m not joking about an Apple Watch app tho, hurry that up! 😆 Ineed⌚️",SpotifyCares
1771083,2017-10-17 22:23:39,532390,ok seriously wtf @115873 one of your driver REFUSED to give me back MY keys unless i gave him $15,Uber_Support
1432687,2017-10-17 22:26:56,204298,@TMobileHelp And today https://t.co/m9Rjd1aX8w,TMobileHelp
1756103,2017-10-17 22:27:41,528785,"@AppleSupport Running latest version of iOs, theres nothing to be done, im very unsatisfied, cause every year is the same.",AppleSupport
1303754,2017-10-17 22:29:14,144298,@AmazonHelp Tenho certeza que vou amar! Obrigada! Abração! 💖,AmazonHelp
1774510,2017-10-17 22:30:39,533287,"@VirginTrains Hi, my East Coast train I booked through your site was cancelled on the day - can I still claim the money for the ticket back?",VirginTrains
1774296,2017-10-17 22:34:56,401526,Dejando que el paisaje me inspire para primer concierto en Sydney esta noche gracias a @AmericanAir! 🇦🇺 #FlyToTheBeat https://t.co/4GXAGl0ao2,AmericanAir
1745370,2017-10-17 22:36:20,199859,"@AmazonHelp @115821 @123967 @115955 @22328 @118706 I also don’t have time to assemble the items I’m waiting for after today, but I have to. Only the customer has negative consequences. 👎🏻",AmazonHelp
1772109,2017-10-17 22:36:24,532631,@SouthwestAir Hello! That's what I thought. Thank you for getting back to me so fast! Can't wait to fly Southwest next week! 🙂,SouthwestAir
1773940,2017-10-17 22:36:42,533139,"@AppleSupport hello , i wanna ask is there any updates for ipod 1 ? The last update was 6.1.6 💔",AppleSupport
1840420,2017-10-17 22:42:28,321715,"@ComcastCares: #mobile_Care
I’m having trouble with my on-demand playing error code XRE-07004",comcastcares
1764342,2017-10-17 22:44:16,529971,@AmazonHelp Je n'y manquerais pas. Pour conclure vous n'ignorez certainement pas que @115821 US fait désormais bien mieux avec sa signalétique #prime https://t.co/XBckpuuiO9,AmazonHelp
1839953,2017-10-17 22:46:25,287348,@SpotifyCares no more premium spotify for me.. that was about as fun as stabbing myself,SpotifyCares
1776334,2017-10-17 22:49:05,533796,@AppleSupport Had time to reflect. Notifications. App background noise. Not opening correctly. Delayed response on many apps. Calendar issues. Much more.,AppleSupport
1784895,2017-10-17 22:49:59,197077,Shout out to @Delta for a pleasant flying experience. Nice customer service and funny staff. Stress free n a random upgrade . Unexpected :),Delta
1792106,2017-10-17 22:53:29,538267,@Uber_Support i have dmed my email,Uber_Support
1766026,2017-10-17 22:58:41,321558,@AppleSupport It won’t turn back on. I get the logo then nothing.,AppleSupport
1780123,2017-10-17 23:02:52,534827,Hey @115821 not sure it still really counts as next day if you deliver to a business address at 6:50 PM,AmazonHelp
1840553,2017-10-17 23:06:28,551599,@115888 why does my downloaded songs keep undownloading? Super annoying,SpotifyCares
1840543,2017-10-17 23:11:57,551597,@551598 @AppleSupport I just want to have enough battery to get through a day,AppleSupport
1780035,2017-10-17 23:12:08,251606,"The customer service associates at @115821 are a bunch of liars. I used to think they had good customer service, but not anymore!",AmazonHelp
369642,2017-10-17 23:15:01,203572,@AmericanAir 5548 canceled tonight from BDL? No news as to why??,AmericanAir
1783447,2017-10-17 23:18:01,239020,@115821 Uh your email account is going crazy! Might wanna check on it.,AmazonHelp
1284049,2017-10-17 23:20:36,420363,@comcastcares Its fixed thanks,comcastcares
1840639,2017-10-17 23:21:16,551620,@115858 how about you fix the part where my iPhone freezes and I have to hard reset it 😡😡😡😡,AppleSupport
1780187,2017-10-17 23:24:18,534847,@AmazonHelp Reply from your customer service was “We have received an update from our carrier that your order has been delivered to correct location.”,AmazonHelp
1786632,2017-10-17 23:31:59,536757,"@123967 @AmazonHelp Hi, I ordered the new south park game for today (release date). It says it was delivered to my mailbox. It's not there",AmazonHelp
1781414,2017-10-17 23:33:08,535219,@Uber_Support @Uber_Support why has it taken over 1.5 hours to have someone from support just say they will contact me? Very disappointed with the help,Uber_Support
1787863,2017-10-17 23:33:38,537070,"@AppleSupport @115911 my pictures been coming out blurry, and my phone makes a noise after i take the picture or go to my camera period.",AppleSupport
1787262,2017-10-17 23:35:48,536941,@SpotifyCares Something is going on with Daft Punk on Mac app - no Daft Punk songs will play on my Mac (other artists fine) but ok on phone,SpotifyCares
1787354,2017-10-17 23:38:30,532485,"@AmericanAir And now, boarded a new POS plane &amp; catering was never called. You have completely fucked up. There is no end to your ineptitude.",AmericanAir
1780189,2017-10-17 23:41:05,534847,@AmazonHelp Maybe your customer service should have said that rather than telling me it’s been delivered when it clearly hasn’t !!!,AmazonHelp
1786845,2017-10-17 23:44:38,536819,@AppleSupport so you want me to do the things i’ve already done? how come everyone i know with a 6s or older’s phone is dying so much faster,AppleSupport
1787865,2017-10-17 23:45:48,537071,"@TMobileHelp Yes going back a forth between customer service and the retail store. Store tells me something, person on the phone says another thing #done",TMobileHelp
1063310,2017-10-17 23:48:35,538290,"@Delta Yaaay!! Yes please, especially the ATL&lt;--&gt;JNB route. Can't wait to experience this on my next flight. I love Delta! #TeamDelta",Delta
1783487,2017-10-17 23:49:59,334910,@AmazonHelp Well Christmas time will be challenging if someone has to be present and it has to be secure. Thanks I think for the info.,AmazonHelp
25100,2017-10-17 23:59:42,538475,"@SouthwestAir First time flying SW, I was standing in SW area
An older couple came over &amp; explained the rules
Reminded me of first time at camp
Love SW",SouthwestAir
1789012,2017-10-18 00:01:40,537401,@AppleSupport Thanks!,AppleSupport
1792115,2017-10-18 00:02:44,165032,@115873 need better driver my driver today told my ass don’t call me slim I cancelled your ride I’m not going that far 😂,Uber_Support
1791678,2017-10-18 00:03:29,462315,@115821 what does it mean if a package says undeliverable but you don’t live in a gated community and there is nothing blocking delivery,AmazonHelp
1789316,2017-10-18 00:06:22,537493,@SpotifyCares sent! thanks,SpotifyCares
1791794,2017-10-18 00:07:48,263302,@AppleSupport i0S 11.0.3 is bugged mess it’s draining my battery big time. i0S 11 has been a disaster. Can’t see it being fixed 😡😡😡,AppleSupport
1791677,2017-10-18 00:11:15,462315,@AmazonHelp USPS,AmazonHelp
1794197,2017-10-18 00:23:00,539169,@AppleSupport Your last actualization system sucks! totally disfunctional! Now apple is like any other system... 🙄,AppleSupport
1794657,2017-10-18 00:23:53,539290,Ok @115900 or @comcastcares 3days with tons channels with pixelated or error messages! What's up with that?,comcastcares
1794704,2017-10-18 00:25:25,539304,@115911 on i-80 PA sucks,TMobileHelp
1794111,2017-10-18 00:26:29,373092,"@AmazonHelp Lógico hahaha um presentão desses &lt;3 já quero o segundo volume hehe Valeu mesmo, to bem feliz! https://t.co/7RjfEWhUhg",AmazonHelp
1841200,2017-10-18 00:30:24,551773,"@AmericanAir No benefit of Platium on AA70 today. Cramped 17A isn’t MCE. No access to empty Prem Econ, even with last minute seat change?",AmericanAir
1805144,2017-10-18 00:33:38,542379,@AppleSupport how come I keep getting an error “unable to install 11.0.3” . Doesn’t tell me why either. On WiFi and plugged into charger,AppleSupport
1795614,2017-10-18 00:36:34,539558,初めてAmazonで買い物したけど支払いから届くまでどれ位かかるんやろか,AmazonHelp
1659874,2017-10-18 00:41:16,506389,"@SpotifyCares It didn’t work. It’s been removed from my local files for quite some time. The song is already on Spotify, I no longer need the local file.",SpotifyCares
1784847,2017-10-18 00:42:48,532399,"@Delta So, no way to make flight home, and more problems with lines at bag check, etc. Have another Delta flight for business tomorrow at 10 ina.m",Delta
1794082,2017-10-18 00:44:58,539137,@AmazonHelp 12 de septiembre :(,AmazonHelp
1805154,2017-10-18 00:49:31,157365,@AppleSupport Just sent you a DM.,AppleSupport
1805218,2017-10-18 00:51:28,164540,"@Uber_Support It’s ok. Ended up waiting about 15 mins, but I’m home now.",Uber_Support
1798376,2017-10-18 00:53:28,540366,"@115821 has ruined my day, ruined my gift, and ruined my mood, because Amazon doesn't know how to count days for shipping, just your cash.",AmazonHelp
1834451,2017-10-18 00:59:31,550228,@116380 @115888 can you be more enlightening than @116380,SpotifyCares
1798547,2017-10-18 01:03:50,540413,"@AppleSupport That’s lovely, but it does not work how this article describes.",AppleSupport
1721494,2017-10-18 01:04:51,520962,@AmazonHelp Example 2 here: https://t.co/CfBOcQxz0s,AmazonHelp
1798919,2017-10-18 01:05:46,540530,"@AmericanAir With all due respect, the lack of transparency is just one of the many problems. How about having back up plans for 100’s of people?  #logic",AmericanAir
1823842,2017-10-18 01:07:03,547486,@comcastcares Comcast has assigned my username to another customer and when login in to my account I see his information and can't access mine! serious privacy / security issue and 24 to 48h to address... really ?,comcastcares
2396611,2017-10-18 01:07:30,689811,The @SouthwestAir Flight 107 crew from DCA to Love Field was the greatest I’ve ever had! Lots of laughs courtesy the crew!,SouthwestAir
1801144,2017-10-18 01:11:36,541201,.@Delta flew from LAX to ATL to RDU today. Best flights ever! Plane and crew were fantastic.,Delta
1798386,2017-10-18 01:14:27,177529,@AmazonHelp The last quarter of the books I've ordered have all been delayed or delivered literal weeks after ordering them even when in stock.,AmazonHelp
1800908,2017-10-18 01:15:08,541121,@AppleSupport why is App Store requiring my password when Touch ID is already set up? https://t.co/dUMHHAFSqe,AppleSupport
1841607,2017-10-18 01:20:42,262561,".@115877, the bike delivery cancelled my order mid-ride and I was still charged for an order I didn't receive. Can I get a refund pls?",Uber_Support
1802960,2017-10-18 01:24:01,541748,@AmazonHelp I sent a message. It was easier.,AmazonHelp
1800922,2017-10-18 01:28:15,541125,"@AppleSupport it takes hours and then it will say that the backup hasn't completed, I even got an extra 50gb to make sure I can back up",AppleSupport
1701613,2017-10-18 01:33:38,400568,@AppleSupport One time it was alarming like crazy and I had to shut down and reboot to stop it,AppleSupport
1800784,2017-10-18 01:36:52,541086,"@AmazonHelp that it's at the facility in my town, which is 8.9 miles from my door...yet it's delayed an extra 3 days lol",AmazonHelp
1800828,2017-10-18 01:40:57,541096,@AmazonHelp Haven’t received any email from them and was hoping either to cancel or review the order but all this is not available now,AmazonHelp
1681729,2017-10-18 01:46:23,511293,@AmericanAir No response??,AmericanAir
1803137,2017-10-18 01:47:44,541812,@AppleSupport It’s on but only works when my settings are open.,AppleSupport
1807598,2017-10-18 01:49:23,543042,@SpotifyCares ipaid for a student suppscription but it wont let me use my premium,SpotifyCares
1807433,2017-10-18 01:52:07,316805,@AmazonHelp This is an obvious situation where I own the patent and should be easy to fix. Right?,AmazonHelp
1818458,2017-10-18 01:52:23,546214,@Uber_Support please stop my delivery option. Way too much time wasted picking up order - sometime 15-20 minutes.,Uber_Support
1803387,2017-10-18 01:56:06,541879,@Delta It would be super helpful for her to speak to you directly.,Delta
1808186,2017-10-18 01:56:41,543217,@115911 Hey - I can't activate my Apple Watch series 3 because when I try to set up cellular the webpage just throws an error and closes,TMobileHelp
1810052,2017-10-18 02:01:27,543787,@AppleSupport @543788 Can you tell me why everything lags on my phone now after the update?,AppleSupport
1673017,2017-10-18 02:12:02,392653,@AmazonHelp Kindly share your escalation matrix. Your Customer service guys are fooling around. @115850,AmazonHelp
1807480,2017-10-18 02:13:15,543006,@AppleSupport I can’t use cellular data at all,AppleSupport
1812861,2017-10-18 02:14:21,544626,"Seriously @SouthwestAir I paid $15 to get B27? Thankfully will have 2-yr-old and will board after A, wish I could get a refund on the return",SouthwestAir
1567390,2017-10-18 02:17:34,483711,@SpotifyCares No I am not I double checked this morning but it's just Spotify,SpotifyCares
1313939,2017-10-18 02:22:36,426980,@426979 @115858 @AppleSupport Como cuando quieres que todo el mundo se entere de tu tragedia,AppleSupport
1811319,2017-10-18 02:23:37,161464,@AmazonHelp What's your phone number?,AmazonHelp
1803621,2017-10-18 02:31:13,541942,@comcastcares U can’t do anything.. ur company is a POS. U have no satisfied customers.  Not ur fault but u work for the devil,comcastcares
1805688,2017-10-18 02:31:44,118750,. @AmericanAir great PHX-based flight attendants in main cabin on AA610 tonight. So friendly.,AmericanAir
1313919,2017-10-18 02:32:06,148829,@AppleSupport i can’t buy cos my funds is insufficient in my iTunes acc but my apple wallet has a gift card and i can’t seem to use that gift card’s funds,AppleSupport
1724792,2017-10-18 02:42:32,333740,@AmazonHelp There is no pin code or delivery partner problem..plz check the facts,AmazonHelp
1313918,2017-10-18 02:49:09,148829,@AppleSupport i’m on DM now,AppleSupport
1823435,2017-10-18 02:53:02,223735,@Uber_Support so not only did I lose 4 acceptance points from Tues-Fri last week but I just checked my app on a day off and lose another one,Uber_Support
1808349,2017-10-18 02:56:10,543263,the lady i just talked to @115821 customer service had literally no idea what she was talking about &amp; im very frustrated 🙃🙃🙃🙃🙃,AmazonHelp
1299400,2017-10-18 03:02:59,423690,@AmazonHelp This is not working style of MNC,AmazonHelp
1818326,2017-10-18 03:06:28,546182,This is happening again @AppleSupport https://t.co/BP9h6AvObQ,AppleSupport
1826271,2017-10-18 03:09:28,548172,@Uber_Support excuse me could support in activate my account I am happy with the service my account is __email__,Uber_Support
1673028,2017-10-18 03:11:17,392653,@AmazonHelp 1st it was wrongly sent back to seller 2nd it was replaced with wrong address and 3rd you cancelled the order. @115850 @AmazonHelp WTF?,AmazonHelp
1816773,2017-10-18 03:13:13,536309,@AmericanAir Your supervisor transferred me without my permission and then your web support hung up when I asked for a direct email instead of the form.,AmericanAir
1818529,2017-10-18 03:16:09,362374,Cabin filled with smoke and emergency landing. Thankful we are safe but I was really hoping to use the evacuation slides. @Delta #atl,Delta
1832489,2017-10-18 03:17:33,549793,@115900 @116136 I pay extra for faster internet. Your shit slow AF. 3rd world ass speed. https://t.co/VZ7aWWJ9wl,comcastcares
1239537,2017-10-18 03:20:39,410743,@AmazonHelp Can't find the A-Z claim on the mobile app.,AmazonHelp
1894131,2017-10-18 03:22:52,564639,So @115858 .... I know I’m not tripping but where the fuck the option at to turn off auto brightness ?,AppleSupport
1820909,2017-10-18 03:26:10,546658,@SouthwestAir was SO helpful and friendly when I called to fix a problem with my account. That's a customer service call I actually enjoyed!,SouthwestAir
1820613,2017-10-18 03:27:49,546569,Rifado @116875 con mi juego el día de lanzamiento chingón 👏👏👏 https://t.co/9Hom4h4GXk,AmazonHelp
1821021,2017-10-18 03:30:28,160010,@115911 what a scam with guess promo it doesn't work!,TMobileHelp
1821857,2017-10-18 03:32:06,546917,"@SpotifyCares i tried signing up for spotify prem for student, when it redirected my college wasn’t there but i’ve still been charged?? x2",SpotifyCares
1818235,2017-10-18 03:36:27,546149,@AmazonHelp I just asked them why me?  Because same order of my friend got dispatched. What their reply was he is lucky. Damn such an customer service.,AmazonHelp
1821785,2017-10-18 03:39:08,546901,Not a lot of help from the @115873  support dept. to schedule a ride. On to the next...🤔😒,Uber_Support
1316557,2017-10-18 03:46:42,427537,えーー知らんうちにAmazonプライム年間入ってて４千飛んでるうそやん(((,AmazonHelp
1845315,2017-10-18 03:47:59,552787,Restarted my phone 5 times in the last hour due to it freezing up. @115858 you think you are going to fix this sad excuse for an update soon?,AppleSupport
1284503,2017-10-18 04:02:18,548126,"@115850 Very disheartened by your service
Firat you guys deliver me empty and damaged box now no one takes responsibility whole money wasted :/",AmazonHelp
1826006,2017-10-18 04:09:45,353325,"@115850 Why this ? Ordered Red/Grey |color, got different color and shape also(means I got different model) ORDER # 406-3204098-3609908 . Attaching both images ordered and received. https://t.co/jiS3fznCaZ",AmazonHelp
1895695,2017-10-18 04:12:16,565029,You know the @115858 #iPhoneUpdate was bad when you come out of your Twitter hiatus just to complain about it https://t.co/qfjb4OVHsm,AppleSupport
1766442,2017-10-18 04:15:22,531203,@Uber_Support So if I get in the car the moment it arrives I will not be charged right?,Uber_Support
1193947,2017-10-18 04:20:07,127283,@AmazonHelp got a date and its coming on the 19th.. might as well cancel the order,AmazonHelp
1826357,2017-10-18 04:25:08,548199,"@AmericanAir Hi!I just booked with you guys for a flight home for Christmas! HOWEVER, I forgot to pick seats before I paid and now it won't let me... Reservation: XPETXW.. Can I fix this?",AmericanAir
1721625,2017-10-18 04:30:16,520990,@AmazonHelp @951 I need your help asap. @115850 / @AmazonHelp tell me that Only Motorola can do anything about this.,AmazonHelp
1825038,2017-10-18 04:32:01,318328,"@SpotifyCares Streaming. I tried to download and it did not work. Message on desktop says something like  ""this track is not available at this time""",SpotifyCares
1895747,2017-10-18 04:34:32,386969,@AppleSupport hi on iPhones can you please give back the option to turn auto-brightness (OFF) on? This always on kills my battery,AppleSupport
1827430,2017-10-18 04:42:17,548460,"Booked @131434 this mornin &amp; the driver just kept on driving away. Called the driver 7 times no answer, late for work &amp; been charged #uber https://t.co/fgaAT6DsHT",Uber_Support
1193954,2017-10-18 04:42:53,548447,@117086 Vai ser só marketplace? 😥,AmazonHelp
1828699,2017-10-18 04:51:54,548800,"@AmazonHelp Thanks https://t.co/BCx2yutLc4 for failing me again! Two Newborn Kittens out of formula, were depending on you! #By800PMToday!",AmazonHelp
1827495,2017-10-18 04:54:36,548478,Hey @Delta-please go ahead and approve the staffing change on DL1798. We're sitting at SAN waiting for the computer to tell us we can leave!,Delta
1832072,2017-10-18 04:57:46,549691,"@115821 @116602 I'm currently having issues with the mobile app, neither can load past the start screen but I can use it on my laptop",AmazonHelp
1845486,2017-10-18 04:58:31,552828,Mac OS X 10.12.6 QuickTime 10.4 cannot play a .MOD video it plays it as a audio file but iMessage can play the video? @AppleSupport,AppleSupport
1318277,2017-10-18 05:00:04,427881,@SouthwestAir Please stop having your flight attendants sincerely thank me for handing them trash,SouthwestAir
1829235,2017-10-18 05:01:10,548947,@comcastcares Just search for router issues with PUBG. You'll see I'm not the only one. It's a game with 2 million concurrent players.,comcastcares
1357891,2017-10-18 05:04:38,436578,"@AmazonHelp And sending a fax maybe is prone to errors, why not a simple e-mail?",AmazonHelp
1845653,2017-10-18 05:10:07,552871,"@AppleSupport iOS 11.0.3 bug on iPhone 6S+ notification bar goes blank suddenly(no content only wallpper), need to restart phone every time",AppleSupport
1828680,2017-10-18 05:14:24,548797,@AmazonHelp Qu'il est à Bruxelles (où il doit être livré) depuis lundi matin (et il devrait être livré lundi...),AmazonHelp
1830833,2017-10-18 05:25:48,549378,. @Uber_Support @115873 really needs to update Mumbai road map. Last 3 trips of mine r cancelled bec from 1min away the uber becomes 7mins,Uber_Support
1845696,2017-10-18 05:26:52,369073,uhh??? @AppleSupport https://t.co/plg5MBarzZ,AppleSupport
1350271,2017-10-18 05:29:17,434863,"@SpotifyCares Yes, that solves my problem. Thanks!!",SpotifyCares
1673034,2017-10-18 05:30:13,392653,@AmazonHelp Already shared 2 times.,AmazonHelp
1832291,2017-10-18 05:38:02,549749,I hate flying with @Delta - ugh,Delta
1832071,2017-10-18 05:38:58,549691,@AmazonHelp I did for both Netflix and Prime video but still can't get past the first loading screen for either,AmazonHelp
1832310,2017-10-18 05:41:32,549755,@AmericanAir Well we all have baggage charges it seems. Just silly you are asking people to check bag for free because no room and eat charge group 9.,AmericanAir
1897894,2017-10-18 05:44:58,544654,@AppleSupport my mail keeps saying it cannot connect to server &amp; I'm not receiving any https://t.co/qMj15XM7Y2 do I rectify this please ??,AppleSupport
1835696,2017-10-18 05:46:45,496063,Thank goodness for @115821 prime! I'm able to return everything that didn't fit well 🙌🏼,AmazonHelp
1832262,2017-10-18 05:48:55,321659,@Uber_Support And yeah @Uber_Support happy Diwali to you..☺️☺️☺️,Uber_Support
1669777,2017-10-18 05:56:55,508374,@AmazonHelp por supuesto!  Quien no lo estaría?  😊,AmazonHelp
1319749,2017-10-18 06:03:00,428167,今Amazonを装った詐欺メール届いてビビった,AmazonHelp
1824791,2017-10-18 06:10:13,547793,@AmazonHelp Sent,AmazonHelp
1900145,2017-10-18 06:12:39,566254,@115858 hate that my flashlight doesn’t work under 20% and the new update is sucking the life out of my battery. Plz fix this!  #scaredtobuyX,AppleSupport
1839349,2017-10-18 06:12:59,551244,"@VirginTrains 6.03 from Doncaster to London plug sockets not working, annoyed! especially after you charged £202",VirginTrains
1842570,2017-10-18 06:14:33,268650,Thanks to @115888 for Android this morning for forgetting all my downloaded albums (but not playlists). #imissunlimiteddata,SpotifyCares
1830705,2017-10-18 06:17:13,549350,@AmazonHelp I can not afford to buy another product and in this festive seasong i need this amount for other things.,AmazonHelp
1836885,2017-10-18 06:21:17,550740,"@TMobileHelp It shouldn't have, but it did. I took my brother to TMobile because I told him about the hat promotion. One more reason to make the switch.",TMobileHelp
1838560,2017-10-18 06:23:17,551074,@AmazonHelp Hab ich gestern. Darum gab es eine Ersatzlieferung. Die wurde auch nicht zugestellt. Bekommt das unter Kontrolle.,AmazonHelp
1844313,2017-10-18 06:29:50,552554,"Dear @115850 my order no is 405-4457490-3323547 
Plz confirm how much refund I will get , if I return the item",AmazonHelp
1891589,2017-10-18 06:32:25,564056,How many more iOS updates til my phone works like it should @116333  Steve would not stand for this,AppleSupport
1844542,2017-10-18 06:37:51,171281,@121284 Next Diwali ? I thought the Echo won't be out till November.,AmazonHelp
1835948,2017-10-18 06:42:37,200857,@AmazonHelp I don't understand and will not intend to either. I am done repeating my issue with the customer care.,AmazonHelp
1851517,2017-10-18 06:44:14,491759,No conpany in the world has worse customer support than @Uber_Support. No wonder why they lost $2.5b last year,Uber_Support
1844296,2017-10-18 06:47:34,552546,@115850 what is this I am shocked after seeing this form ur side. Can I know the reason for this.. Or this is a kind of technical problem. https://t.co/Z3h51wBGWc,AmazonHelp
1832053,2017-10-18 06:52:24,326830,"@AmazonHelp Sir I have shared my details ,can u tell the progress",AmazonHelp
1842397,2017-10-18 06:57:30,552114,@comcastcares This problem has gone on for two years. Nothing has changed besides how much I pay for internet. My cost has gone up x3 and nothing’s change,comcastcares
1842281,2017-10-18 06:58:22,552087,"@AmazonHelp Already spoken to customer services, who have to talk to yodel etc. It's so much better when you use your own couriers!",AmazonHelp
852752,2017-10-18 07:04:26,322578,@119356 traking no 216245585428 show    our material is rejected by me. Despite I never met delivery guy of Amazon. Pl help.,AmazonHelp
1848490,2017-10-18 07:06:14,120576,@VirginTrains @553517 Sorry to hear this James - did you have a seat reservation for that service? ^KM,VirginTrains
1838972,2017-10-18 07:10:07,551155,"@AmazonHelp I'm unable to return the unopened, unused product. At least help me with that !",AmazonHelp
1899989,2017-10-18 07:11:51,566220,@115858 your latest update has now stopped my alarm working and I am now late 👍,AppleSupport
1856278,2017-10-18 07:16:24,555202,あまぞん支払いメールはやくして,AmazonHelp
1851515,2017-10-18 07:18:28,491759,@Uber_Support Sick and tired of your agents avoiding answering my questions and getting 2 different answers from agents,Uber_Support
1865438,2017-10-18 07:19:03,378057,"@SpotifyCares figured out my phone issue. Have the latest version of Spotify, I can now discover mode again! #MusicToMeEars #FindingNewTunes",SpotifyCares
1832056,2017-10-18 07:20:11,326830,"@AmazonHelp Sir plzzz do fast ,its very difficult for me to pass 1hour also with this mental tension of the issue of worth 28k ,its very big amount for me...",AmazonHelp
1856283,2017-10-18 07:29:36,555204,Ya empiezan a llegar mis paquetes de hoy de @116928 😁😁😁,AmazonHelp
1907949,2017-10-18 07:34:33,568384,.@AppleSupport 140 characters is not enough room to enumerate all the issues my iPhone is having since updating to iOS 11.03 #phonetherapy?,AppleSupport
1735582,2017-10-18 07:38:29,524030,@AmazonHelp Hi please can you give me the amazon customer service number? Kind regards.,AmazonHelp
1857658,2017-10-18 07:44:01,120576,@555519 @VirginTrains @133684 @555520 @74433 Whereabouts were these images displayed Andrew? ^KM,VirginTrains
1856282,2017-10-18 07:45:30,555204,@AmazonHelp 3 comprados diferentes días que finalmente van a llegar el mismo día,AmazonHelp
1865075,2017-10-18 07:53:43,557217,There was an 'issue' with my @115830 order meaning I can't get it day of release. Funnily enough it's now totally out of stock. #lies,AmazonHelp
1867339,2017-10-18 07:57:42,244848,@Uber_Support booked cab and gave money to driver before destination arrive and he drop me 1.5km before dest. Worst exp with @115873 #Refund,Uber_Support
992352,2017-10-18 07:59:07,210667,@AmazonHelp Done. Let’s see how soon you can help.,AmazonHelp
1865195,2017-10-18 08:03:11,557250,Amazonで2月に頼んだ商品がまだ届かないや(-_-)まだ納品出来ないとは言ってくるが、無いなら無いと言ってほしいな。,AmazonHelp
1833896,2017-10-18 08:05:18,550102,@AppleSupport my iPhone 7+ is freezing for no reason and I have to hard restart every time and it’s battery has come down to 3-4 hours top after iOS 11.0.3 #fixit,AppleSupport
1136557,2017-10-18 08:09:12,387752,@115850 how do i contact Amazon Transportation Services. I was not home but they still say they delivered it to me?,AmazonHelp
1860348,2017-10-18 08:15:37,556127,"@AmazonHelp Your transaction is still in process. We are yet to receive a response from the bank/cinema.
Transaction Time:Wed, 18 Oct, 2017",AmazonHelp
1868865,2017-10-18 08:23:40,558223,"So my package seems to have been delivered to an @115821 locker, then undelivered. What? https://t.co/tQQQ0HvyCs",AmazonHelp
1865764,2017-10-18 08:24:30,295298,@VirginTrains Hi! Where is 390006 and 390010 today ? Thanks Bob :),VirginTrains
1868873,2017-10-18 08:29:21,531839,@115830 please help! My Amazon Prime account has been hacked and I can't access your support from it. What do I do???,AmazonHelp
1866985,2017-10-18 08:34:06,506868,@AmazonHelp @115850 @115851 how many times i have to provide my details..!!!😡,AmazonHelp
1860093,2017-10-18 08:41:30,556076,@AmazonHelp Granted but what are you going to offer in compensation,AmazonHelp
1833821,2017-10-18 08:42:07,550087,"Pls fix 11.0.3 @AppleSupport my phone freeze all the time opening any app, doesnt work at all. Cant do shit. This sucks dick. #6s #fkthisbs",AppleSupport
1872071,2017-10-18 08:46:23,447819,"@AmazonHelp ordered on same day delivery and it didn't arrive and still hasn't even been shipped yet, won't let me cancel it either https://t.co/NAzKSlX256",AmazonHelp
1874209,2017-10-18 08:46:38,475094,"Brother Act. is up on Spotify! 
Thank you! 😘 @SpotifyCares https://t.co/OtJAU27z9G",SpotifyCares
1873848,2017-10-18 08:53:50,558204,"@559453 @115830 For them to not know when the order will arrive, and still be able to cancel the order, suggests a lot were sold that they never had.",AmazonHelp
1867333,2017-10-18 09:00:25,396997,@Uber_Support Have already shared. __email__. Trip dated 26/09/2017,Uber_Support
1318166,2017-10-18 09:00:35,427866,@AmazonHelp Received an SMS from Amazon saying will deliver product today,AmazonHelp
1872658,2017-10-18 09:03:34,559190,@Delta Yeah please! Still on hold. Can I DM you?,Delta
1871726,2017-10-18 09:05:13,558952,"Hey look, an art thief!! amazon

At least do justice to my artwork if you want to steal...… https://t.co/kkLnjSvoHi",AmazonHelp
1873945,2017-10-18 09:12:10,559466,密林からワインが届かない。６本セットのやつ。,AmazonHelp
1834095,2017-10-18 09:13:59,550153,@AppleSupport how do I use my iCloud that I pay for on my iphone6? No space on phone but lots of iCloud doing nothing? Help please?,AppleSupport
1325109,2017-10-18 09:17:52,429207,"ねえなんで？不在連絡票はいってないのに
Amazonからだと不在でしたってなってるよ？ねえまって？しんどいなきたい",AmazonHelp
1872823,2017-10-18 09:19:14,453819,@VirginTrains 9:56 out of Crewe but I was told not to complain as no fighting had broken out like yesterday #glasshalffull,VirginTrains
1868845,2017-10-18 09:20:55,169834,@AmazonHelp U will be responsible if my acc is compromised.bcis u r irritating me to provide details of problem.,AmazonHelp
1875454,2017-10-18 09:25:41,215948,@AmazonHelp site suggestion: with so many imported products it would be great if it was easier to tell what products were made in the U.S,AmazonHelp
1801182,2017-10-18 09:28:06,539648,"@AmericanAir ...knowing your pilots would be in violation of regulations on flight time before they get to gate, passengers fully boarded doors locked",AmericanAir
1876743,2017-10-18 09:34:11,444279,Why is the delivery date still in pending @115850 https://t.co/hVr2obh1B0,AmazonHelp
1325091,2017-10-18 09:40:12,429203,@AmazonHelp 素早く丁寧な対応ありがとうございます！ヒビが入っていたのは本体ではなく透明なケースですので交換・返品はしなくて大丈夫です！お気遣いありがとうございます！,AmazonHelp
1039129,2017-10-18 09:43:18,365846,"@VirginTrains Sorry no one around, we are parked up at wolverhampton!",VirginTrains
1333738,2017-10-18 09:45:41,431143,"@AppleSupport hi there.. qq plz, my earphones have stopped navigating to next/previous tracks with quick press. Any suggestions? Thnx",AppleSupport
1833857,2017-10-18 09:46:57,550093,@SpotifyCares BUT! I have an error message here https://t.co/NzzHqAEmhu,SpotifyCares
1877680,2017-10-18 09:51:15,560482,@115821 refer order 4__credit_card__. Instead of replacement of incomplete order you cancelled my order. Now u want me to pay extra money.,AmazonHelp
1877972,2017-10-18 09:52:49,560563,Hey @115877 I had cancelled an order but it shows delivered and deducted the amount as well. Raised a query long ago.,Uber_Support
1856200,2017-10-18 09:58:55,555189,@AmazonHelp ?,AmazonHelp
1850723,2017-10-18 10:04:28,554012,@AmazonHelp People at cc r nit able to help me,AmazonHelp
1880202,2017-10-18 10:12:09,561155,@120533 ça promets pour Noël !! Heureusement que vous n’êtes pas encore leader!,AmazonHelp
1879012,2017-10-18 10:22:10,560836,@AmazonHelp This has been happening too often off late. Lower price on suggestions and when you click the price goes up.,AmazonHelp
1879496,2017-10-18 10:25:01,312863,"Big thanks to the lady driving the 11.12 @VirginTrains Stoke to Euston Pendolino - opened her window, waved to George &amp; did a hoot too. ❤️",VirginTrains
1903693,2017-10-18 10:28:56,567318,"@115858  Found a strange bug with my iPad, IOS 11.0.3
My Dock apps can disappear. https://t.co/G3uLKdYcwZ",AppleSupport
1598890,2017-10-18 10:30:55,491039,@AmazonHelp Thank u very much @AmazonHelp @115850 for ur quick &amp; positive response. @AmazonHelp  Support team Rocks!! My faith on u guys has increased,AmazonHelp
1877688,2017-10-18 10:34:32,560484,@AmazonHelp No email id is attached with my account and above form is forcing me to put thr email. Now again worst form,AmazonHelp
1886048,2017-10-18 10:40:26,562543,"@115850 had my worst exp wid u 2day. Even in those cases when u make mistakes, a customer has 2 suffer. Time to switch to other e-commerce",AmazonHelp
1844087,2017-10-18 10:44:04,552497,"@Uber_Support
hi
i live in uae i down lode the app butt not copleate log in 
my name is hossam my email is __email__",Uber_Support
1883315,2017-10-18 10:48:07,562022,"@115830 I order a product for SAME day delivery, review order, get delivery confirmed for tomoz... WTF?! #cheated #missold",AmazonHelp
1881661,2017-10-18 10:51:03,561527,@AmazonHelp Colissimo (La Poste). Mais le colis n'était pas assez protégé selon moi.,AmazonHelp
1886014,2017-10-18 10:57:36,328019,"Peak @115830 trolling. @AmazonHelp, care to illuminate me on my ineligibilty after an email saying I was eligible? https://t.co/FKMQ5vC26b",AmazonHelp
1844171,2017-10-18 11:00:20,552518,@SouthwestAir why did I wake up to an email cancellation to an active flight that I am on in 5 hours?  Was able to rebook but still...,SouthwestAir
1844025,2017-10-18 11:02:36,552480,@Delta @AmericanAir Good morning! It's early but flying Delta to attend a conference. Great customer rep in St. Louis!,Delta
1895967,2017-10-18 11:02:45,565101,"@SpotifyCares What happened to ""play"" or ""shuffle play"" button under a folder of playlists? Missing in iOs app! Still there on mac/pc.",SpotifyCares
1865077,2017-10-18 11:04:36,557217,@AmazonHelp They spent an hour and never understood what actually happened. So I cancelled it and used THE SAME CARD somewhere else,AmazonHelp
1881687,2017-10-18 11:12:29,561531,"@AmazonHelp Non. Mais vos collègues du Helpcenter (par chat) annoncent cette date, sans certitudes qui plus est.",AmazonHelp
1835385,2017-10-18 11:14:28,550424,@AppleSupport iOS 11.0.3 keeps turning Bluetooth on automatically. This isn’t secure.,AppleSupport
1887544,2017-10-18 11:18:28,562954,気づいてしまったんだけど、あまぞんからの支払いメール来てないのでは…🤔💦,AmazonHelp
1886193,2017-10-18 11:19:43,322579,The unprecedented level of arrogance can be found in a shared ride of @115873 pool. My driver is awesome but the passenger next to me is rude.,Uber_Support
1886002,2017-10-18 11:24:20,562533,"@AmazonHelp Yeah, but I've made numerous complaints officially on multiple occasions and the service hasn't improved so I just get Locker deliveries now",AmazonHelp
1328716,2017-10-18 11:27:35,430000,Amazonで注文しちゃった商品ってキャンセルできないの？,AmazonHelp
281694,2017-10-18 11:32:08,161562,@AmazonHelp .............Delivery notice and the tracking number provided doesn't seem to work. I'm not sure what to do,AmazonHelp
1888001,2017-10-18 11:32:17,563073,Going on an hour just waiting in the security line @AmericanAir @151271 #record #unreal,AmericanAir
1842840,2017-10-18 11:33:07,552223,"@comcastcares Nope, not anymore, was able to find the listing, thanks",comcastcares
1887378,2017-10-18 11:35:43,562905,"@AmazonHelp Qqn chez chronopost me dit que le colis est dans vos entrepôts et qqn d'amazon me dit que le colis est chez chronopost, amusant",AmazonHelp
1903551,2017-10-18 11:36:29,567283,I hate the fact that you can’t just use your email to get the damn verification code to sign into your iCloud. Wtf @115858,AppleSupport
1329462,2017-10-18 11:40:47,430200,"@AmazonHelp El producto está correcto por eso lo he aceptado, pero me ha llamado la atención el procedimiento. Nunca me había pasado. Es en  Madrid.",AmazonHelp
1206874,2017-10-18 11:44:33,403405,@AmazonHelp Not only that. Your customer care say they don’t care on the courier guys response. No body has called us !,AmazonHelp
1886444,2017-10-18 11:47:21,562641,@VirginTrains Since you stated that I would only need to pay to make up the extra,VirginTrains
1891859,2017-10-18 11:48:26,564132,@Uber_Support can not add payment method in app.. https://t.co/4bdyElqMtK,Uber_Support
1887368,2017-10-18 11:49:59,562904,@116928 @AmazonHelp @74513 Como véis el DVD es diferente al de la web; además la serigrafía de los discos no se corresponde (deberían ser la de las carátulas). https://t.co/h90wXBfGTD,AmazonHelp
438833,2017-10-18 11:53:04,183363,@AmazonHelp You are harassing me. See my account that you yourself cancelled this order. You sent me many SMS in this regard. I have replied your email many times. Do your job &amp; refund my money. Pl stop this nuisance of asking details again and again. @1145 Kindly intervene.,AmazonHelp
1039533,2017-10-18 11:58:24,365934,@115850 : Thank you for cheating and fooling customers. I am pleased with your service,AmazonHelp
1883248,2017-10-18 12:03:05,542362,@AmazonHelp No I aren't going out my way to do all this it's a joke your supposed to be providing me a service not the opposite,AmazonHelp
1903548,2017-10-18 12:07:39,567282,@AppleSupport iOS 11.0.3 draining my battery. I have to charge it four times a day.,AppleSupport
1885966,2017-10-18 12:09:40,562525,@AmazonHelp Are you for real? I understand you multiple factors. But why would you show free 2-4 business days before placing the order then change it?,AmazonHelp
1845467,2017-10-18 12:12:40,552823,@115913 last week I won grand prize for TMobile Tuesdays. 200.00 to https://t.co/FTYFt1FrYp. Prize disappeared. NO ONE WOULD HELP ME!!!! https://t.co/QN8r9DyaHT,TMobileHelp
1887327,2017-10-18 12:12:51,562894,"@AmazonHelp Ok, thank you. :)",AmazonHelp
1891847,2017-10-18 12:14:26,564130,"@Uber_Support Lol, the question is, why sign restaurants up, say they are “live” when it’s not even available?!",Uber_Support
1887356,2017-10-18 12:18:17,562902,@AmazonHelp Yes,AmazonHelp
1894439,2017-10-18 12:20:18,564719,@Delta why do you have the worst customer support team ever?,Delta
1844383,2017-10-18 12:22:03,552568,"@SpotifyCares Great! Here's the info:
Device: LG G6
Android: 7.0
Spotify version: 8.4.23.784 armV7",SpotifyCares
1905724,2017-10-18 12:22:39,313080,@AppleSupport @116333 @115858  https://t.co/nCTRWsNvz7,AppleSupport
1883250,2017-10-18 12:24:40,542362,@AmazonHelp This has no relevance to my situation whatsoever can you cancel my order or refund me 206-5443447-3430701,AmazonHelp
1893408,2017-10-18 12:30:03,564555,"@AmazonHelp Thank you so much, I was rewarded my full refund 🙂",AmazonHelp
1899835,2017-10-18 12:36:10,566186,Hey @AmazonHelp  a quoi ça sert de commander en avance si c'est pour pas se faire livrer le jour J pour cause de rupture de stock ?,AmazonHelp
1944283,2017-10-18 12:37:37,344758,".@115858 oh look, just had to restart my phone again.",AppleSupport
1295685,2017-10-18 12:40:25,422859,@AmericanAir Listen. I buy a more expensive ticket because the cheaper ones don’t refund. But it ends up being non refundable anyway?,AmericanAir
984117,2017-10-18 12:43:18,353305,@AmazonHelp Will Arabic be added soon?,AmazonHelp
1897704,2017-10-18 12:48:54,565590,"@115850 I used to think Amazon does worry about customer satisfaction, abut wich i was absolutely wrong. Highly unsatisfied!!",AmazonHelp
1898258,2017-10-18 12:50:09,138475,@Uber_Support We just talked to a Customer Rep and they gave us the bare minimum lol. I had to leave my house to pick my order up from the driver.. what?,Uber_Support
1834637,2017-10-18 12:54:22,550257,"New #iPhone update has destroyed my ability to get voicemail, to even make calls. Can't you get it right @115858 @AppleSupport @2531",AppleSupport
965158,2017-10-18 12:54:54,326613,@AmazonHelp U mentioned in the tweet that u will work on this right away. So work and get back to me. My computer is not working so I can't write email,AmazonHelp
1898480,2017-10-18 12:55:12,565807,@VirginTrains there's no power.,VirginTrains
1916591,2017-10-18 12:59:07,570865,I’m going to need a good vacay after I finish with this project at work 😭😓,SouthwestAir
441037,2017-10-18 13:00:23,219634,@219635 I need a break from bad amazon delivery drivers.,AmazonHelp
1900144,2017-10-18 13:02:32,566254,"@AppleSupport Phone shutting down, battery losing 20% in 15 mins, flashlight issue, freezing up",AppleSupport
1850980,2017-10-18 13:04:46,213988,"@AmazonHelp @115850 
My product is out for delivery from 48 hours
If tomorrow morning If I am not received my product I will cancel my order. 😣",AmazonHelp
438849,2017-10-18 13:13:35,183363,"@AmazonHelp Now it is his/her turn to take revenge. Just an hour ago, I replied the queries, attached. Now his/her Holiness asks for details, without telling me what he/she demands. Amazing Amazon @4030  @118702  @4167 @4110 @4168 https://t.co/vjQlH8uQUz",AmazonHelp
1835508,2017-10-18 13:17:00,550452,Hey @AppleSupport it seems odd that I can't drag an image from Photos to another app in order to change it or share it. Thoughts? Possible?,AppleSupport
1834987,2017-10-18 13:17:03,550349,"@ComcastCares
#mobile_Care
There's been an outage every morning now. I am working from home and need internet to work!",comcastcares
1835083,2017-10-18 13:19:01,550366,@115873 Can your support team sort out the issues about my account.2 months and counting going through this back and forth😤,Uber_Support
1908285,2017-10-18 13:21:54,359274,Good job @Delta https://t.co/h6HYNxedRT,Delta
440967,2017-10-18 13:22:58,219622,"@120540 affida le spedizioni con Prime a PosteItaliane che mi chiamano chiedendo di andare A RITIRARE IN POSTA IL PACCO.
Male eh.",AmazonHelp
1834646,2017-10-18 13:25:23,550260,@SpotifyCares why are you charging me $9.99 when I’m still a student? I didn’t change anything.,SpotifyCares
2004245,2017-10-18 13:32:07,320279,"@AppleSupport plz help, “system” taking more than half of my phone’s storage https://t.co/i1KyoGs3Pa",AppleSupport
1860217,2017-10-18 13:33:38,556101,@AmazonHelp Thanks have forwarded it on 😊,AmazonHelp
1891883,2017-10-18 13:38:04,564139,@Uber_Support hi can you stop ignoring my dms please?,Uber_Support
1834286,2017-10-18 13:40:10,384410,@AmericanAir @9554 Why is it not possible to upgrade just one leg of my flight from coach to business class?,AmericanAir
1905657,2017-10-18 13:43:11,567853,@AmazonHelp @115850 waiting for response https://t.co/cySIEbWvns,AmazonHelp
1835043,2017-10-18 13:44:53,550358,"@AppleSupport ever since your latest iso update my 7+ keeps freezing, apps won’t load or freeze when they do, I’ve lost names to some of my contacts, and it’s generally running crap. I’ve done all your little updates since then but they have done nothing to fix my issues!",AppleSupport
1903355,2017-10-18 13:49:08,567227,"@AmazonHelp Hi, I ordered 4 books and was emailed all had been dispatched together. Opened parcel today and only 3 of the books were there?",AmazonHelp
1904451,2017-10-18 13:51:03,567528,Beautiful #sunrise in #Denver this morning! @SouthwestAir IAD-DEN-PDX https://t.co/r6y5yYon7u,SouthwestAir
1904386,2017-10-18 13:52:06,298631,@VirginTrains Why did I not know about prebooking car park spaces? How does it work? Do I get an exit code? (Park at Preston regularly).,VirginTrains
1834363,2017-10-18 13:53:29,550212,@115913 @115911 @116602 @133673 @222162 We are long time T-Mobile customers do we get Netflix for free to?,TMobileHelp
1913701,2017-10-18 13:53:41,570036,Dear Robin @Delta Detroit “red coat” - many thanks for finding a way to get me to Spokane. Arrived safe. Appreciate your efforts!,Delta
1835287,2017-10-18 13:53:49,550404,"Hey, @116333 what is it?😐 #ios1103 https://t.co/LnjVlto9VM",AppleSupport
1912724,2017-10-18 13:54:44,569744,@115850 Callled up your call centre; 19 mins of call and no headway. Am just trying to be a good citizen by returning what doesnt belong to me,AmazonHelp
1835080,2017-10-18 13:54:49,550366,@Uber_Support I have done that over and over again.... no joy......,Uber_Support
1920032,2017-10-18 14:03:56,571599,@AppleSupport yo i just bought this iPhone 5 months ago and iOS 11.0.3 drains my phone faster than 11.0.2 or below did what’s up with that,AppleSupport
1899853,2017-10-18 14:04:25,442162,@AmazonHelp Received,AmazonHelp
1916347,2017-10-18 14:10:50,570798,@115850 I lost rs 2.5k worth gift voucher becoz of wrong info provided by amazon customer suppprt. I have chat details. Whoom to contact?,AmazonHelp
1913503,2017-10-18 14:11:30,569970,"Had a gun pulled on me , in my uber ... Neh I am/was SHOOK",Uber_Support
229214,2017-10-18 14:12:09,170667,@AppleSupport @170664 Lmao they actually responded,AppleSupport
1906478,2017-10-18 14:12:43,210503,Shoutout @116450 and @AmericanAir for these mileage redemptions.  Saved me thousands!,AmericanAir
1919931,2017-10-18 14:15:42,571577,Cuenta la leyenda que el micro me llegará algún día. No veas... pedir por @116928 es un suplicio no saber cuando llega el pedido xD,AmazonHelp
1835032,2017-10-18 14:18:13,550355,@550356 @121907 @115888 @SpotifyCares,SpotifyCares
1912630,2017-10-18 14:22:54,569714,@AmazonHelp Kindly take action from your end since your name is used. Report immediately before customers are duped.,AmazonHelp
1923166,2017-10-18 14:24:30,572468,@AppleSupport Hi! Breathe notifications has gone since watchOS 4? Enabled all the sources and toggles. Nothing happens anymore.,AppleSupport
1912624,2017-10-18 14:28:36,306287,@AmazonHelp Already I have reported my issue so please help,AmazonHelp
1835480,2017-10-18 14:31:58,550446,iOS 11 draining battery like shit #apple #fixit @115858 @AppleSupport,AppleSupport
1918987,2017-10-18 14:34:00,571474,@Uber_Support Pls respond,Uber_Support
910622,2017-10-18 14:36:03,336286,@AmazonHelp if you not able to deliver today then cancel the product and also creadit the amount with interest #@115851,AmazonHelp
1019530,2017-10-18 14:41:47,361235,@AmazonHelp Thank you so much.,AmazonHelp
1834990,2017-10-18 14:41:48,550293,@SouthwestAir Thank you,SouthwestAir
1916673,2017-10-18 14:42:55,570884,@AppleSupport @115858. You think I’ve not tried all the options. Even gone to the store. Everyone keeps passing the buck,AppleSupport
1835028,2017-10-18 14:47:36,550355,@SpotifyCares hereๆๆๆๆ https://t.co/uGibEIJi2L,SpotifyCares
1929830,2017-10-18 14:47:49,195293,@115913 I have a question about a payment arrangement I have set up on my account,TMobileHelp
1919807,2017-10-18 14:49:51,177529,"@AmazonHelp guys, we're hitting anxiety levels over here. I got books 1, 2, &amp; 4... #3 is in shipping limbo. Please help. https://t.co/5JU4fbc8j6",AmazonHelp
1835459,2017-10-18 14:50:01,550443,My phone dies at 98% what kinda fuckery apple on @115858,AppleSupport
1835174,2017-10-18 14:53:34,550381,@AmericanAir You guys really have to squeeze another $25 out every customer. Bad look.,AmericanAir
1919929,2017-10-18 14:55:22,571577,@AmazonHelp Ese es el número de pedido.,AmazonHelp
1929589,2017-10-18 14:59:55,574195,@115858 I have to constantly restart my phone.,AppleSupport
1834993,2017-10-18 14:59:59,179272,"@Delta @550350 Actually, this is just a PR firm hired by Delta, and not corporate,  so I not sure these words mean much",Delta
1339138,2017-10-18 15:01:09,432369,@115877 might actually take the 1st spot for worst #customerexperience away from #Comcast. Baffling. #UberEats #Uber #Boston #FAIL,Uber_Support
1714213,2017-10-18 15:02:19,519115,@AmazonHelp @130687 ...si lo sé qué viene por seur no lo compro. Siempre me pasa igual con sus repartos es desesperante.,AmazonHelp
1835272,2017-10-18 15:07:04,550401,@AppleSupport Ok I think I can remove it now but why won’t even accept my card it keeps giving differ reasons on it won’t work,AppleSupport
1922855,2017-10-18 15:07:32,572407,@AmazonHelp 👏🏼👏🏼,AmazonHelp
1950174,2017-10-18 15:13:51,579262,@117086  eu tE amo.....mas as vezes vc me deixa triste 😞,AmazonHelp
1932673,2017-10-18 15:16:52,435857,"Has Apple made any kind of announcement of when Apple Watches become “obsolete”? Is it 5 years like Mac?
CC @AppleSupport",AppleSupport
1936885,2017-10-18 15:17:18,201656,@115888 can you please not put up the ad with the girl bending over?,SpotifyCares
1930062,2017-10-18 15:21:29,574345,"Flight out of CR delayed to 12:22. Supposed to connect in Chicago at 1:30. Lol, thanks @AmericanAir.",AmericanAir
1875543,2017-10-18 15:21:47,559906,@AmazonHelp Stop giving standard replies I told you I've already entered the details in the link but it's not resolved for god's sake,AmazonHelp
1911241,2017-10-18 15:22:14,118543,"@569350 @VirginTrains Oh I know only too well! 14,000 miles &amp; 5 years later makes me an expert on how bad this company is at treating their customers 👊🏼",VirginTrains
1835676,2017-10-18 15:23:25,550488,"My SE battery life has gone to pot, please fix, will not stay charged! @applesupport 11.0.3 battery",AppleSupport
1932547,2017-10-18 15:25:20,341647,When you have @AmazonHelp prime and chose the option for it but it still takes 5 days to get it delivered. k,AmazonHelp
1954841,2017-10-18 15:28:32,580270,Lil eat eat before da flight @delta sky club .... #skyclubluck #djlife #onestructuredjs… https://t.co/ntlWAHczHk,Delta
1936449,2017-10-18 15:31:50,576118,@115821 my account has been hacked &amp; the hackers changed my password.  What do I do?,AmazonHelp
1836147,2017-10-18 15:34:02,550583,"@Uber_Support That link didn’t take me anywhere 2 send a note,it was a link trying to explain how prices work I don’t need that bcuz $10 increase is crazy",Uber_Support
1971513,2017-10-18 15:35:10,583982,Now @116136 says I never returned equipment. I have my receipt from January. Ridiculous.,comcastcares
1834362,2017-10-18 15:35:33,408750,@TMobileHelp @550212 @115913 Why can’t we get it on a promo Tmobile one plan? I would like to partake also,TMobileHelp
1939237,2017-10-18 15:37:00,576845,Had nothing but problems w this newest IOS update 👌🏽@115858,AppleSupport
1932372,2017-10-18 15:40:19,575039,@AmazonHelp I need you to explain to my Engl prof that my book is 2 days past guranteed delivery date &amp; that's why my readings aren't done😂😭,AmazonHelp
1905751,2017-10-18 15:48:06,567880,@AppleSupport iPhone 7 128gb with iOS 11.0.3.,AppleSupport
1936496,2017-10-18 15:50:10,576130,"@AmazonHelp Già segnalato,sono in attesa di risposta grazie!",AmazonHelp
1836077,2017-10-18 15:51:59,550570,@SpotifyCares hey every time i try to play music thru the app on my computer it won't let me but i can listen on my phone or on the web,SpotifyCares
1835656,2017-10-18 15:52:55,550483,"@115873 urs is such a pathetic service with no instant solution as a customer can't ring u to get an immediate help in emergency, u need mail",Uber_Support
991700,2017-10-18 15:53:27,326607,"@AmazonHelp Refund actioned, £40 gift card given even though I've been out of pocket for taking 4 days waiting in for a delivery. Absolutely shameful CS",AmazonHelp
1936726,2017-10-18 15:54:51,576183,@AppleSupport And the volume is all the way up/nothing muted,AppleSupport
1836629,2017-10-18 15:56:40,162732,"I will never fly @Delta again. Absolutely inept. From gate agents, to stewardess, to baggage handler, every person unhelpful &amp; combative.",Delta
1836062,2017-10-18 15:57:24,550566,"@SouthwestAir I’m gathering suppliesneeded in Puerto Rico from ABQ, would SW be interested in helping by allowing us to take whats gathered?",SouthwestAir
1950445,2017-10-18 16:01:34,579319,@115821 mi funko para cuando?,AmazonHelp
1937453,2017-10-18 16:05:19,576368,@VirginTrains St Neots to Leeds.,VirginTrains
1945247,2017-10-18 16:06:23,183262,@AmericanAir #195 #Orlando to #Miami after a great #LatamSummit https://t.co/HmPJBMNce7,AmericanAir
1872022,2017-10-18 16:06:47,481701,@AmazonHelp Can you send a detailed email on this.?,AmazonHelp
1955505,2017-10-18 16:07:42,580405,@AppleSupport @115858 Bought an iPhone 8 Plus launch day and my battery life is terrible,AppleSupport
1956382,2017-10-18 16:11:17,580600,ios 11.0.3 is the worst update ever!!! My phone is draining 🔋and everything is crashing and unstable! NOT COOL! 🆘 @118936 @AppleSupport,AppleSupport
1943988,2017-10-18 16:15:05,577934,Natural disaster? @AmazonHelp ? Delayed by weather? It's bright and sunny here. WTH? Will I get it today? https://t.co/EFqreIHaNX,AmazonHelp
1906131,2017-10-18 16:15:52,158665,@Uber_Support And her car was flighty and smelled and she was rude,Uber_Support
1836650,2017-10-18 16:18:17,550688,@78962 @550689 @115858 My WiFi and Bluetooth keep turning on by themselves and it drains tf outta my battery,AppleSupport
1943704,2017-10-18 16:22:26,273853,Did anyone else pre-order the new @212203 game on @115821 months ago and not get it? Sad.,AmazonHelp
2041267,2017-10-18 16:25:59,603549,@115888 please tell us how to add certain artist to a #spotifyradio station.,SpotifyCares
1412789,2017-10-18 16:26:59,187675,@219639 @AppleSupport You’re welcome Lucas. It’s the same for bluetooth as well 👍,AppleSupport
1955271,2017-10-18 16:28:56,580358,"@AmazonHelp I have been refunded Rs. 1 for my order of Rs. 786! Order No. 408-3311289-4773115
Plz let me know the status of my refund ASAP!",AmazonHelp
2045116,2017-10-18 16:30:20,604791,@comcastcares These were attempts through DM. I have the records.,comcastcares
1952091,2017-10-18 16:32:16,475925,@TMobileHelp Who really keeps a smart phone 12 months? And if they do it’s only if they buy it at the exact launch date.,TMobileHelp
1838006,2017-10-18 16:34:03,550971,So many bugs in iOS 11. Appstore is asking me password for an appleId different from the one in settings-&gt; iTunes &amp; App Stores @AppleSupport,AppleSupport
1932394,2017-10-18 16:37:39,370614,@AmazonHelp Which email id have you sent it?,AmazonHelp
1951759,2017-10-18 16:42:24,579616,@VirginTrains 10.30am Birmingham to London Euston,VirginTrains
1943987,2017-10-18 16:42:36,577934,"@AmazonHelp I just did but it was Amazon who promised it yesterday then promised it today. How did a PS4 disc get delayed by two, now three days?",AmazonHelp
1965986,2017-10-18 16:42:36,582719,@115858 are SO frustrating this latest update has fucked my phone DO NAAAT UPDATE,AppleSupport
1951194,2017-10-18 16:47:49,579490,@Delta DL459!,Delta
1956941,2017-10-18 16:48:12,309593,@115873 your company changed the life but support team looks like an automated machine which ans without understanding situation. Horrible,Uber_Support
1955929,2017-10-18 16:50:30,580496,"@AmazonHelp Contacted 3 time, first said changed it but after 2 weeks still says old address. Contacted today, told it can’t be changed and only 1/2",AmazonHelp
1970803,2017-10-18 16:51:03,583775,@115888 I can’t listen to my music offline when your app repeatedly deletes my music and makes me redownload it twice a week https://t.co/b6fZ9J5uHx,SpotifyCares
1958160,2017-10-18 16:51:10,580964,@SouthwestAir thanks for canceling my flight! Get to get a zero on my exam now 😭,SouthwestAir
1955523,2017-10-18 16:52:51,580412,Hey @115858! Fix iOS11... Constant app crashes on my iPhone 8 Plus...,AppleSupport
1936436,2017-10-18 16:55:21,576116,@AmazonHelp Oui mais bon dans mon cas une rue très proche a un nom très similaire et cela risquerais de provoquer une confusion. De plus,AmazonHelp
1962373,2017-10-18 16:56:15,581897,@AmericanAir I'll admit this is the most 'speak to manger' annoying comment I've ever made but it was so bad - flight attendants had to mime drink offers https://t.co/d3F3qwEtVA,AmericanAir
1897893,2017-10-18 16:59:30,544654,@AppleSupport hi it's an old iPhone 4s and iOS 7.1.2 . Thanks,AppleSupport
1886046,2017-10-18 17:01:03,167740,"@AmazonHelp Not browsing on the app. As I explained, I was using your mobile web page.",AmazonHelp
1965893,2017-10-18 17:07:29,580376,"@118919 
Got a damaged TV delivered today. Amazon is not replacing it and refunding the sale amount. Which is cheating I exchanged tv",AmazonHelp
1973658,2017-10-18 17:11:52,584502,"@AppleSupport Gros problèmes depuis la mise à jour, lenteur, beug de lancements message via appel, batterie... quid?!",AppleSupport
1881675,2017-10-18 17:13:07,561530,@AmazonHelp Finalmente me ha llegado esta tarde. Muchas gracias!!,AmazonHelp
1848932,2017-10-18 17:15:40,343137,"@115888 @117168 Really disappointed with the Customer Service. No effort was made to retain a long time customer and early adopter. Clearly, this was a bad app update that corrupted the Spotify database on my phone. https://t.co/nJy4pdqr46",SpotifyCares
1966416,2017-10-18 17:17:54,582780,"@115873 , each time they charge me R70 to cancel",Uber_Support
1961175,2017-10-18 17:18:42,580358,@AmazonHelp I did try calling. Call did not get through!,AmazonHelp
1950503,2017-10-18 17:21:56,579331,@AppleSupport It worked! Thanks!,AppleSupport
1955319,2017-10-18 17:23:11,487094,@AmazonHelp Didn't have a chance to yesterday.,AmazonHelp
1967040,2017-10-18 17:24:09,196808,Hey @115911 you guys f$&amp;! Suck,TMobileHelp
1966727,2017-10-18 17:24:31,120576,"@VirginTrains @482725 Hi Jane, I think you may have been travelling with the @149229 team today. We'll make them aware for you. ^JC",VirginTrains
1899827,2017-10-18 17:27:15,472988,@AmazonHelp @115850 @118919 How many times will I return Your email does not even reach reply,AmazonHelp
1966059,2017-10-18 17:28:36,155404,@AppleSupport But it is or was connected at some point.,AppleSupport
1970969,2017-10-18 17:28:57,583811,@824 @307531,Delta
1955291,2017-10-18 17:31:47,580362,"Amazon Prime's not what it was. Next day delivery, but 6.30pm and still no sign of a parcel that's been 'out for delivery' since 11am.",AmazonHelp
1980910,2017-10-18 17:32:56,586379,hello @115858 how come my phone only works 40% of the time i am growing very angry,AppleSupport
1971097,2017-10-18 17:35:12,583852,@AmericanAir why have I been shuffled around since 10 this morning and WHY have I been on hold for the past 35 minutes https://t.co/r3psm2ME7L,AmericanAir
1936477,2017-10-18 17:39:07,576125,"@AmazonHelp Thanks. But I am afraid that for placing a claim,  my order delay more. The Puerto Rico Power is off since Hurricane Maria. Need inverter 😟",AmazonHelp
1837064,2017-10-18 17:40:44,550780,@SpotifyCares Hi there. Already tried that twice.,SpotifyCares
1976892,2017-10-18 17:42:40,585408,"Hey @115858, any reason why I have 2 volume icons? Thought you guys were eliminating the annoying center display? 🤷🏻‍♀️ https://t.co/1a4vcJMvWb",AppleSupport
1973513,2017-10-18 17:43:33,584462,"@116935 when will we be able to ""play on alexa"" within the music app, without Bluetooth pairing? Akin  to airplay",AmazonHelp
1837995,2017-10-18 17:44:55,550969,"@comcastcares Internet outage 4 times in 3 days, and I can't even get a reason why when I call? Puts me back considerably for work.",comcastcares
712569,2017-10-18 17:46:04,290410,@Delta Yes ir tells me it has ended,Delta
1973423,2017-10-18 17:48:04,584440,"@AmazonHelp I am not able to add money in amazon pay. 
Error- temporarily locked, contact customer service",AmazonHelp
1966415,2017-10-18 17:50:23,582780,@Uber_Support I finally made it.A brave drive came.I don't have a problem if the driver is scared but don't accept then ask me to cancel because ur scared,Uber_Support
1973637,2017-10-18 17:52:05,584498,@AppleSupport My phone keeps turning off randomly. And my finger print hardly unlocks my phone now.,AppleSupport
1973468,2017-10-18 17:52:42,584452,@AmazonHelp Says tomorrow but it was dispatched yesterday and the Woman I spoke to on the phone rang Royal Mail and said today so I waited all day.,AmazonHelp
1974413,2017-10-18 17:55:27,584701,@virgintrains are a different world to @120870 Luxury.,VirginTrains
1950453,2017-10-18 17:56:35,579320,@AmazonHelp Thank you. I really appreciate it.,AmazonHelp
1837944,2017-10-18 17:59:26,405409,@TMobileHelp Rep Kaylee of Meridian Idaho said a certain feature would be removed on a certain date but did not happen… Fail,TMobileHelp
1976615,2017-10-18 18:02:05,585337,"@AmazonHelp 27. Mas é que sempre chega em 4/5 dias, aí tô achando estranho que não atualizou mais.",AmazonHelp
1976593,2017-10-18 18:04:44,233279,@129773 Do you know when Vikings season 5 is coming to Prime?,AmazonHelp
1837535,2017-10-18 18:05:58,550875,"@AppleSupport Originally apple was made user friendly, now I think the main aim is to make people use iCloud. So we just pay more all the time. Not for me",AppleSupport
1977196,2017-10-18 18:07:26,585501,@Delta Sent. Thanks.,Delta
1983533,2017-10-18 18:09:43,587120,@115830 absolutely fuming the customer service I have received is terrible email about this is been sent to Doug Gurr,AmazonHelp
1838776,2017-10-18 18:12:23,551109,@SpotifyCares yet the adress doesn't seem to be the same. Can you help me? Is there any way to change the adresses on both accounts? cheers! 2/2,SpotifyCares
1837870,2017-10-18 18:14:28,550939,@AppleSupport I am in Austria (Österreich)!,AppleSupport
1990597,2017-10-18 18:14:56,589106,@119983 @115873 @80107 @Uber_Support,Uber_Support
1976625,2017-10-18 18:17:30,186698,@AmazonHelp Why? It’s not money!,AmazonHelp
1981547,2017-10-18 18:19:36,584235,"@AmericanAir If it was ""there's a 15% cancellation fee"" that would be one thing. Heck, even a reasonable thing. What you're doing is piracy.",AmericanAir
1614911,2017-10-18 18:23:04,495337,"@AppleSupport the pictures in my gallery now take time to load ? sometimes it doesn’t even load, it just stops and the pic appears blurry https://t.co/DtG9VEMxjx",AppleSupport
1983633,2017-10-18 18:24:08,587141,"Ernsthaft @116316, drei Mal in Folge eine Vorbestellung nicht zu Releasetermin bekommen. Bietet es nicht an, wenn ihr es nicht schafft!",AmazonHelp
1984886,2017-10-18 18:26:12,587513,"@SouthwestAir wanna help a girl get to LA for the biggest opportunity in my life, ever ?! 😭😭😭",SouthwestAir
1983616,2017-10-18 18:28:20,587138,Hey @115830 what you playin at? https://t.co/4LL30JpJRb,AmazonHelp
1837252,2017-10-18 18:29:29,549196,@AppleSupport I just DM’d you. And I deleted the screenshot once I realized what I had done. Thank you for your help.,AppleSupport
1838020,2017-10-18 18:31:19,329300,"@TMobileHelp @115913 Oh*DanKing Cant have signal booster at work, I already have one at home where I have equally shitty service #beentheredonethat #tmobilesucks https://t.co/G0Fzb5ihYj",TMobileHelp
1976727,2017-10-18 18:34:59,584423,@AmazonHelp Thanks for your reply! I just got an email from from Amazon which is very helpful!,AmazonHelp
1838258,2017-10-18 18:35:54,551014,@SpotifyCares the spotify version on the iphone is 8.4.22.515,SpotifyCares
1837873,2017-10-18 18:36:50,550939,@AppleSupport DM? What do you mean???,AppleSupport
1983628,2017-10-18 18:41:57,217514,@AmazonHelp i can change the email and password back to my own please this is incredibly urgent,AmazonHelp
1984282,2017-10-18 18:42:36,587353,Delta offers pink lemonade for $2 that all goes to breast cancer research. Good job @Delta https://t.co/DtiFLjuhZK,Delta
1614964,2017-10-18 18:43:14,495350,@296627 @115858 Yup! My phone used to last all day now I charge it about 3 times.,AppleSupport
2008891,2017-10-18 18:47:34,200893,@115877 Why can’t I buy food? Keep getting an error,Uber_Support
1983532,2017-10-18 18:48:18,587120,@AmazonHelp Can someone contact me please been on the phone over an hour,AmazonHelp
1986723,2017-10-18 18:52:50,240957,@AmericanAir 2.5hrs on phone bec ur havin issues w/amex seats gone -catherine #050540 couldnt give us  $23 upgrade comp!!! thx @Delta,AmericanAir
1987580,2017-10-18 18:53:46,324262,Don’t fly @SouthwestAir DONT DONT DONT,SouthwestAir
1983535,2017-10-18 18:54:56,587120,@AmazonHelp Where do I start faulty kindle was sent a replacement that didn’t work said I couldn’t register. Called back last week on phone over an hour,AmazonHelp
1990407,2017-10-18 18:55:08,589051,"@AppleSupport SOS, is this legit.. my phone beeped but idk if it was this app.. and my phone has been freezing recently 😭 https://t.co/o3sqPnqJaY",AppleSupport
1990184,2017-10-18 19:02:00,588986,"Yes, @115830 I am looking for something from your lightbulb store - the bulbs that I ordered over a month ago that still haven't arrived https://t.co/VubbSl8Nez",AmazonHelp
1838409,2017-10-18 19:02:46,551045,@Uber_Support @Uber_Support atleast try to get my no from ur database by searching my name r ur db guys good for nothing,Uber_Support
1838837,2017-10-18 19:03:06,136417,Ever since the last iOS update from @115858 podcasts &amp; @127110 apps keep being interrupted by Siri or Voice Control every 30seconds!,AppleSupport
1974521,2017-10-18 19:03:19,118709,@comcastcares Problem has been solved. Thanks. But English as 2nd language is the current Comcast M.O..  Offshore customer service is bad service.,comcastcares
1991300,2017-10-18 19:05:28,589318,"@AmericanAir Yeah that is not going to suffice. He was rude, brusque, and threatening. Refused to tell me his name. Will never fly AA again.",AmericanAir
1993327,2017-10-18 19:09:26,589912,@117795 hi my orders keep cancelling by themselves and I’m not being alerted. Why is this?!,AmazonHelp
1838677,2017-10-18 19:13:20,487239,@AmericanAir I wish I had a link to where you could kiss my ass...I would paste it right here.,AmericanAir
1972499,2017-10-18 19:13:22,584230,@SpotifyCares Will you reply to my dm!,SpotifyCares
1881607,2017-10-18 19:14:01,561514,@AmazonHelp Il faut le temps que les mises à jour se fassent pour savoir ça 🤓,AmazonHelp
1849115,2017-10-18 19:18:03,553658,"@AppleSupport Hi, I'm using iPhone 8 plus and after the recent update I'm having issues with network connectivity.",AppleSupport
1991621,2017-10-18 19:19:20,448165,@VirginTrains thank you. I think I can trust you again now 😉,VirginTrains
16877,2017-10-18 19:20:16,119703,@AmazonHelp @119704  https://t.co/rUjHdeMm9G,AmazonHelp
1848558,2017-10-18 19:25:34,553166,@115913 @115725 @115911 I know Netflix comes with T-Mobile. Do you all still do Wednesday giveaways? I'm trying to see what perks @115911 offers.,TMobileHelp
2009969,2017-10-18 19:28:29,594350,"@1384 do you accept sodexo cards as payment? Not vouchers, swipe cards",AmazonHelp
1849013,2017-10-18 19:29:19,553635,@AppleSupport - since ISO update there is a bug when writing in some apps where I can’t see the words typed - hidden behind the keyboard,AppleSupport
1751893,2017-10-18 19:34:52,527817,@AmazonHelp nope,AmazonHelp
1849144,2017-10-18 19:35:21,553667,@115858 tell you what mate your IOS11 update is proper shit.... imagine paying £1000 for a phone that freezes about 30 times a day. MUGS,AppleSupport
1848644,2017-10-18 19:38:13,250907,@115873 your in app support is just giving me form messages and not really reading what I'm saying. How do I talk to a real person?,Uber_Support
896725,2017-10-18 19:41:12,332953,@AmazonHelp 2/2 Then tried to find a solution to problem before realising it is not something I can resolve. Need to replace/refund. Can you advise?,AmazonHelp
2023402,2017-10-18 19:42:12,598414,@DELTA oh and it appears the second leg of the flight the seats I picked aren't there either. She's not assigned yet.. this will not work,Delta
2005971,2017-10-18 19:43:42,593200,@AmericanAir does the email I just received about Sprint mean the T-Mobile free in-flight texts have gone bye-bye?,AmericanAir
1849135,2017-10-18 19:47:08,249116,@AppleSupport @115858 battery draining quickly in ios 11.0.3 please help in downgrading to ios 10.3.3,AppleSupport
1848577,2017-10-18 19:50:16,553534,@SpotifyCares I have just got it! ❤️,SpotifyCares
1751927,2017-10-18 19:51:21,527822,@AmazonHelp My husband has spent hours today trying to get the credit we were promised. Only to order again and AGAIN be let down.,AmazonHelp
2008469,2017-10-18 19:52:55,593909,@AppleSupport ipad mini 2 runs slow as hell after each iOS 11 update. 🆘 help!,AppleSupport
2004850,2017-10-18 19:53:25,588974,"@AmazonHelp je ne peux changer l'adress alors, je ne peux pas recevoir mon commande. Mais sur amazon dit que j'ai la reçu. Je n'ai pas mon coli.",AmazonHelp
2008833,2017-10-18 19:58:45,548887,@Uber_Support @Uber_Support uber?,Uber_Support
2026113,2017-10-18 19:59:22,599157,Over Greenland LHR-BOS #wingseatwednesday @566374 @121909 @Delta https://t.co/hycnwGoJf1,Delta
2010061,2017-10-18 20:00:15,594375,"@AppleSupport Sure, let me wait 3-4 days for help … Thanks for nothing 🙄",AppleSupport
16873,2017-10-18 20:03:01,119703,@AmazonHelp Do u think it's just normal happening???this is real happened with me...do you still think it's not worth to show quality of product,AmazonHelp
1955487,2017-10-18 20:09:46,258013,@AppleSupport I thought at first it was a Fitbit problem but as Garmin users having same problem I wondered whether it was in the iOS11 update itself,AppleSupport
1849658,2017-10-18 20:09:57,553783,I got an @115873 to relax &amp; enjoy the ride &amp; instead I’m in a decades old Corolla having to play navigator.😒 #SanFrancisco #Uber #UberProblems,Uber_Support
2002080,2017-10-18 20:11:55,592006,"@SouthwestAir Nope. Our flight home was delayed a couple of times and we landed around midnight. Wife didn’t notice until next day, she told me today",SouthwestAir
1849229,2017-10-18 20:17:33,553689,@115900 the wost customer serviceI i have ever had to deal with. You would think with the money you spend they would at least try to help.,comcastcares
1783426,2017-10-18 20:18:15,535840,"@AmazonHelp No carrier tracking has been updated today. now expected by 8pm TOMORROW, 10/19. two days later than originally scheduled..",AmazonHelp
1856889,2017-10-18 20:20:00,287348,@SpotifyCares after all this trouble w u canceling my account? Have now double paid and am hearing commercials? Only shuffle access?,SpotifyCares
2012099,2017-10-18 20:21:15,594968,@AppleSupport hi! I would like to know which email I can complain about the bad support service. Thanx,AppleSupport
414326,2017-10-18 20:21:39,213867,"More than one dimension, if you didn't know, they'll found out real quick. Bye Felicia https://t.co/tD3QhxOwVU",TMobileHelp
2028852,2017-10-18 20:24:12,599970,@Uber_Support @115873 how do I get in contact with you?! A driver gave my number out and I'm getting calls nonstop!! 😡,Uber_Support
2020997,2017-10-18 20:30:02,442903,Great job on the remodeled @129841 Admirals Club! Looks great. @AmericanAir,AmericanAir
2008914,2017-10-18 20:30:27,594032,@Delta No worries. I hope to get my #jfk #fra connection #dl0004 ... Should be okay though.,Delta
2008289,2017-10-18 20:30:57,593855,@AmazonHelp I have and was told somebody would be in touch with me...in several days.,AmazonHelp
1831688,2017-10-18 20:36:52,549590,@AmazonHelp The options you mention don't appear in the menu. I just want the seller to refund my money. I don't want the product anymore.,AmazonHelp
1598074,2017-10-18 20:37:21,490863,Anyone with an iWatch Series 1 experiencing problems with notifications not showing up?? #Apple @AppleSupport,AppleSupport
1950130,2017-10-18 20:42:37,579254,@AmazonHelp When you say ‘set up’ please can you elaborate? Presumably it does more than detect compatible devices somehow?,AmazonHelp
2020089,2017-10-18 20:47:16,553853,@AppleSupport https://t.co/E70UNk9TdZ,AppleSupport
2019995,2017-10-18 20:48:46,597349,@AmazonHelp Then I received an email saying that I was only receiving a refund for 1 item. I called back and was told it's against your policy to refund,AmazonHelp
2020350,2017-10-18 20:51:46,579734,@Uber_Support I am unable to log in to my account because i lost access to my old phone and 2factor authentication is enabled.,Uber_Support
2023103,2017-10-18 20:55:22,328341,Envoyez moi qq en dm tt de suite jv tt casser @120533,AmazonHelp
1849557,2017-10-18 20:55:26,553771,I can hold my breath longer than my iPhone battery holds a full charge @115858,AppleSupport
1849753,2017-10-18 21:03:52,553803,@115858 my music isn’t being displayed on my lock screen. #help #apple #fix #lock #screen #Trump2020ElectionSlogans #PrayforGordonHayward #no https://t.co/5wDodNuqPa,AppleSupport
2019827,2017-10-18 21:05:46,597298,@AmazonHelp @115821 have you read the review comments? Tell which part doesn’t meet guidelines ?,AmazonHelp
2026429,2017-10-18 21:07:04,599245,@AmericanAir  USD3.200 por viaje stgo/taipei/Tko/stgo El último tramo... tripulante me tira un poleron mientras dormía no tenían mantas 😡😡😡,AmericanAir
2016005,2017-10-18 21:07:34,121208,"@VirginTrains But the announcer didn't. Going ""forward"" to Stoke... Train announcements much better in clear and consistent English.",VirginTrains
228800,2017-10-18 21:08:18,170566,@TMobileHelp Already returned phone and was told I wouldn’t be charged....now I’m dealing with collections and it’s just depressing,TMobileHelp
1850433,2017-10-18 21:08:47,541175,at this point I just want y'all to see my idea @SpotifyCares https://t.co/UT1TeUSRFu,SpotifyCares
1786648,2017-10-18 21:13:38,536762,"@AmazonHelp Buenas tardes, siguen enviándome el mismo mail, y sin contactarme",AmazonHelp
1849987,2017-10-18 21:14:17,553865,@AppleSupport is there a fix for reading list not being available offline (iPad Air latest iOS). V frustrating. https://t.co/mmylwDOyUv,AppleSupport
2020491,2017-10-18 21:17:08,597525,@Delta no thanks. I just booked on southwest.,Delta
2029593,2017-10-18 21:18:27,435942,"I fell in love with Chicago, already planning a trip back 😩 🏙",SouthwestAir
389934,2017-10-18 21:19:45,208319,@AmazonHelp Just gone to link. My account is wiped! No history of 9 years of shopping wtf??,AmazonHelp
1849805,2017-10-18 21:20:07,173162,@115900 Had a great customer experience with Delaney.  She resolved my issue and was very friendly.,comcastcares
2025991,2017-10-18 21:21:26,599128,"@Uber_Support Why, still waiting for reply from last pickup debacle when it took driver 20 minutes to get to pickup, after initially showing 2 min.",Uber_Support
2031208,2017-10-18 21:23:40,600613,Ever since i updated my iphone this shit been freezing what the fuck @115858 yall really trying to force that weak ass 8 onto people,AppleSupport
1384457,2017-10-18 21:26:25,150460,@AmazonHelp Use it again and it isn't working.,AmazonHelp
1850124,2017-10-18 21:33:54,553893,@AmericanAir I spoke to your customer service about becoming a standby customer for an earlier flight but was told I would be charged.,AmericanAir
1850242,2017-10-18 21:34:42,162463,"@AppleSupport That is not the worst of the issues, but my battery might die before I can tell you them all because I have 4 hours of usage per day now. 😡",AppleSupport
1993280,2017-10-18 21:35:25,589901,"@AmazonHelp The thing is, there is no delivery date as of release but prior to release myself and everyone complaining on Reddit and Ubisoft forums has",AmazonHelp
2033648,2017-10-18 21:39:02,601318,Yo @AppleSupport your app Dominations over charges me ten bucks when I buy then when I dispute the charge u lock me out my acct?  Congrats!  I'm never buying apple anything again and I was dropping hundreds a month on ur stupid games!,AppleSupport
2031123,2017-10-18 21:42:31,600590,So viewing Amazon Originals yesterday no https://t.co/0EbkSChq6h app update removes access rights in my country? Awful service @116618,AmazonHelp
2042486,2017-10-18 21:46:14,603972,Still waiting on @115873 to update their maps so my address is correct for their drivers.,Uber_Support
2033599,2017-10-18 21:50:32,601308,@AppleSupport the iOS 11 update causes a prob w @126 My screen froze looking at photos and the back button wouldn’t go to my acct 1/1,AppleSupport
2033404,2017-10-18 21:50:33,601254,@AmazonHelp First time getting Amazon prime and the first item i order hasn't shipped within 2 days. Why?,AmazonHelp
1850833,2017-10-18 21:57:15,554042,Is it just me or does @115888's Desktop app volume blow,SpotifyCares
2031914,2017-10-18 21:57:16,600840,@comcastcares No in house on box model MR150CNm will not contact the On demand server,comcastcares
2036875,2017-10-18 21:59:47,125567,"@AppleSupport my phone isn't responding at all, with buttons or screen. What do I do?",AppleSupport
1993285,2017-10-18 22:00:05,589901,@AmazonHelp I've already contacted support yesterday and received nothing helpful. I will try again though.,AmazonHelp
2037563,2017-10-18 22:01:43,593198,And weather is like it usually always is there - @americanair pilot,AmericanAir
1850304,2017-10-18 22:01:51,418403,@115913 when your so upset you have to spend your study time tweeting a CEO who will probably never see this hoping he'd help,TMobileHelp
2033977,2017-10-18 22:04:37,601403,"Really, @Delta? Really? https://t.co/wV8EiLVAyq",Delta
2037938,2017-10-18 22:06:18,602567,@SouthwestAir is having a sale. Who’s down for a quick weekend get away?,SouthwestAir
1990470,2017-10-18 22:08:46,312390,"@AppleSupport Yes, but it did’nt fix the issue. Oh well, maybe the next one will.",AppleSupport
2033386,2017-10-18 22:17:12,601253,@AmazonHelp  https://t.co/0bb9G6t57q,AmazonHelp
1912919,2017-10-18 22:18:14,569804,@AppleSupport Yes. Its just been 2 months for this phone. It worked well in iOS 10. It’s after updating to iOS 11,AppleSupport
2037529,2017-10-18 22:26:57,602457,"@AmericanAir Your reservation confirmed,your special request could not be processed 4 these flights Please contact us 4 further information. (4609 - 463)",AmericanAir
2025576,2017-10-18 22:27:18,599011,@AmazonHelp When I go to that it just goes to the front page of Amazon,AmazonHelp
1966450,2017-10-18 22:28:42,551086,"@Delta I did, thank you",Delta
1850751,2017-10-18 22:29:31,554018,"@SpotifyCares That’s done the trick, thanks!",SpotifyCares
2028871,2017-10-18 22:35:04,321981,@Uber_Support *done,Uber_Support
2040756,2017-10-18 22:36:00,603405,"@115911 I just need another phone, sorta cracked mines a little 😅😅",TMobileHelp
1850897,2017-10-18 22:37:09,554057,"Hey @115858 fix #ios11 my #iPhone7Plus battery dies quicker now, phone heats up more, problems with Apple Pay, app crashing etc. https://t.co/yQ5Qc1rptC",AppleSupport
2039584,2017-10-18 22:37:39,603063,"@AmazonHelp Just had a ""chat"" with one of your agents who said now Monday. Hmmm see attached - not feeling confident https://t.co/xbK25Q6vSC",AmazonHelp
1850968,2017-10-18 22:48:08,554068,"@SpotifyCares I am using it on my Windows PC updated to latest version on my widows 7 computer. No other issues, just some songs on my list are greyed out",SpotifyCares
2050466,2017-10-18 22:48:24,268101,"@AmericanAir curious, why are you flying flights to #STT but are not flying flights OFF the island? Are you flying empty planes back?",AmericanAir
1850893,2017-10-18 22:52:49,554056,"Why is @115900 so shitty? Gets a Promo... they say call back at the end of the trial and we will give you another one. Calls back...""Sorry Sir theres nothing available for you."" Me: Cancel that shh! Is it worth losing a customer over a couple bucks? Rant over.",comcastcares
2028439,2017-10-18 22:53:53,150460,@AmazonHelp Help^*,AmazonHelp
1851391,2017-10-18 22:54:29,554153,"@AppleSupport It’s not a huge deal, but after I updated to iOS 11 my Calls App icon looks weird (see photo). Any ideas? https://t.co/CFGrgpep7P",AppleSupport
1850878,2017-10-18 22:57:26,554053,@SouthwestAir Gotcha! That was my question. Thanks for your response.,SouthwestAir
1851390,2017-10-18 23:10:44,554153,@AppleSupport The issue does persist when I restart.,AppleSupport
1366868,2017-10-18 23:11:36,253804,"@AmazonHelp Whi the he// do you think you are putting ""We think you'd like this"" ads in Android tray? What is the name of the person who",AmazonHelp
1851277,2017-10-18 23:16:48,554131,"@SpotifyCares my school changed its name a year ago and I had premium from when I worked at Starbucks, I don’t have premium at all despite being charged",SpotifyCares
2059724,2017-10-18 23:18:34,609166,Arriving at sunset. This approach never gets old. @Delta https://t.co/x3iGnrVrsX,Delta
1851423,2017-10-18 23:22:48,460764,@AppleSupport tried numerous times to fix messaging -you send emails promising support but fail to deliver. Jobs would never tolerate this.,AppleSupport
2043072,2017-10-18 23:22:58,534945,".@115821 your customer service people are useless 

Your delivery people are idiots

I regret ordering anything important from you",AmazonHelp
1851346,2017-10-18 23:26:33,554143,@Uber_Support CAN U EXPLAIN TO ME HOW MY GREEN DOT MASTERCARD IS GOOD ENUFF FOR U TO PAY ME AS A DRIVER. BUT UBEREATS TOO GOOD TO TAKE IT?!!,Uber_Support
2049814,2017-10-18 23:30:04,606165,"@117086 ME BEIJA
Eu te amo ❤️ https://t.co/zN0ByA1x8x",AmazonHelp
1795720,2017-10-18 23:30:28,539587,"@AppleSupport @539586 Yeah he does, want him to type it in a different language",AppleSupport
2045558,2017-10-18 23:35:42,207952,"@AmericanAir I've gotten 4 phone calls, none of which provided a solution.",AmericanAir
2052283,2017-10-18 23:38:27,606932,SOMEONE STOLE MY AMAZON PACKAGE!!!! reeeeeeeeee!!,AmazonHelp
1851605,2017-10-18 23:45:33,554209,@AppleSupport My phone freezes when using the native apps that come with the phone. I started this phone from scratch no backups. My phone is a headache!,AppleSupport
2049845,2017-10-18 23:52:45,193221,@AmazonHelp Same on both,AmazonHelp
2055091,2017-10-18 23:53:15,607801,"Hey, @115858 - you broke iPhone7+ iTunes in Elantra through USB with iOS11, fixed it on 2nd patch, and broke it again with latest patch. 🙁",AppleSupport
1851860,2017-10-18 23:56:13,554261,@115900 thought nba league pass was going to be all in HD this year. Only getting 1 game.,comcastcares
2049836,2017-10-18 23:59:00,606169,"@AmazonHelp For clarification, I have a visa gift card. I can not cover the difference with the price increase with my own personal money.",AmazonHelp
2059707,2017-10-19 00:06:34,609159,"@Uber_Support 2/2 i can't log in to get you to stop resetting p/w, because you reset my password. This is beyond frustrating, fix it please.",Uber_Support
2063788,2017-10-19 00:07:19,610357,Thanks @Delta for sticking me out on the tarmac for 15 minutes to wait for a BUS to my gate. Some job you did modernizing LAX. https://t.co/YnhEHyS7yW,Delta
2057257,2017-10-19 00:08:54,291957,I’m so sick of @115858 ever since the new iPhone came out mine has been acting up I can’t even update my fucking apps 😒😤,AppleSupport
2052162,2017-10-19 00:09:44,606902,@AmazonHelp  https://t.co/jxsqg53wxU,AmazonHelp
2060445,2017-10-19 00:10:08,609394,Survived airport security with a toddler only to realize I left our @SouthwestAir Drink tickets at home 😩😩😩 #boycefamilyvacation,SouthwestAir
2057833,2017-10-19 00:11:20,608605,Incompetent @AmericanAir,AmericanAir
1851675,2017-10-19 00:16:10,554217,Guess I'm ditching @SpotifyCares for @126972 @129941 @225659 or any app that isn't going to take my music away. #PreviousTweets,SpotifyCares
2057936,2017-10-19 00:20:17,608636,"@VirginTrains Hi, I just booked a train ticket but I'm not sure if I remembered to put a seat preference...",VirginTrains
1851896,2017-10-19 00:24:10,554267,now my phone claims that it can't download 154 lol @AppleSupport please help me,AppleSupport
2055034,2017-10-19 00:27:27,607787,@AmazonHelp thanks for ur response my dog hoodie arrived approximately 10 minutes late (delivery estimate 8pm),AmazonHelp
2059699,2017-10-19 00:30:27,421959,".@115873 when you ignore your customers' repeated attempts to contact you, offering nothing but silence, you will lose them. Go figure.",Uber_Support
2061409,2017-10-19 00:34:52,609658,My phone needs to be either replaced or repaired and the Apple appdoesnf make it easy for me to set an appointment to do so @AppleSupport,AppleSupport
2061323,2017-10-19 00:39:24,609641,@115821 why is there a need to put two 6ft chargers on this picture,AmazonHelp
1852165,2017-10-19 00:41:55,554324,"@comcastcares Phyllis Bass
19909 Mountain Dale Drive
Cypress, TX 77433
Account __credit_card__",comcastcares
1851981,2017-10-19 00:43:51,554273,@TMobileHelp Has that ever happened to you? No right. Then how can you tell a customer that you can't provide a bill if you took the payment?,TMobileHelp
1376265,2017-10-19 00:47:21,440381,"@AmericanAir Maybe you can help me determine if I get any credit from American for the extra hotel stay. Flight had mechanical issues, then canceled.",AmericanAir
2061320,2017-10-19 00:48:08,609640,"I'm SICK of paying for @115821 Prime for 2-day shipping, only to have time sensitive items ordered to arrive 3-4 days later. Waste of good $",AmazonHelp
2061360,2017-10-19 00:49:09,522067,"@522068 @115858 I am at 11.0.3 and there's a weird tool bar, and it lights up weird when I open it, and it's just doing infuriating things I do not know.",AppleSupport
1855100,2017-10-19 00:51:03,554216,"@SpotifyCares .. Plus, this vote involve mainly on payment and transactions and not the elephant in the room which is ACCESSIBILITY of the app...",SpotifyCares
2073368,2017-10-19 00:56:50,613235,Kudos to @Delta flt 2026 taking the Captains challange raising over $700 for breast cancer. Pink Lipstick shows the captains support https://t.co/ANilW3lBot,Delta
2057187,2017-10-19 01:02:33,608413,@AmazonHelp Hahaha siiiiim,AmazonHelp
2065893,2017-10-19 01:03:31,167262,"@AppleSupport ever since I upgraded to IOS 11 on my iPad my battery has become horrible, instead of the normal super long battery life I get",AppleSupport
1354248,2017-10-19 01:13:58,205145,@Uber_Support could you please help me and respond my dm urgently,Uber_Support
2061326,2017-10-19 01:14:09,442410,"@AmazonHelp sorry just trying to give as much info as possible,pls aim for delivery end of today rather than tomo and revert asap thanks",AmazonHelp
2065909,2017-10-19 01:15:30,610927,@AppleSupport how do you default the phone to be mobile?,AppleSupport
2064194,2017-10-19 01:21:13,610497,@SouthwestAir Just sent DM,SouthwestAir
2073666,2017-10-19 01:22:09,613325,@AmericanAir - hello My husband disconnected from an agent while getting r pets booked.. The hold time is long Can we arrange 4 a call back,AmericanAir
1748856,2017-10-19 01:25:13,527137,"@527135 @AppleSupport Yes. Click on an icon, type, opening an app, as well as the above. Horrible lag and unresponsiveness. iPhone 6s Plus 11.0.3",AppleSupport
2119499,2017-10-19 01:25:18,624609,@comcastcares Now Comcast wants to have my satellite provider fix their error!  Outrage @comcastcares,comcastcares
1852473,2017-10-19 01:30:10,554393,"@115888 should have mixtapes too, I have to switch to spinrilla if I want to listen to @62196",SpotifyCares
2067715,2017-10-19 01:34:09,611458,"@AppleSupport my maps are not working after upgrading to iOS 11.3 
Maps not able to find current location.
#appleiphone6 #iOS11 #maps",AppleSupport
2052221,2017-10-19 01:34:35,606919,@AmazonHelp Here's the receipt https://t.co/o6iNwi2Kni,AmazonHelp
2070102,2017-10-19 01:38:59,162057,"requested @115873 pool because working late + nausea = not a good idea for qns -&gt; bk subway. driver takes long route (via manhattan) and i get home to discover it had stopped being pool, so charge was huge. #wtf?",Uber_Support
1776337,2017-10-19 01:42:09,533796,@AppleSupport I need to get back to you guys.  emergency with my dog I don’t know how long it will take to resolve,AppleSupport
2069755,2017-10-19 01:52:53,612097,"@115821 yo amazon, why TF is my audio cable not working? Bought it less than a month ago. V dissatisfied",AmazonHelp
1852616,2017-10-19 01:58:44,554423,My phone is on the charger and LOSING battery life. And yes it’s plugged in. Apparently that’s now a thing @AppleSupport,AppleSupport
1088256,2017-10-19 01:59:19,376696,@115911 @115911 Looks like a manager had to do some on the spot training after the second trip in.,TMobileHelp
2079459,2017-10-19 02:01:50,467296,@AmericanAir wedged in a seat behind first class in a regional jet with empty 1st class. No auto gold upgrade on 520 mile flight. #why? https://t.co/ajb5AbldOD,AmericanAir
2072993,2017-10-19 02:06:26,613130,@AmazonHelp I’m out of diapers! I can’t wait another 3 days.,AmazonHelp
2075516,2017-10-19 02:09:25,613819,@DELTA where do I fill out a claim on damaged luggage,Delta
2087993,2017-10-19 02:10:25,617372,@Uber_Support I was charged a cleaning fee for my driver almost hitting a car and causing me to hit my head and spill my drink smh,Uber_Support
2039754,2017-10-19 02:11:46,603104,@AppleSupport It started to do this after the last update to my apple watch,AppleSupport
2075924,2017-10-19 02:17:19,539884,"Internet went out again.... 10$ a month upgrade @116136 for a ""new"" modem? Screw you. That's highway robbery",comcastcares
2102706,2017-10-19 02:19:48,620914,"@115888 first off, I luv u .. second off I wish I could see lyrics to all songs in the app, idk friend, idk",SpotifyCares
2075341,2017-10-19 02:20:09,613762,"@AmazonHelp Ok now I can understand ,i will never repeat this,thank you amazon",AmazonHelp
2045563,2017-10-19 02:22:45,604953,"@AmericanAir Flight was completely full - you sure packed us in like sardines on this one! Half the flight had to check their carry-ons too. Don't act like it's some accident - it's your plan to cram as many of us on here as you can get away with, and you pushed past my tolerance this time.",AmericanAir
2078771,2017-10-19 02:27:48,614800,@AppleSupport sick and tired of apple iPhone.. new update sucks - battery drains super fast and apps are lagging.. frustrating!!!,AppleSupport
2075308,2017-10-19 02:29:02,273162,"@AmazonHelp I gave up and went to a local store instead. However, I did not notice such credit you mention. Once I clicked one day shipping added 3.99",AmazonHelp
2092229,2017-10-19 02:36:23,618294,Huge thanks @SouthwestAir for smooth pre-wedding flights! DCA gate agents + flight 4973 DCA-HOU = best crew around!,SouthwestAir
2093989,2017-10-19 02:38:11,618695,"@115850  Destroying Diwali Happiness. Placed an order ""405-6270053-6222712 "" as gift for parents not delivered saying customer refused",AmazonHelp
2078986,2017-10-19 02:38:11,614865,@115873 y’all got some fucked up services n drivers...the whole UBER company can lick my black ass,Uber_Support
1852978,2017-10-19 02:43:37,554506,"I have an iPhone 7, With the update this shit over heats hella easy, dies quick, my back camera and flash don’t work. @115858 bro fuck you",AppleSupport
2078460,2017-10-19 02:50:34,180786,@AmazonHelp How do I cancel my order or get replacement sent out using UPS or FEDEX so that its actually delivered? Why am I paying for 2 day delivery..,AmazonHelp
1853041,2017-10-19 02:52:24,355428,@Delta Did it move then? Have done before but not seeing the option for 2 current trips. Standby list says seats available.,Delta
1993286,2017-10-19 02:57:47,589901,"@AmazonHelp Answers, not ways to buy my complaints away.",AmazonHelp
2067714,2017-10-19 03:04:14,611458,"@AppleSupport It’s only problems with maps only. Google maps, iPhone maps and Waze neither of them working. I have tried all options mentions on sites.",AppleSupport
2087798,2017-10-19 03:06:26,554524,@SpotifyCares Thanks for th consideration! :),SpotifyCares
1853759,2017-10-19 03:09:23,554681,"@115877 hi, the app doesn't let me use codes, they were supposed to be valid until October 31st",Uber_Support
2087200,2017-10-19 03:11:02,617120,@AmazonHelp Pls do the needful to refund the charged amount. Screenshot attached. https://t.co/YsmM9y37qQ,AmazonHelp
1856650,2017-10-19 03:12:47,555288,Am I the only one who’s I phone messing up? @AppleSupport #iPhoneUpdate #iphone,AppleSupport
2093892,2017-10-19 03:28:06,618692,"@AmazonHelp not yet
but i'll keep you posted",AmazonHelp
1842207,2017-10-19 03:30:31,552064,@comcastcares Thank you!  I appreciate that.  One of your techs came today and fixed the problem. :),comcastcares
1853427,2017-10-19 03:31:14,554609,@115714 @AppleSupport @115858 i have no idea who to ask but why isn’t my number loading? like i can’t get messages through my number https://t.co/9ab88UZ9dS,AppleSupport
1853235,2017-10-19 03:32:52,554559,@SpotifyCares @147836 ive sent a DM. waiting for the follow up!,SpotifyCares
1974209,2017-10-19 03:36:40,278870,"@AmericanAir Pushed to Standby 2.5 hours later AA985 plane had “electrical gremlins”, missed 1st connector. Flew standby for AA5905 to destination.",AmericanAir
2069774,2017-10-19 03:40:35,612101,@AmazonHelp but im not trying to return it im trying to get the other disc,AmazonHelp
2098740,2017-10-19 03:49:46,619946,"@AmazonHelp chat, and a phone call unhelpful. not sure what I need to do. as a prime member I am not impressed with USPS level of service",AmazonHelp
2179122,2017-10-19 03:54:32,638628,"@AppleSupport ever since upgrading to ios11 we getting disconnected from wifi, then says password incorrect! What is this bug?",AppleSupport
1853377,2017-10-19 03:56:08,554594,@Uber_Support I feel ripped off and taken advantage of by your company.,Uber_Support
2103237,2017-10-19 04:02:27,621002,New prepaid sim card from @TMobileHelp already activated? Receiving someone else's text and calls!,TMobileHelp
2102460,2017-10-19 04:04:14,620867,"@AmazonHelp Placed order Sunday, paid overnight shipping, order still hasn’t shipped, says it will be delivered tomorrow. 🙄",AmazonHelp
1887202,2017-10-19 04:06:00,562856,@AppleSupport iPhone 6s. It’s been stalling ever since I updated the software ☹️,AppleSupport
619555,2017-10-19 04:11:33,267032,@AmazonHelp ご連絡ありがとうございます。販売元が全てアマゾンさんの場合でもケースとしてあり得るのでしょうか？,AmazonHelp
1853954,2017-10-19 04:12:30,361272,I really really wish @delta had a direct SFO-LAS flight. I appreciate them bigly when I'm with them and I appreciate them even more apart. 💔,Delta
341379,2017-10-19 04:20:42,197566,@SouthwestAir Thanks. I may have left it on plane in the seat pocket. I'm not sure. Is there an easy way to see if a CA drivers license was found?,SouthwestAir
1379048,2017-10-19 04:24:34,441059,@119625 where is  Thupparivaalan ?,AmazonHelp
2195229,2017-10-19 04:27:53,642322,"@AppleSupport 
Update for iPhone 11.0.3 I want a solution I want a solution please",AppleSupport
2110695,2017-10-19 04:31:26,622636,I need to help @115888 curate. The Pat Metheny Group is not The Pat Metheny Unity Group.,SpotifyCares
2103583,2017-10-19 04:43:17,621096,"@AmazonHelp Only this message got with in 15 min. Nothing happened further, I was tried twice already. Again I have to do this. You don't have any data",AmazonHelp
2195208,2017-10-19 04:46:59,642315,My phone freezes and glitches every 5 mins now. Thanks @115858 @AppleSupport,AppleSupport
2107663,2017-10-19 04:52:40,309670,@115873 I have a random $30 charge on my account with no rides equaling that amount. Any help?,Uber_Support
2110462,2017-10-19 05:04:25,622570,@AmazonHelp Thank you! I have submitted my issue.,AmazonHelp
2012073,2017-10-19 05:13:36,594963,@AppleSupport Yes. iPhone 7. Yes.,AppleSupport
2113056,2017-10-19 05:17:44,554848,I’m a prime member and @115821 has been giving me SUCH a hard time with all of my orders this past month. I legit buy everything on amazon🙄,AmazonHelp
2137810,2017-10-19 05:25:34,628823,"I woke up at an odd hour, decided to sip on a red bull, and my internet went out. Now I'm wide awake with no internet. #comcast",comcastcares
2119228,2017-10-19 05:29:57,624526,"@115888 Hi Team, Is there a way to have lyrics along with the song I'm listening to?",SpotifyCares
2131904,2017-10-19 05:35:17,311606,@AmazonHelp Amazon is a Bakwas Dukan,AmazonHelp
1861386,2017-10-19 05:35:52,556341,"@Delta If the website tells me a price on the confirmation page, either it should allow to book on that price or should stop/warn me before booking",Delta
1854181,2017-10-19 05:43:40,554777,@115873 what happened with my wife unacceptable from Uber's driver and this is the second time without any reaction from your side 1,Uber_Support
2069892,2017-10-19 05:46:18,241960,@AppleSupport @697 What do I do about this? @697 are you planning to update this???? https://t.co/GL7r5iJQWu,AppleSupport
2033437,2017-10-19 05:52:26,601262,@AmazonHelp .. into the issue and find the account under the email address they hacker has changed it to?,AmazonHelp
2118895,2017-10-19 06:04:57,116325,@115821 @118706 @123967 Three packages. Three weeks. First returned without attempt to deliver. Second no del. Just pick up. Third apparently lost.,AmazonHelp
1379758,2017-10-19 06:06:57,441200,Loved @AmericanAir for playing Go Cubs Go! upon landing at ORD from LAX late tonight. That was awesome! #FlyTheW,AmericanAir
2119759,2017-10-19 06:11:28,333714,@VirginTrains 07:34 into London - why is air-conditioning blasting out it's not exactly summer outside #heatplease,VirginTrains
2185162,2017-10-19 06:18:34,150585,"@639966 @115858 the new ios11.0.2 update has slowed my phone..considerably slower, now i have to wait atleast 1-2 secs before any screen opens up...",AppleSupport
2120962,2017-10-19 06:20:53,624911,@AmazonHelp I just sent you a message if you could please respond!,AmazonHelp
1854853,2017-10-19 06:24:12,554926,"@SpotifyCares There's no error message. The music cuts off and when I go back to the Spotify, it starts up as if I just opened it.",SpotifyCares
2117608,2017-10-19 06:32:45,624121,@AmazonHelp How does that help when as part of prime membership it wad promised for yesterday and not told til late last night? I needed it yesterday.,AmazonHelp
2128578,2017-10-19 06:41:33,369361,@115850 @AmazonHelp @115821 @115851 Is this really how you do the packaging for expensive products like iPhone and Casio Edifice watch. Quite disappointed.,AmazonHelp
2185158,2017-10-19 06:41:59,639965,@AppleSupport  please do something about excessive battery drainage after ios 11.0.3 update .. really pissed off !! worst ios update ever !,AppleSupport
2113054,2017-10-19 06:53:21,623097,@115821 Kindly check the details based on my order number and provide the solution immediately it’s already long delayed,AmazonHelp
1380557,2017-10-19 07:05:38,3006,@115873 who do I talk to regarding an overall bad experience with both a driver and your customer support staff?,Uber_Support
2128574,2017-10-19 07:06:23,312363,Pathetic again @115850 ur executive updates delivery attempted... I am at home no call and no one came @115851 look at @115821 India,AmazonHelp
1024353,2017-10-19 07:10:46,362413,"@AppleSupport Screen goes dead, apps cut out, can’t hear ppl on phone until rebooted, time&amp;date disappear from lock screen. #iosupdate #sortitout",AppleSupport
2128497,2017-10-19 07:14:36,626605,@AmazonHelp @115850 I tried to get amazon prime and my account is debited too by Rs. 499 but I still can't avail prime service...,AmazonHelp
2117611,2017-10-19 07:23:01,624121,@AmazonHelp None. It was a prime option. Around have been here yesterday. Last night got this. Same last time! Crap service! #nextdoitbetter https://t.co/1TEhCPsvVH,AmazonHelp
2131801,2017-10-19 07:29:49,627377,"Receantly I oredered HTC Desire 10 pro.I got the mobile but it is defective, useless. It is strucking, discharging quickly. @115850",AmazonHelp
2068199,2017-10-19 07:33:13,611611,@AmericanAir Problems throughout @AmericanAir: Scheduling of flights. Gate changes. Forced bag checking. Incorrect bag gate. Soaked luggage. #unhappy,AmericanAir
2129919,2017-10-19 07:39:35,626947,"@AmazonHelp The issue is resolved ,thanks for your help",AmazonHelp
1380346,2017-10-19 07:43:48,441310,@120576 @VirginTrains @123313 Y'all Legends!!!,VirginTrains
2187675,2017-10-19 07:45:16,588056,Hello @AppleSupport ! Is there a problem with IOS11 and WiFi networks? My iPhone &amp; IPad keep disconnecting.,AppleSupport
856036,2017-10-19 07:48:58,323282,@AmazonHelp Its strange because i just ordered something off that email 8 hours ago,AmazonHelp
1855088,2017-10-19 07:49:12,554969,"@117153 How come I'm paying for a Premium account but my subscription type is still on ""free""?",SpotifyCares
2126586,2017-10-19 07:55:19,626191,"@Delta Also i have no clue how I have a confirmation nr now in the Delta app, altough I never authorized any payment. What is happening?",Delta
2133381,2017-10-19 08:00:36,627712,@115821 What's the point in ordering games for release-day delivery nearly 2 months in advance when you can't honour that preorder? Useless,AmazonHelp
2151090,2017-10-19 08:07:24,632181,@AmazonHelp returned my defective product on 13Oct. So many days and yet to receive my refund. What kind of a service is this?,AmazonHelp
2133879,2017-10-19 08:07:42,602694,@627831 @115911  coverage in campus  is very poor &amp;  their customer service is also pathetic. Kindly help,TMobileHelp
2191199,2017-10-19 08:20:32,641402,@115858 it is time to improve reliability. IPhone 7 plus and IOS 11 with crashes and trouble with wifi connectivity. TIRED!,AppleSupport
2137438,2017-10-19 08:23:25,628726,bad experience from @115850 today.ordered a phn and got a msg saying phn delivered w/o actually delivering the phn.tracking:210166704258 https://t.co/HJrYwnN3VH,AmazonHelp
2137799,2017-10-19 08:32:15,557564,Two @115873 rides in past 10 days &amp; both drivers a nightmare.I'm sorry but safety &amp; honesty is a huge issue with their India drivers #redflag,Uber_Support
1889555,2017-10-19 08:33:39,351784,"@AmazonHelp After all the delay, I receive a product that is defected!! and the replacement will take a month?!? Highly disappointed",AmazonHelp
2139307,2017-10-19 08:40:41,629171,"@115821 worst service.Flipkart is the best in service,at least they feel it necessary to contact their  customer when a product is undelvrd",AmazonHelp
2140053,2017-10-19 08:52:00,527779,@VirginTrains That's what I feared #testingtimesahead,VirginTrains
1889496,2017-10-19 08:52:02,563482,@AmazonHelp I am a business account holder.  Not all your sellers provide GST invoices. I request you that Cloudtail provide GST invoices.,AmazonHelp
1855650,2017-10-19 08:55:42,555088,South Africa needs that @115888 vibe. Like seriously when will it be available 🙂,SpotifyCares
2139333,2017-10-19 08:59:29,629175,@AmazonHelp There doesn't seem to be a number on the email? And it's a do not respond email,AmazonHelp
2152587,2017-10-19 09:05:11,632540,@115821 need lot improvement in logistics I guess u should shout during festival if u can't stand on commitments,AmazonHelp
2191171,2017-10-19 09:08:50,587876,"@AppleSupport Hi, I'm having trouble accessing iTunes Connect. Are you experiencing any service outages?",AppleSupport
2139190,2017-10-19 09:12:59,629141,@AmazonHelp UK. Found customer services only after starting a return! Why not make them easy to find,AmazonHelp
1539869,2017-10-19 09:22:16,477274,@477273 @AmazonHelp Customer obsession at best in @115850,AmazonHelp
16855,2017-10-19 09:28:34,119703,@AmazonHelp One word for Amazon... Pathetic...,AmazonHelp
2142168,2017-10-19 09:37:38,629859,@AmazonHelp Je ne vais pas chercher un colis à Saint Ouen ! C'est ridicule ! https://t.co/e1fLaYjm5E,AmazonHelp
1857850,2017-10-19 09:42:19,457426,@AppleSupport Hi! My 6S keeps freezing up since the iOS 11 update. It often doesn’t make any sound when calling or refuses to let me 1/?,AppleSupport
1384447,2017-10-19 09:46:15,150460,"@192177 @AmazonHelp @442179 Damn it, my bad amazon. Thanks for help both of you!",AmazonHelp
2122766,2017-10-19 09:49:09,442917,"@Uber_Support if i have multiple invites i have, how it can be use? for example i have 3 multiple invites and that invites code it can be used how?",Uber_Support
2151019,2017-10-19 09:52:22,632160,@119625  App not working on Samsung Galaxy Note 8. Tried uninstalling. The app is simply not opening.,AmazonHelp
2148067,2017-10-19 09:58:54,308337,"Bon j’ai mon tél demain, réactif pour le coup @120533 👏🤔",AmazonHelp
1855969,2017-10-19 10:04:28,555148,為什麼 @85377 沒有《情歌》？ https://t.co/K57s2u4pxA,SpotifyCares
2148130,2017-10-19 10:07:03,631388,"@AmazonHelp Et que mnt je devais attendre 7 jours ouvres pour être remboursé, c’est honteux.",AmazonHelp
842300,2017-10-19 10:13:07,276629,@AmazonHelp  https://t.co/vlzFMn2HWq,AmazonHelp
2151104,2017-10-19 10:18:42,550901,@AmazonHelp Done,AmazonHelp
2148615,2017-10-19 10:21:03,615819,"@AmericanAir You can help by reversing the pointless, unhelpful cross no ticket check through changes made last year.",AmericanAir
1857902,2017-10-19 10:22:38,555559,@AppleSupport I can’t even make a phone call properly,AppleSupport
862558,2017-10-19 10:24:45,276629,@AmazonHelp And they must deliver the resolution to the seller. Not THE RELEVANT  departments!!,AmazonHelp
2151553,2017-10-19 10:26:10,632286,"@VirginTrains Hi, I'm trying to book Euston to Stafford on 23 Dec at 13:07 - no option to choose my seats or get e-tickets. Do you know why?",VirginTrains
1110893,2017-10-19 10:32:59,376578,@AmazonHelp No reply. Still order not cancelled. Wrost experience and pathetic service from Amazon. Will not suggest to buy large appliances from Amazon,AmazonHelp
2410890,2017-10-19 10:38:48,693180,@115877 why are you telling me @3481 is closed and I can't have pancakes delivered to me when we both know full well IHOP is open 24 hours,Uber_Support
2154967,2017-10-19 10:42:44,633120,"Hacía tiempo que no me tocaba un ""regalo"" de estos. Ahora con testimonios con fotos para dar credibilidad. Informo a @116928 https://t.co/nwCfNHGR6u",AmazonHelp
1385478,2017-10-19 10:49:44,442411,"@AmazonHelp I do not know, it’s still showing last attempt time.",AmazonHelp
2155760,2017-10-19 10:51:33,633348,@SouthwestAir #RapidRewards is celebrating my birthday with a fun party experience. Check it out! https://t.co/yHiOuBrnJP,SouthwestAir
1856686,2017-10-19 10:55:07,555298,@SpotifyCares USA,SpotifyCares
1855410,2017-10-19 10:57:44,151290,@comcastcares Always have to call in get an extension in which some customer service rep really rude before granting a further date . Sometimes we have to call back till someone agrees 🤦‍♂️,comcastcares
16853,2017-10-19 10:58:02,119703,@AmazonHelp Already shared...,AmazonHelp
1858024,2017-10-19 11:04:24,555594,Again #iOS11 bug! @AppleSupport please fix same with battery... 😩😤😡 https://t.co/xB7XqhlQbB,AppleSupport
2154982,2017-10-19 11:04:35,633125,@AmazonHelp Tem ideia de qdo vcs terao o console Nintendo switch?,AmazonHelp
2159785,2017-10-19 11:09:09,634347,@Delta Only one baggage drop agent? This is ridiculous!,Delta
2162858,2017-10-19 11:13:43,555188,"@Uber_Support @115873 I left my phone yesterday in a car, cannot contact the driver. Please DM me urgently. Thanks",Uber_Support
2113009,2017-10-19 11:14:32,623089,@AmazonHelp Thanks you too for reasonable price and good service Happy Diwali,AmazonHelp
1939121,2017-10-19 11:19:17,576818,"@AmazonHelp Je l'ai fait à deux reprises depuis midi, personne n'est capable de me dire où est le colis.
La seule réponse est en cours de livraison.",AmazonHelp
1858000,2017-10-19 11:20:36,555586,@AppleSupport why when I screen shot something it a white screen in my camera roll,AppleSupport
1867028,2017-10-19 11:26:28,636988,@119625 @41046 Hi @119625 can you pls confirm at what time you will add #thupparivaalan movie Today.. I checked movie not yet added in Pri.me.,AmazonHelp
2165972,2017-10-19 11:34:36,635714,"Amazonで買ったナイフ、刃厚6mmって書いてあったのに、届いてやけに薄いと思って測ったら4.5mmじゃねぇか！
勘弁してくれマジで",AmazonHelp
1857994,2017-10-19 11:34:44,555584,@AppleSupport Being able to watch YouTube and text at the same time is very important to me,AppleSupport
965139,2017-10-19 11:44:08,326613,@AmazonHelp What sonu mean by sorry. U promised menu will call back so fulfill ur promise now.,AmazonHelp
1857177,2017-10-19 11:45:28,555398,i hope @SpotifyCares will take time to create a separate “genre &amp; mood” for j-pop. that would be easier to look for japanese songs. 🙂 https://t.co/8fQo3alHqv,SpotifyCares
2167084,2017-10-19 11:47:34,635942,Thx @AmericanAir for a nice upgrade to first class. Have not been here for a while.,AmericanAir
2162398,2017-10-19 11:49:38,634946,@AmazonHelp Can you please deliver the below order  by tomorrow. Its a birthday gift to my mother. I want to give the gift on her birthday. Help me :) https://t.co/GIfwVGIKWv,AmazonHelp
2162172,2017-10-19 12:01:18,634890,"@AmazonHelp We are all good now, thank you!!",AmazonHelp
2202169,2017-10-19 12:04:32,643979,@AppleSupport Alarm app moved on watch OS 4 doesn’t make vibration correctly at the time  I set. Pls let me know how I can set things right.,AppleSupport
1387900,2017-10-19 12:04:53,191422,@VirginTrains @LondonMidland Think I have got that one before..... but my heads muddled with mentos and Diet Coke TM,VirginTrains
2176370,2017-10-19 12:08:21,637983,"聞いて！
Amazonさんのカスタマーセンターの対応が丁寧！超感動(´；ω；`)→注文した商品が届いていないのに『配達済み』と表示されていたので問い合わせしたら、アタシを信じて配送業者のミスだと言ってくれて親切に対応してくれた。こんな時代なのに素晴らしい。感謝。
 #amazon",AmazonHelp
2173239,2017-10-19 12:11:02,637287,"@Uber_Support Hi May I know why I can't add promos? After I enter the code, it says 'added', but the promo appears for 1 sec and disappears.",Uber_Support
2177265,2017-10-19 12:15:26,638161,"Dear @AmericanAir I can't say this was the my last time, but I wish there weren't so much attitude among all of your agents 😏 #badattitude",AmericanAir
2176325,2017-10-19 12:18:33,637976,"@115830 And, to their credit, made effort to shield it from the elements. Not a complete fail, then. If left in garden, why not say so on tracking? https://t.co/MqKDAyeun8",AmazonHelp
2151114,2017-10-19 12:25:16,550901,@AmazonHelp Working on it since 4 days ...result nothing!!! That's @115850 for you folks #fraud #cheats,AmazonHelp
1858182,2017-10-19 12:27:09,555633,SOMEBODY TELL ME WHY MY 6:00 AM EVERY THURSDAY AND FRIDAY ALARM DIDNT GO OFF TODAY AND IM LATE TO FUCKING WORK. @115858 🖕🏼🖕🏼🖕🏼🖕🏼🖕🏼🖕🏼🖕🏼 https://t.co/2bjI2vl68L,AppleSupport
2171864,2017-10-19 12:30:02,636986,@AmazonHelp Entrei em contato... Foi explicado mas não foi justificado. Muito chatiado! (Eufemismo),AmazonHelp
2188187,2017-10-19 12:31:20,640745,@Delta received this in a goodie bag.  Not sure what it does? https://t.co/0AMQWbTyBL,Delta
1990275,2017-10-19 12:33:49,589009,@AmazonHelp Thank you,AmazonHelp
1857297,2017-10-19 12:38:15,131094,@Uber_Support sucks at sending invoices that are our right. Impossible to claim jack on it,Uber_Support
2179047,2017-10-19 12:39:01,382802,@AmazonHelp  https://t.co/zWZAcq0TvG,AmazonHelp
2180129,2017-10-19 12:40:47,181255,"@AmericanAir just sent a dm, I left my purse on my last flight! Can you help?",AmericanAir
844123,2017-10-19 12:44:41,636748,@117086 TUDO! HAAHA,AmazonHelp
1858684,2017-10-19 12:45:04,212139,"@AppleSupport hi, my sound on my calls was fixed after the second ios update. but now it is back to sounding like im underwater",AppleSupport
2199316,2017-10-19 12:49:21,357041,@SpotifyCares really annoyed!!! You have been charging me something I didn't ask for!! I never signed up for headspace!,SpotifyCares
1857483,2017-10-19 12:52:26,158529,Okay @115911 why did my payment information disappear?  Why do you make even paying you more difficult.  #BadBusiness  #NewProvider #HadIt,TMobileHelp
2176417,2017-10-19 12:52:31,637991,@AmazonHelp Trust me but your support team has been proved useless. They cannot get the courier delivered even after waiting 14 days.,AmazonHelp
2184903,2017-10-19 12:58:59,448667,Would you believe it! @115821 just rejected as inappropriate a product review in which I praised them ( Amanzon )... #fail,AmazonHelp
2205995,2017-10-19 13:00:11,645000,"Dear @115858 , still need more bug fixes on high sierra OS.",AppleSupport
2031114,2017-10-19 13:05:12,494486,@AmazonHelp No nothing at all.,AmazonHelp
2205846,2017-10-19 13:07:31,199862,@AppleSupport Please can you explain why my battery went from 50% when turned off for a meeting to 21% when turned back on an hour later??,AppleSupport
2185919,2017-10-19 13:08:04,640165,@VirginTrains On 13 51 from Wigan to Waverley. Double booked seats in B.,VirginTrains
2176928,2017-10-19 13:09:10,641501,@128955 @126403 @Delta i’ve done EXACTLY that before! flew frontier to my destination and had such a bad experience that i booked a one-way @delta ticket over the counter to get home. frontier blowwws 👎,Delta
2187486,2017-10-19 13:15:32,640576,"ME TENDRÍA QUE HABER LLEGADO HOY LA LIBRENDA, @116928 QUE ME VOY A MORIRRRR @28990",AmazonHelp
1834334,2017-10-19 13:15:48,555529,@196983 you have a systemic problem of your drivers not accepting to take service dogs accompanying blind clients..Your drivers are breaking the law,Uber_Support
229293,2017-10-19 13:16:15,170683,"Thanks for a great 1st flight, @AmericanAir! Soon I’ll be riding shotgun as a pilot! #GirlsInSTEM #girlsinaviation cc: @170684 https://t.co/znRUTuchzn",AmericanAir
2205840,2017-10-19 13:20:05,644950,@AppleSupport come on!!  Battery drain on 7+ is horrible with iOS 11.0.3!!!  Using low power mode and still watching the phone die fast.,AppleSupport
2184867,2017-10-19 13:23:19,389486,@AmazonHelp It’s gone back. You lost a sale https://t.co/0QhrVRmrZ8,AmazonHelp
1798794,2017-10-19 13:27:15,540489,@SouthwestAir 350 and also my checked bag was lost and was found on my return flight.  So this whole experience wasn't good and just after I got your CC,SouthwestAir
1555016,2017-10-19 13:28:21,480912,"@AmazonHelp well, a delivery said  from 18 to 24 th, i'm leaving on the 24th, and oops, says its going to be delivered the 24th, can make it faster?",AmazonHelp
2202392,2017-10-19 13:29:33,644027,@115888 this update is broken,SpotifyCares
2205721,2017-10-19 13:33:31,644908,So my #iphone now runs like a piece of shit since I updated the software so thanks for that @115858,AppleSupport
2190939,2017-10-19 13:34:16,641343,@AmazonHelp literally the 4th way of filing my complaint. @1016 making unauthorized transactions for 2 months now. I need a response,AmazonHelp
2191837,2017-10-19 13:34:25,641571,@AmericanAir Ok but it still costs money and I'm not going to pay for it if it's not reliable...but thank you!,AmericanAir
2190938,2017-10-19 13:42:44,641343,@AmazonHelp Already done that 4 hours ago. Guess service isn't as quick as it is advertised.,AmazonHelp
2199192,2017-10-19 13:45:25,643224,@115850 it's been 8 days. What's wrong? I have requested for 3 times. This is very disappointing. https://t.co/nUcBOC4Mhx,AmazonHelp
1858506,2017-10-19 13:52:17,555714,@SpotifyCares I don't understand why you act like that...,SpotifyCares
1857857,2017-10-19 13:52:44,553078,@AmazonHelp This is just the help page.. where it is impossible to find my issue or any way of contacting you! Hence resorting to Twitter.,AmazonHelp
2199500,2017-10-19 13:53:28,626191,"@Delta fix your website! The flight I'm trying to book is still showing up today for 1625$, but still tries to charge me 1987$ at the end!",Delta
2191180,2017-10-19 13:53:35,599912,@AppleSupport Ok you either know why it’s not there anymore or you don’t - I’ve asked for help a few times off you’s &amp; you never fix the problem,AppleSupport
2195301,2017-10-19 13:53:58,642334,@Uber_Support Have also tried unsubscribing from those emails.  How are you NOT validating an email address when someone uses it in...,Uber_Support
2198927,2017-10-19 13:58:56,643171,"Situazione Sentimentale: ultimamente i miei preliminari si racchiudono tutti nel tasto ""traccia il mio pacco"" di #Amazon 😎 https://t.co/GoaAlXeMr5",AmazonHelp
1855581,2017-10-19 14:00:53,285798,@comcastcares what login info do i need to use my own modem?,comcastcares
441097,2017-10-19 14:03:31,219648,@AppleSupport SE.,AppleSupport
2201689,2017-10-19 14:07:11,643885,@AmazonHelp Also I have two separate pending £1's on my bank account?,AmazonHelp
2213610,2017-10-19 14:10:15,646910,@AppleSupport why I can’t change my apple account’s country/region?!,AppleSupport
2199593,2017-10-19 14:12:50,643324,Someone try to place an order from my @115911 account 2 times in 24 hours. Very disappointed with my security information.,TMobileHelp
926745,2017-10-19 14:14:20,198731,@Uber_Support @116288 @115873 @3564 You guys are bunch of idiots. Now you have removed UPI option. Also I can't add any new card. Bravo. You imbicile numbnuts.,Uber_Support
2201961,2017-10-19 14:14:49,643935,@116928 mi paquete de @137605 NO LLEGA A TIEMPO! Me tengo que ir y no puedo xq el repartido no llega a la hora establecida #MAL,AmazonHelp
829953,2017-10-19 14:19:27,645733,@317635 @SpotifyCares and me... https://t.co/2A5wbIureQ,SpotifyCares
2213326,2017-10-19 14:21:48,514270,@AppleSupport my iPhone 6 is not finishing update package. https://t.co/RE49hD3Deo,AppleSupport
2191007,2017-10-19 14:22:33,123602,"@AmazonHelp They did arrive, the outer cardboard looked like it had hastily been put together, and the rain was seeping through it.",AmazonHelp
2206813,2017-10-19 14:28:27,645212,That's for being so cool  @SouthwestAir. Missed our flight and you hooked us up.  Awesome folks in Kansas City!!,SouthwestAir
2199089,2017-10-19 14:30:25,350315,"@AmazonHelp Gracias, hice una compra en Amazon Francia justo antes que me llegue el mail de bloqueo y en mi tarjeta me aparecen los consumos, esto significa que esa compra me llegará? O es un error? Gracias",AmazonHelp
1857021,2017-10-19 14:33:43,555369,@AppleSupport @555368 Why are you asking for DM. Come on @Applesupport fix the damned update for all of us because ATM you are making Android look really good.,AppleSupport
2206536,2017-10-19 14:35:18,335205,"@AmericanAir Just some feedback, I am not a fan of the check-in process at LAS.",AmericanAir
2209234,2017-10-19 14:35:58,645155,"Things I'm Looking Forward To: The weekend, ziplining in scenic Hunter Mountain, Christmas, Gold Status with @Delta.",Delta
2206663,2017-10-19 14:36:39,645186,Chewing gum stuck under the table on the way to Manc Pic...on my way to a meeting 😩 @VirginTrains do you not clean?! 😷now what? https://t.co/VZgLpa464u,VirginTrains
1798421,2017-10-19 14:37:23,144263,@AmazonHelp It's USPS and it now says it's on it's why here even though it was scanned here two days ago so chances of it arriving today are slim.,AmazonHelp
1859321,2017-10-19 14:43:18,477718,@SpotifyCares my spotify won't play Mastodon. Computer or phone. What gives?,SpotifyCares
1857941,2017-10-19 14:44:22,216975,@AppleSupport Than?,AppleSupport
2220879,2017-10-19 14:45:48,648657,@116288 @115873 @Uber_Support Is this the service u intend? Making me wait and cancelling last minute and requesting me to pay 500 extra! https://t.co/hBf0faoOpR,Uber_Support
849766,2017-10-19 14:46:38,321918,@AmazonHelp Will have it updated.,AmazonHelp
2206014,2017-10-19 14:49:17,645004,@AppleSupport DM sent.,AppleSupport
2208534,2017-10-19 14:56:16,546715,@AmazonHelp It's not regarding an order and calling isn't an option right now.,AmazonHelp
2213123,2017-10-19 15:02:31,442107,@115821 I need to order medical supplies. I need to know if your hub deal with my landlord (Avesta Solano) will mean they get intercepted.,AmazonHelp
2220438,2017-10-19 15:05:14,583009,"@115858 Continued......
I wake up this morning to a notification stating it won’t be shipped until January 01-24, 2018!!!!!!! WTH @115858",AppleSupport
2217877,2017-10-19 15:08:52,645031,"So, @Delta, if these premium seats are called Comfort, what does that make my regular seat? #MarketingFail https://t.co/cVzW9QIyB3",Delta
1523740,2017-10-19 15:09:50,473413,@SpotifyCares  https://t.co/W6WsrVj0T1,SpotifyCares
2217310,2017-10-19 15:11:37,647790,You know you've lost your mind when you pay for one day shipping for rubber ducks of assorted sizes from @115821,AmazonHelp
2218307,2017-10-19 15:13:15,648056,Ugh @AmericanAir who do I talk to about you guys completely destroying the wheels of my luggage yesterday? $25 to check a bag you break 😤,AmericanAir
1859265,2017-10-19 15:13:37,555890,"@AppleSupport fed up a lot since I hv updated my iPhone 6 wd iOS11.
It’s working damn slow....suggest",AppleSupport
2213356,2017-10-19 15:20:50,646854,@AppleSupport It was totally fine before I updated to iOS 11,AppleSupport
2217320,2017-10-19 15:21:02,647793,"@9474 @116928 quinta vez que mi pedido de amazon ,llega con retraso a pesar de pedir que esta compañía no me haga las entregas https://t.co/8d3KWso2ZC",AmazonHelp
2218683,2017-10-19 15:23:04,648134,Can someone help me with a issue regarding bankruptcy'? @TMobileHelp,TMobileHelp
2220883,2017-10-19 15:24:12,648652,@115877 just tried to order some food and sat for an hour before it was cancelled due to a lack of drivers. On a weekday?In #pdx?Nice fail,Uber_Support
2206829,2017-10-19 15:24:27,645213,@SouthwestAir Thx! Can you clear us to use the images of the ladies for all our ABC platforms and partners?,SouthwestAir
2230822,2017-10-19 15:27:53,650990,"@SpotifyCares I was able to access my Student Hulu last month, but my plan was changed without notifying me and charged me $10.69.",SpotifyCares
1861108,2017-10-19 15:28:17,556276,@115858 yo need a new software update ASAP !!!! This software is tearing my phone up,AppleSupport
2220221,2017-10-19 15:29:28,648488,@115821 your customer service is shocking and a joke I would start looking to employ better staff,AmazonHelp
1859596,2017-10-19 15:31:25,555855,@Delta i am trying to change my flight,Delta
2224742,2017-10-19 15:37:58,124032,@AmericanAir Have you put any thought into redoing the flight purchase GUI? There are a few improvements that would be huge :),AmericanAir
2227098,2017-10-19 15:38:21,650087,My phone hasn’t properly made a call since updating to iOS 11 @115858 you are garbage,AppleSupport
2220091,2017-10-19 15:40:10,339007,@115821 why would you courier the package near my place all the way to haryana ? https://t.co/XLOEVsGZvu,AmazonHelp
1859620,2017-10-19 15:41:14,555973,@Uber_Support this feels wrong..... https://t.co/Ji6aJUUGEO,Uber_Support
2191177,2017-10-19 15:44:54,641398,@AppleSupport Chrome on osx. USA. But it worked again after a few minutes. But then didn't work again later.,AppleSupport
2208513,2017-10-19 15:45:21,580636,@AmazonHelp So ur going to refund (almost $100) on a card that was cancelled due to fraud activity and your response is basically “not my problem”?,AmazonHelp
2224881,2017-10-19 15:49:37,649565,@VirginTrains More training for staff. More announcements. Why do I have to get up and find an onboard member of staff? I’ve just told you I have a,VirginTrains
2217334,2017-10-19 15:50:49,647799,"@AmazonHelp I have, I just didn’t really feel too satisfied with the outcome on the phone. I have to wait till Monday now as I’m working the weekend",AmazonHelp
2226970,2017-10-19 15:56:22,650060,@AmazonHelp hi i have a notification saying that the  carrier cant locate me i have rang you but the message is it still coming today,AmazonHelp
1858125,2017-10-19 15:56:48,555618,"@SpotifyCares Just sending DM does not really help at all.I would like to expose everything on public. If you would like to help, explain this situation?",SpotifyCares
2230638,2017-10-19 15:59:09,650945,Amigos expertos en @AppleSupport se borraron mis contactos 😱,AppleSupport
2227396,2017-10-19 16:00:50,650167,Thanks for wasting my money @115877,Uber_Support
1846785,2017-10-19 16:02:18,553147,"@ComcastCares
#mobile_Care
How do I add the protection plan for our phones?",comcastcares
2223624,2017-10-19 16:06:05,314770,"@AmazonHelp I don't need to review guidelines. I was censored because I didn't like her book. I wrote what was positive, and what I didn't like.",AmazonHelp
2234444,2017-10-19 16:07:19,651762,@AppleSupport Order an Apple Watch series 3 on the first day of October. Why is it taking a month to even ship?,AppleSupport
2205433,2017-10-19 16:12:22,644828,"@AmazonHelp If you wish you can reach me, @115821 knows me better as i have an account there.",AmazonHelp
2227844,2017-10-19 16:13:48,310003,Yooooo @TMobileHelp @115911 what's been going on with my service these past few weeks. I think you owe me a free month. 👀😡🙄,TMobileHelp
2231076,2017-10-19 16:15:53,651048,@Delta #flyride Thanks Delta for the elite experience today! Kevin Lai is a true Delta Elite Services ambassador-made my day! https://t.co/ofz3xkSa3K,Delta
2238142,2017-10-19 16:17:16,489837,Why does my music app keep crashing? @AppleSupport,AppleSupport
2232260,2017-10-19 16:18:19,175276,Another great trip completed! 🙌🏽 #bestinclass #werkwerkwerk #someplaytoo #retail @SouthwestAir https://t.co/q1h3v0xv5B,SouthwestAir
1859940,2017-10-19 16:20:09,556038,So @115888 @SpotifyCares   really hasn't fix this glitch 😒 Fifth Harmony losing Streams D*mmit https://t.co/qCoL0uZURu,SpotifyCares
2230630,2017-10-19 16:20:38,650942,@AmazonHelp This is the second time this week with issues with deliveries from Amazon.  A neighbor had to deliver the package to our house.,AmazonHelp
2231466,2017-10-19 16:21:33,651130,@AmericanAir JL transpac F tix access JFK Flagship lounge &amp; restaurant?  Thanks!,AmericanAir
2130150,2017-10-19 16:21:54,626983,@Uber_Support I would but anytime I do I typically get one of your awful generic responses 🤷🏼‍♀️,Uber_Support
1919814,2017-10-19 16:26:03,177529,@AmazonHelp I spent a half an hour on the phone and got the issue hopefully resolved.,AmazonHelp
1861135,2017-10-19 16:31:53,556284,@AppleSupport why doesn’t iMessage appear in order from most recent back after upgrade to iOS 11.03? iPhone 6s,AppleSupport
2234178,2017-10-19 16:32:18,651706,Ya llego 🙌🏻 @116875 @88148 https://t.co/v7yUanylmN,AmazonHelp
1856702,2017-10-19 16:37:16,555305,@Uber_Support @555304 Lol^^^???,Uber_Support
2238097,2017-10-19 16:41:36,652634,"Dear @115850, with a collection so pathetic how do you plan to compete? Found 0 out of 10 movies searched for",AmazonHelp
2242633,2017-10-19 16:42:12,653792,"@115858 , u know what I hate  about  the new ios?there’s no on or off button 4 auto brightness , so my phone is constantly changing setting 😤",AppleSupport
2249888,2017-10-19 16:46:56,655547,@AppleSupport every since I updated my phone it’s been trippin.... 🙄,AppleSupport
1861575,2017-10-19 16:48:31,556381,"@117153 Hey, I have problem playing Spotify via Alpine ute-72bt. I can connect my phone via BT. I can hear Siri talk. No spotify!",SpotifyCares
2243316,2017-10-19 16:51:11,653981,@Delta can't wait to fly from LAX to NYC with you this evening!,Delta
2252864,2017-10-19 16:51:19,656305,@656303 @AmericanAir 😭 it was less than a minute.,AmericanAir
2233766,2017-10-19 16:52:53,651606,Sin duda alguna la peor compañía de envíos del planeta siempre que pido 4 o 5 días tarde @116928 no trabajen más con ellos @137605,AmazonHelp
2250005,2017-10-19 16:55:50,655569,@AppleSupport help?????? https://t.co/EfnzjIjThY,AppleSupport
2238119,2017-10-19 17:03:44,203715,"@AmazonHelp You're sending items USPS now, instead of UPS. We live in area without mail delivery so when u send via USPS it goes to PO.",AmazonHelp
2176888,2017-10-19 17:05:33,638069,"@Uber_Support I have sent my details to Uber India support and instead of cooperating on this serious matter, they want me to drop note to Help section.",Uber_Support
2249985,2017-10-19 17:06:40,655562,dear @115858 @AppleSupport is there any Technic or system like if ur phn's warranty is over then its starts hanging or faulty?,AppleSupport
2244713,2017-10-19 17:08:23,563560,@SouthwestAir second flight this week delayed with no explanation #ugh,SouthwestAir
1847319,2017-10-19 17:11:21,553269,@115888 Your spotify web browser can't play any songs when it's properly connected to the right device.,SpotifyCares
2217328,2017-10-19 17:12:03,647797,@AmazonHelp No,AmazonHelp
1847496,2017-10-19 17:14:53,553306,@AppleSupport it’s me or Apple Watch no longer let’s you select the music that is playing on your phone?,AppleSupport
1846341,2017-10-19 17:14:57,553030,@115900 has the worst customer service by far. I’m beyond pissed right now,comcastcares
2244281,2017-10-19 17:15:29,654227,@VirginTrains 18.20 from London to Manc. No unreserved carriage again. Causes so many issues. Please try to stop happening.,VirginTrains
2242565,2017-10-19 17:18:27,653779,@115830 came home to this..  Really secure delivery. Not. And my parcel is soggy. Thanks a lot. https://t.co/pJJDc4PmWN,AmazonHelp
2256442,2017-10-19 17:21:43,657182,@AppleSupport is really testing my patience on this replacement its been almost a week and no tracking number or anything,AppleSupport
2067992,2017-10-19 17:23:58,611549,@Delta Aw thanks @delta but I meant the #DeltaFlyAway promotion with the Yankees (if you can help with that too that’d be great 🙂),Delta
2256383,2017-10-19 17:25:43,226445,"@AmazonHelp I’ve had a refund already, and I feel that if I talk to another rep they will simply offer me a refund, and when I say I’ve already had",AmazonHelp
2025584,2017-10-19 17:27:25,599011,@AmazonHelp Sent,AmazonHelp
1079291,2017-10-19 17:29:42,374592,"@AmericanAir if your customer service is closed at 10:30am PDT then when is it open? Or, did you just give up on customer service?",AmericanAir
2256424,2017-10-19 17:30:24,305164,Well my MacBook charger officially died. It was like my fifth one for this damn laptop too @115858 @AppleSupport get better chargers 😤,AppleSupport
864551,2017-10-19 17:31:41,325332,@325333 @SpotifyCares Will do!,SpotifyCares
1622201,2017-10-19 17:33:32,655521,@116618 Will this work on Roku?,AmazonHelp
1861594,2017-10-19 17:39:02,556388,@Uber_Support Hey Uber support. I filled my form and I send all my documents lots months ago and never revived answers...please can u help me?,Uber_Support
2261743,2017-10-19 17:42:18,433143,"@AppleSupport I had a call scheduled for 18:30, a call began at 18:35 but was ended (not by me) before an advisor spoke,will they call back?",AppleSupport
2243377,2017-10-19 17:45:29,207590,"@Delta That is unacceptable! That team had no idea what they were doing and only after completely boarded did they work additional rev seats!
#bad",Delta
2249746,2017-10-19 17:45:52,304415,@AmazonHelp Will do!,AmazonHelp
2261753,2017-10-19 17:47:55,658496,"@AppleSupport Any way to check the battery health of my iPhone 6s Plus? 
I would like to know that actual capacity left.",AppleSupport
1861873,2017-10-19 17:50:25,253344,"@SouthwestAir When looking at 1 passenger, ticket cost is $119. When looking for 2 passengers, ticket is now $146/ea. What… why?",SouthwestAir
1845931,2017-10-19 17:51:17,260804,@TMobileHelp I’m on the phone w your customer service now. She’s going above and beyond to try and resolve my issues. Let’s pray she does.,TMobileHelp
2261669,2017-10-19 17:53:33,658484,"Hey @116316, sitzen Eure Supportmitarbeiter in Indien oder so? https://t.co/MAID9XmuSA",AmazonHelp
2286033,2017-10-19 17:57:14,664291,Can you please add Migos - Emmitt Smith @115888? https://t.co/50KBihsGX4,SpotifyCares
2249782,2017-10-19 17:58:49,655520,@AmazonHelp La prochaine fois je vous note le numéro de colis,AmazonHelp
2133110,2017-10-19 18:03:38,627641,@AmazonHelp aint going to do that again cos already did that. No soln found. I think consumer court has to be involved,AmazonHelp
2267779,2017-10-19 18:03:54,660008,"@Uber_Support Let me pick which Navigation app I can use, it has cost me time, money, and rating. Need landscape mode or Carplay - safety!!!",Uber_Support
2249994,2017-10-19 18:06:47,655564,@655565 @AppleSupport Solo la gente que habla inglés tiene iphone. jajajajjajaa,AppleSupport
2268260,2017-10-19 18:08:10,660105,@AmericanAir Why is flight 4829 delayed out of Philly?,AmericanAir
2267184,2017-10-19 18:12:37,659868,@115821 2-day shipping services sucks ass. how does 2-day delivery turn into 5/6 day delivery? https://t.co/yzrODoMFv2,AmazonHelp
2244272,2017-10-19 18:13:32,312957,@654224 @VirginTrains We sacked them after brexit,VirginTrains
2271867,2017-10-19 18:16:22,660939,@115858 on the phone to one of your advisors &amp; she was beyond rude then hung up on me🙃not impressed with that service at all.,AppleSupport
2267102,2017-10-19 18:19:19,659846,"@115825 Warum gibt es für manche Filme immer noch keinen O-Ton? Untouchables, Black Hawk Down, Nackte Kanone, Deer Hunter etc.",AmazonHelp
2271505,2017-10-19 18:27:09,660860,I'm like a 5 year old playing with the new @115830 fire stick! It has an Alexa Voice Remote...😍 It is brilliant. I LOVE technology. 😂,AmazonHelp
2220437,2017-10-19 18:28:28,583009,@AppleSupport This is why I love @115858 lol,AppleSupport
2267807,2017-10-19 18:29:27,660015,@Delta DL 2573,Delta
1846281,2017-10-19 18:33:25,553014,"@AppleSupport your new iOS is a piece of shit, my device is too slow, and I cannot work with it, please, fix it.",AppleSupport
2231017,2017-10-19 18:34:00,651038,@Uber_Support Hello Its still not worken,Uber_Support
2285714,2017-10-19 18:34:41,664193,@117086 o programa de afiliados americano serve pra amazon BR?,AmazonHelp
2273124,2017-10-19 18:36:08,661241,@VirginTrains why can't I use my rail card when buying a ticket on the train?,VirginTrains
1035189,2017-10-19 18:37:25,364868,is anyone else in the #spotify community getting this pop up? no music on my computer. I've tried all the solutions I could find. Nothing. https://t.co/Y9ahRKodCw,SpotifyCares
1846481,2017-10-19 18:42:14,553067,Why can I not talk to people on speaker?!? @AppleSupport @115858 #ios11Sucks,AppleSupport
992928,2017-10-19 18:45:44,390137,@115850 Hello Amazon your customer service is not helping me out!!! I contacted them atleast 8 times till now... https://t.co/7iNtlaRrdh,AmazonHelp
2283886,2017-10-19 18:53:20,663712,Stucked at Mexico City. 2nd time in the week that @AmericanAir cancels due airplane failure; no efforts to re-accommodate an exec plat.,AmericanAir
2285712,2017-10-19 18:53:38,664192,@115821 really? https://t.co/kEv3xPikzK,AmazonHelp
2283272,2017-10-19 18:53:40,631363,"2 wks since iOS update. Over this. Ready to shop for a new smartphone entirely. Any update to fix my sluggish, terrible phone @applesupport?",AppleSupport
1847167,2017-10-19 18:58:08,553242,@comcastcares https://t.co/Pd2OeEExKp,comcastcares
1846620,2017-10-19 18:58:16,340287,Unexpected and last minute trip on @SouthwestAir to @46515!   #lovetofly #backtoPHX #homeinafew hours,SouthwestAir
906676,2017-10-19 18:59:57,335278,@115873 last night ur driver took me to a dead end road and circled around then  dropped somewhere and told me to get the f* out of his car,Uber_Support
2187679,2017-10-19 19:02:09,640620,"@AppleSupport And in the meantime, my payment information was invalidated on my icloud account. Suspicious. Any troubles your side ? Should I worry ?",AppleSupport
1846351,2017-10-19 19:05:21,179272,"@553034 @Delta Don't wait until afte trip. Tried that. Didn't work. Sorry, u have yell &amp; make a scene at the airport/gate. Those were the only ppl helped.",Delta
2283041,2017-10-19 19:06:42,663528,@AmazonHelp  https://t.co/M9wcfkxEKd,AmazonHelp
1847573,2017-10-19 19:09:13,553324,WTF kinda music is this.. top secret? I have to sign up to listen to music?🐄💩👈👈👈 #Spotify https://t.co/OWVIf5rXCT,SpotifyCares
1846618,2017-10-19 19:10:52,553107,@TMobileHelp Your site is down. Cant log in to MyTmobile. ETA when that will be fixed?,TMobileHelp
2285803,2017-10-19 19:11:58,664218,@115858 FIX THE PROBLEM OF THE IOS 11 !!! Battery doesn’t work all day long like before...that’s what bothers me the most,AppleSupport
2285683,2017-10-19 19:16:23,586296,@115821 The driver hired by Amazon flex lied about delivering the package because he had lost it in his truck.  That's ridiculous.,AmazonHelp
1846235,2017-10-19 19:18:36,552995,@Uber_Support Sent,Uber_Support
1846911,2017-10-19 19:20:12,553184,@AppleSupport The new IOS update has officially ruined my phone.  Keeps restarting and shutting off.  Cannot run new update.  Need help ASAP,AppleSupport
2295160,2017-10-19 19:21:30,339471,@VirginTrains Can I access the first class lounge with a 'VTWC' first class ticket? Just checking,VirginTrains
2285663,2017-10-19 19:23:58,465182,@115830 Please can you get your drivers to deliver to the correct address - how hard is it? I have one upset child with no present now 😢,AmazonHelp
1846822,2017-10-19 19:26:00,553158,@AmericanAir I would like to reschedule just one flight without fees. This should be fair after you have cancelled/rescheduled 3 of my flights this year,AmericanAir
2298105,2017-10-19 19:27:54,667108,"@116136 @comcastcares I don't think you're that sorry it's just a line you all use. If you were sorry, you would have help me like DirectTv",comcastcares
2283358,2017-10-19 19:28:25,663601,@AppleSupport iPhone SE,AppleSupport
2285662,2017-10-19 19:30:51,465182,@AmazonHelp Already called but you have no means of contacting the driver. How can you get an address wrong in a small town? The names are different too,AmazonHelp
2288239,2017-10-19 19:36:00,425612,@AmazonHelp I think you messed up my order can someone help ASAP,AmazonHelp
1847188,2017-10-19 19:38:15,553245,"@Delta Does the 24 hour cancellation apply to flights booked on https://t.co/HAnYsZYmL5 originating in Canada, or is it only for USA?",Delta
2267346,2017-10-19 19:41:20,659907,@AppleSupport Can you please give me the link in french since my device is set in french...thanks in advance,AppleSupport
1038963,2017-10-19 19:42:39,365820,"@Uber_Support Hey, I have sent this msg on 29th Sept and I got this reply but I didn't get refund. https://t.co/nP11UiK5Ef",Uber_Support
2288308,2017-10-19 19:43:16,664810,"@AmazonHelp Et en plus se faire engueuler par le livreur, ca cumule beaucoup d'agacement...qu'est ce qu'on fait @120533 maintenant ?",AmazonHelp
1848402,2017-10-19 19:43:32,553499,"@SpotifyCares Everything I have downloaded, regardless of location gets wiped from my iPhone",SpotifyCares
1847270,2017-10-19 19:46:56,553264,So the new @115858 software update for iPhone - frozen my phone 3 times &amp; turned itself off for 20 mins - superb 👍,AppleSupport
1410530,2017-10-19 19:49:10,447855,@AmazonHelp AMZL US is the carrier listed,AmazonHelp
2292454,2017-10-19 19:54:10,665738,@TMobileHelp Just did.,TMobileHelp
2285635,2017-10-19 19:55:07,664175,"@AmazonHelp I have emailed. Not sure what recourse there is; the gift is not here for her birthday, without any communication from Amazon. Why go Prime?",AmazonHelp
2299688,2017-10-19 19:57:06,667474,@AppleSupport the zoom when i exit an app on the new update gives me motion sickness. i can barely use my phone. can i change it?,AppleSupport
2296125,2017-10-19 19:58:56,666661,We're flying @SouthwestAir again end of the year and I want one of their 737 MAX 8s pleeeeaze,SouthwestAir
1842124,2017-10-19 19:59:18,552041,@AmericanAir I'm so bummed! Lots of my fellow travelers will be sad too!,AmericanAir
2291284,2017-10-19 20:03:54,665486,@AmazonHelp Tô muito satisfeita. &lt;3,AmazonHelp
2299670,2017-10-19 20:10:27,667468,"@115858 fix the bluetooth audio routing on iOS 11.1 beta 3 please. 

AirPods + Watch Series 3 + iPhone 8

Two weeks to go for iPhone X.",AppleSupport
2294496,2017-10-19 20:11:32,666272,@Delta can you answer a question about sky miles bonuses?,Delta
2208569,2017-10-19 20:11:54,360869,"@AmazonHelp I’m aware of his shipping works. The point is this was a huge inconvenience, pieces of my order wouldn’t arrive on time and it’s of no fault",AmazonHelp
1847900,2017-10-19 20:13:53,553392,"@553393 @115877 They refunded it, but they did not seem to care at all what became of our Brandon.",Uber_Support
2298212,2017-10-19 20:19:15,667127,@VirginTrains You might need to tweak Stockport CIS to show @122155  Illsun properly https://t.co/PMvxKWDp1J,VirginTrains
2299668,2017-10-19 20:19:23,667467,Updated the new #ios11.3 in my phone and it’s now tellin me it’s been hacked @AppleSupport,AppleSupport
2294224,2017-10-19 20:22:26,666198,"@AmazonHelp Hab ich schon oft gemacht ,das hat aber nur kurzweilig was gebracht",AmazonHelp
2297967,2017-10-19 20:23:22,553436,@SpotifyCares @223158 my spotify is playing every song except of One Direction and 5 Seconds of Summer ? it’s very weird lol,SpotifyCares
2294287,2017-10-19 20:29:24,244328,"@AmazonHelp Who said anything about India, here? Sorry, where are you going with this?",AmazonHelp
1847490,2017-10-19 20:31:24,553306,@AppleSupport So I can’t start playing music from my watch or select a Playlist to start playing in my phone?,AppleSupport
1848255,2017-10-19 20:34:14,452665,@115913 @115725 This would be funny if T-Mobile usage details wasn't broken for weeks.,TMobileHelp
1346702,2017-10-19 20:39:15,434044,@AmazonHelp Nope,AmazonHelp
2304347,2017-10-19 20:41:02,668608,"Ciao carissimi @AppleSupport 
buona notte!
per gentilezza, come posso fare il backup di 2 melafonini senza ripetere gli stessi archivi?",AppleSupport
911623,2017-10-19 20:42:08,336516,"@SpotifyCares Still no luck, when ever I tap on a song the banner won’t even come up",SpotifyCares
1848040,2017-10-19 20:44:07,156088,Honestly I am most stressed about my @SouthwestAir flight being cancelled because it's my very first SD book club meeting tonight!,SouthwestAir
2302605,2017-10-19 20:44:17,668179,"@115873 REALLY DISABLED MY ACCOUNT TODAY, IM PISSED",Uber_Support
2291267,2017-10-19 20:49:11,321028,@AmazonHelp Hello? Is anybody still helping me with this?,AmazonHelp
2302810,2017-10-19 20:49:22,668231,@115900 gotta fix this WiFi my we transfer was 99% then started all the way over 🤦🏽‍♂️,comcastcares
856968,2017-10-19 20:50:01,208249,@AppleSupport @323498 Did @AppleSupport solved the problem?,AppleSupport
872909,2017-10-19 20:52:20,327241,"@Delta DL166, boarding SIN-NAR #ComingHome",Delta
1847477,2017-10-19 21:00:02,553303,@SpotifyCares it says its not available in my country,SpotifyCares
1848172,2017-10-19 21:02:42,553452,"@115858 Since installing iOS 11.1,2&amp;3 my ID psswrd won’t work, can’t get into iTunes via MacBook &amp; no suggested workarounds work. Now what?",AppleSupport
2304120,2017-10-19 21:04:01,668549,@117086 a loja de eletronicos ta muito boa so quero saber quanto tempo vai demorar aqui no brasil pra ter entregas em 24 igual nos Eua,AmazonHelp
2308504,2017-10-19 21:05:31,669611,"@AppleSupport Please help, I can't remember the password for my iphone! I alreadt tried everything ):",AppleSupport
2304708,2017-10-19 21:06:57,320437,@AmericanAir Just sent you all a message. Thanks for responding.,AmericanAir
2304770,2017-10-19 21:07:10,116421,@VirginTrains Hi Richard!!,VirginTrains
2312927,2017-10-19 21:07:38,670737,At the @Delta clerb. Enroute #BIKF from #KSEA in a couple hours. #Iceland #Seatac https://t.co/HrLtcSTQHw,Delta
2299614,2017-10-19 21:11:41,667455,"@AmazonHelp I've sent three messages: no solution.  Your courier has the items, they can return them to you.  Full refund: Yes/No?",AmazonHelp
1848017,2017-10-19 21:11:56,553420,@115913 nothing #uncarrier about paying 80 bucks down! Might have to switch now! https://t.co/dPMXRGHEdC,TMobileHelp
2309880,2017-10-19 21:12:47,584836,@AppleSupport my headphones are crackling. Can I get them replaced?,AppleSupport
1848203,2017-10-19 21:21:12,194907,@115873 I need to speak with someone by phone ASAP. I’ve had the most horrible fucking customer service and I am stranded!!!!!!!,Uber_Support
2306305,2017-10-19 21:21:44,669087,@AmazonHelp That’s what I done and it ended up in a cancelled order ¯\_(ツ)_/¯,AmazonHelp
2206984,2017-10-19 21:23:04,201222,"@AppleSupport thanks Apple,it’s this game @74681 ,the documents and data keeps going up when i play it.its weird it might not be an iphone problem",AppleSupport
2308328,2017-10-19 21:28:21,669574,Voilà petit craquage j'ai commandé les pop de Eve et Wall-E sur @120533 💕,AmazonHelp
1857830,2017-10-19 21:29:02,232362,@SpotifyCares @351169 so your best work is not working in Ireland atm,SpotifyCares
1869158,2017-10-19 21:32:30,142139,iOS 11.0.3 @AppleSupport https://t.co/2R1RrHiyaD,AppleSupport
2313983,2017-10-19 21:37:42,669888,@AmazonHelp HELP,AmazonHelp
2305137,2017-10-19 21:41:13,405396,@SouthwestAir Great! Thanks!,SouthwestAir
2308599,2017-10-19 21:41:22,631393,@comcastcares Sent,comcastcares
2297489,2017-10-19 21:44:40,666960,@AmazonHelp 14 hours in your chat. Have been told multiple lies. A pending payment with my bank following a cancelled order with you has left me with no money. But the way you’ve handled it is the thing I’m struggling with most.,AmazonHelp
1869728,2017-10-19 21:45:12,558440,@90048,Uber_Support
2316035,2017-10-19 21:48:47,529899,Thanks team Delta for the upgrade and for getting us home 30 minutes early! @Delta,Delta
2310121,2017-10-19 21:49:54,669990,Wondering where @AmericanAir gets the nerve to ruin my friend's trip with delays and then damaging her $400 luggage and items in it? Explain,AmericanAir
1869230,2017-10-19 21:51:47,221681,@AppleSupport I have an older #AirportExpress and all my machines are Sierra or higher.   I can only update or change using #windows,AppleSupport
2309919,2017-10-19 21:54:05,669941,@SpotifyCares Believe me- Young Dolph.,SpotifyCares
2311284,2017-10-19 21:55:32,670313,"Disgusting customer service from @120474, cancelled my @146898 tickets and then told me it wasn't their fault.... #fuming",AmazonHelp
2312844,2017-10-19 21:59:54,670711,@AppleSupport why does this keep happening? It never happened before I updated my iOS https://t.co/KTd4lDZvSN,AppleSupport
2311280,2017-10-19 22:02:28,670312,@AmazonHelp I think I am good now ? https://t.co/FiDVHisBQE,AmazonHelp
1869275,2017-10-19 22:02:44,558328,@TMobileHelp How do I add Netflix to my account?,TMobileHelp
2309761,2017-10-19 22:12:18,669907,@AmazonHelp Thank you :) have done this now,AmazonHelp
2316004,2017-10-19 22:14:27,348095,"Unable to respond to your DM for some reason, but I didn't receive a message to my app about this. Maybe I'm missing something? https://t.co/rRCYJZNj2M",Uber_Support
2314125,2017-10-19 22:14:43,671035,"@AppleSupport IOS 11 update awful. Apps not working properly, freezing, slow. Worst version",AppleSupport
2312907,2017-10-19 22:20:03,558424,@SpotifyCares Appreciate it.,SpotifyCares
2314025,2017-10-19 22:24:34,671020,@AmazonHelp apps to work such as Netflix because it keeps saying I have no internet checked signal strength and says it's good. Help please?,AmazonHelp
2314053,2017-10-19 22:27:49,671026,Fuck you @115858! I pay a monthly fee for insurance and you guys can’t even send my replacement phone even though I’ve sent mine in days ago!,AppleSupport
1928011,2017-10-19 22:28:48,573782,Thank you @115911 for the free @116462 Wi-Fi on my @AmericanAir flights this week! #TMobileWingman 👌🏼 https://t.co/rpUAubO8Os,AmericanAir
1870709,2017-10-19 22:36:54,558694,@Delta Is there a more convenient way of getting in touch the next time. I've never had a wait like that with other airlines,Delta
2291221,2017-10-19 22:37:36,665476,@AmazonHelp Thanks by yout answer. Any way to question if you receive the information?,AmazonHelp
1870671,2017-10-19 22:41:42,547762,"@SouthwestAir another sit on the plane,  40+ minutes delay flight with no reason of why, #alistpreferred #fail #poorcustomerservice #WN1781",SouthwestAir
2314442,2017-10-19 22:43:09,424047,@TMobileHelp @90858  https://t.co/eQv2F3EZf8,TMobileHelp
880032,2017-10-19 22:46:42,328926,@AmazonHelp I got an email saying I won one of the Mobile Masters gift cards and replied with my account email but haven't been credited,AmazonHelp
2317144,2017-10-19 22:47:55,671818,These new #IOSUpdates are brutal on my battery. @115858 needs to find a balance for this. #MyPhoneBattery 😭😭😭😭,AppleSupport
2317276,2017-10-19 22:49:14,669726,"@AmericanAir please work more efficiently! Landed today on AA737 from LHR and more than 45 min later, still no bags! #unhappycustomer",AmericanAir
2318659,2017-10-19 22:50:29,672122,@115873 @Uber_Support,Uber_Support
2315836,2017-10-19 22:55:29,671483,@AmazonHelp Obrigadooo! :),AmazonHelp
1928093,2017-10-19 23:03:03,573802,@VirginTrains From where I should have ended up,VirginTrains
1870529,2017-10-19 23:04:41,558643,"@115900 @116136 internet out all day, sent direct messages with account info to @comcastcares with no reply",comcastcares
1870754,2017-10-19 23:07:24,558702,Since #Apple updates to #iOS11 my battery be draining faster than Usain Bolt😡@115858,AppleSupport
1418875,2017-10-19 23:07:49,449796,.@115821 why do you leave packages with gift certificates at my door but make me go to my apartment leasing office to sign for beef jerky.,AmazonHelp
2321274,2017-10-19 23:09:15,672677,@115888 fantastic boy?????????????????? https://t.co/uSQSgH6Hv6,SpotifyCares
2319950,2017-10-19 23:15:08,672385,@115877 - most frustrating customer service I’ve ever encountered. 👎🏼,Uber_Support
1870501,2017-10-19 23:18:18,391707,"@Delta Thx I finally got someone on the phone. After 2 hours our flights were changed but now the comfort seats are gone, can u help?",Delta
2318469,2017-10-19 23:21:38,672085,@115821 why do my orders disappear when an item goes out of stock but I don’t get a notification about it so I can order something else?,AmazonHelp
2318561,2017-10-19 23:22:37,672104,@AppleSupport IPHONE 7 plus,AppleSupport
2320198,2017-10-19 23:22:54,528074,@AmericanAir James Nichols. HJUPSN. Flight on Oct 10 from MUC to PHL cancelled,AmericanAir
2320344,2017-10-19 23:25:29,525251,When you try something so long for @115911 to help but no one helps :(,TMobileHelp
2319681,2017-10-19 23:30:33,437751,"@115850 : Highly disappointed with ur services, a product bought can not be claimed for a refund but only we can get it replaced wd d same",AmazonHelp
2311362,2017-10-19 23:37:12,670333,@AppleSupport My phone won't load the update - and has been broken since the last update. This is what I get https://t.co/eggkcsBlaO,AppleSupport
2315989,2017-10-19 23:38:16,671529,@Uber_Support Thank you so much,Uber_Support
2321859,2017-10-19 23:42:54,318333,MDW here we come! ✈️🤗 I luv @SouthwestAir! #Fl1456 #AListLife https://t.co/A1vFaPWsv2,SouthwestAir
2324244,2017-10-19 23:47:55,230755,"I did get today's 2 items

Still waiting for those 3 from yesterday though...

 @AmazonHelp @UPSHelp https://t.co/qtWAwSnX4V",AmazonHelp
2321201,2017-10-19 23:48:45,599053,@115858 Primero arregla mi iPhone 6 que volviste una tortuga y con un teclado que se atora en todo momento #ios1103 #fail,AppleSupport
2317314,2017-10-19 23:54:48,671860,@AmericanAir Your Admirals Club concierge are just as rude!,AmericanAir
856687,2017-10-20 00:00:01,221639,"@SpotifyCares iPhone 7, Spotify version 8.4.22, and iOS 11",SpotifyCares
1523805,2017-10-20 00:00:19,473430,@Delta how many skymiles does one have to get in order to redeem flight with skymiles?,Delta
2322678,2017-10-20 00:02:54,673030,"I got locked out of my uber account just now for literally no reason, so I feel bad for whoever I'm about to yell at until it gets unlocked",Uber_Support
2322626,2017-10-20 00:03:18,673010,@AppleSupport  https://t.co/jHLXKilYKz,AppleSupport
2325527,2017-10-20 00:06:41,236253,My package was supposed to be delivered yesterday I need answers @AmazonHelp,AmazonHelp
2321302,2017-10-20 00:17:33,672685,"@371807 @Uber_Support I’ve had drivers cancel on me several times for absolutely no reason, and then when I go to rebook the price has surged! Outrageous #badform",Uber_Support
2326428,2017-10-20 00:19:02,673796,#comcast #xfinity on-demand never works. Same story...reset box. So tired of not getting what I pay for! #soreadytoswitch https://t.co/GT7obSn203,comcastcares
902926,2017-10-20 00:20:18,334346,@AppleSupport I really hate that I can change songs from my lock screen anymore☹️It makes me think about getting an #Android next upgrade,AppleSupport
2327644,2017-10-20 00:22:25,674088,@AmazonHelp why does amazon keep charging me almost daily 16$or 17$ for magazines ???!,AmazonHelp
2326527,2017-10-20 00:24:49,478791,20 years as a customer and @115911 Sucks. Customer service is no help. They claim I have never had voicemail on my phone.........really????,TMobileHelp
1871333,2017-10-20 00:30:37,558846,"@AmericanAir just paid $25 for my carryon, on a plane from early 20th century. Economy minus class #worstflightever #AmericanAirlinesSucks",AmericanAir
2302610,2017-10-20 00:31:13,668181,"@Delta Tell your customers the truth.  Other than that, you’re doing great.  I’m at my final destination.  Thx.",Delta
1871372,2017-10-20 00:32:07,558854,@115858 It’s been 4 days since this stopped working and I’m too broke to buy one right now. I’m living in absolute misery.,AppleSupport
2328478,2017-10-20 00:34:09,674278,@Uber_Support tried contacting Uber before but no help received. card keeps getting declined/error. haven't been able to order uber. tried multiple cards!,Uber_Support
2330920,2017-10-20 00:36:15,674796,Hey there! Is your Aws sign up down for maintenance? It's not accepting my credit card details.. Thanks! @AmazonHelp @123644 #aws,AmazonHelp
2329632,2017-10-20 00:46:28,674521,"Anyone else experiencing #Amazon return issues?

2 returns (marked as Delivered to Amazon) now ""in transit"" &amp; $AMZN is billing me again?",AmazonHelp
2332012,2017-10-20 00:55:22,675029,"@AppleSupport My iPhone isn’t working, the funny thing is that in the store they told me that I have to go to the U.S to change it!",AppleSupport
2332437,2017-10-20 00:56:41,675127,@115888 i payed for my premium account and it won’t let me access it on my phone,SpotifyCares
1547151,2017-10-20 01:00:32,230652,"@Delta If I am reading correctly, these have to do with same day bookings. I purchased a month ago, is there any refund/credit available?",Delta
2331360,2017-10-20 01:02:17,290546,@SouthwestAir Maybe.,SouthwestAir
2333280,2017-10-20 01:02:43,552703,@115821 https://t.co/YD6Q3EDzZI,AmazonHelp
2332089,2017-10-20 01:04:51,675054,$1000s and being in 2 car accidents this is the service I get @115873. Should move to @115879. Is this how valued customers are treated @116276? https://t.co/1CwBvGYFVg,Uber_Support
2234761,2017-10-20 01:05:08,651838,@AmericanAir Was able to get everything fixed! Thank you!,AmericanAir
2327783,2017-10-20 01:10:04,674131,"@AppleSupport If it continues to stay on, despite the Setting-based shut off, I’ll let you know. Thank you.",AppleSupport
895350,2017-10-20 01:11:02,332592,"In the year 2017, Comcast is allowed to hijack your computer https://t.co/kGd48AWtEH",comcastcares
869883,2017-10-20 01:13:51,326550,"@AmazonHelp Filter to prime only videos in the app, easy to do before update",AmazonHelp
2333342,2017-10-20 01:19:46,332788,For the first time I am truly ready to dump @115858 @AppleSupport This is absolutely unnecessary. https://t.co/U20J5Sehyt,AppleSupport
903026,2017-10-20 01:25:39,334368,@SpotifyCares Nevermind it took awhile to recognize,SpotifyCares
895120,2017-10-20 01:31:03,332531,"@116875 me apareció un cargo de amazon, cuando ni siquiera tengo cuenta con ustedes. ¿Me pueden ayudar pls?",AmazonHelp
2332667,2017-10-20 01:32:14,675185,Love @Delta new iPhone plus screen for transatlantic flight! https://t.co/vgv8TW1OWW,Delta
1871719,2017-10-20 01:33:38,396954,"@AppleSupport yes, but something needs to be updated as Microsoft no longer offers Anniversary edition, and says it’s necessary. https://t.co/6L4B7V1Jtl",AppleSupport
2333383,2017-10-20 01:33:58,675319,Hey @115877 why do I keep getting this error? I just want food!!! https://t.co/tGhV5PQ4L1,Uber_Support
1871703,2017-10-20 01:41:38,297266,Shout out to @AmericanAir for a.) showing @862 b.) allowing the overtired mom with three children traveling solo to breastfeed 👊🏻,AmericanAir
857914,2017-10-20 01:46:59,323726,"@AppleSupport And once it does that, it charges as if went dead. I have the iPhone 6",AppleSupport
2334853,2017-10-20 01:47:58,675639,@SouthwestAir,SouthwestAir
2332815,2017-10-20 01:49:07,430574,@TMobileHelp Ive alrrady spoken with someone. Thank you,TMobileHelp
2317036,2017-10-20 01:49:56,214323,@AmazonHelp Please follow me so I can DM you ;),AmazonHelp
2337277,2017-10-20 01:51:19,386102,"@SpotifyCares i'm getting my account reset &amp; everything moved over to my new account, do you know how long approx it'll take?",SpotifyCares
1871933,2017-10-20 02:00:42,558999,@AppleSupport Opening notification for Instagram does not open if the app is in the foreground,AppleSupport
2334544,2017-10-20 02:03:09,348889,"@AmazonHelp 
Hi I received half an order today and I just want to make sure it don’t happen again. I want to re-order but, scared #help 🤓",AmazonHelp
2272001,2017-10-20 02:09:49,660959,@AppleSupport Hard restart fixed the camera.,AppleSupport
2335115,2017-10-20 02:14:52,675697,#uber a riders reasons for cancelling: the driver is taking too damn long to head my way or I see on the map that they are clearly lost,Uber_Support
1862994,2017-10-20 02:16:02,556685,"@Delta Right, so, @Delta not really sorry or serious about the offer to help...just more excuses...""the circumstances""... I understand 🤔",Delta
2334559,2017-10-20 02:21:27,675572,"@AmazonHelp Yes, on my phone using the app and also on my laptop using the Chrome browser",AmazonHelp
2335616,2017-10-20 02:25:53,648097,"@AmericanAir anyone out there? Your track record for any flights I have taken this year -everyone had issues; late, plane having issues etc.",AmericanAir
2335079,2017-10-20 02:26:53,553127,@AppleSupport Found it. Thanks,AppleSupport
1872208,2017-10-20 02:33:01,559068,@comcastcares I am honestly not surprised. I scheduled for 3-5pm and somehow it ended up being 8-11?????????? It's 10 freaking 30 right now.,comcastcares
2335520,2017-10-20 02:38:04,312019,@119625 Wondering why there’s no app for Prime Video on the Xbox One.,AmazonHelp
2335347,2017-10-20 02:38:51,675743,@SouthwestAir I misspelled a letter on my sisters middle name when booking. How do I edit it or is she good with the misspelled letter? Lol,SouthwestAir
2422246,2017-10-20 02:39:20,695726,@AppleSupport screen recording is not working What happened? Also WhatsApp dont send notifications...please fix that!!,AppleSupport
1872554,2017-10-20 02:42:40,559164,@SpotifyCares Yeah. I have questions. Why remove it? Low engagement? So what! Was it hurting anything being there? I got to pretend I was mixing tracks,SpotifyCares
2335578,2017-10-20 02:42:53,675796,@Uber_Support I just spent another 20mins looking for an email to directly complain. And the best I could come up with was Twitter.,Uber_Support
1872305,2017-10-20 02:50:42,135984,@Delta Here is DL3757 today ✈️❤️😃 I was playing Canasta with mom. Game finished. Loved seeing this plane again today 😎❤️✈️ https://t.co/KETC23WGCD,Delta
2335203,2017-10-20 02:52:25,675711,@AmazonHelp USPS,AmazonHelp
1872256,2017-10-20 02:54:51,559083,my phone has so many problems @115858 pls fix the ios 11 bugs :-),AppleSupport
2335774,2017-10-20 03:00:56,675846,"Amazon:
Ships guaranteed two day prime
Uses their own carrier
Still can’t seem to deliver it on time. Thanks @115821",AmazonHelp
1872152,2017-10-20 03:08:32,559052,"@TMobileHelp How do I send you, specifically, a DAM?",TMobileHelp
1864414,2017-10-20 03:10:47,557020,"With this most recent update, it takes forever to charge my phone. Knock it off @115858! 😒",AppleSupport
2336166,2017-10-20 03:11:26,675935,"@115873 I recommend not setting drive bonuses with time constraints when it’s raining in Seattle. Not safe, and everyone drives 15 under.",Uber_Support
2336089,2017-10-20 03:13:04,675915,@153820 you have canceled my order twice due to miscommunication on your end. Both times I didn't know until i called an hour later.,AmazonHelp
2251089,2017-10-20 03:16:37,655810,"@AmericanAir It’s okay, I’ll just continue to fly @SouthwestAir 💁🏼‍♂️",AmericanAir
2336131,2017-10-20 03:26:30,675926,@AppleSupport This is why I said no to Spotify ❤️,AppleSupport
2337269,2017-10-20 03:27:49,676230,".@115888 ‘This song not available’ (nearly all Bowie &amp; others). Mac desktop, reinstalled. #spotify #help",SpotifyCares
2336325,2017-10-20 03:31:24,347597,1 thing I hate about @115821 is that having no way of knowing where things come from. ie being a Prime member but shipping from China #weeks,AmazonHelp
1863191,2017-10-20 03:42:41,556738,@AppleSupport yo your stupid update thinks I’m driving all the time when I’m just walking,AppleSupport
2179065,2017-10-20 03:45:15,356999,"@AmazonHelp Yes and please tell the courier company to stop calling me now. Its 2 days late and NOT needed. Return and refund, no excuses no more calls",AmazonHelp
1427640,2017-10-20 03:47:53,451631,@115877 our driver gave us the wrong order and we can’t get in touch with them. HELP WERE HUNGRY,Uber_Support
2336584,2017-10-20 03:51:24,597410,"@AmazonHelp I was offered what we paid for, then you sent 1 again instead of 8. Escalated all the way up, guy is claiming he has no boss",AmazonHelp
850008,2017-10-20 03:53:22,321969,The number of times my #iPhone freezes everyday after updating to #iOS11 is ridiculous. Thinking about switching to #droid @AppleSupport ??,AppleSupport
2337611,2017-10-20 04:00:03,676310,@SpotifyCares put Super slimy up please and thank you,SpotifyCares
1865562,2017-10-20 04:00:53,425572,@comcastcares The XR11 remote goes through batteries like crasy. Two sets of AA in less than a month. Send me some batteries,comcastcares
1862645,2017-10-20 04:01:16,556609,@479466 @Delta Southwest having issues too. https://t.co/GUrjaQwYD1,Delta
2325554,2017-10-20 04:02:57,673626,@AmazonHelp It was worth it. What a game!,AmazonHelp
1872317,2017-10-20 04:11:07,559101,"@TMobileHelp @115913 Unless you can bring back the tower they ""modernised"" I doubt you can fix this short of us spending 2k on 6 new phones.",TMobileHelp
2332744,2017-10-20 04:12:40,675203,@115850  @AmazonHelp y u r not providing the exchange facility to one among the smart cities of India n city of destiny VISAKHAPATNAM - AP,AmazonHelp
2336997,2017-10-20 04:15:32,305556,@115873 it’s ridiculous. Those drivers should be fired and never allowed to drive again.,Uber_Support
2337992,2017-10-20 04:22:42,676388,Where the fuck is super slimey @115888,SpotifyCares
851668,2017-10-20 04:26:42,322306,@AmazonHelp Mi cuenta está bloqueada pero no me han ayudado para resolverlo y no tengo cómo contactarlos para que me ayuden. Incluso cancelé mi compra.,AmazonHelp
2337143,2017-10-20 04:27:19,676197,@AmericanAir Why not make it available free seats for online check in. This is inconvenience.,AmericanAir
1847222,2017-10-20 04:32:43,553251,"@AppleSupport @126145 Get yourself a Microsoft Surface product. Better, more powerful, and more versatile than MacBooks. #Surface",AppleSupport
2337171,2017-10-20 04:32:55,397305,@SouthwestAir Thanks for the great ride home today! #LUVSouthwest https://t.co/oOehAI7A8G,SouthwestAir
1872773,2017-10-20 04:44:08,559217,@SpotifyCares Hey! Version 8.4.22,SpotifyCares
2324485,2017-10-20 04:45:57,451576,@115850 awaiting my order :) #EchoDot https://t.co/ISzD7g8N1K,AmazonHelp
2337287,2017-10-20 04:52:25,676235,@115873 I'm not able to use promo code help me with it worst service by #UberIndia,Uber_Support
1872812,2017-10-20 04:57:01,303661,"Another @delta flight into #lax that we sit parked on the tarmac because they can't find a gate. Next time call ahead, delta.",Delta
2324475,2017-10-20 05:03:00,673382,@115823 how long it will take ur support team to respond to a complaint? Do u have Amazonpay customer support in India?,AmazonHelp
852960,2017-10-20 05:06:39,322622,@115858 ya still didn’t fix this copy/paste link bug 😕,AppleSupport
2337581,2017-10-20 05:09:14,676304,@AmazonHelp Copied!!,AmazonHelp
2338487,2017-10-20 05:13:27,612220,@115888 hi I want super slime right now,SpotifyCares
1863226,2017-10-20 05:23:01,556825,@556744 @AppleSupport Same,AppleSupport
2324508,2017-10-20 05:24:49,673392,@AmazonHelp Ok np thanks!,AmazonHelp
2337929,2017-10-20 05:32:16,676380,@676381 Bought one on Amazon and keep getting delayed. Is this a and all negative comments a sign?,AmazonHelp
2279269,2017-10-20 05:37:05,662674,@Uber_Support This is a serious safety issue please investigate immediately and take necessary action.,Uber_Support
2335841,2017-10-20 05:42:19,190745,"@AmazonHelp Last wornig Amazon
Call me urgent",AmazonHelp
871195,2017-10-20 05:50:29,326831,@AmazonHelp il faut vraiment changer de service de livraison pour la BE car passer par NL pour aller sur Liège en venant de mechelen ... https://t.co/AZfNAO9l09,AmazonHelp
1866435,2017-10-20 05:50:52,557605,"iOS 11; too buggy, cmon @115858 I expect more from you.",AppleSupport
2338173,2017-10-20 06:02:17,170162,@AmazonHelp Mannnnn gestern 5€ extra bezahlt für ( Prime Artikel !) Morning Express Lieferung. Jetzt das! Ätzend. https://t.co/pgbLWsZ4XW,AmazonHelp
1873246,2017-10-20 06:10:01,559325,@Uber_Support $33 for X was already too much and you want over $40 to go from South San Francisco to Redwood City.  The rider pass used to solve things.,Uber_Support
2338480,2017-10-20 06:11:31,676501,"@115821 And neither is two dropped calls when I called into customer service, along with indifferent reps when I finally connected. @115821",AmazonHelp
293884,2017-10-20 06:16:03,676504,@SpotifyCares My songs have suddenly become not downloaded anymore. 2 days ago I updated the app but the songs were still ok. What's causing this?,SpotifyCares
2401840,2017-10-20 06:17:49,691030,"@AppleSupport guys, my iCloud storage tells me it’s full, but the numbers don’t add up. 90% of is Documents? What? Where?",AppleSupport
2337239,2017-10-20 06:20:05,122364,"@AmazonHelp U didn't answered my previous question
 Echo Us Version has Remote but Indian Version Doesn't
What's the Difference in Both Versions",AmazonHelp
1873295,2017-10-20 06:22:41,376419,Hey @AmericanAir never had such shitty food in business class. Not in twenty years. Fly @120565 and watch and learn. Your food is disgusting.,AmericanAir
2338454,2017-10-20 06:31:02,676497,@AmazonHelp Okay for one order it was 17th of October. For the other It is today. But the products are at the last hub for the last 10 and 6 days resp..,AmazonHelp
2337944,2017-10-20 06:37:14,186672,"@AmazonHelp I paid entire year last year with ZERO access to books via Kindle for PC. History repeats. No refunds, No Reading, No Service.",AmazonHelp
2338443,2017-10-20 06:43:31,158382,"@AmazonHelp @115850 @118702 @115850  it was 11999. now see the price. always I am suffering. who ll give me the 1000 extra. will u be calm, if i steal your money.",AmazonHelp
878130,2017-10-20 06:46:02,328454,"@328455 @328453 @comcastcares Yeaaaa for some reason I thought it said “Dan”, wasn’t wearing my glasses lol",comcastcares
2338858,2017-10-20 06:53:00,676580,@AmazonHelp I'm unable to charge my phone my right now because today's express delivery wasn't upheld :( and i've got no portable charger either :(,AmazonHelp
1863723,2017-10-20 06:53:27,556853,@AppleSupport after updating iOS 11 my iPhone 6s convert to alive heater what happened with apple quality???,AppleSupport
2383179,2017-10-20 06:58:40,403125,"The new tag line of #Amazonindia @115850 #what you need that I don't have, n what I have that I will not give you#",AmazonHelp
1040460,2017-10-20 06:58:43,311893,@VirginTrains But I would like an apple juice !,VirginTrains
2342921,2017-10-20 07:02:34,677648,"Just so you know, @115877 doesn't actually deliver food to your door. They just leave it in the lobby and tell you that it's undeliverable",Uber_Support
2383187,2017-10-20 07:05:07,686833,"@115850 @AmazonHelp  Amazon fulfilled product, not being accepted for return/refund. #badcustomerservice -1/n",AmazonHelp
1863609,2017-10-20 07:05:52,556826,"@3072 For example, a radio station based on Scott Walker's Epizootics tends to have music much more like Walker's earlier, easygoing work.",SpotifyCares
2338676,2017-10-20 07:11:42,676548,@AmazonHelp How can you show price more than  MRP?,AmazonHelp
2339075,2017-10-20 07:17:31,321013,@AmazonHelp Yes I have. They will get bk in 3 days. This mobile was a gift to my son who was home for Diwali,AmazonHelp
903015,2017-10-20 07:20:39,334364,@AppleSupport @334363 Well that means you’re gonna have to do it for everyone. iPhone 6 barely working here as well! Sluggish to open anything...just awful,AppleSupport
2383450,2017-10-20 07:29:13,687046,"@115830 Hi I made an order Monday and it haven't been dispatched yet, is this normal?",AmazonHelp
1430773,2017-10-20 07:30:09,322685,@Delta There was no agent to be seen.  Every number I dialed was out of service or not answered.  I must have these bags today.,Delta
2383471,2017-10-20 07:33:35,687051,@115873 I’ve been charged twice for a fare how do i sort this?,Uber_Support
1873638,2017-10-20 07:40:07,376034,@SouthwestAir They wouldn’t give me more than 4!!!! I fly home Monday morning. Can you hook me up?,SouthwestAir
2339090,2017-10-20 07:40:15,399425,@AmazonHelp I’m in the uk so it’s .co.uk.,AmazonHelp
2383727,2017-10-20 07:48:13,376812,L’inverse d’Amazon Prime c’est Amazon Logistics. 5 jours que 2 colis ne sont toujours pas livrés.,AmazonHelp
1863843,2017-10-20 07:55:06,556879,@AppleSupport my battery has gone from 100% to 80% without even touching the phone!I updated to 11.0.3 last night so I guess that’s the prob,AppleSupport
2383806,2017-10-20 07:56:10,687145,@VirginTrains 7:24 from Durham to Edinburgh. Mobile ordering with delivery to your seat. What a game changer that would be!,VirginTrains
859644,2017-10-20 08:03:33,324105,"Hey @120533, on est quel jour ? Les autres dites rien. https://t.co/Gec0e40rin",AmazonHelp
2384199,2017-10-20 08:05:07,687225,@Uber_Support  Hi can I get a help just left my phone in a uber. I can't access my uber account forgot password and need my phone to verify,Uber_Support
842490,2017-10-20 08:05:34,320380,That is the distance it takes to break your fuckign Apple TV remote @AppleSupport  thanks @115858 for a cheap vulnerable remote https://t.co/1X0iqXgptS,AppleSupport
1862794,2017-10-20 08:09:12,556640,@115888 I think that the #releaseradar playlist would be greatly enhanced if you gave users the option not to include re-releases,SpotifyCares
1431789,2017-10-20 08:11:43,324105,"@AmazonHelp En fait c'est déjà la date reprogrammée par le SAV, il était prévu pour lundi à l'origine ce colis...",AmazonHelp
2308321,2017-10-20 08:20:04,669573,@AmazonHelp It's the worst time to happen. My son has no present for his birthday. He's fine but I am *FURIOUS*. Should've gone to @2116,AmazonHelp
2061860,2017-10-20 08:21:36,609781,@AmericanAir @401526 Thank you for bringing us such a gift!!! I will definitely consider #americanair for future travel!  eternally grateful!!!,AmericanAir
2384529,2017-10-20 08:32:06,687296,@115851 @21254 402-2376616-4812336(order ID) - I was cheated again by Amazon India courier service team. They updated false info.Kindly rectify it asap.,AmazonHelp
842463,2017-10-20 08:32:49,320373,"Beni iphone'dan soğuttunuz, sürekli donuyor takılıyor. Telefon açamaz olduk! Ne yeni sürüm ne eski, hiç bir fark yok. Kriz! @AppleSupport",AppleSupport
1874036,2017-10-20 08:39:11,559481,@115873 do drivers get 100% of tips?,Uber_Support
1433087,2017-10-20 08:39:52,452743,"@AmazonHelp Your customer support is not helping. All the more, the Facebook page on Amazon is Blackmailing me by saying they'll hide my post.",AmazonHelp
2383933,2017-10-20 08:52:00,310419,@AmazonHelp Already i have provided the details twice.,AmazonHelp
2385253,2017-10-20 08:58:33,687468,アマゾンの注文が勝手にキャンセルされてたんだけど。。。,AmazonHelp
2384404,2017-10-20 09:03:34,687266,"@VirginTrains @120819 I would really appreciate that. 🙌🏾 😀 He was great, especially after our first train was annoying more &amp; more delayed. Thank you.",VirginTrains
2385205,2017-10-20 09:04:43,687458,Amazon you are breaking my bank account 😎 Just ordered these cute mini Avengers Characters for my nerd corner 😎😍 https://t.co/AvE4HyjMyb,AmazonHelp
844277,2017-10-20 09:05:30,320722,@AppleSupport Why do your reps (including a supervisor) say they’ll call back then don’t?,AppleSupport
2385222,2017-10-20 09:15:20,687461,"なんかさ
Amazonで予約はしたんだけど
支払い番号のメール来なくて
心配なんだけど
まだ先だからこないだけ？
それとも何かの不具合？",AmazonHelp
1752920,2017-10-20 09:16:21,528047,@SpotifyCares All working now! Pass my thanks on to your tech people https://t.co/3ef66s6dvG,SpotifyCares
2385213,2017-10-20 09:21:57,687459,@116316 wird auch einfach immer schlechter. Zum Kotzen ist das.,AmazonHelp
440069,2017-10-20 09:28:28,219445,@AmazonHelp Yes ! I did check that but that doesn't solve my query Where is my refund cheque that acc to your mail I was supposed to get in 5 days ie 14,AmazonHelp
2385257,2017-10-20 09:33:40,687469,"@Uber_Support And I can’t respond to it within the app, you have marked it resolved when it isn’t.",Uber_Support
2385516,2017-10-20 09:35:33,389714,"@AmazonHelp El producto se envió ayer, porque sale hoy a la venta. Y una vez ha salido es cuando baja el precio... No veo para qué reservar desde hace 4 meses entonces.",AmazonHelp
960348,2017-10-20 09:39:40,556570,@115913 @115911 I'm a long time customer and I'm now so dissatisfied with tmobile that I have the inconvenience of shopping for another carrier.,TMobileHelp
2385797,2017-10-20 09:45:25,687599,Amazon bar行きたかった人生であった。,AmazonHelp
845897,2017-10-20 09:48:20,321057,@AppleSupport so we can’t send our baby videos to grandpa because of your shitty iOS 11... 😡,AppleSupport
2386090,2017-10-20 09:50:14,687666,Never seen this before @AmazonHelp - it's my home address and was a Thursday! https://t.co/LlMvKZJj0W,AmazonHelp
2386463,2017-10-20 09:56:38,687743,Thanks @Delta for another maintenance issue first flight of the day.  Wouldn't be so bad except we have to wait two hours just for maintenance to show up.  #cxfail,Delta
1676634,2017-10-20 09:57:20,204455,"@AmazonHelp I replied again mail that mail. Please update the mail you guys going to reslove the issue or not, #AmazonGreatIndianFestival",AmazonHelp
1206948,2017-10-20 10:03:27,325962,@AmazonHelp @360907 Your support team just escalates the issue and actually nothing much happens after that...pathetic delivery services.,AmazonHelp
2386709,2017-10-20 10:03:59,687794,"@AmericanAir,before claiming“no room” in the overhead compartments,please make sure personal items are under seats seats. Many Could’ve fit.",AmericanAir
2386078,2017-10-20 10:11:13,687661,@AmazonHelp pues en mi vitrina 😂,AmazonHelp
847088,2017-10-20 10:13:48,321318,¿Por que desaparecieron fotos de mi iPhone? HELP @AppleSupport 😭,AppleSupport
1862612,2017-10-20 10:16:22,556605,@115877 why is ur app preventing my work from getting McDonald's all our neighbouring properties can get it,Uber_Support
2386358,2017-10-20 10:18:54,687721,@117086 Como deve ser usado este fone? https://t.co/EqJxqLE1XG,AmazonHelp
2386332,2017-10-20 10:23:01,336128,@AmazonHelp I get recorded calls from London. Thats doesn't help. Please try an understand my point if Ur a human and not a machine sending me replies,AmazonHelp
1496164,2017-10-20 10:24:29,467371,@VirginTrains https://t.co/Avr7nxfYQS,VirginTrains
2386642,2017-10-20 10:28:13,687781,"Amazonプライム会員だったらしい...
ドラマも映画も観られるの？？
今まで何してたんだ(´･ω･`)",AmazonHelp
2387961,2017-10-20 10:33:53,321027,@115850 ??? https://t.co/Zt0XLDcfOG,AmazonHelp
2386614,2017-10-20 10:38:52,687776,@AmazonHelp hi why can’t I get Alexa to work in hotel? I bought it for road trips and I can never get it to sign on in the hotel Frustrating,AmazonHelp
875202,2017-10-20 10:42:26,327792,On @327793 there are not available all songs :( Only 'Postcards in the Sky' song and songs from both EPs. @68312 @63190,SpotifyCares
2386613,2017-10-20 10:45:27,687776,@AmazonHelp Australia now. It connects to Wi-Fi but when it sets up thru the app it gives me an error message every time. Error 7. Or ‘page won’t load’,AmazonHelp
2394022,2017-10-20 10:51:04,689248,"@Delta Otto Sluiter
 Can I add an extra bag of 23kg after my booking and how does that work?",Delta
923764,2017-10-20 10:51:50,339221,@AmazonHelp Have already filled this form 2 days back? Why is it so difficult to reach out through your customer care?,AmazonHelp
1864288,2017-10-20 10:57:14,556988,@AppleSupport ever since the first iOS 11 my volume changed and now the loudest option still is hard to hear for alarms and phone calls!,AppleSupport
1437083,2017-10-20 10:59:21,453622,"…あ！
Amazonのパスワード思い出さない…",AmazonHelp
2385462,2017-10-20 11:08:05,687520,"@AmazonHelp Ok, but I'm no closer to knowing when I will receive my item.",AmazonHelp
1043161,2017-10-20 11:14:10,366682,@AmazonHelp Unsubscribed from Amazon Ticket emails and received 4 within the space of 6 minutes this morning. Unsubscribe page says 0 subs.,AmazonHelp
2399433,2017-10-20 11:16:48,690449,"@115873 hey, why are you charging me when the driver cancels a trip on me?  I just had another bad experience with a driver that did just that",Uber_Support
843043,2017-10-20 11:17:25,320498,"@VirginTrains @VirginTrains Was gonna leave this but had 2nd thoughts, esp having to travel on a delayed Virgin train @188958 wkend. Your initial response...",VirginTrains
2394041,2017-10-20 11:19:12,672148,@AmericanAir Did you ask them to give me enhanced security review despite my Precheck status? Check-mate. You won. I’m defeated.,AmericanAir
1437605,2017-10-20 11:19:40,453733,"@AmazonHelp ご連絡ありがとうございます。
特にその様な連絡は受けていないものでして…お手数おかけいたしますがカスタマーサポートの方にて確認させて頂きます。
ご丁寧な対応ありがとうございます。",AmazonHelp
2399793,2017-10-20 11:24:39,267898,Hey @AmazonHelp I have a regular Amazon payment coming out of my account which looks like a Prime payment I haven't signed up for. Who can I,AmazonHelp
847106,2017-10-20 11:30:16,321325,@AppleSupport Fix fucking iOS 11... Your new shit gave my phone ebola. Nothing works anymore #ios11update  #applegetyourshitstraight,AppleSupport
1863070,2017-10-20 11:31:08,556662,"@SpotifyCares It’s not just this one, it’s most of the albums that have been released recently https://t.co/NwRb1IyRDn",SpotifyCares
17262,2017-10-20 11:36:09,119798,"@AmazonHelp one order, two consignments. one delivered othr returned twice coz incorrect address. raise. last time exectiv gav assurance but no good.",AmazonHelp
2400053,2017-10-20 11:48:48,690596,"@115821 @AmazonHelp hi, I order a parcel for it to come today! It says its out for delivery! Could you help please!",AmazonHelp
1862823,2017-10-20 11:49:00,556646,@SouthwestAir And now today we 'might' leave at 915 - inconvenienced on 2 out of 2 flights. Will be late for appts this afternoon more $$ for charges,SouthwestAir
2400124,2017-10-20 11:51:54,690609,IM SO FCKING HUNGRY AND SO I ORDERED FRIED CHICKEN ON UBEREATS AND THE DELIVERY MAN RAN WAY WITH MY CHICKEN!!!! NEVER BEEN THIS ANGRY BEFORE,Uber_Support
848780,2017-10-20 11:52:53,321692,@comcastcares I love having an orange cable running across my yard for 2 months! Hey @117735 you want a new customer? https://t.co/Ot2sFNJ3El,comcastcares
846972,2017-10-20 11:57:34,321299,@AppleSupport I need to know how can you solve this kind of problem... Camera freezes #iphone7 #iphoneproblems https://t.co/oGwH9cXwwc,AppleSupport
2187385,2017-10-20 11:58:11,236120,"@AmazonHelp I do appreciate the attention to the matter, but $10 isn't the fix I needed. I am looking for assurance they can actually drop items at door",AmazonHelp
2400185,2017-10-20 12:05:07,174289,Pilot on this @Delta flight just told us he and the first officer are in the Air Force. I can rest easy heading to Boulder. #ingoodhands,Delta
2400097,2017-10-20 12:08:25,690604,@AmazonHelp Thanks,AmazonHelp
2386388,2017-10-20 12:15:00,687725,"@AmazonHelp Vuestra Atención al cliente es penosa. Me podéis dar vuestro numero CIF, o me lo vais a negar como por teléfono?",AmazonHelp
2399869,2017-10-20 12:15:43,690553,"@VirginTrains @690552 Yeah coach C was meant to be unreserved, then told coach F had unreserved seating but the overheads don’t work!",VirginTrains
848564,2017-10-20 12:16:16,321657,The search feature is all sorts of screwed up right now @115888,SpotifyCares
2400641,2017-10-20 12:20:24,690727,"@AmazonHelp poor service received wrong product (order 408-3466203-5770758) now instead of replacement u guys refund it, despite in Stoke",AmazonHelp
2400425,2017-10-20 12:22:25,454544,"@Uber_Support 

And the help pages say that you weren't charged with cancellation fees. Like seriously is it joke to you guys. ?

(2/2)",Uber_Support
1864429,2017-10-20 12:24:30,557025,@115858 can you explain to me why my phone is useless since I updated it. It keeps crashing &amp; freezing even in the middle of calls! 😖,AppleSupport
915932,2017-10-20 12:24:48,337465,"@AmazonHelp The product was supposed to be delivered by 21-23 but it came in early today in my absence. Since I wasn't at home, I'm surprised to see 1/2",AmazonHelp
2400482,2017-10-20 12:25:09,248800,Is there something happening? https://t.co/YyxbljhIXm,TMobileHelp
842374,2017-10-20 12:33:08,320350,@AmazonHelp Will send it,AmazonHelp
1864391,2017-10-20 12:35:53,557014,Can @115858 like update iOS 11 ? Before updating to iOS 11 i charge my phone once a day but now I charge thrice a day :),AppleSupport
844619,2017-10-20 12:38:25,320792,Hey @AmericanAir - upgrade @37290 to first class bc he's first class in my eyes?! #AskingForAFriend #ForeverGrateful,AmericanAir
866123,2017-10-20 12:38:37,325660,@AmazonHelp Yes but this is office address delivery and as per your team delivery time is 8-5 &amp;not on weekends @AmazonHelp,AmazonHelp
2401275,2017-10-20 12:45:09,690894,@Uber_Support I disabled my uber account because my phone was stolen and now I can't activate again HELP,Uber_Support
2400913,2017-10-20 12:46:26,389124,@690796 Echt jetze? @AmazonHelp könntet ihr dann die Emails evtl deutlicher kennzeichnen? Solche Antworten helfen doch nicht.,AmazonHelp
1863392,2017-10-20 12:47:47,556778,@SouthwestAir Yes. But we've always done that. Just did in April,SouthwestAir
848295,2017-10-20 12:48:36,308070,@AppleSupport I did not understood what do you mean by DM my iPhone,AppleSupport
2400077,2017-10-20 12:52:17,459221,"@AmazonHelp It’s only one shipment, containing 3 items",AmazonHelp
842178,2017-10-20 12:55:43,320321,"@AmazonHelp Yes, my prime 2-day delivery date was yesterday, the 19th.",AmazonHelp
1029049,2017-10-20 12:56:19,363485,@115888 @2069 When the app will be available to LG SmarTV webOS 3??,SpotifyCares
2401040,2017-10-20 13:01:18,690828,@VirginTrains I'm one of the fortunate ones!,VirginTrains
842327,2017-10-20 13:03:28,320343,@AmazonHelp Dans l’option des commandes il n’est pas possible de signaler le problème... Et je n’ai pas trouvé de mail pour vous contacter ?,AmazonHelp
847075,2017-10-20 13:06:30,321964,@321313 @115858 Ya last update has killed my battery life and lots of lagging,AppleSupport
2400920,2017-10-20 13:08:23,690797,@AmazonHelp yes the reason which is given is useless as no one called me or no came at my place for delivery that the reason which is given,AmazonHelp
842368,2017-10-20 13:13:54,320350,"@AmazonHelp I checked for it on checkout process, it said FREE SHIPPING for prime members, I do have a prime membership trial for 30 days",AmazonHelp
851858,2017-10-20 13:14:21,322350,"@SpotifyCares Hey, I may have fixed it with a password change and sign out, but someone logged into my account remotely.",SpotifyCares
1072959,2017-10-20 13:17:04,373182,What's the point of using miles when @AmericanAir makes you pay for redeeming it. #betterusingsome1else #airlines,AmericanAir
849915,2017-10-20 13:18:29,321946,@AppleSupport hey apple i have been having this problem since yesterday please help https://t.co/YvSMUpxiFR,AppleSupport
1863589,2017-10-20 13:20:42,556819,@Uber_Support Also if you’re charging 40$ for someone vomiting in an Uber why would I be paying 80$ for a “sweat” mark in someone’s car,Uber_Support
2401375,2017-10-20 13:21:38,690919,@VirginTrains explain?,VirginTrains
2401595,2017-10-20 13:23:00,690973,On my @Delta flight to #TwitchCon2017 abd my #TMobileWingman got me free WiFi on flight!!! Delta and T-Mobile are awesome!!,Delta
1441881,2017-10-20 13:23:34,454535,Amazon雑ですよ。 https://t.co/JozfXTXLEy,AmazonHelp
849885,2017-10-20 13:24:51,321939,@AppleSupport need help.. after upgrading my 6s its getting hung up + not able to charge my phone.. wasted 72000... 😔,AppleSupport
842109,2017-10-20 13:32:07,126369,@AmazonHelp Yes did every thing no use. Till yesterday was working fine. Pls do nedd full &amp; update me the status 🙏,AmazonHelp
2052145,2017-10-20 13:37:22,606898,@AmazonHelp @606896 Hahaha,AmazonHelp
849882,2017-10-20 13:37:55,321938,@AppleSupport My Iphone keeps shutting itself and the apps down and sometimes it randomly turns itself out??? help,AppleSupport
842589,2017-10-20 13:41:57,320406,@6980 is there a way to petition for a certain model car to be added to the Uber Select list? Thanks.,Uber_Support
842231,2017-10-20 13:45:07,320329,"@AmazonHelp Généralement quand je commande des jeux, c'est direct dans la boîte à lettres alors j'imagine que pour un sac souple à 5€, c'est pareil...",AmazonHelp
1863845,2017-10-20 13:47:06,556880,".@SouthwestAir standby, by far the best policy in the industry. The flexibility of this airline really does stand alone. https://t.co/gSUcaTKn7C",SouthwestAir
844147,2017-10-20 13:49:25,190653,@AmazonHelp Received 👍,AmazonHelp
851735,2017-10-20 13:50:01,322320,"@AppleSupport Hi, trying to install windows 10 from Boot Camp. Says no image is available. https://t.co/PX28M2lCQp",AppleSupport
842270,2017-10-20 13:53:43,320338,@AmazonHelp 👍👍👍👍👍 good.....😊,AmazonHelp
848557,2017-10-20 13:54:34,295152,"@SpotifyCares Thanks!😊But, that info is from March 2017: many users in #RokuUK &amp; other regions wish to know WHEN #Spotify playlists will return to #Roku?🤷",SpotifyCares
844617,2017-10-20 13:56:32,320792,@AmericanAir Does #goodvibes mean #frontrow?! 😂😍 #royalty #thxinadvance @37290,AmericanAir
852911,2017-10-20 13:56:44,322613,@118721 @AppleSupport I bought an album on iTunes and now it says I have to rebuy it again,AppleSupport
842169,2017-10-20 13:58:38,320320,@AmazonHelp Done,AmazonHelp
844941,2017-10-20 14:03:05,320850,@VirginTrains I'm on the 1:50 carriage B to Euston and it is boiling. Can the heating be turned off it's uncomfortably hot,VirginTrains
845771,2017-10-20 14:04:09,118356,@AmazonHelp order id#405-4331664-4121908 .. Waiting since 8th October now...Pls escalate this issue,AmazonHelp
844382,2017-10-20 14:04:29,320745,"@Uber_Support hi, lost phone in uber in Guildford UK, can't sign on to Uber web without two factor auth... sent to my phone. Plz advise, ty",Uber_Support
842163,2017-10-20 14:10:33,321016,"@320317 @115821 I had a guy leave a message for a dropoff. He said ""Hello......hello....hello?...... Fuck It"" and took my package back!",AmazonHelp
845990,2017-10-20 14:12:33,321077,@Delta Conf #HN2SO4 hopefully you don’t speak to the same supervisor,Delta
852903,2017-10-20 14:15:26,322611,I did the stupid upgrade on my phone and now its soooo slow.... f u @115858,AppleSupport
846914,2017-10-20 14:16:29,321284,"@AmazonHelp Wie kann man bei der Produktsuche Händler aus dem Ausland wegfiltern, so dass man sicher bei einem deutschen Anbieter bestellt?",AmazonHelp
847267,2017-10-20 14:17:44,321380,@Uber_Support How do we know if our RidePass is set to auto-renew? There is no toggle option as your support page says there is.,Uber_Support
846851,2017-10-20 14:24:29,321268,"@AmazonHelp hey .I was trying to purchase some books from Kindle store ,yet I received a message  advising me to update the location.",AmazonHelp
370703,2017-10-20 14:26:21,203792,"@AmericanAir Already did that, I was just thanking you for your gracious incompetence. Now I have to wait around 3 hrs from home until my and gets here.",AmericanAir
848617,2017-10-20 14:28:59,321669,"@Delta hi, checked in for my flight, it says “seat assigned at gate,” wont let me pick. Trying to make sure seats available &amp; not overbooked",Delta
854612,2017-10-20 14:29:53,322971,What the fucc is up with my battery after @115858 iOS 11 update?? Dropped from 50% to 7% in 5 minutes. Battery lasted 2.30 hours today.,AppleSupport
848182,2017-10-20 14:29:55,321571,Very annoyed that @115821 still haven’t delivered my @321572  book when it was ordered on prime! 😡😡,AmazonHelp
847247,2017-10-20 14:31:51,321375,@115873 Hello I Was Charged Twice For A Ride &amp; Also I Had To Cancel A Differnet Uber And Got Charge $5 Even Tho The Driver Was Taking To Long,Uber_Support
907489,2017-10-20 14:34:31,335497,@AmazonHelp .@115821 's new direct fulfillment keeps leaving packages on sidewalk to get stolen despite requests they stop. Will @AmazonHelp respond?,AmazonHelp
845685,2017-10-20 14:36:52,321014,@AmazonHelp  https://t.co/FZhMrc4tMh,AmazonHelp
848914,2017-10-20 14:42:13,321719,"@VirginTrains hi I booked tickets through your app I've had the email confirmation, but it's showing my app wallet as empty?",VirginTrains
844134,2017-10-20 14:43:48,320694,@AmazonHelp Hi. It is not letting me login to see where the link takes me.,AmazonHelp
854524,2017-10-20 14:44:49,322948,@AppleSupport My battery life depletes much faster with the update and my phone crashes all the time. Never had any problems prior to iOS 11,AppleSupport
848206,2017-10-20 14:50:01,321577,@AmazonHelp Just read the https://t.co/VoE8QTMlj5 can't seem to make up your mind whether the item is out for delivery or returning to you in transit,AmazonHelp
842552,2017-10-20 14:52:46,320399,"@SpotifyCares Logging out and back again worked! I had tried the restarting stuff but not that, just feeling silly now xD thanks :)",SpotifyCares
850322,2017-10-20 14:54:40,184015,@comcastcares Internet has gone down over 15 times in the last 15 minutes. Help.,comcastcares
848118,2017-10-20 14:56:03,321564,@120474 awful customer service!2 Foo Fighters tickets on payment screen then sent email to say I’ve been sold 1 &amp; you won’t refund!,AmazonHelp
848889,2017-10-20 14:59:04,321713,@TMobileHelp @115913 I just sent you a DM...did you receive it?,TMobileHelp
814406,2017-10-20 15:00:20,183550,"@AmazonHelp @115850 

Please help!Not able to contact your executive. One order is returned but showing no status of it and also no refun",AmazonHelp
856129,2017-10-20 15:00:53,323305,Wasn't iOS 11 supposed to finally move the volume indicator that covers up the whole screen?  Is there some option I need to turn on? @AppleSupport,AppleSupport
850261,2017-10-20 15:03:46,322008,".@AmericanAir ✈️ flight cancelled, was rebooked to a later flight; wasting 4 hours at the airport, now the flight is late? #NotCool #AA2850",AmericanAir
2401846,2017-10-20 15:03:49,691033,@Uber_Support Why should I bear the cause of your driver. It's not my fault that your driver is late and charge it  to customer...,Uber_Support
1864528,2017-10-20 15:05:57,557057,"Reason 1,467 I love @SouthwestAir Our flight attendant 👩‍✈️ made a crown 👑 and said “I just love bringing joy to people in the morning!” https://t.co/SE73g3ZuZT",SouthwestAir
294291,2017-10-20 15:06:24,185733,@AmazonHelp How soon?,AmazonHelp
852816,2017-10-20 15:10:54,322591,@115850 No response yet,AmazonHelp
852022,2017-10-20 15:13:07,322396,@Delta Perhaps adding an “Order Food” option to the “Trip Extras” section of the FlyDelta app would allow #Delta to more accurately program supply for each flight &amp; not leave the 100+ customers in the back of the jet with only pretzels.…,Delta
869922,2017-10-20 15:14:07,326563,"Telefonum iki kez dondu resetledim, üçüncü de yenisini gönderirsiniz @AppleSupport dünyanın parasını boş yere verdik hissi yaşamayalım",AppleSupport
854447,2017-10-20 15:14:40,183550,@AmazonHelp @115850 already returned..!! The executive I called last time said that your refund will be initiated in few hours.. but it never happened..,AmazonHelp
851849,2017-10-20 15:21:01,322348,@SpotifyCares anyway to sort playlists alphabetical other than manually (Mac App) and/or select which playlists show on mobile app?,SpotifyCares
851794,2017-10-20 15:22:21,322338,@AppleSupport It is a gif and I'm using iOS version 10.3.3. Thanks,AppleSupport
727774,2017-10-20 15:22:44,294349,@294340 @Uber_Support @294339 Interesting idea,Uber_Support
852788,2017-10-20 15:22:53,322583,@AmazonHelp hey...anybody there to help me? :),AmazonHelp
852827,2017-10-20 15:29:23,322593,"@AmazonHelp I order an item for my PS4 and it doesn’t work, can I exchange for a new one/get a refund?",AmazonHelp
845815,2017-10-20 15:32:23,321037,"@AppleSupport iPhone 7, 128GB
iOS 11.0.3",AppleSupport
852731,2017-10-20 15:35:10,322575,parcel from @115821 half the package was stuck to the book can't get it-Berlin without a travel guide it is then! https://t.co/bGBx7khtLN,AmazonHelp
853243,2017-10-20 15:35:39,322701,"Big shout out to @AmericanAir pilot this morning for a safe trip to DC for Thurgood Marshall Leadership Institute!!
#United4LI2017 #SCSU https://t.co/rOuLznC8Cv",AmericanAir
852718,2017-10-20 15:37:25,322572,Hi @115830 had a delivery today part 1 is there but part 2 isn’t bit is saying it’s delivered??? Where’s my It !!???,AmazonHelp
845910,2017-10-20 15:37:48,321061,"@SpotifyCares my app version is the latest and I'll try to restart my phone. if I log out and log in again, will I have to download all my music again?",SpotifyCares
854598,2017-10-20 15:39:28,322969,@AppleSupport need support for iPhone (not working).  case: 100327834514  can someone chat or FaceTime me?,AppleSupport
854395,2017-10-20 15:42:21,322922,When you lie to a customer @115821 that’s wrong!,AmazonHelp
852010,2017-10-20 15:44:19,322393,@Delta We saw plenty of extra bins. Look at this bag... wtf is this https://t.co/mlztMnzfJU,Delta
857933,2017-10-20 15:45:01,323730,@115858 @AppleSupport hey when are you guys going to put out a new update that will fix the damage of the last one?,AppleSupport
850463,2017-10-20 15:45:25,322051,@118730 I am noticing more and more cars on your Select service not living up to the Select standards. Why would I pay more for a car I can get on UberX,Uber_Support
855185,2017-10-20 15:47:53,323111,Transpennine just called out Virgin on our train saying ‘they cant run a service on time’😂 @120870 @VirginTrains,VirginTrains
858345,2017-10-20 15:49:16,323823,Spending my morning checking @120943 and @SouthwestAir regulations to figure out if I can carry on my light-up jellyfish umbrella puppet 😶,SouthwestAir
856054,2017-10-20 15:49:22,323284,No one delivery my order even contact them . Refuse to deliver saying i am not detailed. What to do @115850 https://t.co/oCB9QL6Hx5,AmazonHelp
1865703,2017-10-20 15:52:20,557399,"@116130 you are snakes, started charging me £10 a month without notifying me",SpotifyCares
1451826,2017-10-20 15:54:43,456915,"@AppleSupport I have version 11.0.1 installed at the moment, what’s next",AppleSupport
856014,2017-10-20 15:56:06,323281,@38437 @115830 I ordered 2 couple of weeks ago they left them on drive behind a bin didn't know for 2 days found them accidently 🙈,AmazonHelp
857748,2017-10-20 15:59:22,323703,@AmazonHelp So I order a AMD processor from you and the box is right but the wrong processor was in the box.,AmazonHelp
1449178,2017-10-20 16:02:17,456272,"@115913 I want a pixel 2, but I'm already a t-mobile customer. Am I SOL?",TMobileHelp
844025,2017-10-20 16:04:05,320685,I took an Uber yesterday. The driver was a racist piece of shit. I had to get out of that Uber I was charged full price. Uber won’t refund,Uber_Support
855948,2017-10-20 16:04:52,323268,@AmazonHelp Numéro de suivi C1004059313,AmazonHelp
854458,2017-10-20 16:07:56,322935,@AmazonHelp I have tried...they simply dont want to help...earlier they said i have not placed the order...later on my insistence they accepted...,AmazonHelp
868777,2017-10-20 16:10:25,156746,How much does it really cost to buy #Aadvantage miles? @americanair https://t.co/pafixHcGKI,AmericanAir
857741,2017-10-20 16:12:58,323700,"Amazon where is my GM cd custserv ""you should have it in next 24 hours"". Why didn't I just buy from HMV today @115830  feeling let down",AmazonHelp
1865819,2017-10-20 16:15:27,557427,@115888 I am not able to sign up.,SpotifyCares
864442,2017-10-20 16:15:35,325305,hey @AppleSupport any new updates to fix the messages bugs as well as the updating apps bugs? Its getting ridiculous that in order to update my apps I have to restart my phone bc it won't update on its own and freezes everything,AppleSupport
869855,2017-10-20 16:19:54,326541,@120533 À quand la précommande de #Doom sur #NintendoSwitch ? @3614,AmazonHelp
856759,2017-10-20 16:21:00,159701,@Delta Can you remove the SSSS so I can get a mobile boarding pass? 😅,Delta
864417,2017-10-20 16:21:48,208428,@AppleSupport c’mon... iOS 11.* Bluetooth is killing my battery. No issues like this prior to up... I mean downgrade in iOS. 😪,AppleSupport
857722,2017-10-20 16:27:29,323699,"@AmazonHelp the only option available is a return, how can i return something that was never shipped in the first place?",AmazonHelp
1305785,2017-10-20 16:27:35,557258,@SouthwestAir Worst airline,SouthwestAir
856732,2017-10-20 16:29:42,323458,"@115873 one more thing, how do I change a rating for a driver? Accidentally rated the wrong trip",Uber_Support
866271,2017-10-20 16:33:08,126369,@AppleSupport @TwitterSupport as per apple i have updated and restarted apps taking long time to download @TwitterSupport 🙏do need full 😥,AppleSupport
856592,2017-10-20 16:36:03,323419,Thank you @115821 NOT A WAY TO PACK A @125815 DISGRACE #NOTHAPPY @AmazonHelp https://t.co/XN6Lm93C9J,AmazonHelp
858529,2017-10-20 16:42:57,323854,"@VirginTrains paid for WiFi on my train but didn’t receive a code, can you help? 🙂",VirginTrains
858111,2017-10-20 16:43:03,323776,Yesterday the ladies from Delta Clipped Wings served Open Arms lunches to patients &amp; families. Love how @delta gives back. https://t.co/jcPkOuyXUf,Delta
814410,2017-10-20 16:44:08,313958,@AmazonHelp It is just a form...  Not the resolution...,AmazonHelp
1865945,2017-10-20 16:44:41,557463,@SpotifyCares signed up for the family plan and invited mom and sis. After confirming the invite and signing up it's not working for them,SpotifyCares
1865355,2017-10-20 16:45:11,178575,"@120418 @115913 @115725 It's a mystery J...they always want me to ""DM for help"". Which, to me, means ""Hey shut up, let's do this in private"". But hey, good price!",TMobileHelp
866231,2017-10-20 16:46:12,325679,"Últimamente tengo que abrir @4305 para ver las notificaciones, ya que solo me da una y el resto no. Será iOS 11? @AppleSupport",AppleSupport
814383,2017-10-20 16:50:55,313952,@AmazonHelp Laut DHL Mittwoch 18 Uhr.,AmazonHelp
1865317,2017-10-20 16:56:00,557278,@Uber_Support I need support getting my uber drive account started. Please help me,Uber_Support
814228,2017-10-20 16:56:36,313936,"@AmazonHelp [FR] J'ai prit contact 4 fois, mercredi on me dit que je vais être remboursé, et aujourd'hui que non et on me raccroche au nez..",AmazonHelp
847367,2017-10-20 16:58:23,321403,@SouthwestAir  https://t.co/wLBrq83Lgr,SouthwestAir
867470,2017-10-20 17:00:23,325982,@115858 please fix all ios 11 issues soon.. so many bugs... phew 😔,AppleSupport
861189,2017-10-20 17:00:35,324498,"@AmazonHelp yes, its been out for delivery for several days now, on my orders it now says expected on the 18th October…. its now the 20th",AmazonHelp
1866024,2017-10-20 17:02:05,557487,@SpotifyCares I am being charged for a premium account though I cancelled within the 30 day trial period. I want my money back. #fixthis,SpotifyCares
814371,2017-10-20 17:04:22,313952,@AmazonHelp Danke für den Link zur Bestellübersicht. Erst mal bis morgen warten ob es ankommt. Aber es wird wohl zurückgehen weil Ersatz schon unterwegs,AmazonHelp
858155,2017-10-20 17:08:56,323788,"@AmericanAir @323786 I mean, the history of your company in the past, ya know, TODAY, says differently. Company policy means nothing if not practiced.",AmericanAir
861277,2017-10-20 17:10:03,324504,"I'm a little sad/frustrated that my #FEWarriorsmore than likely won't be delivered today because of ""weather"". Amazon let me down again. :/",AmazonHelp
1451835,2017-10-20 17:11:42,456916,"@AppleSupport Let me guess, the suggestion will be to just upgrade to the new iPhone 8, right?",AppleSupport
861288,2017-10-20 17:14:26,324506,@115821 you let me down yo.,AmazonHelp
857804,2017-10-20 17:17:53,323708,@AmazonHelp I’m having issues with a delivery and at this point I want my Order canceled,AmazonHelp
1865112,2017-10-20 17:18:53,320685,@Uber_Support Ok.,Uber_Support
857779,2017-10-20 17:20:58,322922,"@AmazonHelp Of course! I shouldn’t being this HAPPY, don’t you 🤔?",AmazonHelp
858479,2017-10-20 17:22:04,323849,"@VirginTrains Hi HP, no - the unused return ticket is damaged but booking ref. still visible and my credit card receipt ref. tallies... [1/2]",VirginTrains
861183,2017-10-20 17:23:20,324495,@AmazonHelp please help identify where my two packages have gone? 😡😂 https://t.co/G5twnh33gq,AmazonHelp
875109,2017-10-20 17:24:14,327766,@115714 @AppleSupport I’ve done everything to try and reset and get it solved but it’s just a poor signal.,AppleSupport
864653,2017-10-20 17:26:53,325353,Shout out to @Delta and @23377 for dealing with me with kindness in my time of heartache and loss. #grateful,Delta
814296,2017-10-20 17:29:06,313943,"@AmazonHelp Por amazon, es un producto reacondicionado",AmazonHelp
874006,2017-10-20 17:33:28,327495,"@115888 Spotify hasn't worked for weeks, neither at home or work. I can browse music w/web player but clicking ""play"" does nothing. Ideas?",SpotifyCares
1268303,2017-10-20 17:34:04,416962,@AmazonHelp I chatted and got a runaround about delivery from local centers. Didn’t make sense as date changed from before to after checkout.,AmazonHelp
1427625,2017-10-20 17:34:48,451628,My phone dies so fast because of the new updates I just wanna throw it at a wall @115858,AppleSupport
866601,2017-10-20 17:39:02,325777,@VirginTrains Large bag left in the luggage rack on the 18:31 arrival at Euston. No one I reported to remotely concerned.,VirginTrains
859609,2017-10-20 17:40:18,324100,"@AmazonHelp We r in touch here. Plz provide updates here, r u feeling #ashamed about ur service? Reply here. @115850 @115821 @14001",AmazonHelp
854814,2017-10-20 17:41:50,124791,@320765 @Uber_Support I'm not concerned about money but professionalism of them. Let's see.,Uber_Support
861531,2017-10-20 17:42:01,324562,"@AmericanAir @324561 Yea, so he's wondering why because that's dumb",AmericanAir
1865955,2017-10-20 17:42:47,280114,Whole month playboy 😎 &amp; a free movie https://t.co/3RkA4n7cQ7,comcastcares
1866281,2017-10-20 17:45:01,557560,@115858 Why does my battery died so much quicker since the 11.0.3 update even with the display lights as low as possible?,AppleSupport
1865357,2017-10-20 17:45:11,352916,@TMobileHelp Thank u,TMobileHelp
846878,2017-10-20 17:47:29,321276,@AmazonHelp A friend tried 9.20.0 and it worked; then upgraded and no more landscape.,AmazonHelp
871157,2017-10-20 17:52:46,326827,"@AmazonHelp preordered something in April. Was supposed to arrive 10/19, called &amp; was told would arrive 10/20, now it says shipping soon wth",AmazonHelp
877748,2017-10-20 17:53:33,328363,@AppleSupport Thanks :-). iphone 8+ and latest OS.,AppleSupport
866066,2017-10-20 17:57:46,325647,"@AmazonHelp Danke, mein LG ist mit 3 Jahren offenbar zu alt. Schade...",AmazonHelp
866069,2017-10-20 18:00:29,325649,@325647 @AmazonHelp Jetzt mal ne doofe Frage: streamst du über die Box oder ne App vom TV direkt aus?,AmazonHelp
867862,2017-10-20 18:02:52,326066,@38013 @SouthwestAir Amari (I think that was her name) our @SouthwestAir flight attendant was awesome. Packers lanyard and NASA pin. Respect.,SouthwestAir
863940,2017-10-20 18:03:23,325164,"@AmazonHelp I've just had a email. Not comming.
If I'd have known this, Id have saved myself the extra costs with delivry and got it from a store :(",AmazonHelp
866316,2017-10-20 18:03:30,325702,@SpotifyCares Messaged.,SpotifyCares
854604,2017-10-20 18:05:02,162331,"@AppleSupport Thanks, but I already found a link to that https://t.co/Dfb4uSZ5ju",AppleSupport
1865920,2017-10-20 18:06:18,557458,@Uber_Support What changes eligibility? I'd gotten it for months and this month nothing. 😕,Uber_Support
866440,2017-10-20 18:06:48,325741,"@AmericanAir I don’t mind the $25 fee, but doubling it and forcing me to check doesn’t make sense.",AmericanAir
867335,2017-10-20 18:06:57,325946,@120533 premiere fois que je suis decu de votre livraison non respectée... 😞 je pensais pas dire ca un jour... https://t.co/ywA1y0XBLA,AmazonHelp
863887,2017-10-20 18:10:58,325154,@AmazonHelp And emails too,AmazonHelp
855964,2017-10-20 18:15:47,323270,@AmazonHelp Une demande d'évaluation,AmazonHelp
877809,2017-10-20 18:16:31,316912,@Uber_Support What is that link ?,Uber_Support
875657,2017-10-20 18:17:32,327903,"@115913 why did they change the EIP balance overrides for customers with longevity. Been here almost 15 years, and can't get what I want",TMobileHelp
875585,2017-10-20 18:19:09,138493,"@VirginTrains @327892 9S80 by the looks of it, but seems to be moving now",VirginTrains
856644,2017-10-20 18:19:34,323436,"@AppleSupport Is slow , 11.0.3 don’t like . #Apple I don’t know what happen with my battery, like 2 or 3 hour to charge . I need explanation 😠😡",AppleSupport
876291,2017-10-20 18:21:26,328044,@AmazonHelp why is it that I've ordered 2 different pairs of headphones and both have come broken?,AmazonHelp
868671,2017-10-20 18:26:20,326260,"@AmazonHelp Durch die Kreditkarte. Habe etwas bestellt, wegen Zahlungsfehler verschwanden sie dann aus der Bestellung und auch aus meinem Profil.",AmazonHelp
878978,2017-10-20 18:26:30,328676,@Delta @AmericanAir After being assaulted by one of their gate attendants I make sure my students don't fly with them!,Delta
881177,2017-10-20 18:26:39,329233,I haven’t been able to get my voicemails since the iOS 11 update @AppleSupport,AppleSupport
876522,2017-10-20 18:27:19,328107,Emailed @AmericanAir on Monday regarding a refund for a cancelled flight and still no response https://t.co/xUl8WfT6KI,AmericanAir
1866433,2017-10-20 18:30:59,557605,"@AppleSupport To start off with, my keyboard 5+ times a day gets focused in w/e app I'm in, unable to get rid of, I am sure that you are aware of this.",AppleSupport
1427663,2017-10-20 18:31:59,451639,@AmazonHelp can I get a DM please? I have some questions I need help with.,AmazonHelp
441001,2017-10-20 18:35:55,219630,"@AmazonHelp @115850 @115821 yr ccare executive named Rohit, assured me of refund in 24hrs, it's been more than 48hrs, nothing has been done. #Fraud",AmazonHelp
876416,2017-10-20 18:41:39,328073,@SpotifyCares Yes.,SpotifyCares
864617,2017-10-20 18:43:18,325343,@Uber_Support You people are again and again giving me same answers for which I’m not even bothered.,Uber_Support
957632,2017-10-20 18:43:28,347219,"@applesupport trying to re-add ringtones to my iPhone w. iTunes 12.7. dragging files to device doesn't work. ""Manually manage"" is selected",AppleSupport
878167,2017-10-20 18:44:25,290658,"@TMobileHelp Hey T-fam, I'm having trouble with shortcodes, help a brother out?",TMobileHelp
877701,2017-10-20 18:45:32,189554,@116618 Issue with Prime Video on iOS with VoiceOver running. Tabs on the bottom are inaccessible/moving to them crashes VoiceOver.,AmazonHelp
878051,2017-10-20 18:48:41,328435,"@comcastcares I'm human, I might be a little late on a bill but damn. Is this what type of service a customer should get? 😂😂😂lbvs",comcastcares
883595,2017-10-20 18:51:05,329820,@AppleSupport hey apple I’m using an iPhone 6s Plus tonight I was playing football so I put low power mode on notifications off 1/2,AppleSupport
861792,2017-10-20 18:55:25,324635,"@120576 @VirginTrains You knew it was half term before today right? People have spent £100s on tickets, and you have them standing like cattle, with a blocked loo",VirginTrains
878848,2017-10-20 18:56:02,119972,Meine @116316 bestellung würde noch nicht versendet soll aber morgen kommen na ich bin gespannt,AmazonHelp
864792,2017-10-20 18:56:06,325390,@SouthwestAir Those Chucks are awesome.,SouthwestAir
849887,2017-10-20 19:01:34,321939,@AppleSupport Yes exactly i tried 3-4 times but didnt worked,AppleSupport
880213,2017-10-20 19:02:27,328981,@AmericanAir when’s the last time you cleaned the plane? It looks like feces. Way to be an executive platinum on a fantastic airline. https://t.co/JwIsmMwMsF,AmericanAir
854799,2017-10-20 19:05:09,323013,@Uber_Support  https://t.co/ZaOVUMJlK1,Uber_Support
877601,2017-10-20 19:05:32,328033,@AmazonHelp I have opened another case. 0128238048. I am unable to upload music to my library. It crashes\freezes. This has ALWAYS been a problem.,AmazonHelp
902515,2017-10-20 19:08:02,334262,Caught @334263 trying to pack my jersey🙅‍♂️ Comment w/ #DeltaKingsClassContest for a chance to fly with @Delta to #KingsvCapitals #ad https://t.co/qgp4oH0mtg,Delta
301920,2017-10-20 19:10:27,330185,@115888 What if my email address wasn’t put in as student even though I am a student? 😩,SpotifyCares
880009,2017-10-20 19:10:55,328922,@115821 Amazon.. Ive had #FireEmblemWarriors on preorder since Jan &amp; it comes out 2day &amp; still not shipped So much 4 Release Date Delivery..,AmazonHelp
867381,2017-10-20 19:17:36,325958,@AmazonHelp God I just had the worst experience on chat. Wasted more of my life and got absolutely nowhere.,AmazonHelp
872704,2017-10-20 19:22:35,327187,@AppleSupport why is my damn battery dying so quick.,AppleSupport
878769,2017-10-20 19:25:52,320839,"@AmazonHelp shall i contact to media,  for looting the common people of india. 
Amazon india is fraud company. 
@120320 @120319",AmazonHelp
883656,2017-10-20 19:27:46,329839,@Uber_Support @115873 I never signed up for solicitations. Please remove my address from your mailing list. Whom can I contact? Thank you,Uber_Support
1867217,2017-10-20 19:31:31,444642,@115858 @AppleSupport guess u have no company values or care about customers &amp; keeping them happy to continue supporting/buying your products,AppleSupport
878794,2017-10-20 19:35:12,207355,@AmazonHelp my Order # 403-0554005-7221167..,AmazonHelp
880285,2017-10-20 19:38:54,328999,"@VirginTrains So despite I've paid for a journey I'm not doing the whole of, I have to pay even more money to go to London? I would say thanks, but...",VirginTrains
882554,2017-10-20 19:42:28,192048,"@115850 @118343 both cheater companies, One put offer on Website and sell product,  then ask to contact other cheater, Cheaters club",AmazonHelp
873959,2017-10-20 19:43:02,327482,"@AppleSupport I can't get support (only phone calls, really Apple?!) cuz you need a serial number, but iTunes DOESNT HAVE ONE!!! #notworking",AppleSupport
871430,2017-10-20 19:43:42,326887,First time flying @Delta ....thanks for this!! Makes the flight even more enjoyable! https://t.co/RJhjNyEiDP,Delta
873984,2017-10-20 19:44:01,327488,"@SpotifyCares Hello, my premium account has been stolen. Please help.",SpotifyCares
1866630,2017-10-20 19:46:04,557651,"@AmericanAir Mobile BP worked at the gate, despite multiple refreshes, delete old BP, reboot iPhone, still won't update. At least I got in some jogging",AmericanAir
882816,2017-10-20 19:48:04,329632,@329633 You look like you’re advertising for @SouthwestAir,SouthwestAir
882546,2017-10-20 19:48:22,329567,@120540 Ma perché non fate delle #foodBox con gli ingredienti di @38952 da ordinare con Prime così nel week end uno può cucinare?,AmazonHelp
882857,2017-10-20 19:49:45,329644,"@115911 Uh, if I did not get to the page I wanted in your app, how can I be on track? How about you try again, I have 3 times @115913 https://t.co/ovoZIZkzVy",TMobileHelp
883733,2017-10-20 19:52:23,329857,"Technician didn't show up again, this time he upped his game and didn't even call in #comcast",comcastcares
879989,2017-10-20 19:53:38,328918,@AmazonHelp Ya me contacte con servicio al cliente dw nuevo y ya resolvieron mi problema. Muchas gracias por su atención y comprensión.,AmazonHelp
873900,2017-10-20 19:57:23,327470,@AppleSupport My safari browser on my iPhone7 has not been working for awhile now. No connection what so ever,AppleSupport
871087,2017-10-20 20:00:08,326822,@AmazonHelp USPS,AmazonHelp
872828,2017-10-20 20:01:37,327219,@3390 can 2 passengers ride for 1 low price or the price of 2?,Uber_Support
871341,2017-10-20 20:07:04,326869,"@SpotifyCares -between reinstalls and the behaviour is the same. It’s hard to quantify, but it seems to be happening for more popular artists/tracks-",SpotifyCares
883601,2017-10-20 20:08:30,329822,@AppleSupport The phone put it automatically because my phone was charging between 2 and 4am,AppleSupport
1463006,2017-10-20 20:09:39,459570,@AmericanAir It’s a past flight from earlier in the week. What is the locator?,AmericanAir
871191,2017-10-20 20:10:26,326831,"@AmazonHelp Il devait être livré aujourd'hui (date originale), maintenant c'est entre 20-27/10 ... ça serait bien de prendre un chemin lus direct non ?",AmazonHelp
872914,2017-10-20 20:10:50,179272,@327242 @Delta Agree @Delta. Also- Please inspect your planes before we are on the runway...Getting on and off the plane is not fun.,Delta
1867692,2017-10-20 20:26:31,557920,"Hi, if you got a bill phone(iPhone 8 plus) and it’s acting up..freezing etc can it be replaced for a new one?@832 @AppleSupport",AppleSupport
1867295,2017-10-20 20:27:07,535268,"@TMobileHelp @115911 is making it impossible for me to get the phones I transferred from @115725 paid for as promised.

I'm ready to turn back if someone doesn't help me. I've talked to 6 agents over 4 weeks and I'm now sitting on hold 15 min. I've been hung up on 3x",TMobileHelp
882548,2017-10-20 20:27:44,329568,@AmazonHelp Stop using contractors for your own logistics/delivery drivers.,AmazonHelp
871364,2017-10-20 20:27:52,326871,"@115873 my wife took a ride to the airport but the billing is messed up. Current charge is $0. I like free, but driver should not get screwed.",Uber_Support
871480,2017-10-20 20:28:41,557696,@AmericanAir @326900 They wanted to be safe that they didn’t miss an opportunity to make more money.,AmericanAir
871611,2017-10-20 20:29:37,153886,@VirginTrains 6TJWGXJK,VirginTrains
894323,2017-10-20 20:34:47,332343,yo @115858 wtf is this all about? new iphone comes out &amp; my old iphone goes to shit! https://t.co/l4oqwsibF8,AppleSupport
753786,2017-10-20 20:36:51,300157,ehm why isn't the Believe album on @115888 ?? upsetti spaghetti,SpotifyCares
873728,2017-10-20 20:38:16,327439,@AmazonHelp what's your return policy on wireless routers?,AmazonHelp
895138,2017-10-20 20:46:18,332534,I hate your software updates @115858  @AppleSupport # https://t.co/d0kYyb5Ivj,AppleSupport
894577,2017-10-20 20:48:28,332408,"@332409 Qué pasa con on demand, @115900 el último capítulo es de 2 mins y no se puede ver desde el principio, que está pasando",comcastcares
872882,2017-10-20 20:48:45,327238,@Delta @824 I have. Please check.,Delta
871384,2017-10-20 20:49:06,326876,@Uber_Support Will do! Thanks!,Uber_Support
873788,2017-10-20 20:51:03,327448,Flashing the ROM of my X15. Special thanks to @38617 for a phone that locked me out &amp; to @116316 for NOT delivering the replacement.,AmazonHelp
884152,2017-10-20 21:01:00,329962,Only the finest in-flight entertainment from @AmericanAir #AmericanAirlines @2189 https://t.co/K1yXrlHU5I,AmericanAir
882550,2017-10-20 21:01:07,329568,"@AmazonHelp Is there a way to request that Amazon logistics never delivery any of my packages from amazon?  I only trust UPS, FedEX and USPS",AmazonHelp
893661,2017-10-20 21:01:09,332188,"Uhhhh, we might not make our connecting flight in Houston  @SouthwestAir. Stuck on the @129637 runway until further notice 😭😭😭",SouthwestAir
878885,2017-10-20 21:02:03,328654,@AppleSupport Thanks it worked !!!!,AppleSupport
875030,2017-10-20 21:09:18,327740,@115873 it is impossible to contact you with a problem. I asked Siri for a taxi and it called an Uber without my knowledge,Uber_Support
883580,2017-10-20 21:09:31,329818,@AppleSupport but as soon as I let go the messages slide down 2/2,AppleSupport
895309,2017-10-20 21:11:56,332580,Hi yes @Delta I need to speak to someone ASAP about my upcoming flight before I cancel &amp; never fly with you guys again.,Delta
893334,2017-10-20 21:12:19,332125,la motivation des postiers pour les paquets @12370 https://t.co/iFJn2w6Y0R,AmazonHelp
1464183,2017-10-20 21:13:00,330688,@TMobileHelp Hi Lauren. Dont tell me to DM and my message goes unanswered for 5mins and counting... #frustrated,TMobileHelp
1868027,2017-10-20 21:13:22,558022,"@115888 I tried stopping and restarting app, the 👍 persists",SpotifyCares
1645917,2017-10-20 21:19:02,502926,"@364722 @AppleSupport I found the bug: put the album -- look bad? erase --- put again the album -- good, but one to one for good looking library .... https://t.co/wOmvJrU1Cw",AppleSupport
893319,2017-10-20 21:22:39,332121,@116316 Jetzt habe ich extra einen Amazon Gutschein gekauft und werde immer noch zu einer Amazon Kreditkarte gegängelt. Das ist extrem unseriös.,AmazonHelp
894405,2017-10-20 21:27:35,332365,@115873 2nd time today. Waiting in the cold then driver cancels. This time it-alleged he was 3mins away. For nearly 10 mins! Fix it. https://t.co/Sc3GmScRS3,Uber_Support
886231,2017-10-20 21:33:56,295285,@115858 #frustrated #disappointed #poorperformance: my MacBookPro has 3 apps open and still takes 55secs per keystroke! #beachballofdoom https://t.co/yjxhfAlSSt,AppleSupport
894628,2017-10-20 21:34:09,332419,Huge thanks driver manager @VirginTrains today! London to Inverness. Got off Newcastle &amp; pushed my daughters wheelchair to catch next train!,VirginTrains
890886,2017-10-20 21:37:59,331530,"@AmericanAir My window seat was occupied on flight home, so I got moved to a middle because it was ""easier"". ☹️☹️ #downgraded",AmericanAir
894215,2017-10-20 21:41:02,325154,@116618 I need help with my order,AmazonHelp
894388,2017-10-20 21:42:41,235325,@Uber_Support Sorry for swearing I waited in the rain and had to get another taxi refund me account or i will find this driver and take the refund myself,Uber_Support
887149,2017-10-20 21:43:21,330641,Hello @115858 and @AppleSupport I am on my third iPhone 8 and my text messages aren’t sending. Why though?,AppleSupport
889777,2017-10-20 21:45:11,331239,"@SouthwestAir Okay, but our plane is still on the ground... you move the time back only to have us still on the ground an hour later.",SouthwestAir
883914,2017-10-20 21:47:20,329903,"99% of the time, @115821 Prime delivers within its 2 day guarantee. 100% of the time it fails, I needed it in 2 days.",AmazonHelp
884055,2017-10-20 21:53:56,329938,"Dear @115888 why don't you have a more social app. Something where you can share, suggest and discuss music?",SpotifyCares
896140,2017-10-20 21:58:38,203185,@Delta Lol,Delta
895960,2017-10-20 22:00:10,332776,@115850 @29422 could you guys pls dliver this urgently Order #404-1329528-9731532. atlst the books..need by monday eod or tue noon,AmazonHelp
896298,2017-10-20 22:02:34,332861,"@TMobileHelp is there an outage in the Olympia, WA area. All of the phones on my account can't get or receive calls or texts.",TMobileHelp
896096,2017-10-20 22:06:56,330607,@Uber_Support Thank you but I agreed to meet my mom half way!,Uber_Support
889528,2017-10-20 22:07:06,331182,@AppleSupport i have an iphone 8 plus and my reachability has stopped working. should i restart the phone?,AppleSupport
883949,2017-10-20 22:08:15,329908,"@AmazonHelp Still no dice. I am running the 11.1b, however, I doubt that would affect it. No other apps are having any issues with orientation 🤷🏻‍♂️",AmazonHelp
884244,2017-10-20 22:09:18,329986,Comcast's connection keeps dropping every 30 min and I keep having to reset the modem...,comcastcares
885321,2017-10-20 22:15:01,267311,Hey .@AmericanAir thanks for upgrading the @116462 WiFi! Getting some awesome speeds onboard today while heading to BWI!,AmericanAir
1868499,2017-10-20 22:16:02,558146,"Just updated my IPhone to ios 11.0.3 and my photos are all mixed up, not on a chronological order anymore.  What should I do? @AppleSupport",AppleSupport
885045,2017-10-20 22:24:24,330160,@SpotifyCares why did I pay for premium if y’all won’t let me log into my account??????????????????,SpotifyCares
883905,2017-10-20 22:26:07,329902,@AmazonHelp Yes you did,AmazonHelp
1864095,2017-10-20 22:27:00,556943,@AppleSupport Sent you a DM,AppleSupport
884141,2017-10-20 22:28:17,329961,@AmericanAir I was standing at gate at 4:20,AmericanAir
885186,2017-10-20 22:30:39,330193,@Uber_Support somebody has opened an account using my email and this page isn't working: https://t.co/E1V0zuCMjd please advise?,Uber_Support
207374,2017-10-20 22:32:13,165055,"Gin and Tonic for the win!

#ScoreTheLastUpgradeMSPtoATL @Delta https://t.co/Fg3OwBK3Cx",Delta
871105,2017-10-20 22:39:36,276620,@AmazonHelp Oh right. Just asked to comment on the matter and the state of parcel when received,AmazonHelp
885302,2017-10-20 22:39:43,330221,@AmericanAir I hope so. When will it be announced? Right now it shows I’m boarding aa4552. I’m on flight aa4738,AmericanAir
856613,2017-10-20 22:44:41,323426,@323417 @AmazonHelp 21:00 on the dot?,AmazonHelp
1137464,2017-10-20 22:49:17,275690,"@Spotifycares Hi! I disabled FB integration on my Spotify account, but there are again my personnal photo and real first/last names. Why?",SpotifyCares
1868801,2017-10-20 22:50:44,558214,@AppleSupport updated my phone and now I can’t make or take any calls as well as videos. 🙃,AppleSupport
886135,2017-10-20 22:53:57,132064,@115830 hi why when I'm ordering now is prime delivery not till Monday?,AmazonHelp
1868210,2017-10-20 22:54:14,558068,"@Uber_Support Can U let me know what an""upfront fare adjustment of$17.26 added onto a surge fee for 17minute,12 mile ride is?Seems criminal? https://t.co/dc8aJZkHkb",Uber_Support
889674,2017-10-20 22:58:12,331219,Thanks @Delta for the seat upgrade tonight. #favoriteairline,Delta
1868351,2017-10-20 22:59:21,558101,Shout out to @SouthwestAir for such great crew members 😂😂 https://t.co/dSovrneYfa,SouthwestAir
889542,2017-10-20 23:01:13,331186,Hi @115888 &amp; @115940! If you guys team up &amp; offer a $10-11 deal for non students I’ll throw my money at you. A lot of ppl will #Spotify #Hulu https://t.co/lehhwWRuXn,SpotifyCares
848452,2017-10-20 23:01:26,321632,@AppleSupport I used to be able to do it before the update.,AppleSupport
886642,2017-10-20 23:05:12,330515,"@TMobileHelp The idea was that I paid 10 bucks a month or whatever and whenever I wanted to trade my phone in I could pretty much do so, twice a year",TMobileHelp
1629331,2017-10-20 23:07:18,498741,@AmericanAir @498740 😀,AmericanAir
1868229,2017-10-20 23:08:35,331540,So @115900 let's me watch live TV on my computer but not @159504 games on 737? What a joke. #justsayin #ripcity,comcastcares
887807,2017-10-20 23:21:30,330804,"@115821 when will my copy of wwe 2k18 arrive, I still don't have a delivery date",AmazonHelp
887258,2017-10-20 23:24:51,330663,@VirginTrains This doesn't help. Please appreciate I wouldn't be tweeting you at midnight if I had found the answer on your website. Can you help or not?,VirginTrains
869910,2017-10-20 23:24:56,326559,@AppleSupport Sometimes I can’t.. and from messages Facebook and t glitch so much.. I took it to Apple and they say there is nothing wrong with it,AppleSupport
889648,2017-10-20 23:26:13,330839,@Uber_Support - need help getting lost phone back (London) - CANNOT LOGIN TO HELP CENTRE WITHOUT PHONE. Pls assist! x,Uber_Support
871147,2017-10-20 23:31:52,326827,@AmazonHelp Well it's not being delivered by 9 today so this is me letting you know!!! https://t.co/l4YWiaRg66,AmazonHelp
616562,2017-10-20 23:33:24,334069,@Delta @delta I was just on a flight and it worked Perfectly!!! Kudos to you👏🏻👏🏻👏🏻👏🏻,Delta
904682,2017-10-20 23:34:13,334785,"literally 50% of the apps on my phone do not even open since updating my ios, fix this shit @AppleSupport",AppleSupport
890575,2017-10-20 23:40:47,331448,"@115821 Not only is your online customer service chat function a waste of my time, but the reps are also passive aggressive jerks. Do better",AmazonHelp
890712,2017-10-20 23:42:36,331490,yup left my laptop on the plane.. was bound to happen sometime in all my years of touring.. halppp! @AmericanAir,AmericanAir
901861,2017-10-20 23:46:43,334099,"5.5 hour delay, no idea of who is supposed to be on flight, taking passengers off, putting back on WHAT A MESS! @SouthwestAir",SouthwestAir
891028,2017-10-20 23:47:02,331561,@TMobileHelp @327573 What’s the 55+ offer?,TMobileHelp
902483,2017-10-20 23:49:30,334252,"@Uber_Support I put 607 [Street] for my pickup, but the driver’s app sent them to 619 [Street].  Seems like a technical issue.",Uber_Support
890535,2017-10-20 23:50:27,331438,@115821 thanks for making me pay extra for shipping and I’m not even getting my package on time...,AmazonHelp
906642,2017-10-20 23:55:01,335270,"@AppleSupport, so.. can y'all fix the fact that I can no longer use my Watch to play music from my phone instead of syncing? #WatchOS4 😕",AppleSupport
890670,2017-10-20 23:57:36,331478,"@SpotifyCares Acoustic music.. Some thing like the Lush Vibes Playlist, I like music like that but not sure what it’s called or how to find more",SpotifyCares
901782,2017-10-21 00:00:53,330853,Thank you @AmericanAir  for responding so quickly and for agreeing to waive the $200 cancellation fee. You are the best!!!,AmericanAir
909016,2017-10-21 00:04:04,300090,@117086 Estou surtando. A garantia do meu Kindle acabou semana passada e ele deu um problema que não me deixa passar as página hoje! HELP!,AmazonHelp
891722,2017-10-21 00:14:00,331749,@Delta I asked if they're going to time out on a flight going on a 6 hour delay. I can look up the information you gave.,Delta
1868966,2017-10-21 00:14:16,558250,@Uber_Support can we tip on a ride a friend ordered?,Uber_Support
902316,2017-10-21 00:16:35,334211,"@115821 y'all owe me 6 bucks for missing that ""next day shipping""",AmazonHelp
2059815,2017-10-21 00:18:47,519977,@609195 @AppleSupport You're not alone! @115858's @318 update is such a mess that I had to find a different app,AppleSupport
903187,2017-10-21 00:23:26,330875,These fucking morons at xfinity fixed the internet and then fucked it up again.. once it's fixed WHY FUCK IT UP AGAIN,comcastcares
901505,2017-10-21 00:25:36,334015,@AmazonHelp 一人暮らしなので、家族が受け取っているということは無いですし、宅配ボックスもないです。,AmazonHelp
903884,2017-10-21 00:25:44,334568,Hey @AmericanAir - this is my 2nd flight delayed today due to maintenance. We're now deplanning. Getting home after 10:30 instead of 7:30. https://t.co/52cDTKmYHB,AmericanAir
891898,2017-10-21 00:30:21,331780,@SouthwestAir Ended up middle seat both legs and severely apologizing to my seat mates for bouncing my head off their shoulders.   Not a good experience,SouthwestAir
902475,2017-10-21 00:34:50,334248,"@115873 driver didn’t turn up, got charged five quid. Had to stand in rain for 15 minutes before next guy showed up. Refund required.",Uber_Support
1877775,2017-10-21 00:35:51,560509,@560510 @115858 When it was updating the phone was so hot I thought it was gunna explode,AppleSupport
887841,2017-10-21 00:36:04,330811,"@AmazonHelp No, just the outside box, which is bad enough. Some perspective: $80 Special Edition shipped in bubble mailer, $13 toy shipped in a box https://t.co/lTmfhVc5gG",AmazonHelp
902387,2017-10-21 00:39:45,334232,@SpotifyCares Interesting. Okay thanks,SpotifyCares
903202,2017-10-21 00:41:00,334418,@TMobileHelp make sure u reply back,TMobileHelp
903688,2017-10-21 00:52:13,334523,@AppleSupport 11.0.3 and yea all my apps are updated,AppleSupport
905923,2017-10-21 00:53:07,335073,"3rd time @117093 has delivered broken eggs to me. I get it they’re eggs, they break easily. Every time though? https://t.co/teHj5EdzGO",AmazonHelp
905344,2017-10-21 00:53:55,332167,Thanks @Delta for your awesome customer service... I’m now on my way home #Atl 💋✈️,Delta
1872877,2017-10-21 00:57:43,559240,@559241 @AmericanAir I'm trying to be the change I want to see in the world.,AmericanAir
903629,2017-10-21 01:01:20,313950,@AmazonHelp Why has it taken 7 hours to tell me this and multiple ignored tweets? Terrible service,AmazonHelp
854519,2017-10-21 01:08:40,322946,@322943 @AppleSupport Why Does the update cause you to buy a new phone?,AppleSupport
905301,2017-10-21 01:13:57,334920,"@SpotifyCares I cleared both cache/cookies, tried incognito, and another browser. It asks for login then blank page",SpotifyCares
886200,2017-10-21 01:18:12,176402,@AppleSupport @330426 Just take a number a d be patient it is going to be awhile before they fix this mess Apple just hopes you buy a new 8 or x,AppleSupport
905499,2017-10-21 01:18:42,334961,Great steward on #southwest flight 1108 today!  Attentive and personable. One of the best I’ve had in a long time! @SouthwestAir Thank you for the great experience! #flysouthwest,SouthwestAir
905315,2017-10-21 01:20:42,334923,@115873 @4794 Are you giving rides 4 free ?,Uber_Support
906608,2017-10-21 01:21:54,335261,"Sigh, @115821. Your customer service and “one day shipping” leave something to be desired.",AmazonHelp
907163,2017-10-21 01:34:22,335409,.@AmericanAir inefficient as always leaving dozens of puertoricans stranded in PHL overnight,AmericanAir
886201,2017-10-21 01:36:00,330426,@176402 @AppleSupport I can’t make or receive calls. This is definitely a mess,AppleSupport
907141,2017-10-21 01:38:15,335402,@Delta can I bring a sealed 750 ml bottle of alcohol in my carry on?,Delta
1998347,2017-10-21 01:40:23,590869,"@Uber_Support Hey, small prob. my friend has a family emergency so I can't contact you guys through his account. Can we connect a different way?",Uber_Support
1877650,2017-10-21 01:45:40,405409,@TMobileHelp please recognize Miss KC of Meridian Idaho for her outstanding customer support… Thank you.,TMobileHelp
897565,2017-10-21 01:48:11,333157,So... What do I do when @115821 alerts me my package was delivered but its actually nowhere to be found?,AmazonHelp
899732,2017-10-21 01:53:07,333609,@116136 @115722 what’s your offer for WiFi/cable that works during nba season?,comcastcares
908468,2017-10-21 02:00:07,335753,The one time it doesn’t get shipped in a box... thanks @115821! https://t.co/mZd45lPgMI,AmazonHelp
907614,2017-10-21 02:04:01,276749,"@AmericanAir Loved the flight with @40092 to Long Beach, California! Do you think you could hit my boi Michael up with a follow? :D",AmericanAir
898224,2017-10-21 02:05:08,333301,@AppleSupport @115858 I just lost all my messages! Do you know how much that hurts! This is unacceptable! Smh I'm losing trust in you apple,AppleSupport
897717,2017-10-21 02:11:15,333197,@Uber_Support I'm waiting like 20 minutes for a fucking guy when theres loads of other drivers 2 minutes away. Ridiculous. Horrible service.,Uber_Support
1433077,2017-10-21 02:20:12,442180,@AmazonHelp Finally got my package &amp; some good will from you folks. That's quite an effort for making it up. :),AmazonHelp
1878083,2017-10-21 02:20:19,560594,Dear @115858 this is the most frustrating period in my 9yr iOS experience. iOS11 keeps disconnecting from WiFi on iPhone7 @AppleSupport,AppleSupport
1877696,2017-10-21 02:23:19,560486,@SouthwestAir Really like the clean design of new 737 MAX8. Could do without rock hard arm rests and lack of support in seat cushion though,SouthwestAir
944365,2017-10-21 02:25:28,174039,@115888 my school is not listed under the Colleges and Universitys. Can I still get student discount?,SpotifyCares
909163,2017-10-21 02:32:28,335948,"@Delta As a bilateral breast cancer survivor, this picture is offensive to those who’ve lost breasts. #insensitive #sexualization #trivialization #BreastCancerAwareness #gonewrong https://t.co/mgaVmUMp73",Delta
1877749,2017-10-21 02:32:57,560502,Awesome landing AA128.  Didn’t even know we were on they ground.  Great job.   @AmericanAir,AmericanAir
771428,2017-10-21 02:36:53,304241,@Uber_Support @Uber_Support me again! The driver delivered the wrong food. I'm hungry!!! Help??? $108.33 I would prefer the food but will take money back,Uber_Support
909047,2017-10-21 02:47:15,335919,@AmazonHelp @AmazonHelp  @115850  @13150  can I expect a revert or shall I assume that I should stop shopping from Amazon.,AmazonHelp
896752,2017-10-21 02:58:58,332958,@248800 @115911 Same .. been like this for 11 days now,TMobileHelp
908533,2017-10-21 02:59:09,333311,"@Uber_Support @335769 @Uber_Support   if the trip is free with the discount, does the driver get anything from the press? Please get me that doubt.",Uber_Support
899547,2017-10-21 03:02:06,187812,@333563 @115858 This is how completely wrong Siri got the song wrong after HEARING the correct title I wanted to play 😒 Beanie Sigel ain’t Young Jeezy! https://t.co/q8gv6pEV49,AppleSupport
897563,2017-10-21 03:05:18,333157,@AmazonHelp That's helpful but I paid for the same day shipping and the item isn't here.. So idk why I paid extra,AmazonHelp
897249,2017-10-21 03:14:04,333066,For the second time in just over a week @Delta has left me stranded and homeless for a night...,Delta
897773,2017-10-21 03:18:57,333212,Cmon @AmericanAir #2017AirlinesOfTheYearMyAzzzz https://t.co/eyzz2PXSF3,AmericanAir
1878344,2017-10-21 03:19:52,560667,#Comcast #Fail Service phone person Ashlee F(C says no supervisor available to turn on a svc with a digital switch @ 4:30pm on Friday. What?,comcastcares
866013,2017-10-21 03:25:17,325140,"@AmazonHelp @115851 @127586 @132458 @131283 @AmazonHelp @115851 @132458 @127586 i have been calling amazon and requesting them to call me back, but all slammed the phone on my face",AmazonHelp
933317,2017-10-21 03:32:10,341374,#ios 11 no notifica los #whatsapp odio la actualizacion quiero regresar a ios 10 @AppleSupport,AppleSupport
897578,2017-10-21 03:32:51,333160,なうぇすとのDVDのお支払いしたいんですけど、Amazonさーん(´・ω・),AmazonHelp
854788,2017-10-21 03:33:14,250620,@Uber_Support It has been done.,Uber_Support
897576,2017-10-21 03:38:41,333160,"@AmazonHelp 回答ありがとうございます。
あと4日で発売なのですが、まだなのでしょうか？",AmazonHelp
926705,2017-10-21 03:48:17,193955,"@AppleSupport question, when I charge my AirPods, sometimes only the right ear piece charges while the left one stays dead/changes slow. https://t.co/zoY2Wfmsbf",AppleSupport
899477,2017-10-21 03:51:14,333550,"@115850 why the status of order 408-2969156-2830741 showing as ""Delay Delivery on customer request"" when no one even contacted me?",AmazonHelp
898277,2017-10-21 03:52:19,333321,@SouthwestAir.. Thanks #1790 crew. Smooth like butter!,SouthwestAir
921003,2017-10-21 03:59:49,338628,"@Delta would love to see upgrade status on the Today screen in the app, rather than having to make 2 taps to see upgrade status.",Delta
898856,2017-10-21 04:08:33,333424,@SpotifyCares Please check your dm,SpotifyCares
898405,2017-10-21 04:14:13,333338,@TMobileHelp Just did.,TMobileHelp
920650,2017-10-21 04:14:37,287493,Hey @115850 tried to get two factor authentication going - and I haven't even got the OTP. Fix this please? https://t.co/hQhgsDrHvX,AmazonHelp
939770,2017-10-21 04:20:45,172403,@342778 @AppleSupport انكسرت شاشة جوالي تعرف وين اصلحها غير حاسبات العرب !؟,AppleSupport
901005,2017-10-21 04:22:09,333882,Waited over 2 hours for my Uber Eats order and go the wrong order and it’s cold. Awesome!,Uber_Support
900974,2017-10-21 04:26:28,318521,"@115851 @115850 @115821 ..Past 3 order not dlvrd # 406-3514249-9912306/ 954/ 906 &amp; get cncld,amazon transport is worst ever i saw",AmazonHelp
901080,2017-10-21 04:40:33,304231,@AmericanAir Portland Maine employees promising bags to be at charlotte to get off belt. #lies #stranded #worstairline,AmericanAir
900904,2017-10-21 04:44:17,333862,@115821 really made changes to ur shipping and customer service! never received such poor customer service frm you guys as I did tonight.,AmazonHelp
783305,2017-10-21 04:54:00,306971,"@Uber_Support I keep getting this error message when requesting an Uber in Melbourne, Vic. I have checked the website and can't fix https://t.co/KXS8f12QYN",Uber_Support
866023,2017-10-21 04:57:02,325140,"@AmazonHelp @115851 @127586 @120844 @131283 See how attitude they have, they are even ready to make the customers cry, and the ceo is enjoying this",AmazonHelp
900969,2017-10-21 05:05:43,333874,"@AmazonHelp 
連絡済みです。
すぐにご対応下さい、お願いします。",AmazonHelp
940594,2017-10-21 05:08:27,342979,@115858 After ios11.0.3 update my phone(5s) getting hang/stuck several times. https://t.co/K4M1JOIncW,AppleSupport
911256,2017-10-21 05:09:06,336433,Hi @115888 @SpotifyCares be cool to be able to share folders via URL...? #please?,SpotifyCares
866025,2017-10-21 05:18:30,325140,"@AmazonHelp @115851 @127586 @120844 @131283 @1560 @131027 @119351 @26653 Amazon is just torturing like anything me, for my money, i keep on plead them they keep on slamming the ph on my face",AmazonHelp
909487,2017-10-21 05:32:59,336031,"@AmazonHelp Now I got a text asking me to wait till 24th October!! If the item is in my city, why do you need one week to deliver?",AmazonHelp
921219,2017-10-21 05:39:24,338685,@115873 I booked a ride last time with über and the driver cancelled the trip after knowing drop location and now asking for cancellationfee,Uber_Support
920746,2017-10-21 05:42:11,338555,@comcastcares Sure thanks for the help,comcastcares
909867,2017-10-21 05:43:47,336117,"@AmazonHelp Uh, yeah? Only 15 times tho. Is 20 the magic number after which I get a resolution? I'll get there by tomorrow the rate at which it's moving",AmazonHelp
1880207,2017-10-21 05:44:10,561157,"@115858 Now had to restart it 6 times because it keeps freezing. Oh, and the 11.03 update WONT install on my phone so if it’s a bug, I can’t fix.",AppleSupport
909579,2017-10-21 05:54:26,336044,Thanks god for the cops who just pulled my uber over,Uber_Support
909970,2017-10-21 05:55:37,336143,Thanks @115821 (and Daniela) for the bonus box cutter! https://t.co/Bc9dpr56tz,AmazonHelp
910306,2017-10-21 06:02:36,336223,@115850 pathetic service. Refund was intiated without informing me. Lost 2 offers with good saving - Exchange + Discount. #Amazon #Diwali,AmazonHelp
940557,2017-10-21 06:08:50,342969,My MacBook is stuck on caps lock 😭 how can I fix this @AppleSupport,AppleSupport
910336,2017-10-21 06:11:30,336230,@115821 Your latest iPad app is stuck in portrait orientation.,AmazonHelp
911231,2017-10-21 06:16:03,218391,@115821 why did y'all delay the delivery date of my package omg,AmazonHelp
866034,2017-10-21 06:24:41,325140,@AmazonHelp @115851 @127586 @120844 @131283 @1560 @131027 @119351 @26653 @4031 I have dropped a mail to ceo desk to but nobody contacted,AmazonHelp
912976,2017-10-21 06:27:33,336815,@SpotifyCares Hook me up with premium I’m switching back to Spotify because @129941 just ripped me off help a girl out,SpotifyCares
910894,2017-10-21 06:30:38,336341,Off to #London on @VirginTrains making a weekend of our #Momday #court hearing https://t.co/9GKfzNjMYf,VirginTrains
910733,2017-10-21 06:31:59,336306,@AmazonHelp  Gestern Samsung S8+ bestellt was heute ankommen sollte. Jetzt steht es auf Montag als Lieferdatum.😧😧😧,AmazonHelp
910308,2017-10-21 06:37:23,336224,@AmazonHelp How to put my problem then,AmazonHelp
942238,2017-10-21 06:40:05,293563,@AppleSupport if i backup on itunes my downloaded apple music is also backuped and restored too ??,AppleSupport
910800,2017-10-21 06:48:35,336314,"@Uber_Support TY, but I’m not concerned about a fee. I want to file a complaint BC he called to ask where we were going &amp; then canceled",Uber_Support
911922,2017-10-21 06:54:14,336578,@115850 absolutely pathetic service from the global store. Shows package at customs clearance since the 4th Oct. Its a bloody phone cover https://t.co/MDeQUxRzxD,AmazonHelp
942231,2017-10-21 07:06:16,343364,"@AppleSupport after three update of the iOS 11 (11.0.3), the OS on my iPhone 6 plus (just two years old) works as a shit. FIX IT NOW.",AppleSupport
911971,2017-10-21 07:08:15,336586,密林さんからのお荷物届かない( •́ㅿ•̀ ),AmazonHelp
799000,2017-10-21 07:11:08,336531,"@VirginTrains What about bangor to Chester trains, and how long for if so",VirginTrains
914900,2017-10-21 07:21:29,337259,"@Uber_Support And after I cancelled it disappeared. I waited and nothing happened, I called and texted, nada. And I can’t request the cancellation fee because it isn’t showing in my history at all. Where is my cancellation fee?",Uber_Support
898367,2017-10-21 07:21:43,333331,@AmazonHelp I have already done it. No avail,AmazonHelp
861215,2017-10-21 07:28:45,190745,@AmazonHelp Plz அனைத்து costomer OnePlus மொபைல் நல்ல நிறுவனம் இல்லை,AmazonHelp
1874505,2017-10-21 07:31:18,559599,".@115888 hi, I love you but your @127972 app is garbage. Why can't I access my playlists? Why are some artists not even searchable? 😕",SpotifyCares
942773,2017-10-21 07:31:58,343498,@AppleSupport new iPhone8 video recordings and audio messages have lots of static. On 11.0.3. What’s up?,AppleSupport
912540,2017-10-21 07:37:35,336706,I love you @115821 can you DM an Amazon gift card so I can buy more amazon products on https://t.co/wDdZiGvNXO please,AmazonHelp
912630,2017-10-21 07:44:53,336727,@VirginTrains 😂😂 Thanks 😊,VirginTrains
1878845,2017-10-21 07:46:23,560790,"@SouthwestAir Even after correcting them and letting them know transphobia is illegal, they continued misgendering me. I just needed my bag...",SouthwestAir
943606,2017-10-21 07:49:26,343724,"@AppleSupport hi my location services no longer work unless I have Wifi turned on, even if I don’t connect to a Wifi, just turn it on. iOS11",AppleSupport
913782,2017-10-21 07:51:31,195050,@115850 do u nutheads even check the number of agent. 2nd time in row and damm number is wrong.. WTF is wrong with u?,AmazonHelp
913403,2017-10-21 08:00:21,136890,@Delta pretty sure this flight i make diamond for the first time.,Delta
899495,2017-10-21 08:03:17,333555,"@AmazonHelp Statt hier Kunden für dumm zu verkaufen, wäre es hilfreicher gewesen zu erfahren, ob es sich um Absicht oder einen Bug handelt.",AmazonHelp
912997,2017-10-21 08:10:54,336820,@Uber_Support Follow. Back so I can dm,Uber_Support
904681,2017-10-21 08:12:09,334785,"@AppleSupport 6S 64G, iOS 11.0.3.",AppleSupport
914875,2017-10-21 08:21:23,337253,"@115830  hi, can you advise why items bought on Amazon.in are
 not what the show on the website and quality is not the same as shown",AmazonHelp
914348,2017-10-21 08:31:02,337116,"Hey @TMobileHelp, any idea what the down payment will be for the 256GB iPhone X for a well-qualified buyer? Trying to budget for next week.",TMobileHelp
913973,2017-10-21 08:34:27,337055,"@VirginTrains It seems fairly pervasive, I’m sure it can’t be helped but maybe needs checking when train terminates.",VirginTrains
1481312,2017-10-21 08:34:40,463949,Amazonから緒方さんのCD届いたー…んだけどケースにひび割れ…中身は大丈夫かな💦数年前は段ボールも箱型の段ボールがあって、中身は更にパッキングされててもっと頑丈だったのに…簡易になったんだね。中身は1枚組だと思うから百均ので大丈夫だと思うけど、中身もこわくて開けられない😱💦 https://t.co/LTXAq8hWRu,AmazonHelp
944952,2017-10-21 08:42:55,232850,@AppleSupport have wiped drive and looking to reinstall OS. Keep getting this error. Can you help? https://t.co/qdSS6LS0Dg,AppleSupport
914830,2017-10-21 08:48:23,337246,*bangs head* @AmazonHelp https://t.co/AELXgTdDrG,AmazonHelp
914989,2017-10-21 08:49:11,336939,@VirginTrains A 1st class breakfast!  #English #baconbutty https://t.co/Neb9d1wKHT,VirginTrains
915479,2017-10-21 08:56:45,337372,tonight my uber driver called me a whore and threatened to end me &amp; my friends lives. Nobody understands my frustration,Uber_Support
915921,2017-10-21 08:58:20,337465,@AmazonHelp Filled up the details. No action on this yet. Please expedite the process.,AmazonHelp
914929,2017-10-21 09:00:29,337267,@AmericanAir I have sent the flight number. It is our anniversary and it feels very poor,AmericanAir
945698,2017-10-21 09:04:29,344250,@AppleSupport @115858 😡 haaa bin ca sort de nouveau ios mais j’ai un iphone 6s+ et le tactil c’est n’importe quoi depuis la MAJ 😡,AppleSupport
916006,2017-10-21 09:06:00,337487,@120533 pas moyen de réactiver mon compte malgré tout et toujours ps de mail ou de SMS..... Je peux pas commander sur le site. Faites qqch,AmazonHelp
919002,2017-10-21 09:13:18,338162,@117153 merhabalar ben Premium üyelik aldım velakin para çekilmesine rağmen üyeliğim tanımlanmadı yardımcı olursanız,SpotifyCares
914198,2017-10-21 09:13:29,321987,"@AmazonHelp +remonter l’info pour bannir @132743 des transporteurs acceptés sur mon compte (plusieurs 10aines/mois pour &gt;qqs k€, tant pis pour eux)",AmazonHelp
914201,2017-10-21 09:18:38,321987,"@AmazonHelp Bah là non, si je l’ai pas now, ça m’est inutile, donc le SC va le rapatrier si pas de solution°, le SC a bien compris mon pb comme d’hab :)",AmazonHelp
905936,2017-10-21 09:25:26,335076,@AppleSupport Other than constantly resetting my phone and turning off any programs running in background? No.,AppleSupport
916572,2017-10-21 09:26:00,337610,Anyone had problems with @115830 parcels going AWOL despite them telling you it’s been delivered? Absolute shambles.,AmazonHelp
814409,2017-10-21 09:33:26,313958,@AmazonHelp Any update?????,AmazonHelp
916733,2017-10-21 09:37:28,337649,I will not let this hangover ruin my quick trip home... SOS (never realised how rocky @VirginTrains were until now) 👊🏻🤢🏡,VirginTrains
916588,2017-10-21 09:41:47,337612,@AmazonHelp 予約した後いつお金払えばいいんですか？,AmazonHelp
919004,2017-10-21 09:45:28,338163,"@115877 So we leave out my large OJ I paid for and refuse to either refund me or redeliver...great business,Uber and McDonald’s.",Uber_Support
917033,2017-10-21 09:50:31,337706,Amo que @116928 siempre me entregue las cosas antes de lo previsto 😍,AmazonHelp
914178,2017-10-21 09:57:42,319439,@AmazonHelp Thanks. Hope to see a change soon. Or I'll be compelled to buy stuff from brick &amp; mortar stores.,AmazonHelp
861364,2017-10-21 09:58:04,324529,@AppleSupport u don’t give me any solutions for this problem !,AppleSupport
918177,2017-10-21 10:06:19,337981,@AmazonHelp Just had an email saying could not deliver package as no one home! I just watched him pull up outside then drive off again!!,AmazonHelp
918201,2017-10-21 10:14:24,337985,"@AmazonHelp Bonjour, je viens de vous envoyer un message concernant une commande. Merci de me faire un retour dès que possible. Cdlt",AmazonHelp
917711,2017-10-21 10:16:15,337867,@VirginTrains Causing the child to keep coming over to my seat,VirginTrains
1879526,2017-10-21 10:17:37,560985,@SpotifyCares @SpotifyCares they keep asking for my mobile even though I provide them with it every email &amp; when I forward the transcript they don’t reply,SpotifyCares
898519,2017-10-21 10:22:34,333357,@AmazonHelp Thr ws offer frm 4to7oct 15% Amazon Pay Balance cashback It is still nt credited and custmr srvc says this product ws nt in offer list(1/2),AmazonHelp
905910,2017-10-21 10:27:59,335071,@AmazonHelp None of the tips apply.  It was shipped to a business and the business was open when the tracking said it was delivered.  Why wait 36 hours?,AmazonHelp
1880910,2017-10-21 10:29:13,561351,.@115858 #iOS11 is annoyingly unstable and slow on an iPhone 6s+ 😡,AppleSupport
918937,2017-10-21 10:33:08,338145,"I really need someone to block me from my amazon account, omg. I'm legit waiting on 7 orders. Halp",AmazonHelp
918344,2017-10-21 10:38:33,338020,@Uber_Support plz give me your toll free no,Uber_Support
918922,2017-10-21 10:39:20,338140,@AmazonHelp Merciii 😏,AmazonHelp
316739,2017-10-21 10:41:46,191629,@VirginTrains @127472 On the iPad it’s connecting on my laptop it’s the speed. I upgraded to get reliable WiFi...,VirginTrains
919873,2017-10-21 10:47:12,338351,Can somebody explain this to me? I don't get it 🤔 @115821 @117795 #FairyTail #deliverybirds https://t.co/yRR3GmrXSr,AmazonHelp
919849,2017-10-21 10:56:43,338346,"@AmazonHelp el jueves 19 hice un pedido con entrega ""Prime"" el día 20 pq me urgía, no recibo noticias y hoy me decís q se entrega el 25?",AmazonHelp
1483950,2017-10-21 11:05:07,464599,"ハロウィンにコスプレしようと思って、アマゾンぽちったんだけど
待てど暮らせど振込番号みたいなやつ届かないからお金も振り込めないしハロウィンは近付いてるしまじ困ってる",AmazonHelp
922746,2017-10-21 11:09:21,342230,@133324 @118845 Can we buy them tho?,AppleSupport
926949,2017-10-21 11:09:30,339936,WHAT IS THIS @comcastcares!? THIS IS RIDICULOUS! https://t.co/aceSQp7vMD,comcastcares
918895,2017-10-21 11:11:19,338136,@AmazonHelp And how that can help me#AmazonIndia,AmazonHelp
931065,2017-10-21 11:13:14,340863,@americanair lost bag and now on day 2 of no updates - this doesn't make for a great holiday in Venice!!!!!,AmericanAir
1879559,2017-10-21 11:16:39,560993,@Uber_Support why do you make it so hard to find a phone number to your corporate office?  So I guess you just ignore major issues?!,Uber_Support
1879392,2017-10-21 11:18:07,560948,@Delta my parents have been stranded at the airport for almost 24 hours because y'all don't keep pilots on staff? Unacceptable! Y'all done.,Delta
930459,2017-10-21 11:19:30,340728,"E Amazon ti fa una sorpresa di sabato &lt;3
#amazon #pacchi #corriere #sabato https://t.co/bg9tkgTNCr",AmazonHelp
924779,2017-10-21 11:24:32,339463,Glad my train tickets to @339464 have arrived. 6 minutes before I'm meant to be on the train :) thanks @VirginTrains @126705 https://t.co/sjmxvM04wm,VirginTrains
922691,2017-10-21 11:28:22,325140,"@AmazonHelp @115851 @127586 @132458 @131283 @26653 This is how amazon commit and deny, i payed RS:3000 got confirmed from amazon. Now amazon is completely refusing to pay.",AmazonHelp
931428,2017-10-21 11:35:34,340961,悲報:Amazonで買ったテーブル開封時点で破損済み https://t.co/w8CxwSF7CE,AmazonHelp
852844,2017-10-21 11:43:02,340959,@117804 Inacreditável! Fantástico!,AmazonHelp
932301,2017-10-21 11:49:08,341146,@AmazonHelp hi one of the products I bought through you guys has malfunctioned and the supplier are awful at replying.. need a replacement,AmazonHelp
842312,2017-10-21 11:54:53,320342,@AmazonHelp 返金対応していただけました。,AmazonHelp
1881507,2017-10-21 11:59:31,561487,With #iOS11 my iPhone is basically an MP3 player. The battery life sucks! When would it be fixed? @AppleSupport @115858,AppleSupport
932241,2017-10-21 12:05:58,341135,@AmazonHelp Thabks,AmazonHelp
923813,2017-10-21 12:08:58,173642,Another @12706 @115873 mishap tonight. Driver cancelled and then I got charged a $16.60 charge! https://t.co/LVvnlgjDoG,Uber_Support
682618,2017-10-21 12:10:18,282900,@AmazonHelp I am fedup with the false response see the screenshot @115850 https://t.co/c3f3MEIpzO,AmazonHelp
1880102,2017-10-21 12:15:01,561129,"@115888 hi, my account has been hijacked. I have filled out the form on your homepage. How long is the response time? Br Johan",SpotifyCares
922354,2017-10-21 12:16:24,338956,@VirginTrains I guess I was. TM has just delivered a couple of slices of fruit cake so is trying to recover the situation.i don't normally complain tbh.,VirginTrains
932216,2017-10-21 12:17:55,341130,@AmazonHelp Creo que @341131 y yo seremos unas brujitas muy traviesas... Estais invitados a nuestra fiesta de disfraces! 😘❤️ https://t.co/U0ZdG0gEt4,AmazonHelp
932825,2017-10-21 12:22:01,306331,@AmericanAir Please leave me alone.,AmericanAir
932708,2017-10-21 12:22:30,341240,@AmazonHelp Hi. The shelf which i received is not wooden as stated. Its made of some very thin metal sheet. Pathetic quality.,AmazonHelp
1879522,2017-10-21 12:24:20,560984,"Hey @SouthwestAir, where are your employees? We need to check in for our flight out of ECP... https://t.co/nCymFivdFv",SouthwestAir
914936,2017-10-21 12:24:51,124440,@144678 @TMobileHelp crap,TMobileHelp
936805,2017-10-21 12:27:49,342080,@115858 chill the fuck out i don’t want the new shitty IOS https://t.co/JphxSiMO6x,AppleSupport
922188,2017-10-21 12:32:04,338918,I was loving my @Delta app until it decided to log me out and disable my account. Now I can’t log in &amp; use it to ease my traveling woes. 🙃,Delta
921482,2017-10-21 12:33:24,338754,"@115830 Been in touch with CS, received £56 dog food as well as my order? Seriously guys, Hermes suck!",AmazonHelp
682467,2017-10-21 12:39:56,282887,@AmazonHelp Ok... Customer call center said it wud be pick tommorow but no reschedule time is showing yet in my account in App.. Check reschedule date,AmazonHelp
924584,2017-10-21 12:40:26,339412,"@Uber_Support Uber won’t refund cancellation fee. Deleted your app. If you think $5 was worth losing a customer, you might want to go back to B-school.",Uber_Support
898330,2017-10-21 12:47:01,333327,"@AmazonHelp Fire (5th Gen)
Running Fire OS 5.4.0.1",AmazonHelp
921526,2017-10-21 12:52:09,206718,@AmazonHelp @115850 make sure i get it by today otherwise it will be not good for you #worstservice,AmazonHelp
916060,2017-10-21 12:57:54,337499,@SpotifyCares Thank you for replying! I am currently in the United Arab Emirates.,SpotifyCares
682555,2017-10-21 12:59:23,282894,"@115850 @AmazonHelp product isn't delivered yet, but the product description says its  delivered and signed by me. What's happening?",AmazonHelp
844243,2017-10-21 13:01:00,320713,@AppleSupport It seems that it helped. Thanks!,AppleSupport
922772,2017-10-21 13:08:42,339044,@Uber_Support I can't change my phone number on my Uber Driver account. It keeps saying unsuccessful - help!,Uber_Support
922241,2017-10-21 13:09:18,338931,@AmericanAir Paid for a biz class seat on 10/20 flight 714 and now I have no confirmed biz seat on rescheduled 9201 today? What’s up w/that?,AmericanAir
932933,2017-10-21 13:10:29,339468,@341298 True - it's like @VirginTrains don't really care about their #customers so long as they get their money ... people are sitting on the floor,VirginTrains
922660,2017-10-21 13:12:07,339025,@115850 you guys are worst service providerAmazonNews_IN I have ordered my phone. My track id 180186782669,AmazonHelp
923721,2017-10-21 13:19:00,339216,"@AmazonHelp 再生してみて出来なかったら交換ということはできますか
また上記の場合は開封済みということになるのでしょうか",AmazonHelp
922694,2017-10-21 13:25:17,168400,@AmazonHelp sent you  DM,AmazonHelp
682541,2017-10-21 13:30:26,282892,@AmazonHelp I did subscribe 2 the digital @144771 that was a 6 mo free but I tried 2 cancel that once I was mad abt an article &amp; it was blank,AmazonHelp
937521,2017-10-21 13:38:14,342241,Pq o bluetooth fica ligando sozinho? CONSERTA ISSO @115858,AppleSupport
382920,2017-10-21 13:38:40,206739,@AmazonHelp Yes - on your system - expect it will be sorted (eventually). Just hope in time for  geek-girl's birthday (doubt she'll appreciate Dim Sum). https://t.co/t8vmOdYHD2,AmazonHelp
924711,2017-10-21 13:43:28,338937,so glad @AmericanAir is human enough to understand sarcasm https://t.co/2UxJOSV5ki,AmericanAir
898319,2017-10-21 13:45:14,333326,@AmazonHelp do you even have a number where I  can contact you? It already took 7 days for your team to ship and now a delay.,AmazonHelp
924566,2017-10-21 13:48:51,339409,Yo @115873 link up with google maps so that before I take a ride I can pic the route for my driver. Thank you,Uber_Support
382893,2017-10-21 13:50:44,206735,@115821 I've gotten this message SO MANY TIMES in the last few weeks! Any advice? I've tried logging in with TouchID &amp; normally...no luck https://t.co/j5MgUyuvRH,AmazonHelp
924454,2017-10-21 13:57:21,203264,@AmazonHelp I bet 40% of the time I don’t get my orders in two days. @walmart online is sounding better everyday.,AmazonHelp
937428,2017-10-21 14:04:37,301554,"@AppleSupport I tried! I saw you at the genius bar, we talked on chat, on Twitter, every time you said it was consumed!",AppleSupport
925468,2017-10-21 14:05:25,339622,@VirginTrains Ghibli's big adventure 😺👜🚂 https://t.co/NMsZsY2kQ7,VirginTrains
928448,2017-10-21 14:05:46,337722,Now @115873 had the nerve to tell me it's a PA charge for a requested ride... Really. This morning. AS I DROVE TO WORK. REALLY?! Tell me more!,Uber_Support
924458,2017-10-21 14:07:06,203264,"@AmazonHelp Sure has  it’s happened with ups, USPS and whatever carrier you use that drives their own car.",AmazonHelp
927685,2017-10-21 14:08:58,340108,Good morning #Atlanta! Let's make today better! Heading to #marinecorpsmarathon on @delta. https://t.co/ww41M5NE6z,Delta
926678,2017-10-21 14:14:01,339883,@115850 is there any new user offer for joining amazon prime going on like 250 amazon pay cashback?,AmazonHelp
938104,2017-10-21 14:16:49,342366,"@AppleSupport iPhone 6s freezes a lot after updating to #ios1103 ! Have to reset, wait for minutes to use iPhone again! Pls fix!",AppleSupport
926858,2017-10-21 14:17:50,339917,"@AmericanAir woman at gate 31 @164688 checking bags literally DROPPED my bag from 2ft to show ""it doesn't fit"" Do u support this? WTF",AmericanAir
926695,2017-10-21 14:20:59,199062,"@AmazonHelp @115850 Subtitles not being downloaded, but able to view while watching online. Why? SUPERNATURAL @ AMAZON PRIME",AmazonHelp
922677,2017-10-21 14:29:25,339027,"@AmazonHelp It’s been reactivated now but somehow someone took my complaint of a missing item to mean that I wanted to cancel Prime, it’s just a mess",AmazonHelp
950991,2017-10-21 14:31:14,345579,.@AppleSupport @115858 Please for the love of god fix FaceTime. https://t.co/Zwa2VRjMCR,AppleSupport
926920,2017-10-21 14:35:14,339929,@VirginTrains @120576 Still amazing service,VirginTrains
926672,2017-10-21 14:37:33,339881,@AmazonHelp Gracias!,AmazonHelp
305898,2017-10-21 14:37:33,172263,@115888 can you please straighten your logo? My OCD isn't taking this too well,SpotifyCares
944517,2017-10-21 14:38:25,343961,What I wouldn't give for FS2 in HD @comcastcares,comcastcares
927810,2017-10-21 14:43:21,340135,"Packing for #FinCon17, I suddenly remember why I only fly @SouthwestAir. Thanks for #2freebags! I really need them this trip!",SouthwestAir
382717,2017-10-21 14:44:20,206716,"@AmazonHelp I just installed the app this morning for the first time, and yes my device has been restarted. It is an iPad Pro 10.5 inch and it’s running iOS 11",AmazonHelp
940714,2017-10-21 14:45:05,343006,"@Uber_Support hey, I made my account with the wrong email address and can't get my password reset code.. any way to reset through text??",Uber_Support
874940,2017-10-21 14:49:11,327722,@AppleSupport I currently have the 6S and the 11.0.3 update. It constantly restarts or freezes — after update.,AppleSupport
927475,2017-10-21 14:55:08,340065,@AmazonHelp thanks for posting this early and free of charge! 😁 https://t.co/7XIpwKCtfh,AmazonHelp
1880400,2017-10-21 15:02:04,561201,Today I flew @Delta after a couple of years of avoiding it. What a change. Thanks for the great service!,Delta
382790,2017-10-21 15:02:20,206723,@AmazonHelp UPS,AmazonHelp
928574,2017-10-21 15:05:11,340330,@AmericanAir best flight crew on 10/20 flt 2378 BOS to PHX great people!,AmericanAir
929255,2017-10-21 15:08:47,340276,"@117086 sistema burro impede de mudar senha. Tento o ""Fala conosco"" para relatar o problema, mas só aceita se eu acessar a conta",AmazonHelp
910043,2017-10-21 15:09:28,166894,"@TMobileHelp fixed it in 4 years I have been with T-Mobile. I have filed many tickets to TS and the engineers, with 0 positive results. In fact, the last",TMobileHelp
937398,2017-10-21 15:11:40,354442,@342218 @115858 Amen. Any fix for the battery drain?,AppleSupport
927521,2017-10-21 15:17:12,340068,@AmazonHelp Chat ended with Amazon India customer service being personally rude. Have always had wonderful customer service experience with Amazon UK. So really shocked by behaviour &amp; attitude of Amazon India. Any help in resolving the matter swiftly would be appreciated. Thanks!,AmazonHelp
939956,2017-10-21 15:17:16,338804,So many adults/ children with tickets standing throughout carriages and doorways of @VirginTrains London Euston - Glasgow 13.30.,VirginTrains
900991,2017-10-21 15:19:15,333878,@Uber_Support Give your helpline number will call you,Uber_Support
382793,2017-10-21 15:20:45,206723,"@AmazonHelp I use Prime for free 2 day shipping. If I’m getting “7 day if ever” shipping, then I am just making a $99 donation to Amazon each year.",AmazonHelp
1881915,2017-10-21 15:21:49,561594,Worst apple support service..complete disappointment @AppleSupport,AppleSupport
940808,2017-10-21 15:29:05,343028,I land at @151271 at 12:39 gate b30. My connecting flight leaves at 12:20 gate b6. Please help @AmericanAir I HAVE to be in Joplin by 4!,AmericanAir
921494,2017-10-21 15:31:04,338350,"@AmazonHelp Well to avoid the risk I just tried to place the same item from a different seller . Can,t believe in 10 mins showing preparing shipment.see https://t.co/qmsbxZvbN1",AmazonHelp
940768,2017-10-21 15:33:59,339484,@Delta I was asked to DM details of my issue which I have &amp; no one is responding-I need to urgently speak w/a customer service supervisor re points,Delta
1881966,2017-10-21 15:34:22,561618,iPhone update has actually fucked my phone so hard it would give German pornography a run for its money @115858,AppleSupport
665476,2017-10-21 15:38:30,343487,@115850 Whts da price,AmazonHelp
941342,2017-10-21 15:44:05,343164,@AmazonHelp @116935 @115821 I was on amazon music and I lost 50 songs then I got on today and I lost 2 more is their a way u can help,AmazonHelp
1880537,2017-10-21 15:49:16,561240,@Uber_Support hey i left phone in uber. can't get to account due to two factor authentication (how do i access without phone?) HELP!,Uber_Support
1882482,2017-10-21 15:50:04,561763,@SpotifyCares my acc is following the same person and his playlist over and over again. whats the problem ?,SpotifyCares
941353,2017-10-21 15:51:00,239520,"@343166 @115821 Hmm micro SD card missing, ram missing, earlier this year an IMac just vanished after shipped. Seeing a pattern",AmazonHelp
954190,2017-10-21 15:51:05,346406,"Am I the only person experience issues on #IPhone7 with #IOS11 @AppleSupport ? It’s freezes, crashes, getting hotter quickly. what the heck?",AppleSupport
941414,2017-10-21 15:58:23,343178,@AmazonHelp Gracias. No quedaba claro que hiciese falta seleccionar el artículo en el pedido de un artículo. Esta vez lo miré con más cuidado.,AmazonHelp
1880569,2017-10-21 16:03:57,561250,Hey @SouthwestAir I got Wi-Fi🤔 how can I not watch @116602,SouthwestAir
946682,2017-10-21 16:05:26,344484,Oye @115858 aplicate y ya arregla el bug del bluetooth.,AppleSupport
943550,2017-10-21 16:10:06,343711,The MRP of the product is RS. 395..You guys charged me RS.960..lost trust today..@AmazonHelp https://t.co/sjcfUVXORE,AmazonHelp
944377,2017-10-21 16:11:52,343925,@Uber_Support Just received the wrong order. Driver said it wasn't his fault..called @117518 (Maida Vale location) &amp; no help from them.,Uber_Support
907159,2017-10-21 16:12:40,335408,"@AmericanAir I called this AM, no worries. AAdvantage customer service was amazing.",AmericanAir
923692,2017-10-21 16:16:13,339212,@AmazonHelp why is there a twitter handle if i have to fill in a form? provide support to me on twitter.......,AmazonHelp
946706,2017-10-21 16:17:10,344491,What the fuck @AppleSupport https://t.co/LNcjDfZpnK,AppleSupport
942138,2017-10-21 16:21:17,343342,@AmazonHelp Resolved! You guys are the best. Excellent customer service,AmazonHelp
942930,2017-10-21 16:24:32,343543,"@VirginTrains Brilliant, thanks for your help!",VirginTrains
934608,2017-10-21 16:26:32,341701,@Delta thank you for helping me fly my mother over to say goodbye to her dying husband - she never got the chance !,Delta
946673,2017-10-21 16:28:29,344482,So @115858 this iOS 11 has totally slowed down my phone &amp; now having charging issues. No issues pre-update. U fixing this soon. #Appleupdate,AppleSupport
943529,2017-10-21 16:28:57,227885,"@AmazonHelp warum verkaufen sie @22355 MediaPad m3 die kein Update auf Android 7.0 bekommen,obwohl es für dieses Modell verfügbar",AmazonHelp
945068,2017-10-21 16:31:46,343234,@AmericanAir Of course ill have to DM you because your just a paid person looking at a computer screen that says what's wrong with flights,AmericanAir
942407,2017-10-21 16:33:27,343407,@TMobileHelp I have sent and called several DM/611 and still not fixed.,TMobileHelp
933724,2017-10-21 16:34:14,341492,Phones down. #comcast says up by 3,comcastcares
943541,2017-10-21 16:34:32,343709,"Ae @117086 faz uma promoção grande, minha wishlist de livros tá auumentando, e eu to querendo uns 3 do Dostoiévski",AmazonHelp
1880635,2017-10-21 16:35:26,561270,@115873 my mom is in Malibu area &amp; her driver not only driving with bad tires and got flat but tags expired. How can we ensure safe drivers https://t.co/FDE5MAgkSX,Uber_Support
947791,2017-10-21 16:35:50,344768,"@AppleSupport desde que le puse el ios 11.0.3 a mi iphone este se a congelado que no me deja hacer nada, no puedo ni contestar ni llamadas",AppleSupport
1882761,2017-10-21 16:41:10,561867,@115888 I got charged the 4.99 already,SpotifyCares
934300,2017-10-21 16:41:41,341636,@AmazonHelp A receipt of the gift card,AmazonHelp
944261,2017-10-21 16:46:28,343898,@115850 Amazon provide very poor service. Product not delivered on time. Customer service is also very poor. CCE not provide any help...,AmazonHelp
944487,2017-10-21 16:52:31,343955,@SouthwestAir I am using the mobile app should I do that from the website using a computer?,SouthwestAir
944849,2017-10-21 16:56:03,344045,@AmazonHelp This is a prepaid order.,AmazonHelp
944442,2017-10-21 16:58:51,343944,@AmericanAir Just tried it yet again.  It’s not allowing me to purchase a flight due to “system is having trouble “!,AmericanAir
949705,2017-10-21 17:00:32,345242,Hey @AppleSupport you know what’s awesome?? When you update your iPhone and it deletes ALL your contacts. Leaving for @1647,AppleSupport
944894,2017-10-21 17:05:31,118701,@AmazonHelp Got in touch with the team on chat.,AmazonHelp
944388,2017-10-21 17:05:38,343929,@Uber_Support I’ve now been waiting for an hour and I still haven’t received my food. This is disappointing as I love this app https://t.co/WWhfHtP7aU,Uber_Support
945005,2017-10-21 17:12:04,344076,"@Delta you guys have been awesome. Short trip from MSP-&gt;DEN and back and we’ve been blessed with gift cards, FC, priority boarding, &amp; DC+😁👍🏼",Delta
382723,2017-10-21 17:12:47,206716,"@AmazonHelp I've tried both, as well as *.mp4",AmazonHelp
943590,2017-10-21 17:15:41,343720,@AppleSupport I have an 8 Plus that’s up to date with iOS,AppleSupport
945859,2017-10-21 17:24:26,153471,"Railcam’s Pick of the Day, 21/10/17. @41316 @344286 @2842 @41317 @41318 @VirginTrains https://t.co/6EJXgCeVBZ",VirginTrains
934681,2017-10-21 17:24:58,341718,@AmericanAir Barcelona another beautiful destination brought to Gothic Life by American Airlines Gracias por el Servicio Viva Espana https://t.co/4nQ1Ohls9W,AmericanAir
934327,2017-10-21 17:25:20,147125,"@AmazonHelp Der kann nix tun… das Packet kommt wohl erst Montag… 

Soviel zu Prime Kunde…
Mein Kaffee für morgen ist in dem Packet!!! 🙁",AmazonHelp
944914,2017-10-21 17:26:23,344053,"@AppleSupport Sorry, but how exactly would that fix popping sounds made by the case and stuck keys, which are clearly hardware issues?",AppleSupport
1881057,2017-10-21 17:29:47,561394,"@comcastcares —Mon. 10, call with Brandi at 2:50pm; still no service, was told there is a note and the issue is coming directly from the plant—",comcastcares
934575,2017-10-21 17:33:42,341698,@115873 you really need to sort out the unprofessional drivers leaving clients standing at LHR!,Uber_Support
936716,2017-10-21 17:33:56,197803,@119625 please add subtitles for titli movie,AmazonHelp
949656,2017-10-21 17:36:41,345229,"@AppleSupport My new Mac Air is making fan noise when doing minimal work, just 3 weeks old. No apps running. No heat either! Help? Bangalore, India.",AppleSupport
934312,2017-10-21 17:42:44,147125,"@AmazonHelp Gerne! Ist leider nicht das erste mal das @122924 nicht wie versprochen liefert. 
Wäre alles nicht so traurig wenn ich nicht prime wäre…",AmazonHelp
1874589,2017-10-21 17:45:42,559627,"@117153 hi, i´m having at this moment a debt from my credit card since the last month and even this for $14.000, when i never took the premium plan, i want my money back. i hope you solve this problem as fast as possible",SpotifyCares
927775,2017-10-21 17:49:22,340128,@AmericanAir Still in customer service line for 30 min. w/ 6 in front of me. Rethink comp. 1 day pass for Advantage members? #8hoursinDFW,AmericanAir
935841,2017-10-21 17:50:19,341862,@116618 My pizza was never delivered,AmazonHelp
1882354,2017-10-21 17:54:25,305032,@115858 the most recent update made my phone almost useless when is the next update with all the patches coming out,AppleSupport
936168,2017-10-21 17:56:19,341943,.@115913 pretty pretty please can you get cust. care &amp; stores on same page? Ridiculous that their info is hundreds of $ apart.,TMobileHelp
937321,2017-10-21 17:57:52,329209,@AmazonHelp deleted the order and personal information details.,AmazonHelp
305885,2017-10-21 18:01:00,189041,Just saw an @115873 driver in a grey Dodge Minivan take the biggest hit of weed @ a red light. Good luck and Godspeed whoever he’s picking up!,Uber_Support
937298,2017-10-21 18:05:30,342201,"@AmazonHelp Yes.but ur tracking status still not updated
It says On the way",AmazonHelp
1881531,2017-10-21 18:08:00,561491,@AppleSupport Okay thank you,AppleSupport
891739,2017-10-21 18:10:53,331752,@Delta And charges them 200,Delta
938038,2017-10-21 18:13:03,161011,@115850 When is Amazon Now coming to Chennai?,AmazonHelp
1882484,2017-10-21 18:17:46,561764,"@115858 @AppleSupport @157399 What’s going wrong with my #iPhone7plus #Ios11update  #ios1103 
Seriously Disappointed here too slow now https://t.co/ioqIStVj1g",AppleSupport
939382,2017-10-21 18:18:44,342679,@AmazonHelp I have mentioned the link above. If you click on that you will get that.  1/2,AmazonHelp
937533,2017-10-21 18:20:07,342243,@115873 uber driver cancels on me and I get charged £4. Are you fucking kidding me?? No wonder you lose licenses..😡,Uber_Support
938400,2017-10-21 18:26:55,342455,#fly #americanairlines @AmericanAir #backtowork #Barranquilla #Miami https://t.co/QQ9ERKkvAb,AmericanAir
938041,2017-10-21 18:28:42,342351,@AmazonHelp help. Just ordered a book but ordered the kindle option and paid...  How do I cancel it? I don't want the kindle copy,AmazonHelp
936750,2017-10-21 18:29:06,342065,"@AppleSupport No way of turning on or off music from the homepage, more calling issues, needing to be hard reset every hour.",AppleSupport
938469,2017-10-21 18:30:58,342471,@SouthwestAir Thank you so much for your responses. Arriving at airport now.,SouthwestAir
1882228,2017-10-21 18:32:35,561696,@115877 @Uber_Support @41414 @2350 cancelled. You've got to be taking the piss?! https://t.co/XmRDSI1dKI,Uber_Support
936664,2017-10-21 18:42:54,303882,@AmazonHelp Not yet dispatched. Was originally due for delivery this weekend,AmazonHelp
938241,2017-10-21 18:44:36,342415,"@Uber_Support Thanks, read that already though! Just because I see cars on my map w/times listed doesn't necessarily mean they are available, correct?",Uber_Support
945681,2017-10-21 18:45:00,344245,@AppleSupport iOS 11 and a 6Splus,AppleSupport
1881992,2017-10-21 18:45:29,561626,@Delta Shout out to excellent flight crew from RDU-TPA today! Lifted my spirits b/c I lost my phone at Gate D13. I hope to get it back...,Delta
937983,2017-10-21 18:50:11,342341,@AmazonHelp É..daqui uns dias vou mandar uma foto assim...,AmazonHelp
957040,2017-10-21 18:51:47,347068,@115913 please fix the customer service!  No one willing to listen to a billing issue :(,TMobileHelp
939390,2017-10-21 18:59:58,342680,@AmazonHelp It just says contact Amazon for assistance. Then does not have contact details on site and order email is a no reply address,AmazonHelp
953195,2017-10-21 19:00:56,346165,@AppleSupport I'm receiving duplicate messages from android users and I can't figure it out. I'm on iPhone 6 with 11.0.3 Here's an example: https://t.co/0F2ALngLgL,AppleSupport
946969,2017-10-21 19:02:32,159577,Great feeling when your internet is so spotty that you replace all your networking hardware and still you get several outages a day. @115900,comcastcares
957709,2017-10-21 19:03:15,344499,Totally disgusted with @115873. Booked a ride for my kids &amp; partner from Pineslopes to Albert on and Uber driver refused to complete the trip,Uber_Support
957537,2017-10-21 19:10:43,230755,"I LOOOVE @115821 customer service @AmazonHelp

I cancelled a refund because the item was sent to a wrong address and arrived 2 days later. https://t.co/0bKBnLCnDP",AmazonHelp
939571,2017-10-21 19:15:22,342723,"@AppleSupport Login to the Apple website with it. I’ll enter my info, and it loads for a second, and returns me to the login screen",AppleSupport
1874682,2017-10-21 19:15:50,559660,@SpotifyCares instead of the student membership for the contract im signed up for? Again what can I do to getting my money back?,SpotifyCares
951172,2017-10-21 19:18:27,345624,@AmericanAir I appreciate it - we’ll need to hustle to make it between CLT gates .... son doesn’t hustle easily,AmericanAir
869843,2017-10-21 19:21:02,326539,"@AmazonHelp Hi I have asked for item to be returned as I doubt it will ever be delivered to the Amazon locker, how long does this normally take?",AmazonHelp
952625,2017-10-21 19:21:29,346018,@Uber_Support Just had an order cancelled on UberEATS!! Hope my money is being refunded?,Uber_Support
955064,2017-10-21 19:26:48,346600,This new @115858 #iphone software update is so annoying for  @4305 my notifications don’t appear unless I go into it! 😒,AppleSupport
947733,2017-10-21 19:28:27,344749,@344750 @116618 @234209 I finally got it 😍 thank you so much for making sure it reached me !!! Time for a good movie and a Calzone 😋 https://t.co/CPE5UxbxVl,AmazonHelp
947820,2017-10-21 19:34:39,344775,"@AppleSupport Thank you, I’m running iOS 11.0.3.",AppleSupport
951150,2017-10-21 19:38:47,345622,@delta thank you for being accomodating in changing my daughter’s flight!  You rock and so does Stacy the rep!,Delta
1882191,2017-10-21 19:42:08,446150,@SouthwestAir Oh so do I connect the booking to my account after the fact?,SouthwestAir
946636,2017-10-21 19:42:12,344471,"@AmazonHelp better u call me, as u r repeating the same lines as I heard earlier,  ur answer is wrong @115850 @115821",AmazonHelp
955695,2017-10-21 19:44:27,346745,"Is anyone else having Apple issues across all devices? My Watch, MacBook Pro and iPhone are all having software issues.... FIX IT @115858",AppleSupport
949872,2017-10-21 19:47:51,345281,.@VirginTrains why do I pay 1st class travel?not a gin &amp; tonic on a Sat  night homeward bound! Paid for 1 in coach C &amp;  can’t even get ice!,VirginTrains
1868010,2017-10-21 19:53:18,558017,"@AppleSupport you are asking so much for these solutions, you can not solve the battery problem, but at least you are funny @115858 @116333 https://t.co/dQWkvwSKT2",AppleSupport
937989,2017-10-21 19:54:38,345222,"@117804 Recomendo, a cada dia o Amazon vem chegando no Brasil, trazendo o melhor de si para o povo brasileiro!",AmazonHelp
1882301,2017-10-21 20:00:00,197483,"@Uber_Support @168521 This is discrimination and @115873 won't take it seriously unless you get a police report and/or a lawyer, tell your local media too.",Uber_Support
945654,2017-10-21 20:01:08,344238,@AppleSupport This is wierd! I reinstalled imovie. Appears to be 10.1.7 but bug report only offers 10.1.6? https://t.co/QSGDDyNx1L,AppleSupport
951159,2017-10-21 20:03:13,293127,@AmericanAir So I would just need to contact reservations?,AmericanAir
939376,2017-10-21 20:03:48,342678,@AmazonHelp By Amazon.de,AmazonHelp
951295,2017-10-21 20:04:16,345291,"@115911 It has made me hesitate to EVER recommend #Tmobile to anyone. I've never had a phone company pull this on ""valued customers"" before.",TMobileHelp
950986,2017-10-21 20:08:29,345577,@AppleSupport Yeah any call I can’t hear them.. but I think they can hear me even on other apps. Also the voice notes are not working with me.,AppleSupport
767136,2017-10-21 20:11:04,303343,@Delta Unfortunately she has since her side was more complex with the layover. Guess she is going to Nicaragua for her 30th alone 😭😂😭,Delta
953450,2017-10-21 20:15:00,346216,"@115900 fix your customer service, it's trash. 5 phone calls for 2 hours of my time.",comcastcares
1106645,2017-10-21 20:17:50,172849,@AppleSupport @AppleSupport @115858 @1542 #IOS11 https://t.co/C44nYTYnwe,AppleSupport
899955,2017-10-21 20:21:19,333646,@115888 help! How do I know when an album has pulled from spotify??,SpotifyCares
951829,2017-10-21 20:22:41,345810,Inauguramos ciclo Halloween 2017 con #UnHombreLoboAmericanoEnLondres que se encuentra en el catálogo @130293 https://t.co/TFodIrXjDO,AmazonHelp
952512,2017-10-21 20:32:37,345987,@AmazonHelp I ordered Tokio Hotel DVD Hinter Die Welt who was supposed to be sent in December but it disappeared from Amazon,AmazonHelp
952633,2017-10-21 20:37:17,346021,"@115873 got an email saying pw was reset, verified that I'd been logged out, but now after clicking link &amp; entering new pw can't get in. Huh?",Uber_Support
947798,2017-10-21 20:39:07,328758,"@AppleSupport No, I do not. I only have my single Apple ID.",AppleSupport
953369,2017-10-21 20:42:54,346199,@AmericanAir The A321 currently at CLT B3 has a broken tray for seat 28A. Otherwise quite pleasant flight. Thank you!,AmericanAir
952754,2017-10-21 20:43:31,346052,@SouthwestAir Thank you @SouthwestAir! I’m hoping to get him a pair of wings for his pilot suit very soon!!,SouthwestAir
946578,2017-10-21 20:46:18,344466,@AmazonHelp Muchas GRACIAS,AmazonHelp
962664,2017-10-21 20:52:06,257623,@AppleSupport if i turn off photo stream the pictures in my camera roll won't get deleted will they??,AppleSupport
954379,2017-10-21 21:00:00,346456,Legroom rating of 0 for @Delta knees actually touching the seat. https://t.co/CXNciVLRPz,Delta
1869092,2017-10-21 21:01:45,176402,@415480 @558283 @AppleSupport No but honestly I would have more respect for @AppleSupport applied they came out and said that,AppleSupport
932700,2017-10-21 21:05:33,341237,@AmazonHelp Yes i did. Twice !!,AmazonHelp
939939,2017-10-21 21:08:43,121762,@342819 @VirginTrains @120576 @122155 @61971 I’ve always been an East Coaster 😀,VirginTrains
954322,2017-10-21 21:11:58,346439,@115873 I was charged a $5 cancellation fee for a driver whose phone number was not working and I waited for 10 minuets and no one showed!,Uber_Support
963704,2017-10-21 21:12:35,348730,"Yurrr what's good with ya? @115858 , can't hear shit outta my iPhone when ppl calls me 🤔,",AppleSupport
1882733,2017-10-21 21:14:39,561857,@115911 fucked me outta 700$ this week. Ya'll trash.,TMobileHelp
929732,2017-10-21 21:16:03,340588,"@Delta please delay DL 1405 like 40 min so by the time my/your other delayed flight gets in from scranton, PA, I'll make that 1 to Orlando!",Delta
954937,2017-10-21 21:17:12,346578,"I just figured? Since ppl already bought the items I want in the quantity I need, I'll be good for a while. @AmazonHelp is this a problem? https://t.co/uXquAjt5QN",AmazonHelp
929765,2017-10-21 21:20:55,340596,"@AmericanAir What if you're an elite member, out of 500 miles (from frequency), and the cabin is empty? Doesn't make any sense lol",AmericanAir
956680,2017-10-21 21:22:17,346992,I can't even get a supervisor here in the U.S. They use overseas tech support. I've been on the line for an hour bwith no help #Xfinity,comcastcares
964389,2017-10-21 21:22:30,348901,@AppleSupport is this error message from Apple? It just popped up on my phone https://t.co/GQ0tIt1Hew,AppleSupport
965378,2017-10-21 21:26:06,349075,@115877 won’t accept my card despite every other app and payment methods do ??? I’m trying to order myself some lunch y’all,Uber_Support
955661,2017-10-21 21:31:44,261714,@115821 I ordered a pack of 15 darts and this is what we got..an empty canister. Please help!! https://t.co/KiVIckIMns,AmazonHelp
956476,2017-10-21 21:37:20,340574,قارث بيل اهرررررب https://t.co/jRRMfUg5rF,SpotifyCares
965342,2017-10-21 21:42:08,349067,"@AppleSupport upgraded my phone to the iOS 11.0.3 big mistake, my battery doesn’t even last a few hours. I’m using low power mode all day.",AppleSupport
956317,2017-10-21 21:48:18,346907,@117093 when your apples are substituted with 3 tubs of romaine. Strange substitution 🤔,AmazonHelp
965807,2017-10-21 21:52:34,349196,@118845 @551 I want one. Please 😬❤️ https://t.co/OYF2YPB8As,AppleSupport
955783,2017-10-21 21:59:49,346775,@AmericanAir It was last weekend. There were no other flights later that day and had to get a hotel room,AmericanAir
962471,2017-10-21 22:00:28,348378,@115911 T-Force rocks and has my back every time. Thanks for the help!,TMobileHelp
955663,2017-10-21 22:02:24,261714,"@AmazonHelp Awesome I'll try that, thanks!",AmazonHelp
962455,2017-10-21 22:03:46,348372,@SouthwestAir See you all Nov. 17th! 😊,SouthwestAir
1875102,2017-10-21 22:04:05,559770,@Uber_Support my account has somehow been hacked. The number has been changed and I'm getting notifications of journey charges. Help asap.,Uber_Support
947834,2017-10-21 22:08:48,344778,"@176402 @AppleSupport I know, and I actually will... The thing is that my phone should work until I replace it. Doesn’t make sense that",AppleSupport
955640,2017-10-21 22:11:14,346732,@AmazonHelp Nope. No refunds offered. No credit to accounts offered. Been a prime member for YEARS. Pretty sure that should be refunded. No offer of it,AmazonHelp
962814,2017-10-21 22:15:27,348476,@comcastcares Any idea how long service outage will last in area of zip codes 15227 and 15210? All services out since earlier today.,comcastcares
967315,2017-10-21 22:20:18,349592,"@AppleSupport hi guys, just wondering if this email is genuine please? https://t.co/fDu3ZcdVyD",AppleSupport
951828,2017-10-21 22:22:41,345810,@AmazonHelp En semana y media las opciones son infinitas 😉,AmazonHelp
1875068,2017-10-21 22:30:06,559759,"I could fucking sue @115858 for this shitty fucking update... Ever since its been done, my phone has been fucked! Give me an iphone 8!!!!",AppleSupport
962239,2017-10-21 22:36:02,348330,@AmazonHelp I just got an email that it is being packed for delivery now...fingers crossed 🤞,AmazonHelp
958236,2017-10-21 22:41:08,347368,"@Uber_Support i had $15 credit, and when i tried to use it the credit disappeared and said i couldnt use promo codes",Uber_Support
963819,2017-10-21 22:41:11,348762,Good grief @AmericanAir the awesome spread you’re putting out at the new A-clubs is awesome. Now please stop! I’m gaining weight. Lol https://t.co/QE0fEPAiLK,AmericanAir
956526,2017-10-21 22:41:27,302049,@Delta this Thursday. ..,Delta
968256,2017-10-21 22:42:30,349839,I just want my screen record capabilities to return @AppleSupport,AppleSupport
968284,2017-10-21 22:48:52,349849,@115888 hey account got hacked and deleted a playlist I had been building for 6 years!! Can I get it back,SpotifyCares
955646,2017-10-21 22:51:49,346732,"@AmazonHelp Some foreign gentleman with a very hard to understand accent asked me ""what do you want me to do? Find your package and drive to your house?",AmazonHelp
899989,2017-10-21 22:56:21,144223,@AppleSupport I think I accidently bought two family plans for apple music. &amp;my family’s iPhone 5c now only displays that something’s wrong,AppleSupport
962438,2017-10-21 22:56:35,116421,@VirginTrains I even invited him under the duvet!,VirginTrains
964395,2017-10-21 23:08:09,348903,Send me free uber codes were stranded in San Francisco and we’re broke,Uber_Support
966317,2017-10-21 23:12:17,349330,"@AmazonHelp @115821  cu is truly a NIGHTMARE! - waiting for 7 days for a package - Prime!
Nobody knows where it is and refuse to refund! @115851",AmazonHelp
958209,2017-10-21 23:12:51,347356,Que feio #apple #beats @AppleSupport warranty covers?? https://t.co/oh14V3Uz8o,AppleSupport
965904,2017-10-21 23:24:58,179520,Hey @SouthwestAir do you guys sale popsockets on the SWA store??,SouthwestAir
964525,2017-10-21 23:26:34,348121,@TMobileHelp Cellular on watch says tmobile but status says no connection,TMobileHelp
1874852,2017-10-21 23:26:44,559711,"@ComcastCares
#mobile_Care why are there so many outages!! The second one in two days, this is not cool",comcastcares
1874899,2017-10-21 23:28:11,559724,I will never fly @AmericanAir again. There's been a problem on every single flight I've been on with them in the past week. Terrible.,AmericanAir
965753,2017-10-21 23:32:29,349182,Nobody lies to me more than @115821 when they have a guaranteed delivery date.,AmazonHelp
938122,2017-10-21 23:34:18,342370,"@AppleSupport @342368 DM, DM, DM. Why not tell everyone?",AppleSupport
966351,2017-10-21 23:38:20,258904,"@115873 we've just been charged for a ride that we tried to cancel more than once, and I'm so fuming about it. Please refund us.",Uber_Support
965854,2017-10-21 23:44:29,349211,@SpotifyCares I don’t have any playlists downloaded to check that unfortunately.,SpotifyCares
953194,2017-10-21 23:51:14,346165,@AppleSupport Hi. Multiple contacts.,AppleSupport
952546,2017-10-21 23:54:03,345993,"@AmazonHelp Visited. Hoping for whatever reason it shows up tomorrow, it's a textbook.",AmazonHelp
1840952,2017-10-21 23:55:41,551711,"@551710 @Uber_Support @551707 Don't hold your breathe, @551710  I've been waiting over a month &amp; approval is still pending",Uber_Support
967479,2017-10-21 23:56:54,349637,@115911 why does my apple watch order keep getting pushed back and when I try and cancel it yall tell me it too late to cancel. The apple store has them in stock so I dont understand.,TMobileHelp
899862,2017-10-22 00:10:40,333627,@116136 sucks balls and will always suck balls. $200+ a month and it never works like it should.  Time to re-evaluate.,comcastcares
963783,2017-10-22 00:12:34,348753,@Delta Thanks,Delta
967298,2017-10-22 00:15:52,144298,"@AmazonHelp segunda meus livros vão ser entregues, mas eu não vou estar em casa, o que vai acontecer? Como posso pegar os livros?",AmazonHelp
1875363,2017-10-22 00:16:53,559853,"@AppleSupport I recently got an iPhone 8 plus. When making calls on speaker, the other person cannot hear me. Any thoughts?",AppleSupport
1875525,2017-10-22 00:19:28,327734,When your order dinner thru @115877 @115873 and it never shows... even tho driver said it was.... smh,Uber_Support
962661,2017-10-22 00:30:37,348435,@AppleSupport Sllllloooooowwwwww,AppleSupport
937341,2017-10-22 00:33:05,342210,@AmazonHelp The order has not selected a carrier.,AmazonHelp
968351,2017-10-22 00:34:57,349866,Cuando el piloto es un copado y hace una pasada por el midtown antes de aterrizar #NewYork @AmericanAir https://t.co/CPB8iGEKlj,AmericanAir
899805,2017-10-22 00:36:10,173071,@TMobileHelp @115913 For he said he was straightening out my problem so whoever it is people that want him to contact me. That's the end of the story,TMobileHelp
961773,2017-10-22 00:49:27,348224,"@115888 your app is tweaking tf out, I can't play anything no more. Fix it bro😤",SpotifyCares
968276,2017-10-22 00:54:44,349845,I have a complaint I need to file @115873,Uber_Support
963388,2017-10-22 00:55:51,348633,"Another issue after #iOS11 , touch sensitivity has reduced greatly. I literally have to press hard and multiple times #iPhone6 @AppleSupport",AppleSupport
958359,2017-10-22 00:59:22,347395,Your mobile app is trash you only let us watch things on mobile at home @116136 we have TV's at home we wanna see it away from home SMH.,comcastcares
958796,2017-10-22 01:00:18,347492,Anyone else having issues with #AmazonPrime deliveries?  My last two orders have taken a week to get to me @115821 #wasteofmoney,AmazonHelp
899947,2017-10-22 01:02:49,333645,@SouthwestAir Is there a way to file such a report online?,SouthwestAir
957877,2017-10-22 01:04:43,347537,@347283 @AmericanAir Wow - two different planes even?,AmericanAir
899815,2017-10-22 01:10:59,173071,@TMobileHelp @115913 I want a call NOW,TMobileHelp
968250,2017-10-22 01:19:27,349838,"@AppleSupport I restarted my phone yesterday and it worked again, but it stopped again today and had to restart again. It was working before the update",AppleSupport
958830,2017-10-22 01:26:53,347497,"@115821 less than 3 weeks before release day, my xbox one x scorpio has changed to when available - any way to fix this #prime #primewhat?",AmazonHelp
960772,2017-10-22 01:29:23,347999,@SpotifyCares Just the OEM system maintenance.,SpotifyCares
974474,2017-10-22 01:33:04,351090,hey @115858 fix your updates so my phone doesn’t constantly freeze,AppleSupport
958932,2017-10-22 01:37:58,347525,@Delta forced me to check bag and you damage it. #notsurprised #poorcustomerservice #thanks https://t.co/qKpm2p6bsM,Delta
958803,2017-10-22 01:43:32,347494,@AmazonHelp 解決していることを確認しました。ご対応ありがとうございます。,AmazonHelp
959856,2017-10-22 01:46:28,347741,"Same here. Booked window seat in exit row. Reality: no window &amp; 💺 was opposite bathroom. Thx @AmericanAir 
Time for federal airline regs.😡 https://t.co/21iDl7Wn4N",AmericanAir
960270,2017-10-22 01:47:16,347861,@115877 your driver tonight CAN NOT FOLLOW INSTRUCTIONS. He's been trying to figure out how to enter a PARKING GARAGE for 15 min.,Uber_Support
937402,2017-10-22 01:57:06,351080,@342218 @115858 Phone so slow. Dead battery in 8 hours. COGNOS no longer works on iPad. Bad juju,AppleSupport
958369,2017-10-22 02:02:33,298367,@comcastcares What a joke.,comcastcares
1875650,2017-10-22 02:11:33,559938,@115858 this trash ass ios11 control panel wont change my song. But it is da 🔥 so I wasnt gon turn it anyway Shit don’t work tho #SUPERSLIMEY https://t.co/fogiR27zAI,AppleSupport
959738,2017-10-22 02:13:03,347711,@Uber_Support Your form is all about being charged. I wasn’t charged! But drivers shouldn’t ring to ask where you are going and then cancel!,Uber_Support
914225,2017-10-22 02:23:37,336792,@AmazonHelp Will you even try to deliver the product today or will be just justifying your so called process??,AmazonHelp
975106,2017-10-22 02:24:16,351244,@115858 #IOS11 = 👎🏼👎🏼 seriously. My phone never had this many issues before.,AppleSupport
960805,2017-10-22 02:28:46,348008,how do I get my mixtape on Spotify @115888 @SpotifyCares,SpotifyCares
1875203,2017-10-22 02:39:33,399529,"@TMobileHelp Never mind sir, I talked to a manager",TMobileHelp
945613,2017-10-22 02:41:29,344227,@AmazonHelp Thanks,AmazonHelp
1513809,2017-10-22 02:49:55,471256,@AppleSupport Any thoughts on what this might be? Every time I try to get notified when my wife arrives home: https://t.co/jvljuWSIGZ,AppleSupport
961200,2017-10-22 02:51:16,348110,@AmericanAir 1162,AmericanAir
976256,2017-10-22 02:53:57,351543,@Delta can’t believe you did it again! Mechanical issue on Atl flight 1470. Missed my rental car. Had to catch a taxi home at 3am.,Delta
974103,2017-10-22 02:57:50,348124,@115900 I'd rather have slower internet with a differnet company. Nothing could be worse than dealing with yours.,comcastcares
911506,2017-10-22 03:05:47,336239,"@AmazonHelp Well got my package, no doorbell ring and threw em on the ground. Was downstairs at the time and heard a heavy thud outside my door and was like ok? What the hell was that? Open the door and dudes already walking off. I don't think thats how packages are delivered..",AmazonHelp
980531,2017-10-22 03:12:08,352492,@Uber_Support Thank you kindly :),Uber_Support
987830,2017-10-22 03:16:50,354054,"Dear @115858 @AppleSupport , can someone do something about my phone freezing 🙃 it’s been doin this since the update. Thanks. (iPhone7plus)",AppleSupport
927497,2017-10-22 03:18:12,171760,@AmazonHelp Action taken against your lying piece of shit delivery person.,AmazonHelp
980818,2017-10-22 03:23:53,352557,@115888 why is it doing this? https://t.co/89rfzfO5KN,SpotifyCares
975014,2017-10-22 03:29:56,214974,"@115851 
Amazon india cheated me. Now they blocked my number to call. This is ridiculous. It is never expected from amazon. Pls support",AmazonHelp
974585,2017-10-22 03:34:51,351119,That moment @SouthwestAir loses your bag but their staff are friends &amp; neighbors! Having good staff counts in bad times! #DNCFall17 done! https://t.co/xx7DHYXkHK,SouthwestAir
969308,2017-10-22 03:35:22,350078,@115873 charged me an extra toll fare when my driver was suppose to drive me from BK to Manhattan and accidentally ended up in JERSEY! #Nice 😒,Uber_Support
989655,2017-10-22 03:45:25,354439,"@115858 Thanks again, @115858 for bricking my phone w your awesome new update. I'm sure it is very awesome.",AppleSupport
976228,2017-10-22 03:47:18,351534,@14045  Hi  the no EMI option on credit cards on amazon India is real or fake ? during festival season,AmazonHelp
969955,2017-10-22 03:53:11,350183,@Uber_Support I already have!,Uber_Support
974395,2017-10-22 03:58:59,351072,@AmazonHelp そうでしたか。アプリからはリスト上あがってくるのに視聴出来ないのは残念ですね。また再開されることを楽しみに待ってます。,AmazonHelp
1875602,2017-10-22 04:04:55,250267,@AppleSupport Clearing cookies fixed it.,AppleSupport
946418,2017-10-22 04:07:17,344419,@AmazonHelp Even those few titles also not visible. Should I discontinue using Amazon prime ?,AmazonHelp
976923,2017-10-22 04:20:35,351698,9:18pm Sat night. @115913’s #TMobile staff will not stop sending me abusive messages. Moving past poor service and into legal arena.,TMobileHelp
975115,2017-10-22 04:21:55,351249,"@AppleSupport it jumps around and if I plug it in when it's at 1% it switches to, say 41%, and then it'll die a few minutes later",AppleSupport
977494,2017-10-22 04:22:12,351832,"@115900 Sooo, I'm being charged for this channel and it looks like this? @36842 Fix it, fool. https://t.co/zDtAXThb3T",comcastcares
969103,2017-10-22 04:22:23,350046,"@115821 logistics sucks! Where is my “delivered” box?! “For TAT’s It can be scanned early saying it’s delivered,
wait until monday.” 🙄😤 #NO https://t.co/mQ1Pq9QCUl",AmazonHelp
971886,2017-10-22 04:26:57,350553,tryn 2 add new vehicle but app keeps askn me 4 inspection 4 my old vehicle. Can I add a car I’m using 4 lyft express drive @Uber_Support,Uber_Support
958332,2017-10-22 04:33:26,347388,@AmericanAir A screen that’s right-side up :),AmericanAir
980833,2017-10-22 04:34:53,352560,@Delta Serious working session tonight &amp; these medallion members keep getting hung up on after our 30 min call back! #wewantogotohongkong https://t.co/74DwKBkW4R,Delta
977319,2017-10-22 04:36:46,351790,今日の午前中に届くはずのアマゾンの荷物がまだ届いてない。台風の影響だろうか。,AmazonHelp
959334,2017-10-22 04:48:02,347606,@AppleSupport Thanks and yea.,AppleSupport
976753,2017-10-22 04:48:06,351661,@AmazonHelp No response to that then? Typical of standard of service I have received! #ripoff #ripoffbritian,AmazonHelp
1876073,2017-10-22 04:54:31,188975,@115888 its not shuffle if all the songs in my playlist are played in order by artist,SpotifyCares
979057,2017-10-22 05:00:19,352188,@AmazonHelp @115821 I m tryin 2 return a product fr past so many days bt only gettin assurances &amp; nobdy is cmng 2 pickup d item.Plz c n help,AmazonHelp
977942,2017-10-22 05:06:40,351925,@115873 I've just had the worst experience with one of your drivers,Uber_Support
959317,2017-10-22 05:07:22,347603,@AmazonHelp こちらこそ、素早い対応、本当にありがとうございました。,AmazonHelp
991138,2017-10-22 05:10:49,354777,@115858 your new update is super buggy. Fix this shit.,AppleSupport
916548,2017-10-22 05:20:00,336911,@AmazonHelp  please appreciate if it could be re posted for consumer awareness and buyer protection,AmazonHelp
1876613,2017-10-22 05:29:34,442167,"@Uber_Support your X driver picked up the wrong guy, then ignored my calls, then ended MY ride and gave me 1 star, all without picking me up",Uber_Support
980258,2017-10-22 05:35:22,352422,"@115850 hey guys. Is this your official link to apply for jobs at Amazon? 

https://t.co/xYvFIXlkYR",AmazonHelp
979380,2017-10-22 05:41:02,352267,"@AmazonHelp https://t.co/t3RLkxX12j
https://t.co/kEcAyGFoQz
thease person do 1cr fraudlent payments please take legal action them",AmazonHelp
971740,2017-10-22 05:50:05,350524,@AmazonHelp Customer Support told me 2 reorder again making a payment of 34500 again otherwise will get item at increased price. Absolutely CHEATING.,AmazonHelp
977788,2017-10-22 05:55:23,350167,"@115850 What the hell, not deliver in my product and blocked my number to contact support and i did nothing no abuse at all, this is cheap n worst",AmazonHelp
991784,2017-10-22 05:56:11,354927,I cant play music whilst being connected to wifi why @AppleSupport,AppleSupport
986451,2017-10-22 05:59:58,311390,"@Uber_Support Every time I am trying to book uber and seek estimate, I find it Rs. 50 over ola. Am I being charged for booKing cancelled.",Uber_Support
969898,2017-10-22 06:05:39,170046,"@115850 Book ordered 
408-5681146-4893945 on 9-Oct is yet to b deliverd. Tracking says it has left fr delivery on 14-Oct.,in same city.",AmazonHelp
980741,2017-10-22 06:14:12,352539,"I love it when I order parts of my costume off @115821 using prime so it would be on time, but then it gets delayed, thanks amazon 😓 #ruined",AmazonHelp
980539,2017-10-22 06:20:29,352494,@Uber_Support I got paired up with another driver but my friend is picking me up so please just refund my money,Uber_Support
1889085,2017-10-22 06:25:33,563354,It also sucks bc I have the iPhone forever contract so now I'm forced to upgrade to an iPhone when really I want nothing to do with @115858,AppleSupport
969788,2017-10-22 06:31:33,350165,@115850 wow..what pathetic service!!! Absolute disregard for a paying customer.,AmazonHelp
1876262,2017-10-22 06:36:32,362726,@115888 you gotta expand some of your #hindi collection. Too many not found or require detailed search.,SpotifyCares
969256,2017-10-22 06:41:29,350069,amazon barいってみたい,AmazonHelp
969319,2017-10-22 06:44:14,350083,@Uber_Support I’ve had 4 cabs cancel on me in the past 10 min. And these drivers call me up and question where I’m going,Uber_Support
1889045,2017-10-22 06:44:58,190481,@AppleSupport Help! What’s wrong with my 5s? Upgraded from 10.3.3 to 11.0.3 a week ago. Battery life is horrendous and doesn’t always charge,AppleSupport
969136,2017-10-22 06:54:03,350051,@AmazonHelp こちらでも正常に動作しています。最高のサポート感謝。,AmazonHelp
969148,2017-10-22 07:00:52,350052,@AmazonHelp These are the items https://t.co/0MYjdhz0V3,AmazonHelp
969152,2017-10-22 07:07:55,350052,@AmazonHelp This is what displays. I can’t find my order when I sign in. https://t.co/vLz3fq9QzR,AmazonHelp
919394,2017-10-22 07:21:11,338251,@AmazonHelp What the hell is going on.. ? https://t.co/mbrU9w7JJQ,AmazonHelp
970634,2017-10-22 07:28:10,350314,@115830 is there a way to purchase a book for someone else's kindle as present for them?,AmazonHelp
970668,2017-10-22 07:32:59,350324,I think my uber is drunk.. ugh,Uber_Support
982127,2017-10-22 07:33:53,352872,Dear @AppleSupport what is this coming after an attempt to upgrade my MacBook Air to High Sierra? https://t.co/eALSDIajbR,AppleSupport
970245,2017-10-22 07:39:42,350245,"@AmazonHelp then why the extra terminology? 
This is borderline unethical.",AmazonHelp
971134,2017-10-22 07:46:25,256893,@AmericanAir what do we need to print out for check in ? Or is email sufficient on iPhone?,AmericanAir
970282,2017-10-22 07:48:24,350255,@AmazonHelp What you mean by Prime? Cheating your customers?,AmazonHelp
970986,2017-10-22 07:53:28,350395,"@AmazonHelp Was scheduled to arrive Friday (20th).  Delay isn't a big deal, just that OnTrac tends to just drop stuff on side of road, even in street...",AmazonHelp
970514,2017-10-22 08:01:58,350303,"@AmazonHelp I did so and I stopped the automatic renewal and got an email to do so, but it was renewed",AmazonHelp
982085,2017-10-22 08:08:11,352852,#Airdrop used to be my favorite @115858 feature. But since #iOS11 I seem to be unable to connect my #Mac and #iPhone 😭! PLEASE HELP!,AppleSupport
971387,2017-10-22 08:12:20,259740,@VirginTrains Daughter booked on 16.55 from piccadilly will that be ok still?,VirginTrains
905320,2017-10-22 08:13:49,352665,@115873 @4794 Your Uber driver left me out here and I was sexually assulted. FUCK YOU UBER,Uber_Support
971756,2017-10-22 08:15:24,350525,iPad用のAmazonアプリ、アップデートしたら強制的に縦画面固定になってしまった。これって改悪じゃない？,AmazonHelp
972814,2017-10-22 08:24:58,350723,"@115850 @115850  I don't intend to wait for your refund policy, it's your mistake please refund at the earliest, order 403-4214441-2290713 dt19oct",AmazonHelp
991201,2017-10-22 08:33:14,354795,@SpotifyCares but I cannot recover my library. Please help. Don’t think I was hacked as password and email were not changed.,SpotifyCares
973132,2017-10-22 08:36:56,350794,@115850 aft committment u r takin  7days more. Total 20days to deliver #AmazonGreatIndianFestival,AmazonHelp
968367,2017-10-22 08:40:02,181933,@comcastcares you suck! I pay 180.00 a month for bad service I'm sick of you,comcastcares
972839,2017-10-22 08:40:57,350727,この台風のせいか昨日には来るはずだったアマゾンの荷物が来ない…….,AmazonHelp
972703,2017-10-22 08:50:38,350718,@AmazonHelp can you please explain about my ‘attempt delivery’ no one rang my buzzer to say they was here #gottawaituntiltomorrownow,AmazonHelp
982091,2017-10-22 08:52:09,352855,@AppleSupport iOS 11.0.3 has ruined my battery life.  phone going black at 20%. what is going on?!,AppleSupport
973570,2017-10-22 08:57:08,126724,"@115851 @AmazonHelp Why is @115850 promoting and selling spurious/counterfeit items? No answer to queries to them. Does Amazon encourage selling counterfeits? In India, this is illegal. https://t.co/9eXMnsrn99",AmazonHelp
616462,2017-10-22 08:58:50,266290,After change of device am not able to go cashless for my uber rides. Have raised this issue many times... Can you help @Uber_Support,Uber_Support
973127,2017-10-22 09:09:12,350793,@AmazonHelp YES! But why can't I purchase the kindle version?,AmazonHelp
973687,2017-10-22 09:18:19,350912,"@Delta is the best airlines in US - maybe world. If you commit to one airline, do @delta/@215450 😍 I'm at 1.2 mil Delta miles for a reason.",Delta
973643,2017-10-22 09:24:17,350900,@AmazonHelp cannot select my debit card as payment method,AmazonHelp
973671,2017-10-22 09:26:41,350906,Being charged £5 for an @115873 driver cancelling last minute on me after I waited 10 mins. Absolute joke. I should charge u!  @132908 https://t.co/z6kTjca4YI,Uber_Support
969880,2017-10-22 09:33:09,343708,@AmazonHelp No option of reply showing,AmazonHelp
983031,2017-10-22 09:37:44,128329,"@AppleSupport I‘ve rented a movie about two weeks ago and wanted to watch it yesterday, but I allways get an “resource not available” error",AppleSupport
897549,2017-10-22 09:38:31,333154,@AmazonHelp Tell me about that product that you allow in your system and misguide other person,AmazonHelp
970704,2017-10-22 09:46:32,350330,@AmericanAir We’ll never fly your airline after this,AmericanAir
984242,2017-10-22 09:49:16,353329,@AmazonHelp hi I ordered a sampoo from Amazon pantry and got a completely spilt product . What should I do?,AmazonHelp
995568,2017-10-22 09:51:25,314193,"@AppleSupport iPhone 8 on latest IOS, screen auto lock doesn’t work",AppleSupport
969016,2017-10-22 09:54:52,350027,@AmazonHelp No delay. Ordered 3 items. My account says all items delivered but only received 2. Was sworn at by delivery driver too.,AmazonHelp
1889818,2017-10-22 09:59:06,563572,@Uber_Support my friend has lost their phone in an uber and needs the last trip driver but can’t access their account! Please help?!,Uber_Support
984731,2017-10-22 10:00:52,320514,"@AmazonHelp hi, I tried to sent a return back but the post office informed me that it's not handles by them anymore, how do i do it? I've -",AmazonHelp
984676,2017-10-22 10:10:49,353419,@115850 terrible pathetic service.... Wasting time with your representative from last 10 days....,AmazonHelp
984403,2017-10-22 10:11:06,353360,@VirginTrains please can I reserve 2x seats from today's 14.37 train from London Euston to Crewe,VirginTrains
975073,2017-10-22 10:21:22,337836,"@AmazonHelp no solution yet, i expected a call frm support team, seems like without a legal case you guyrs arnt gona support. alright. #amazonCheats",AmazonHelp
1889384,2017-10-22 10:23:58,563453,"@AppleSupport hey! I need suport with my Apple ID, I send an email but I have no answer. https://t.co/ZlLfSXzYaY",AppleSupport
985123,2017-10-22 10:30:30,353501,@115850 403-9139227-0336362 recd damaged mirror. IVR menu disconnecting the call. App still shows 'out fr delivery'. Help reqd. Urgent https://t.co/dDM3mhtFWa,AmazonHelp
985032,2017-10-22 10:35:28,353489,@AmazonHelp Hope so now that the deal is gone can I order it again at the same price,AmazonHelp
985080,2017-10-22 10:42:35,353495,@AmazonHelp What's the use of your Twitter channel if you are redirecting customers back to your website *sigh*,AmazonHelp
1876909,2017-10-22 10:43:21,560282,"Lost my contacts and incoming calls ring about 50% of the time. Horrible, @115858. https://t.co/mTFkW6t9Hq",AppleSupport
985075,2017-10-22 10:48:45,353494,@AmazonHelp Kindle. Do you know how long it takes for refund requests to be reviewed? Thanks.,AmazonHelp
985557,2017-10-22 10:52:46,353597,"@115911 
Is your ""mytmobile"" down??",TMobileHelp
1889346,2017-10-22 10:57:41,563440,"@115858 Incr/decr volume levels when playing music responds late, can’t save pictures taken from the net, phone’s slower. Pls update. 😥",AppleSupport
986378,2017-10-22 10:58:11,353767,"Woke up at 5:45 waiting for this grocery delivery from Amazon. Driver arrives, drops the packages off, then leaves... but this ain’t mine. https://t.co/wL7WsBsg52",AmazonHelp
985895,2017-10-22 11:01:49,353664,@AmericanAir It was worth the try! 😂,AmericanAir
998157,2017-10-22 11:04:13,356355,@115873 well and truly sick of you deducting money from my account when your drivers cancel them crediting my account! I want a full refund!,Uber_Support
986373,2017-10-22 11:07:50,325162,@115821 is anyone going to revert back on our product status? We have already filled that form and sent you. 7th Oct was our order date. Call me in the next 5 minutes else will have to escalate it to the next level. Order ID 171-9987170-8021933 .,AmazonHelp
1889722,2017-10-22 11:09:28,563547,"@115888 I cancelled in January, yet I have still been charged £9.99 per month since then. 😳😳",SpotifyCares
939557,2017-10-22 11:12:19,176402,@AppleSupport @342718 Good luck Lana they will just make you do stupid analytics say everything is fine,AppleSupport
985465,2017-10-22 11:17:41,353570,@AmazonHelp that's ridiculous.,AmazonHelp
987827,2017-10-22 11:29:30,354053,Requested 4 retrn a week back.No1 shwd up for the pick evn aftr assurances from CS.Plz don't make promises u can't keep.@AmazonHelp,AmazonHelp
985573,2017-10-22 11:31:00,121428,"@353599 @VirginTrains You've not booked a specific train though Dikki, you're travelling with an open ticket. Ultimately if you feel it's too busy on-board 1/2",VirginTrains
1002970,2017-10-22 11:43:10,357413,Been waiting for the #iPhoneX but my phone been restarting in the middle of conversation @115858 #WhatsTheDeal #FixThis,AppleSupport
986351,2017-10-22 11:44:21,353765,@AmazonHelp Thanks .. I know dat.. but it would be much better if u rather resolve the issue,AmazonHelp
987889,2017-10-22 11:49:17,354074,Looking at possibly going to HI in Feb to see fam yet @AmericanAir has no NS out of ORD &amp; @116450 does 1/2,AmericanAir
991842,2017-10-22 11:58:38,354945,Very impressed with the Gogo 2Ku this morning from STL to ATL. @Delta @116462 https://t.co/yhC26sfioT,Delta
987356,2017-10-22 12:00:55,338759,@AmazonHelp सारी detail share कर चुका हुँ...यहाँ पर लिखिये की पैसा डूब गया है...,AmazonHelp
1890198,2017-10-22 12:02:30,280843,@119983  Trying to activate my account since more than 6 months. @Uber_Support employee is saying that I can't use uber😡😡😡 https://t.co/aPuu23eptt,Uber_Support
987939,2017-10-22 12:04:02,354086,Hello @SouthwestAir Thanks for this timely flight that can get us to @17245 special day at church! #Homecoming #FamilyBaptistChurch https://t.co/7ZTWPKLmmD,SouthwestAir
969632,2017-10-22 12:10:26,230312,@AmazonHelp Why wasn’t I told this then? Someone call me!,AmazonHelp
988505,2017-10-22 12:16:10,354205,"@VirginTrains 2/2 whole process is ridiculous. How do we complain about the app (broken) ,service and staff (being unhelpful and rude)?",VirginTrains
951839,2017-10-22 12:16:44,175183,"@AmazonHelp Tracking says out for delivery in Newcastle at 10:40, went to my coffee shop delivery address and the 2 people on duty have had no delivery",AmazonHelp
990521,2017-10-22 12:27:05,354633,".@AmericanAir at again with a beautiful #sunrise ride into #Chicago! Thanks, guys! https://t.co/VpxtlgxYpU",AmericanAir
998090,2017-10-22 12:30:00,356335,"@AppleSupport hey I’m having an issue with iOS 11 screen recorder. Recording a game gives me a video with only audio, the picture is freezed",AppleSupport
987388,2017-10-22 12:30:17,353967,@AmazonHelp Danke!,AmazonHelp
962104,2017-10-22 12:41:51,348293,"@AmazonHelp @116618 wrong movie, Halloween 2 Rob Zombie film",AmazonHelp
1889576,2017-10-22 12:47:54,563503,What the hell is going on with #HighSierra not allowing me to log back in and all the freezing. I’ve never had this many issues @115858 #beta,AppleSupport
989532,2017-10-22 12:48:40,354420,@115821 @115817 @118706 @115821 I left the customer response bc @118706 again said delivery attempted.  No offense USPS but that’s a lie!  Just deliver the mail!,AmazonHelp
184823,2017-10-22 12:51:06,159463,@Uber_Support Help me? Just like you did when this happened in July? That was more money you stole from me then and it took 3 wks to fight,Uber_Support
1877066,2017-10-22 12:54:15,377568,"@delta hello, I was upgraded to a comfort+ seat, but it's a middle seat, so I would like my original seat back.",Delta
991006,2017-10-22 12:55:51,170313,@AmazonHelp How to get warranty service for electronic product?,AmazonHelp
990379,2017-10-22 13:00:37,354596,@115833 Alex's says my phone number is associated with another device. Only ever owned one Alexa. How do I sort This?,AmazonHelp
905418,2017-10-22 13:06:44,334943,@AmericanAir I did &amp; response was to contact @123555 or @75670.. after 22 hours of flight I can't go to 1 counter to another.. I am done,AmericanAir
990378,2017-10-22 13:06:44,354596,@AmazonHelp Followed your link. Logged in. Selected call me now. Says this feature isn't available right now. Is it out of hours?,AmazonHelp
982142,2017-10-22 13:09:00,124514,@SpotifyCares The full playlists have gone!,SpotifyCares
989593,2017-10-22 13:12:45,354427,@AmazonHelp Can't be refunded until the order is despatched and then I'll have to ring back and request a refund,AmazonHelp
1889706,2017-10-22 13:15:51,563543,.@115858 I’ve been on my phone for 11 minutes today using LTE and I’m down to 94%. No streaming. Simple twitter. Your new iOS is bad #ios11,AppleSupport
990939,2017-10-22 13:18:59,354730,@AmazonHelp @117634 Now on my iPhone 6S on iOS 11.03 I have to select the Irish dictionary every time which is tedious :(,AmazonHelp
991882,2017-10-22 13:24:53,354954,"@VirginTrains You know I love you, but could coach letter signage on Voyager trains please be improved? Like it is on Pendolinos. Thanks!",VirginTrains
990990,2017-10-22 13:25:09,354739,"@AmazonHelp You need to be honest with shipping date. If it says my items will be shipped on October 19, then it should be. Otherwise please change the shipping date. https://t.co/5a3SKjWYOP",AmazonHelp
1011515,2017-10-22 13:29:13,359326,@AppleSupport @359327 I'm trying to download 11.0.3 but it keep saying an error has occurred,AppleSupport
1890526,2017-10-22 13:33:18,563789,Why won’t Uber eats let me verify my phone number 🙄🙄@Uber_Support,Uber_Support
992913,2017-10-22 13:38:00,355203,@115850 I still haven't rec'd my parcel which was supposed to b delivered today. https://t.co/IA8ajqVGUe,AmazonHelp
981321,2017-10-22 13:42:27,352676,Y’all @AmericanAir let’s their customer service employees yell at elderly women and make them stand on line 4 2hrs to miss they flight,AmericanAir
993344,2017-10-22 13:43:12,207664,Enormous #lags with #calendar app on #ipadair2 with #ios11.0.3 @115858 @AppleSupport 😡😡😡😡,AppleSupport
991704,2017-10-22 13:51:12,199748,@AmazonHelp .com,AmazonHelp
1002479,2017-10-22 13:51:52,357843,"@115913 TMobile used to have GREAT customer service, they've 4gotten how LOYAL their ""customers"" are....now they'll ""suspend""ur service QUICKLY💔💔",TMobileHelp
993302,2017-10-22 13:54:08,201419,"@AppleSupport Advice: iPad apps in iOS 11 won’t operate in split view. Apps: Facebook,  NYTIMES, tumblr, and YouTubeTV won’t allow.",AppleSupport
1067086,2017-10-22 13:54:51,371818,"@ComcastCares
#mobile_Care sound on tv is in and out. seems like when it’s windy it’s worse",comcastcares
992879,2017-10-22 13:58:02,353032,@AmazonHelp so where is the resolution Amazon....have you people gone asleep ....you have charged me for prime subscription Rs 499..(1/6),AmazonHelp
981281,2017-10-22 13:59:45,352670,@115873 and they can't listen to your request if you don't provide a picture of your physical copy of your bank statement? Physical!!!,Uber_Support
993291,2017-10-22 14:03:51,355301,"Hey @AppleSupport why am I getting these on my iPhone all the time?? I will close or back out, but when I go to secure links it’s popping up https://t.co/ac654uVxHu",AppleSupport
982170,2017-10-22 14:06:26,352883,"@Delta Hi, for a project college i need to know the recruitment criteria e.g minimum height, how much you need to lift/pull please help",Delta
1889333,2017-10-22 14:08:03,563435,"@AmericanAir what's with bag nazis at MCO? Others had bigger bags, but I'm singled out?",AmericanAir
981169,2017-10-22 14:08:47,199748,@AmazonHelp La última vez ayer y hoy me llego el mismo mail que no se legible el fax. Lo mande de diferentes maneras y siempre lo mismo.,AmazonHelp
994510,2017-10-22 14:14:17,355566,@AppleSupport hi apple I keep getting an error message saying something about the imap when I try to go to emails can you help?,AppleSupport
1889329,2017-10-22 14:16:25,563434,Don’t ask me to show it to you either! You don’t ask other passengers! I know my safety is VERY important but... @SouthwestAir not cool,SouthwestAir
981175,2017-10-22 14:18:53,199748,@AmazonHelp Si pero hoy recibí el mail diciendo nuevamente que el fax no era legible y que lo vuelva a mandar.,AmazonHelp
1008654,2017-10-22 14:20:45,358680,"@SpotifyCares , please launch spotify in Russia, I'm want to give to you money, but I can't :(",SpotifyCares
994478,2017-10-22 14:21:39,355556,@applesupport Hey out there. Why does Calendars (not in iCloud) delete history? I need that info and now it’s all gone. Why?,AppleSupport
982985,2017-10-22 14:28:32,353045,@AmazonHelp Buenas me podeis ayudar por mensaje direccto unas dudas sobre una tarjeta grafica?,AmazonHelp
938198,2017-10-22 14:36:15,342400,@AppleSupport @325308 My phone battery is being drained while my Apple charger case is not,AppleSupport
971085,2017-10-22 14:40:45,350400,@AmazonHelp Stop copy pasting the same thing,AmazonHelp
994701,2017-10-22 14:42:52,355617,@AmericanAir frustrated! Can’t check in cause passport info wrong (not!) but not one person online or at airport knows how to fix!! Help!!,AmericanAir
983185,2017-10-22 14:44:03,136155,@VirginTrains 2313705847,VirginTrains
13162,2017-10-22 14:45:16,118701,@AmazonHelp This has been the most frustrating and useless customer service ever.,AmazonHelp
995557,2017-10-22 14:47:03,355817,@AppleSupport  Can I get some information on whether the iPhone x will have the option to purchase it sim free by/on pre - order day. https://t.co/nri2pnlXfA,AppleSupport
1002323,2017-10-22 14:52:33,357269,@115873 come on man!! https://t.co/5l7AGp5SXV,Uber_Support
994394,2017-10-22 14:56:26,355546,@115850 when is the next sale for redmi 4 16 gb,AmazonHelp
996768,2017-10-22 14:57:47,356034,@AppleSupport No. Safari doesn’t load up and neither does social media apps. And I can’t send out texts or calls. I also can’t receive notifications.,AppleSupport
305930,2017-10-22 15:00:51,324154,@Delta @Delta do you still provide headphones on flights,Delta
993192,2017-10-22 15:04:28,355290,.@7108 you have the worst customer service that doesn't understand digital subscriptions - u aren't delivering and ur people r useless,AmazonHelp
1891725,2017-10-22 15:08:58,564094,"@SpotifyCares within the last 24 hours, your app deleted all of my songs/playlists and automatically canceled my premium.",SpotifyCares
1002981,2017-10-22 15:11:46,357416,@AppleSupport Moreover I noticed sudden reduction of 2% in 2 secs.,AppleSupport
1002878,2017-10-22 15:14:51,346582,"@AmazonHelp Prime item ordered thurs “attempted delivery” fri but they didn’t as I was there 7am - 6pm, promised delivery yesterday and never happened",AmazonHelp
1889615,2017-10-22 15:18:58,563514,"@SouthwestAir Hey, when do you guys plan on traveling to Hawaii? My fiancée and I are wanting to book, but can’t wait too much longer!",SouthwestAir
1004903,2017-10-22 15:20:27,348404,"@TMobileHelp @357843 @115913 Charges that once told of having zero balance,  and afterwards telling me that i misundedrstood the representative...forcing to switch.",TMobileHelp
993245,2017-10-22 15:22:04,355296,@115830 your customer service is atrocious! I’ve been waiting for a prime delivery since Thursday! Haven’t even got an explanation,AmazonHelp
998096,2017-10-22 15:22:11,356337,@115858 why do i have to restart my phone 12 times a day after this ios 11 update???? and i got an iphone 7.... @AppleSupport @115858,AppleSupport
1004490,2017-10-22 15:26:25,357757,@115873 #fraud you wrongfully charged my card in USD362 and try to delay the reimbursement. #uberfraud #scam,Uber_Support
994697,2017-10-22 15:30:17,355616,@AmericanAir #LGA is a nightmare. #losingcustomerconfidence. https://t.co/5kPmVHFUuQ,AmericanAir
999186,2017-10-22 15:30:52,356589,@AppleSupport since updating to iOS 11.0.3 all my apps have stopped functioning properly and will barely open! I have restart 4 x day ☹️☹️☹️,AppleSupport
993210,2017-10-22 15:33:51,355292,@AmazonHelp You already know the issue.  #404-4139617-3649915.,AmazonHelp
993257,2017-10-22 15:40:35,210741,@115821 @AmazonHelp @123967 @118706  https://t.co/3BCF0gsv37,AmazonHelp
999200,2017-10-22 15:40:52,356592,"@AppleSupport add me to the list of unhappy 11.0.3 upgrades. Battery drains 2x fast, recharges 2x slow",AppleSupport
1061645,2017-10-22 15:47:50,348832,"@115888 Still shows up on mobile, as well as on my public profile. https://t.co/XuJ95S00ix",SpotifyCares
994452,2017-10-22 15:48:07,355551,@AmazonHelp your support team never call speaks up only apology,AmazonHelp
1001150,2017-10-22 15:53:37,357018,@AppleSupport The battery dies in seconds. I’ve contacted my company IT department and they stated it is a known 11.3 issue.,AppleSupport
994544,2017-10-22 15:53:58,355577,@115873 what is the email i can reach?,Uber_Support
993237,2017-10-22 15:54:13,355296,@AmazonHelp I would like a call back from a manager from @115830 to escalate this,AmazonHelp
1889855,2017-10-22 15:58:52,357843,"@115913 so, Sir.... first Dan King stated that restoration would ocurr but now a customer service rep. says ""NO"" to a Retiree....",TMobileHelp
13159,2017-10-22 16:05:38,118701,@AmazonHelp I am now cancelling this order because your delivery service just sucks despite prime membership. Switching to @118702 for future.,AmazonHelp
1001168,2017-10-22 16:05:56,357021,Sull’iPhone avevo più di 8gb di “altro” e l’unico modo per eliminarlo è backup+ripristino. @115858 vogliamo fare qualcosa a riguardo?,AppleSupport
1933455,2017-10-22 16:07:28,575331,@AmericanAir can I get a reply to my direct message. Thank you,AmericanAir
1632145,2017-10-22 16:11:32,499452,@comcastcares i need to change my modem to a new one that I bought ..help,comcastcares
1013819,2017-10-22 16:12:11,359889,"With N number of bugs, slow system performance and phone hanging dozen of times @2531 @AppleSupport @115858 IOS11 SUCKS. NEED HELP :@",AppleSupport
994365,2017-10-22 16:15:32,355539,@AmazonHelp No me aparece la opción de cancelar el producto,AmazonHelp
998206,2017-10-22 16:17:37,356368,Aaaand of course. @Delta is delayed and I’m going to miss my connection. Yay.,Delta
995799,2017-10-22 16:17:44,355870,@VirginTrains got a reserved seat but yet again no space on the luggage racks which means standing the whole way to London 😡#whataservice,VirginTrains
995447,2017-10-22 16:23:17,355802,"@AmazonHelp Thank you! So once I cancel it, I should be able to use the household prime account ?",AmazonHelp
1890297,2017-10-22 16:26:04,563721,"@AppleSupport devices gone crazy with 11.0 and now.03 upgrades.screen lag, battery issues, messages stuck... needs phones reboot often SOS",AppleSupport
996801,2017-10-22 16:29:01,356042,"After seeing this @115873 drivers parking ability, I'm glad I don't have to find out the driving part! https://t.co/CbqjZb99ko",Uber_Support
995494,2017-10-22 16:30:40,355808,@AmazonHelp hope this time it helps ..my order was not delivered and intimation was also not received i came to know it 2 mths later..terrible experienc,AmazonHelp
996697,2017-10-22 16:37:19,356016,@AmazonHelp It's not shipped but is charged. I can assure you this. I have this in an email from your company. Talked to a lot of Amazon employees.,AmazonHelp
1890287,2017-10-22 16:41:59,563718,@AppleSupport my iPhone is operating much slower and quite glitchy since the new update.,AppleSupport
973593,2017-10-22 16:43:40,350524,@AmazonHelp Return my Rs34500/- urgently and book d cancelled order at d same quoted price at which I had booked on 21st Oct 2017. That's it.,AmazonHelp
998312,2017-10-22 16:47:48,356391,@SouthwestAir I have a life to get back to. Really not appreciative of the delays. Seems to always happen when I fly with you #disappointed🙁,SouthwestAir
1021785,2017-10-22 16:51:10,361808,@SpotifyCares @SpotifyCares I don't have an LG device https://t.co/XJieDt3aoZ,SpotifyCares
1000189,2017-10-22 16:53:13,356326,@AmazonHelp I have tagged both Amazon and Lenovo as am really at a loss ..,AmazonHelp
1012355,2017-10-22 16:56:02,359546,@AppleSupport @115858 : its bcmg annoying day by day 👇🏽#ios11update pls fix it!! Or just tel me how can i jump back to #ios10 version https://t.co/aUFy0wJWYf,AppleSupport
935819,2017-10-22 16:59:31,341857,@AmazonHelp Speechless  @115821 services and its shopping quality is awful! Dropping down like a fly,AmazonHelp
999410,2017-10-22 17:01:31,337375,Just watched luggage roll off the cart because the driver cut the turn too quick. #notmybag. I always carry-on when I can. @AmericanAir https://t.co/XcVbPMZlAn,AmericanAir
999280,2017-10-22 17:02:09,356352,@115873 this driver is accepting rides then cancelling them at Miami International Airport. You have wasted 30 min of my time now. Uber sucks. https://t.co/pJhwQ2M9hn,Uber_Support
996734,2017-10-22 17:06:01,356024,@AmazonHelp 😒😒😒😒😒😒😒 unfair!,AmazonHelp
998081,2017-10-22 17:10:08,356335,@AppleSupport Thank you for the response. Works fine elsewhere as you can see in this video. https://t.co/32FA3ThPvb,AppleSupport
1011697,2017-10-22 17:12:35,359376,@116136 @115900 Why the hell don't you have an NFL package? And don't say RED ZONE! I have to watch the lame ass Bears and Carolina. 😝,comcastcares
1093464,2017-10-22 17:13:04,378063,"@Delta Can I get an extra pack of those little cookie things though, for they are very good!",Delta
996843,2017-10-22 17:13:46,336080,@VirginTrains But I didn't get seats I got the wrong seats,VirginTrains
1000530,2017-10-22 17:18:00,317252,"@TMobileHelp I'm in Paris and your SMS is failing me again. Service error, ""Can't send message with CARD 1, error 8""",TMobileHelp
1000127,2017-10-22 17:18:55,356782,@43895 watching Loveless on Amazon prime cuz of your VIFF review &amp; the subtitles are weird &amp; some of it is censored? @116618 ???,AmazonHelp
1001524,2017-10-22 17:24:27,357093,"@southwestair the delay is just fine, concourse is kind of fantastic! #flightdelay #southwest… https://t.co/8XrHHVHHbg",SouthwestAir
999161,2017-10-22 17:30:23,148568,@AmazonHelp further u have specially mentioned in Order-Update email that i can use debit/credit card for payment(2/2) https://t.co/GdAPU1aAHn,AmazonHelp
1001211,2017-10-22 17:30:58,357031,@115873 my app won’t let me add a new payment method. It says there is an issue. I have tried about 4 different payment methods. Please help!,Uber_Support
1000399,2017-10-22 17:34:26,356840,@Delta I did that and it asks for a number https://t.co/1LrVOltcGr,Delta
1890497,2017-10-22 17:36:32,563779,"@115858 please fix your software, your latest updates have major problems.",AppleSupport
999163,2017-10-22 17:42:23,148568,@AmazonHelp @115850 @AmazonHelp @115821 why are u not answering me....,AmazonHelp
1011586,2017-10-22 17:42:32,359348,@AmericanAir @359349 Even if it is true. Too much fuel is a miscalculation on @AmericanAir. You should know the plan routes and schedules to prevent this.,AmericanAir
1890475,2017-10-22 17:46:51,285850,@118101  l think my new iPhone 7 might be a bit faulty - do I talk to you or @AppleSupport ?,AppleSupport
1011630,2017-10-22 17:49:14,359361,@VirginTrains Thats good to hear,VirginTrains
1025070,2017-10-22 17:49:36,362555,@SpotifyCares Why am I not being able to see my family details?? https://t.co/5960JQCMzT,SpotifyCares
972769,2017-10-22 17:51:51,119796,@AmazonHelp  https://t.co/POZs2pLTYo,AmazonHelp
1890622,2017-10-22 17:58:18,563815,. @AppleSupport @115858 #ios11 has more little #bugs than the house in #arachnophobia what’s up?,AppleSupport
959695,2017-10-22 18:01:04,347695,@AmazonHelp It’s been delivered. Just wish it didn’t have to be delayed a day,AmazonHelp
1015119,2017-10-22 18:02:58,360172,"@17326 why can't @116136 subscribers stream? I pay for the channel, let me watch.",comcastcares
1018864,2017-10-22 18:04:29,361080,"@115877 @Uber_Support we tried to use this code as first timers and it said it had expired, though that’s not what the flyer indicates? https://t.co/oznOuYqtGh",Uber_Support
1890545,2017-10-22 18:07:16,563796,whats the meaning of this bullshit @115858 https://t.co/AfRf935qNK,AppleSupport
1012289,2017-10-22 18:10:59,359524,"@AmazonHelp Ahahahhahaa si, grandissimi!",AmazonHelp
1013145,2017-10-22 18:12:14,350555,"@Delta If BC was full, fine. Your plane, your rules. I’m not entitled. Ok. No issue. 100s of 1,000s of dollars and miles whatever.",Delta
1890686,2017-10-22 18:15:50,404396,@115858 @AppleSupport my screen constantly stops responding until I lock and unlock it again. Is it covered in 1 year warranty?,AppleSupport
1012351,2017-10-22 18:24:54,359545,@AppleSupport @359544 But these are not enough steps. Why this feature is not implemented yet in world’s leading smartphones - https://t.co/xxLTCfiwMz,AppleSupport
973971,2017-10-22 18:25:42,337721,@AmazonHelp As I said no use of these follow ups when end result remains the same...  Thanks,AmazonHelp
1014129,2017-10-22 18:28:49,359969,@SouthwestAir Ok @southwestair #5393 arrived 116 now 126 waiting for gate again. B25 has been empty! Does anyone care?,SouthwestAir
1015038,2017-10-22 18:32:28,360154,"@AmericanAir You should compensate passengers for dealing with your flight mismanagement - we pay to fly on time, not listen to your apologies for hours",AmericanAir
1013850,2017-10-22 18:36:29,359899,@115873 @325726 and I have been trying to reach out to uber driver in regards to a lost item but we’ve had no luck #uber,Uber_Support
1013044,2017-10-22 18:36:43,359525,@AmazonHelp Yes,AmazonHelp
1015168,2017-10-22 18:38:52,355467,"trying to login to t mobile account but it keeps telling me ""bad gateway"" PLEASE HELP @TMobileHelp",TMobileHelp
1015064,2017-10-22 18:41:06,360158,@VirginTrains bad enough customers can't use reuseable cups but why do I need a paper bag as well? #zerowaste,VirginTrains
1012348,2017-10-22 18:42:43,359543,@AppleSupport Yep. twice.,AppleSupport
1027111,2017-10-22 18:48:57,363043,"@115888 if i click on an artist, play THAT artist not another 7 so i waste my skips :)",SpotifyCares
989539,2017-10-22 18:49:11,158494,@AmazonHelp @115851 call me,AmazonHelp
1676884,2017-10-22 18:50:41,563935,@510066 @AppleSupport This is the “I didn’t want that scenic once in a lifetime photo” THANKS APPLE. WHY DO I HAVE AN IPHONE I CANT GET ANY PICTURES. https://t.co/lUe3GfLdar,AppleSupport
1015659,2017-10-22 18:54:40,360304,@120533 😂des bars ! https://t.co/ULbcDGGDw9,AmazonHelp
1008678,2017-10-22 18:56:11,358686,"@Delta REALLY needs help with Customer Service, or LACK of ... Gate Agent Prince needs a new job, he clearly HATES the one he has!!",Delta
1015728,2017-10-22 18:59:05,360327,1.3 x surge fee due to increased demand and the first driver is 6mins away. Really @115873 ?,Uber_Support
1006082,2017-10-22 18:59:57,358114,"@115858 please get your shit together with this new update, my phone dies 10x faster than it did before I updated it to iOS 11.0.3😠",AppleSupport
1015614,2017-10-22 19:03:19,360296,I’m so sad this is the first time @115821 messed up my shipment and they won’t even give me a refund 🙄🙄 PRIME MBR FOR ALMOST 2 YRS NOW.,AmazonHelp
1015101,2017-10-22 19:07:42,360168,@comcastcares Done,comcastcares
1016486,2017-10-22 19:11:14,300593,"@115873 I made two journeys with you today, why have I been charged three times? https://t.co/aV6nUbV3SB",Uber_Support
1891187,2017-10-22 19:12:59,563965,@AmericanAir And the pounding underneath the plane continues... something tells me I’m not getting to Portland today... #airlineproblems,AmericanAir
1013038,2017-10-22 19:14:32,340721,@AmazonHelp Same blame game.i did needful from my side .pleaseeeeee check you mail before reply such things.,AmazonHelp
1007147,2017-10-22 19:15:40,358326,@AppleSupport This new IOS update has ruined my phone. Freezes all the time. Can’t hear anyone on calls. Infuriating.,AppleSupport
1015003,2017-10-22 19:16:38,360147,@Delta I just DM'd you. Looking forward to my response,Delta
1015680,2017-10-22 19:24:54,360311,@AppleSupport Well my apps keep crashing and freezing,AppleSupport
1007023,2017-10-22 19:28:54,358301,@AmazonHelp my package was meant to be here 5 days ago not heard nothing from you as well shocking customer service,AmazonHelp
1007808,2017-10-22 19:30:16,358484,"@115858
After the update, my itunes skips songs. Some it plays entirely, others it skips to the next song at random times.",AppleSupport
1006498,2017-10-22 19:30:35,358175,5 hr airline delays are especially great while pregnant and traveling with a toddler. @SouthwestAir you are ruining our Sunday.,SouthwestAir
1027703,2017-10-22 19:32:36,363199,"@115888 Dear Spotify team 
Please add Spotify in the Kuwait playstore 
Spotify is a cool app.....",SpotifyCares
1007008,2017-10-22 19:39:11,358298,@358299 @115821 I just received the Polaroid paper...and I just figured that it’s the wrong kind of paper for my camera 😭😭😭 How can I return it?,AmazonHelp
1891403,2017-10-22 19:41:08,564016,@115858 @applesupport This new iPhone update sucks! Fix it!!! I swear I’ll get the google phone. #SteveJobsWouldBeSick,AppleSupport
1007363,2017-10-22 19:46:39,331267,@TMobileHelp WHY is it that the T-Mobile website changes to Spanish just because of my IP? My devices are set to English…,TMobileHelp
1008760,2017-10-22 19:47:21,358707,@282503 @comcastcares everytime I engage with Comcast my bill gets messed with and goes up and I spend an hour getting it fixed,comcastcares
1891563,2017-10-22 19:49:45,564051,@115858 what is going on with the #ios11 update? My phone has had so many glitches since it updated!! #HELP this sucks,AppleSupport
1007308,2017-10-22 19:53:27,358364,@VirginTrains I've only just released i left them :/,VirginTrains
1007762,2017-10-22 19:55:19,358473,"@115825 „Abspielen gestoppt. Der abzuspielende Medieninhalt ist durch Cinavia™ geschützt"" Der Film Nerve bricht ab. Was kann man tun?",AmazonHelp
1007168,2017-10-22 19:56:48,358331,@Uber_Support I can't log in,Uber_Support
1007226,2017-10-22 19:57:25,358349,"@Delta anytime, i love you guys",Delta
1009288,2017-10-22 20:00:47,358816,@44198 @44199 @115858 @AppleSupport seit einigen Tagen habe ich extreme Probleme beim Verwenden von @126 im Wlan...,AppleSupport
1019576,2017-10-22 20:02:58,307021,Another beautiful day with @AmericanAir https://t.co/nnCR4Z7Ive,AmericanAir
1008512,2017-10-22 20:10:06,358646,Hey @115830 please pay my seller funds which has been held for over 115 days! __email__ https://t.co/DFWL3p3WuE,AmazonHelp
1891730,2017-10-22 20:10:23,564096,Quand ton Iphone explose ^^ @AppleSupport https://t.co/WTGquMwDK6,AppleSupport
1010803,2017-10-22 20:21:35,359190,@AppleSupport sincerely someone who just had to play the same voice note 5 times... just to hear the last 30 seconds,AppleSupport
1008499,2017-10-22 20:22:37,358641,@AmazonHelp My item was damaged during shipping because it was mailed in a bubble envelope. How will you help me?,AmazonHelp
1027617,2017-10-22 20:22:53,363173,@115877 Hey - are you working on any vegan host options for the SW8 (London) area?,Uber_Support
1882953,2017-10-22 20:25:03,561920,"@SpotifyCares My family can't sign into their accounts.  We're on Premium Family.  Please help! Yes, they're in the same home.",SpotifyCares
962448,2017-10-22 20:25:04,348370,@SouthwestAir hardy har har.,SouthwestAir
1891938,2017-10-22 20:35:57,564153,@AppleSupport since updating my iPhone to iOS11 my phone keeps freezing &amp; the touch isn’t as responsive any tips or advice to help with this,AppleSupport
1009220,2017-10-22 20:36:27,358803,@116928 El último tardaron 3 días en entregarlo. Y viniendo (supuestamente) cuando estábamos en casa,AmazonHelp
1010019,2017-10-22 20:45:24,358987,Trying to sign up and test out @117093 - every time I click start trial it just brings me back to “manage your prime membership”,AmazonHelp
1010859,2017-10-22 20:50:00,152284,"@Delta #2036 delayed 13 mins, now 1hr, no help @ gate B18 - no announcement - seriously?",Delta
1023939,2017-10-22 20:54:35,362313,@AmericanAir looking for flight info for AA-4692 from Nassau intl- Miami intl.,AmericanAir
1006479,2017-10-22 20:58:36,358169,@TMobileHelp now I'm on hold to talk to a supervisor bc apparently if I record a call the call has to be terminated? is that true?,TMobileHelp
1018842,2017-10-22 20:59:52,304785,Updated iphone 7+ and now it wont go to speaker phone during calls nor will shortcuts control my music player. @115858 @AppleSupport,AppleSupport
1022615,2017-10-22 21:01:08,361982,@Uber_Support please respond to my DM,Uber_Support
1891716,2017-10-22 21:01:51,288497,"@SouthwestAir is it possible to upgrade to early bird check in after you have already checked in? If so, I would like to purchase. Thanks!",SouthwestAir
1010798,2017-10-22 21:10:24,359189,"@AmazonHelp Yes, claim opened!  @118706 rep said they don't deliver pass the 2nd flr. Wasted my time waiting 4 delivery fr  @123967. Dont use them!!!",AmazonHelp
1008470,2017-10-22 21:11:54,358639,@comcastcares I’ve been for more than 45min with your chat support and they only thing they have been able to do is this https://t.co/O7oye7vNrV,comcastcares
1010810,2017-10-22 21:20:26,359191,@AppleSupport No but https://t.co/X1CPv0Z1r9 is your offical Turkish domain address and SSL certificate expired or something like that.,AppleSupport
1883293,2017-10-22 21:22:18,562017,@115877: Love your service. Use it pretty much everyday but I had two orders cancel on me today alone. What's up with that?,Uber_Support
1011564,2017-10-22 21:29:00,130560,@VirginTrains Good,VirginTrains
1017566,2017-10-22 21:29:25,360758,@Delta Oh AND they are offering a $1000 travel voucher lmao,Delta
1025088,2017-10-22 21:30:34,362563,@362562 @AmericanAir i have always had the worst luck with their agents.,AmericanAir
1010802,2017-10-22 21:34:56,359190,@AppleSupport Thanks for the temporary option.. anyway my suggestion can be sent in though if it hasn't already been,AppleSupport
1018084,2017-10-22 21:38:37,360889,@115851 2 diff orders NOT dlvrd by AMZL SF this wkd. 2day's not on truck; drvr said maybe tmr? WTF?? PLS FIX AMZL!!,AmazonHelp
1887726,2017-10-22 21:53:11,75913,"@AppleSupport When I try to delete the App Store app from the App drawer in Messages on my phone, the app crashes. Not sure why.",AppleSupport
1018916,2017-10-22 21:53:34,246163,No #upgrade today from @AmericanAir but always getting me #home #safely great view from #coach #miami #clouds #737-800 https://t.co/0oFV61EOVn,AmericanAir
1892004,2017-10-22 21:56:06,564171,@SpotifyCares Nice! Thanks for looking into it !!,SpotifyCares
1018067,2017-10-22 21:56:42,360885,The best @115821 deliveries are the ones you forgot you ordered,AmazonHelp
1019014,2017-10-22 22:01:35,361123,@TMobileHelp I highly doubt you can fix things. Your in store reps are deceiving con artist,TMobileHelp
1019674,2017-10-22 22:02:07,361263,Big thanks to @SouthwestAir MDW and MSP; u went above and beyond last wknd  to make our wedding in the air amazing! https://t.co/siDbQ1jXXH,SouthwestAir
1018939,2017-10-22 22:05:07,193879,"@ComcastCares
#mobile_CareXI do you guys know why I can only be on my internet for like 20 minutes then it just cuts off and won’t come on?",comcastcares
1019478,2017-10-22 22:07:01,361225,"@Delta Booked flight back on Aug 23rd, go to check-in today=no seat!  Called and have 2hr wait for help.  #Jetblueisbetter #deltasucks",Delta
981280,2017-10-22 22:08:31,352670,@Uber_Support The atached link does not represent what is happening. Someone is using my credit card without my consent for Uber trips,Uber_Support
1020991,2017-10-22 22:10:17,361603,@115858 -  Apple TV is now unusable. Password verification is buggy and stupid. Wasted hours of a beautiful day trying to jump thru hoops. FU,AppleSupport
842535,2017-10-22 22:21:07,320393,@AppleSupport @115858 11.0.3,AppleSupport
903274,2017-10-22 22:30:05,334439,@AppleSupport disappointed with iOS 11. Performance has degraded on my iPhone 7 and battery is draining a lot faster :(,AppleSupport
1015026,2017-10-22 22:32:52,360152,"@AmericanAir 2/2 AA decided to send our on time flight crew to Peoria then return to take our flight, over 2 hrs late, to Syr. Delayed multiple times. https://t.co/WNkUNmN0Rj",AmericanAir
1020364,2017-10-22 22:35:59,361446,I want so badly to like you @Delta but my last experience wasn’t great and you’re about to cost me a fortune to change a flight. 😕,Delta
1020267,2017-10-22 22:36:21,361426,@116928 I think there is a problem no ? https://t.co/TqVPRBGMJd,AmazonHelp
1892478,2017-10-22 22:38:46,564277,@115858 my phone is MUCH slower and lags easily since the new update!,AppleSupport
1021092,2017-10-22 22:48:02,205831,Yet AGAIN @115873 system didn't accept address I started from+had 2 run 2 find U AND U charged me waiting fee! Not my fault! Not driver fault!,Uber_Support
1023481,2017-10-22 22:52:22,362202,"@AppleSupport hey I hoy I MacPro 2010, which is the latest OS for it?",AppleSupport
1021621,2017-10-22 22:55:38,116750,lol @AmazonHelp FAILS AGAIN ON DELIVERY. #amazonsucks 8th time this year. #fuckprime,AmazonHelp
1022936,2017-10-22 22:57:12,362058,@115911 @TMobileHelp I requested for a manager to contact me regarding a open issue 5 days ago. Can someone please reach out..,TMobileHelp
1029759,2017-10-22 22:58:21,363637,@SpotifyCares hey! I noticed that you guys charged me 10.79 instead of applying the student discount. why might that be?,SpotifyCares
1021128,2017-10-22 22:59:17,361641,@Delta Information sent.,Delta
1892612,2017-10-22 23:01:54,564313,"@SouthwestAir Hi, I am on flight 3614 and we are already 40 minutes late from takeoff. I have a connecting flight that boards in 40min",SouthwestAir
1021718,2017-10-22 23:07:08,361789,@115873 should let you can for free if your ride is taking longer than expected to pick you up.,Uber_Support
1024361,2017-10-22 23:07:27,362415,@AppleSupport WWF freezes black screen after a move— must restart iPhone6  2 continue. I want to return to previous ios version n/a.,AppleSupport
903238,2017-10-22 23:10:37,334431,"@comcastcares Thanks EW, but I’d rather not. I’ll handle it.",comcastcares
1024001,2017-10-22 23:18:15,362327,If you've never flown @AmericanAir you may want to fly @SouthwestAir which by far is better than most,AmericanAir
1022536,2017-10-22 23:19:48,361961,@AmazonHelp Amazon,AmazonHelp
1025619,2017-10-22 23:27:52,362692,@AppleSupport my ringtones have all disappeared from my phone! They are still under the ringtones file on my computer,AppleSupport
1027023,2017-10-22 23:41:37,353024,Haven’t flown @SouthwestAir in years and tonight I’m reminded why saving the money isn’t worth it.,SouthwestAir
1024260,2017-10-22 23:43:50,362397,"@AmazonHelp In last 4 order, there is some or other problem. 1st product reaches 12 days delayed, 2nd marked delivered without actually delivering.",AmazonHelp
1025577,2017-10-22 23:48:23,362681,"@AppleSupport please kill iOS 11, I can’t even message anymore https://t.co/IXBelNlxt7",AppleSupport
1025024,2017-10-22 23:49:14,362544,Thanks to @Delta for sending my sister-in-law the kind &amp; surprising condolence basket after the passing of her father. #goodcustomerservice https://t.co/y61j2qvtSv,Delta
1108543,2017-10-22 23:51:04,381613,@AmericanAir I'm not an AA Advantage member. Is there a way to add my known traveler number to an existing reservation? Thanks!,AmericanAir
1025554,2017-10-22 23:51:47,362673,Amazonの配送状況さ、昨日で配達完了になってるのに荷物ないんだけどこれは連絡した方がいいのかな？もう数日待っても来なかったらしてみようかな？,AmazonHelp
1112859,2017-10-22 23:53:04,382644,hey @115888 can i just listen to the music on my playlist and not ANYTHING ELSE.....🙄🙄🙄🙄,SpotifyCares
1025824,2017-10-22 23:57:03,362731,Its sad Comcast only has one HD League Pass channel I can only watch the Thunder broadcast in HD but the Wolves my home team @comcastcares,comcastcares
1022586,2017-10-23 00:04:40,361972,@361973 @AppleSupport 2/. All on iOS 11.x.x. All having issues. 4th gen Apple TV on tvOS 11 has intermittent issues-but not like like the devices. iMac seems ok.,AppleSupport
1892607,2017-10-23 00:07:43,176410,"@TMobileHelp Yep, that's why I had @158861 on my original tweet lol.",TMobileHelp
1026201,2017-10-23 00:11:10,362807,@AmazonHelp Your in-house shipping consistently fails to deliver my orders. How do I get you to stop using it for my future orders?,AmazonHelp
1035153,2017-10-23 00:14:01,364860,@Uber_Support You already have the DM... with the details.... here’s where the issue comes into play.,Uber_Support
1027019,2017-10-23 00:14:46,363021,@115858 you need to fix the bullshit “Live photo” feature on FT. The pics don’t save to my album. Plz get back to me ASAP. Thanks.,AppleSupport
1026332,2017-10-23 00:27:27,362846,@Delta @AmericanAir such a bad decision I chose to fly with Delta! I will never make the mistake again! 😞,Delta
1020308,2017-10-23 00:30:11,172072,@361433 @AppleSupport Lol you hear that @AppleSupport you can hire me now,AppleSupport
1027134,2017-10-23 00:30:26,212165,@153920 @AmericanAir She’s probably never been outside the country.,AmericanAir
1024021,2017-10-23 00:30:29,362332,"@115900 Hey, guys. On Alexie Gilmore, you have the right picture but a completely wrong description: wrong pronoun, wrong history.",comcastcares
1016730,2017-10-23 00:33:41,360560,"@115821 @360561 @44640 @203869 Asked Alexa when Daylight Saving ended and she failed. Alexa, it’s #savingnotsavings.",AmazonHelp
1892880,2017-10-23 00:37:57,433377,@AppleSupport unable to download app updates via WiFi without enabling VPN. Tried restart and other troubleshooting steps to no avail. :(,AppleSupport
1039564,2017-10-23 00:41:06,330833,@Uber_Support please do not allow drivers to “drop off another order along the way” when dealing with sushi or other raw items (1/2),Uber_Support
999470,2017-10-23 00:44:02,363219,@VirginTrains I know It's not a train but here's my dog in the car going to Liverpool from Paignton https://t.co/8zGhRjQR2V,VirginTrains
1892838,2017-10-23 00:44:20,564382,@AppleSupport my iPhone 7 plus with iOS 11 patches and my battery is drained in a few hours. Not happy.,AppleSupport
950201,2017-10-23 00:52:11,345371,@SouthwestAir Mco to BWI,SouthwestAir
1892866,2017-10-23 00:54:23,564393,@115858 why is my 6s not fucking working,AppleSupport
1033335,2017-10-23 00:56:49,364480,why do I have to create a japanese spotify account just to listen to japanese music? @115888,SpotifyCares
1016868,2017-10-23 01:02:39,360595,@DELTA my miles are not showing for my recent trip to Brussels.,Delta
1016777,2017-10-23 01:03:01,356035,"@360572 @AppleSupport Drains mine as well. Apple can’t and will not help. Every since @116333 has been in charge, Apple sucks!",AppleSupport
1016811,2017-10-23 01:09:46,360579,@115873 I keep getting charged wait fees when *I* am the one who is actually waiting. Please re-evaluate this policy.,Uber_Support
1039223,2017-10-23 01:10:04,365867,"This gal with kids was bumped 4 times by @AmericanAir 
They kept telling her that she was first on standby, but was lied to. https://t.co/PkWimSA3mg",AmericanAir
1892879,2017-10-23 01:11:50,433377,@AppleSupport DM sent.,AppleSupport
1016715,2017-10-23 01:16:34,360557,@AmazonHelp Sure was.,AmazonHelp
1882985,2017-10-23 01:17:44,561933,Hey @AppleSupport How do I get more than five hours out of my iPhone 7 with iOS 11.0.3.  Would last whole day with iOS 10...,AppleSupport
1016986,2017-10-23 01:29:13,561902,@360623 @115911 @115913 Netflix is free after they charged me $55 more. Used to think customer svc was making innocent mistakes. I was naive.,TMobileHelp
1882997,2017-10-23 01:29:22,561936,@comcastcares why is my monthly internet higher this month???,comcastcares
1035588,2017-10-23 01:31:32,342402,@364950 @AppleSupport You say that because your issue is getting a response. Go figure! FUCK YOU! Lol,AppleSupport
1036535,2017-10-23 01:36:14,365199,"AmazonでCD予約しててまだ支払いメールこないんですけどギリギリにメールくる感じですか？
わかる人教えてください🙏🏻💦",AmazonHelp
1037218,2017-10-23 01:42:15,365368,"I'm sick as a dog, waited for 45 minutes, and now 3 flights bags are being unloaded before mine. This is why I never fly @AmericanAir 🙃🙃🙃",AmericanAir
1018102,2017-10-23 01:47:46,360891,"@AppleSupport It’s beginning to look like this will be my last iPhone. Sadly, two days after Steve passed, I predicted this, down to the year that 1/",AppleSupport
1036585,2017-10-23 01:49:05,365216,"@Delta if I am flying first class, do I have access to Delta sky lounge? Also, can I bring a guest?",Delta
1037588,2017-10-23 01:50:53,365456,@AmazonHelp i been wait for a package for at least a year because every time i try to contact you you guys give me a link and never reply,AmazonHelp
1037839,2017-10-23 01:53:40,309791,A great weekend in SLC. Thanks @SouthwestAir for the awesome flights! https://t.co/7Aa6uKPC7i,SouthwestAir
1028497,2017-10-23 02:00:57,363351,@AmericanAir Wish I had known that. No seats were available that did not cost and added $50 to total cost even for seats in middle of aisle.,AmericanAir
1883062,2017-10-23 02:07:40,362821,@AppleSupport @172388 DM sent. No reply!! Apple sucks!,AppleSupport
1038864,2017-10-23 02:08:10,140996,Trying to figure out how to verify income for people who drive for @115873 @Uber_Support and @115879 @AskLyft  #uber #lyft,Uber_Support
1037062,2017-10-23 02:12:00,356035,@AppleSupport @365331 @116333 runs a company full of LIARS!!! #AppleSucks,AppleSupport
1037048,2017-10-23 02:12:23,266920,@AmazonHelp Sir it is showing 28 oct - 1 November. I knw i am demanding before deadline but i was unable to understand for it being in same city.,AmazonHelp
1029128,2017-10-23 02:13:16,363506,@116136 KILL YOURSELVES!!!!!!!,comcastcares
1029071,2017-10-23 02:13:29,363491,Opened up a credit card from @AmericanAir and copped myself a free flight right away 😎 thanks dude,AmericanAir
1037037,2017-10-23 02:23:58,365327,"@AmazonHelp Am in not making this clear ? For no mistake of mine.. if I place a fresh order I get a difference of &gt;₹4000. Why should I face it?? U don't have a option to choose the delivery date in Ur website then how come customer will communicate, other than to delivery agent, which I did",AmazonHelp
1019344,2017-10-23 02:24:43,361195,@176402 @AppleSupport I shouldn’t have to be forced to get a new phone because of an update. Especially since I bought my 7+ in the summer.,AppleSupport
1038171,2017-10-23 02:36:19,365601,"@AppleSupport if I can buy a 32 gb SD card for under 5 bucks at any electronics store, why does it cost $100 more to get a phone with 32 gb more storage",AppleSupport
1883113,2017-10-23 02:39:28,467846,@SouthwestAir Always a pleasure flying with you 😘💋💋💋,SouthwestAir
1039151,2017-10-23 02:43:18,365850,"I guess I need to get on Amazon and order a case for that iPhone X, but I’m still waiting on an order from over a week ago @115821",AmazonHelp
1038861,2017-10-23 02:47:04,140996,@133948 @115873 @Uber_Support @115879 @AskLyft Trying to figure why weekly earnings doesn’t match current balance and amt available to withdraw,Uber_Support
1019446,2017-10-23 02:51:59,361220,@Delta But generally y’all didn’t do well. I don’t expect extra.  Just average. Wish we’d seen that.,Delta
1030280,2017-10-23 02:54:09,363765,@AmericanAir I am not on my way. I was rebooked for Monday,AmericanAir
1039380,2017-10-23 03:03:03,303912,@115911 And I never got any text like this while I was in Cuba :-(,TMobileHelp
1029672,2017-10-23 03:05:08,162540,@AmazonHelp This is pathetic by #Amazon refund my money so i can buy new device. Refund today instead of delaying. Its more thn 14 days.,AmazonHelp
1037672,2017-10-23 03:06:33,365474,@AppleSupport Tried to download a free app and it’s requiring me to enter credit card info?,AppleSupport
1028461,2017-10-23 03:07:31,363343,@115888 what does this mean ?! https://t.co/Y2KFGAyMWx,SpotifyCares
1060621,2017-10-23 03:18:20,215714,@115873 @Uber_Support why you cheating customer like this by taking 50% surcharge @118341 is this acche din or loot raaj shame shame https://t.co/3WWok33q2b,Uber_Support
1886404,2017-10-23 03:19:13,562627,@115858 your update has ruined my phone!!! This is such bullshit. Nothing works.,AppleSupport
1039621,2017-10-23 03:22:00,365962,"@comcastcares Already did that. Service tech said since I live in military housing, my service will never improve. Comcast won’t do anything.",comcastcares
1028993,2017-10-23 03:24:27,363470,"@AmazonHelp the woman I spoke to today said when it comes I have to ""refuse the package""",AmazonHelp
1031967,2017-10-23 03:31:51,364185,"That Montague episode of Atlanta with all the fake commercials is sooo funnyyy 😂
Thanks for having it on the plane @AmericanAir 🙏🏼",AmericanAir
1028977,2017-10-23 03:34:52,363467,@AmazonHelp Still unreturned,AmazonHelp
1058149,2017-10-23 03:46:17,369832,@AppleSupport my iphone 8 plus bluetooth is having issues and will not connect to anything.,AppleSupport
801215,2017-10-23 03:54:07,310923,@SouthwestAir I’m so ready!! Wheels up!!,SouthwestAir
1030183,2017-10-23 03:58:38,358300,@119625 how can I pitch my idea for web series to you?,AmazonHelp
1058938,2017-10-23 04:04:01,370010,My phone is charging on the charger and my battery percentage is going down....... please explain @115858,AppleSupport
1063232,2017-10-23 04:08:06,371051,"@Uber_Support hi, facing some issues in my payment method. Please help asap.",Uber_Support
1030234,2017-10-23 04:13:31,363755,"@Delta If you cancel a ticket for nonrefundable Basic Economy after 24 hours of it being purchased, you don't get a fee for cancelling?",Delta
1029690,2017-10-23 04:15:14,363616,@AmazonHelp Annoyed I now have to drive back down there tomorrow to pick up my items. Most ridiculous thing ever. Will NEVER use this service again,AmazonHelp
980304,2017-10-23 04:29:46,352433,"@115873 @116276 @Uber_Support @116276 Hi Sir,
I've been trying to get this resorted but even the support people don't really care.
This is unlike Uber.",Uber_Support
1884130,2017-10-23 04:32:58,562194,@AmericanAir my friends flight has been delayed four times,AmericanAir
1031905,2017-10-23 04:33:51,364163,"メッセージから、Amazonより、有料動画の未納金があります！
と来たよ！

みてないよ！w",AmazonHelp
1025679,2017-10-23 04:39:46,370233,"@AppleSupport Although My iphone 6s updated with 11.0.3,its getting hanged!! Screen not working! Only power button works! Reset then wrks! Plz help.",AppleSupport
1026990,2017-10-23 04:42:25,363012,"@AmazonHelp just emailed support through the contact form, thanks!",AmazonHelp
1884237,2017-10-23 04:47:59,562227,"@115888 
Hey There,
If you pay for Spotify can you cancel at anytime?",SpotifyCares
1031672,2017-10-23 04:55:22,364112,Y’all customer service open 24hrs? @TMobileHelp,TMobileHelp
1031879,2017-10-23 04:57:52,364159,@116439 will the new fire tv with 4k support work in India for Amazon prime and Netflix if bought from the USA?,AmazonHelp
1031920,2017-10-23 04:59:17,364168,@115873 can I not be charged 3 times for the same ride? Please and thank you🙄🙄 https://t.co/dYKU5jY3Gb,Uber_Support
1029663,2017-10-23 05:14:23,363614,@AmazonHelp But what's the meaning of Prime then if delivery date is 8 days where it was 1 day earlier,AmazonHelp
1032523,2017-10-23 05:16:27,364298,@comcastcares K I'm going to have to tomorrow it's 1:16 am,comcastcares
1032380,2017-10-23 05:22:23,364262,@AmazonHelp This is unacceptable when you make the customer pay and fail to deliver at a promised date and time!,AmazonHelp
1060579,2017-10-23 05:25:50,370406,IOS 11 is trash. I have a 7 Plus and my battery dies quicker and lately all my apps have been freezing up... @AppleSupport,AppleSupport
1033816,2017-10-23 05:37:13,364581,@DELTA flight delayed and baggage delayed. Customer service says they aren't involved w/ delayed baggage mileage promise. Very disappointed!,Delta
665212,2017-10-23 05:39:03,278535,"@AmazonHelp Hi, can you send me an email? Bank is not helping with the recent transaction of amount.",AmazonHelp
1013068,2017-10-23 05:49:25,359716,@AmazonHelp Yes tried many times also tries to summarize my issue but it's not helping,AmazonHelp
1028486,2017-10-23 05:53:02,124034,"@AmericanAir Call it, operational?",AmericanAir
1886655,2017-10-23 06:01:04,562712,@AppleSupport my phone freezes at least 20 times a day since the update. 🙃,AppleSupport
1033926,2017-10-23 06:04:19,308115,When you have a seat reservation but the grumpy old lady decides her bag is sat there @VirginTrains #ChargeForBagSeats #liberties,VirginTrains
1034229,2017-10-23 06:05:34,364672,@115850 not happy with your search results. Shows one (woww) value on search google search... throws one more result when you click https://t.co/0fyuvkvRLJ,AmazonHelp
1033244,2017-10-23 06:08:45,364458,@Uber_Support I have already done all process but still I am turbling https://t.co/qHxJq1nmW1,Uber_Support
1034246,2017-10-23 06:13:38,147352,@136314 @AmazonHelp ?,AmazonHelp
1033240,2017-10-23 06:22:20,364456,@AmazonHelp Things happen its not the end of the world. Thanks again,AmazonHelp
1034850,2017-10-23 06:30:41,364799,@115911 I'm having an issue the person who can block payments because there was a duplicate payment withdrawn without accurate info,TMobileHelp
1060564,2017-10-23 06:33:57,370402,This NEVER works btw @115858 @AppleSupport https://t.co/8mppNm9uVM,AppleSupport
1034625,2017-10-23 06:35:46,364756,@AmazonHelp There by a supplier called 4th street,AmazonHelp
1035102,2017-10-23 06:43:18,364852,Amazon is letting me down. I've ordered so much stuff and it won't give me a delivery date.,AmazonHelp
1034826,2017-10-23 06:44:18,364795,"@SpotifyCares I'm running Windows 10 Home. My Spotify version is whatever is available through the Windows store, fully updated.",SpotifyCares
1048807,2017-10-23 06:58:36,367727,"@171152 
I am unable to log in Amazon or prime since a month.. cannot use any passwords or email.
Plz help",AmazonHelp
1068992,2017-10-23 07:04:13,372263,Courier didn't deliver my @115877 order and @Uber_Support just ignores me:( I want either my food or my money back 😡,Uber_Support
1048804,2017-10-23 07:08:32,367869,"Hey @115850 
Wanted to know when the exchange offer on the One Plus 5 was going on till?",AmazonHelp
1866214,2017-10-23 07:14:20,557544,@557545 @AppleSupport @557543 They're not always helpful. You got lucky with them. But truth of the matter is that they only kiss your ass when you spend good $,AppleSupport
1050676,2017-10-23 07:15:55,368297,"@364159 @AmazonHelp Amazon controls apps in India, if you  will use 4K model here, only youtube will work.",AmazonHelp
969919,2017-10-23 07:23:11,350179,@AmazonHelp Still not received any response from your end r u seriously interested in solving the problem,AmazonHelp
1008476,2017-10-23 07:33:21,358640,@AmazonHelp Please dont direct me to your customer service. I need writtn explaination here s 2 y dis fraud ws committed failing which I will file a FIR,AmazonHelp
1032477,2017-10-23 07:39:41,364289,@SpotifyCares Waiting 😘😍 hope its come https://t.co/sBtAMkTkCQ,SpotifyCares
1886747,2017-10-23 07:42:19,562744,"@562724 @AppleSupport @115858 It’s not good enough of apple . I use my phone for business purposes and it will cut out in the middle of a phone call, freeze &amp;exits app",AppleSupport
969922,2017-10-23 07:42:34,350179,@AmazonHelp Yes,AmazonHelp
1049834,2017-10-23 07:49:00,368122,@AmazonHelp Great!!! Thanks ..,AmazonHelp
1049526,2017-10-23 07:49:29,368056,@Delta I've DM'd you. If you could email me back at the email address provided I would appreciate it.,Delta
934399,2017-10-23 07:56:27,341648,@AmazonHelp No fueron de ayuda. @137863 supone que estará entregando mañana,AmazonHelp
970492,2017-10-23 08:03:31,350300,"@AmazonHelp Das Problem liegt nicht auf der Browser-Seite sondern auf der Server-Seite. Bitte an die Admins weiterleiten:
https://t.co/k4xK5nDNXE",AmazonHelp
1050759,2017-10-23 08:08:26,368313,"Just bought a day return to Derby.
£187.50.
@VirginTrains what a frigging JOKE.
I actually FLEW to Scotland last week for £40.",VirginTrains
1061425,2017-10-23 08:09:19,370622,@AppleSupport my photo app is glitching and I cannot delete any albums or photos from my camera roll on iOS 11.3. Plans for a new update?,AppleSupport
349443,2017-10-23 08:12:08,158476,@AmazonHelp No mail has been received from your end today.,AmazonHelp
1051178,2017-10-23 08:22:25,307421,"@117093 Hi, I would like to direct message you. Is this possible?",AmazonHelp
1051943,2017-10-23 08:32:22,368596,"@115873 trying to use your app in Sydney, Australia but keep getting an error. Your website is not helpful. Please advise.",Uber_Support
1052385,2017-10-23 08:35:55,368701,"Dear @115850, why does it say that my order was delivered and signed by me when I wasn't even home :-/ Where IS my order? #unhappy",AmazonHelp
1062207,2017-10-23 08:38:32,370799,@AppleSupport Hmmm iOS 11.0.3 doesn’t seem to want to install on my 7 Plus. https://t.co/CeFt6gxACE,AppleSupport
665230,2017-10-23 08:46:54,278535,@AmazonHelp 😏😏😏,AmazonHelp
1042320,2017-10-23 08:52:06,366442,"@115850  My Keyboard  cover ( ORDER # 405-9026240-1774718)  had been delivered on 28th Sept. 2017. Since the product was undersized, I sent online request for return on 3rd Oct. 2017. NO ACTION HAD BEEN TAKEN . While tracking I found that Return window closed on 09-Oct-2017 !!!",AmazonHelp
1886053,2017-10-23 08:52:44,445529,@115888 Does that include people studying with the open university over 30?,SpotifyCares
1042411,2017-10-23 09:00:29,185021,"Good morning, @AmericanAir. (@ American Airlines Admirals Club in Atlanta, GA) https://t.co/gooGvsPCI3",AmericanAir
1010813,2017-10-23 09:01:31,359191,"@AppleSupport Thanks for letting me know but how about other users? You must fix this issue soon, you are loosing visitors. It also not only affected me.",AppleSupport
1042281,2017-10-23 09:03:11,366436,@AmazonHelp Pas de raison mentionné dans le mail....,AmazonHelp
911930,2017-10-23 09:12:07,336579,@AmazonHelp Thanks team. I received the package today. Very glad that we didn't go through a break up.. 😂,AmazonHelp
1063154,2017-10-23 09:19:29,371035,"@AppleSupport 
How to Pause &amp; Restart iOS 11 download while updating? Preserving downloaded data

Connection is erratic &amp; data expensive 😟",AppleSupport
1043220,2017-10-23 09:22:19,366695,"@AmazonHelp Visit was promised today at 11,but none responded..",AmazonHelp
1043293,2017-10-23 09:27:14,366708,"@Uber_Support my email is __email__
Offers for next rides in Bangalore would be nice",Uber_Support
1042259,2017-10-23 09:27:14,297523,@AmazonHelp @115851 You will not going to help okay I am going to stop the use of Amazon after I use my all Amazon pay balance,AmazonHelp
1042366,2017-10-23 09:35:40,366446,@AmazonHelp Thank you. I can understand the policy. Should have returned it the moment dust was found on a newly unboxed phone.,AmazonHelp
1044458,2017-10-23 09:39:47,366964,This flight attendant on my @SouthwestAir flight clearly likes fire hazards because she knows my bag is too big to be under this seat,SouthwestAir
970523,2017-10-23 09:40:34,350178,@AmazonHelp I have contacted your customer service multiple times now. Still there is no update. This is really frustrating.,AmazonHelp
1886983,2017-10-23 09:41:45,562802,"WTF @115858? Since I ran the update patch, Chrome can hardly load any web pages. I just get a blank screen.",AppleSupport
1044492,2017-10-23 09:48:26,366969,@VirginTrains Hi there! Have the £17 been all released for the 29th December yet from LIV to EUS?,VirginTrains
1044248,2017-10-23 09:49:54,366917,"@AmazonHelp nope: both at the same time, it was sold and shipped from amazon .es",AmazonHelp
468783,2017-10-23 09:55:56,226619,@AmazonHelp Your emails are all lip service you send the same reply again and again without resolving the issue.,AmazonHelp
1045066,2017-10-23 10:02:50,367077,"@115873 I just left my mobile phone in a car in Brighton, trying to connect with driver but call keeps dropping HELP.",Uber_Support
981033,2017-10-23 10:03:54,367298,@119625 will 5 episodes of a show suffice? Or is there a need to watch 5 different shows or movies? #SuperDiwali,AmazonHelp
1044942,2017-10-23 10:11:34,367056,@AmazonHelp I am just asking for procedure sir.,AmazonHelp
1886993,2017-10-23 10:15:24,526434,"@AppleSupport i updated to ios 11.0.03 and now my phone isnt responding. screen, home button, and lock button are all rendered useless now.",AppleSupport
1044315,2017-10-23 10:15:38,366928,@366927 @AmazonHelp Snap! I feel your pain!,AmazonHelp
1034855,2017-10-23 10:24:06,318754,@VirginTrains Oh dear 😂,VirginTrains
1044182,2017-10-23 10:25:27,366902,@AmazonHelp I did that 3 days before no reply until now. I did what needed Now coming to here asking you to help me,AmazonHelp
1886736,2017-10-23 10:30:52,562741,@SpotifyCares I just bought the student premium but it's not activating?,SpotifyCares
914154,2017-10-23 10:35:14,337086,@AmazonHelp 48 hrs passed but nothing happened such pathetic service 1 month passed #whenitwillbedone #unhappinessguaranteed,AmazonHelp
1563614,2017-10-23 10:39:23,482861,"@AppleSupport Do you have a phone number to change my account details? My  old email address no longer works &amp; I can't add my new card, etc😼",AppleSupport
1046690,2017-10-23 10:42:10,367416,@AmazonHelp Oi! Fiz uma compra parcelada na loja e ela foi cobrada de forma integral no meu cartão. Pode me ajudar?,AmazonHelp
1046819,2017-10-23 10:47:23,367439,"@AmericanAir Incredible how this airline can treat their clients, “we can’t do anything for you guys” #stockinstt",AmericanAir
1046056,2017-10-23 10:48:04,367290,@AmazonHelp Product was received on 16 oct,AmazonHelp
1046797,2017-10-23 10:55:05,367433,"@Delta your app blows goats, jeezus",Delta
994305,2017-10-23 10:58:21,355525,@AmazonHelp Here's order detail https://t.co/hfdu2uB56G,AmazonHelp
1073922,2017-10-23 10:59:50,373387,"@Uber_Support yo team, seems i cannot download invoices. redirect takes me to a “page not found""",Uber_Support
1047476,2017-10-23 11:03:15,367579,@115911 I need help with my account.. I can't call or log in to my account.,TMobileHelp
1054800,2017-10-23 11:04:20,369232,@115850 My one month subscription of kindle unlimited has expired. But still it allows me to borrow books. ??????????,AmazonHelp
1047500,2017-10-23 11:07:13,367587,Hey @VirginTrains guys - I have ticket from Chester to Glasgow Central at 1735.  Can I hop on an earlier train?,VirginTrains
1064956,2017-10-23 11:12:20,371433,@115858 several obvious bugs in the new OS. Ex: this screen does not turn off/on wifi or Bluetooth. Still need to go to settings to toggle. https://t.co/1WZqkEPfL2,AppleSupport
1046130,2017-10-23 11:19:34,367299,@AmazonHelp I created a return again because your team was unable to direct the courier partner to attempt the pickup.. Pathetic service,AmazonHelp
1030253,2017-10-23 11:22:29,363760,@SpotifyCares Just restarted. No change.,SpotifyCares
1046684,2017-10-23 11:28:19,337086,@115850 https://t.co/iNMzbZUO41,AmazonHelp
1047212,2017-10-23 11:34:59,311023,@AmazonHelp I don't want to waste my energy bt yes will nvr recommend amazon nr will use in future...I hv been gifted gift card from my company so using,AmazonHelp
1054885,2017-10-23 11:36:30,369248,@AmericanAir NTGBKW,AmericanAir
1067994,2017-10-23 11:37:38,372016,"our stroller has been lost during @Delta flight from sfk to jfk, despite we have filled lost report nobady care us from @Delta badexperience",Delta
1273828,2017-10-23 11:41:39,418168,"@ComcastCares
Third week straight internet speed drops on Monday &lt;500kbs",comcastcares
1056852,2017-10-23 11:42:52,369529,@115873 I have been charged an incorrect amount for a journey. It’s updated from $30 to $171. Has the driver done something bad? Help!,Uber_Support
973985,2017-10-23 11:47:29,337721,@AmazonHelp Day is over still there is no update. Again false promises and updates... Thanks,AmazonHelp
1056982,2017-10-23 11:52:50,369562,Disappointed with @VirginTrains pre-boarding service at Euston. Had two children with Autism who needed to miss the crowds etc but no staff,VirginTrains
1057320,2017-10-23 11:56:48,335261,I am having zero luck with @115821 these days. Another order that was sup to be delivered yesterday  pushed to the next 3 days @AmazonHelp,AmazonHelp
1064911,2017-10-23 11:59:05,371420,@AppleSupport so I’m having issues with my phone freezing after I plug in and open apps. Software is up to date..,AppleSupport
1058029,2017-10-23 12:00:38,313942,@AmazonHelp Done waiting for your refund and compensation amount,AmazonHelp
1057523,2017-10-23 12:02:42,163675,@126260 I'm pesty today but I want to give some kudos to ground crewmember Jeff LaChance...he was awesome this morning jetway 36! @AmericanAir,AmericanAir
1057343,2017-10-23 12:04:58,369660,@AmazonHelp Let it be it was on of biggest mistake of my life to deal with u buy products from your shopping website. 🙏,AmazonHelp
1064924,2017-10-23 12:11:22,371425,"Thanks to @115858 and iOS 11.03, my iPhone and phone charger are never apart for more than an hr or so. #batterydrain #apple #iphone6plus",AppleSupport
1058810,2017-10-23 12:16:19,369979,@AmazonHelp Again received worthless product.. irritating.. never choose again...money n time waste... refund done.. Thanks 😣😣😣😣😣😣😣😣😣😣😣😣😣😣😣,AmazonHelp
1886397,2017-10-23 12:18:50,562625,@Delta I’m in MIA airport and Ruben B is the best in check in!!!  He makes the Delta brand shine!!!!,Delta
1058799,2017-10-23 12:22:20,369977,@115850 received an empty parcel. Order# 408-9291638-4769149,AmazonHelp
1064904,2017-10-23 12:24:04,371419,@AppleSupport @115858 really unhappy with new IOS update. Kills battery and apps won’t work. Help! Can I remove it?! 😤 #ios #iphone,AppleSupport
1887557,2017-10-23 12:29:10,562959,"Piss take when @115888 delete all your albums, downloads! How can I get them back.",SpotifyCares
1046108,2017-10-23 12:30:01,367294,"@AmazonHelp Non compare, se sono su .com c'e ma appena vado su .it non c'è più…",AmazonHelp
1083061,2017-10-23 12:31:34,375483,@375484 @115877 cyclists choosing to ignore the ‘CYCLISTS DISMOUNT’ sign. Just dangerous! https://t.co/Au1QMrYNuS,Uber_Support
1059114,2017-10-23 12:40:10,370057,"@SouthwestAir Sitting exit aisle. During safety brief, lady next to me wearing headset, does not hear question &amp; does not answer.",SouthwestAir
1059620,2017-10-23 12:40:40,370189,@115850 @AmazonHelp worst customer care service which is not able to solve problems of customer instead focus on order cancellation,AmazonHelp
1059055,2017-10-23 12:41:22,370046,@AmericanAir @297980 Then why have 2 out of 2 planes had delays and issues??,AmericanAir
1052466,2017-10-23 12:41:50,368723,is there any solution about disconnecting wifi on control center without repetitive automatic connection? @AppleSupport,AppleSupport
864834,2017-10-23 12:42:29,325397,@VirginTrains Hello! Just to reopen this chat. It looks like adv tickets are available for 13/1 (London to Man) but not for 14/1 Manch to London?,VirginTrains
1061395,2017-10-23 12:50:49,370613,@116875 hasta cuando tendrán mirror mirror para envió 😭,AmazonHelp
1059863,2017-10-23 12:53:42,13567,"@Delta All good, but calling something a ""number"" that is letters and words is confusing :)",Delta
1065826,2017-10-23 12:55:24,371642,@AppleSupport my iPhone is very slow after upgrade to IOS 11.03 I have an iPhone 6 Plus.,AppleSupport
1034342,2017-10-23 12:58:25,364691,@Uber_Support Your speech is incorrect and you do not have any interest in the driver or passenger @115873 @123078,Uber_Support
1059619,2017-10-23 12:59:51,370189,@AmazonHelp Solve the issue that I faced technically or loose reputation and valuable customer's it's up to u now @1840 @115850 @115821,AmazonHelp
970496,2017-10-23 13:06:58,350300,@AmazonHelp Danke!,AmazonHelp
1060683,2017-10-23 13:07:53,370429,I have spent more hours grounded because of delays than actually flying in the last 24 months with @AmericanAir #AAdelays,AmericanAir
1065824,2017-10-23 13:15:51,355819,@AppleSupport just now we recvd a message saying you will run a test so we are ready but regret no response from your side pls reply soonest,AppleSupport
1779353,2017-10-23 13:16:25,248271,@115850 need help 😡 fake e commerce site 😡,AmazonHelp
1061332,2017-10-23 13:21:13,311030,"@115821 been ripped off by two sellers. NEED to speak to a human at amazon, not a Q&amp;Q page. How can i reach a human by phone please?",AmazonHelp
1053691,2017-10-23 13:27:39,177548,@AppleSupport I understand that. My point is its confusing &amp; unwanted. There should be an additional option to turn it _all_ the way off like we used to-,AppleSupport
1062347,2017-10-23 13:31:10,351235,@115913  where is the iPhone X JOD pricing?,TMobileHelp
1061343,2017-10-23 13:34:01,370607,@AmazonHelp Blu ray,AmazonHelp
1062288,2017-10-23 13:37:32,370822,@delta Worst idea ever to not have an opt out for auto check in.  There are reasons not to do this.  Not much thought went in to this,Delta
1084053,2017-10-23 13:38:15,375714,Absolutely no help from @Uber_Support  @116288  @119983 https://t.co/nciadCfDBb,Uber_Support
1887600,2017-10-23 13:39:11,156915,"I restored my iPhone to factory settings, @applesupport, and it’s been 40 minutes using it and battery is down to 65% already. #ios11 sux",AppleSupport
627111,2017-10-23 13:39:13,268513,@AmazonHelp Fuck you fucking services fake promises fake company fake customers support,AmazonHelp
1062328,2017-10-23 13:41:04,370833,@SpotifyCares Have managed to sort now. My friend unlinked my fb account &amp; spotify for me but it did worry me that somebody linked it originally.,SpotifyCares
1063350,2017-10-23 13:43:04,371066,@371067 I just want to see my girlfriend. Fuck you @AmericanAir,AmericanAir
1210437,2017-10-23 13:47:55,404132,"@VirginTrains ; father travelling with two young children , suitcases and bags would your platform staff assist or deliberately hinder ??",VirginTrains
956307,2017-10-23 13:49:06,324602,"@AmazonHelp Does it make sense to you that i pay for PRIME membership, order 2 packages and not be here to receive them? What type of feedback you want?",AmazonHelp
1054045,2017-10-23 13:51:30,369041,@southwestair I’m AList and my wife is my Companion traveler and we are both TSA Precheck her return flight today was not,SouthwestAir
1059775,2017-10-23 13:54:17,370233,@AppleSupport Means navigation was acting and whatsapp was minimise!! I hav faced the same prob with previous 11.0.2 also. 😞😭😭,AppleSupport
901729,2017-10-23 13:55:14,334070,@Delta Right so I have 7 days &amp; I'm trying to get it reported and my only option is to travel 2 hours back to LHR if I want this resolved?!?,Delta
626594,2017-10-23 13:57:00,268372,@AmazonHelp Just says dispatched,AmazonHelp
1048215,2017-10-23 14:04:35,367745,@367742 @Uber_Support @367741 The police etc do nothing- cause they know they should’ve clamped down on illegal drivers- they must be banned.,Uber_Support
1042209,2017-10-23 14:04:46,366431,@AmazonHelp And what can I expect?,AmazonHelp
1061496,2017-10-23 14:06:14,370640,"@AppleSupport Thanks! The chat site linked there does not work well in Twitter, FYI",AppleSupport
1063959,2017-10-23 14:06:29,371193,"@Delta flight? The agent told us then that they had to go through a ""process"". Eventually, the volunteers were called forward, &amp; then after we got",Delta
1888529,2017-10-23 14:09:44,563199,@115888 Spotify web player seems broken. Won't play anything in my browser (newest chrome on a chromebook). Was fine a couple of days ago.,SpotifyCares
1052642,2017-10-23 14:15:30,335386,"@AmericanAir AA5431 delayed. Wow, not one trip in 5 weeks straight. Impressive record. Not a good one, but still well done",AmericanAir
1065722,2017-10-23 14:19:09,371619,"@AmazonHelp Hi, I want to try a sample “Das Reboot” on kindle but the sample only goes as far as the table of contents, can you help?",AmazonHelp
1887598,2017-10-23 14:21:26,231687,Cause I'm trynna figure out why the fuck my phone has a mind of its own. I officially HATE @115858 products,AppleSupport
1053561,2017-10-23 14:25:04,368939,Ordered champagne flutes from @115830. Delivery man chucked package over a high wall into my courtyard garden. #YouHadOneJob https://t.co/shPnIliG1C,AmazonHelp
1052778,2017-10-23 14:25:17,368783,"@VirginTrains I tried that and nothing happened. Still slow, still barely working",VirginTrains
1887261,2017-10-23 14:25:53,562875,@Uber_Support The reason I am reporting this in #Twitter because the first time called it ranged suddenly it switched off intentionally by the driver,Uber_Support
1052547,2017-10-23 14:29:39,368747,@Delta You’ve done this three times. That means it’s a pervasive issue.,Delta
1065651,2017-10-23 14:30:50,371604,@115850 There has been no attempts &amp; calls from this agent. Delivery delayed twice. Pls assign  a capable agent to deliver the order. https://t.co/IOLlbnmGZm,AmazonHelp
1067801,2017-10-23 14:33:52,157585,@115858 my day barely started and my phone has gone from 100% to 82% ios11 is literally cancer fuck y’all,AppleSupport
1053994,2017-10-23 14:36:30,378499,@115913 @46905 @369030 @369031 Must be nice.  Here in Phoenix near desert ridge marketplace it’s a joke.  A total complete joke.  Thank god for WiFi https://t.co/6qJP6DGOGY,TMobileHelp
1053546,2017-10-23 14:37:17,368935,"🙃Order Id-406-5294234-1860300 ,refund not get, @115850 send me my Payement Ref ID to me as their Ref Id for Refund,Amazing Amazon!!🙃 https://t.co/rutlj5TvuR",AmazonHelp
1067830,2017-10-23 14:42:21,371983,@115858 @AppleSupport screen of my phone doesn’t go off during calls.This makes me touch the mute and FaceTime buttons during calls.Assist!,AppleSupport
1053541,2017-10-23 14:44:44,368934,@115821 Hi. Will the new fire tv work in Qatar?,AmazonHelp
1067041,2017-10-23 14:47:17,371803,@AmericanAir We send more than 10% of our annual budget on flights each year.,AmericanAir
1887749,2017-10-23 14:47:54,563015,@115900 Seriously upset with today's customer service. I guess I'm leaving Xfinity #HarveyFloodVictim,comcastcares
1053799,2017-10-23 14:49:23,368993,"@Delta Hello, i have a question. Is there any chance Delta is gonna connect #Amsterdam and #LasVegas  with a direct flight. Regards Ger",Delta
1066724,2017-10-23 14:50:54,371735,@115850 worst service delivery person dont even call and message comes that today will get delivery ....number is unreachable disappointe,AmazonHelp
1075705,2017-10-23 14:54:58,373804,@SpotifyCares I was also charged twice when it stated that i wasn’t being charged at all https://t.co/hR5w8qxCrF,SpotifyCares
1065685,2017-10-23 14:56:44,371611,@AmazonHelp Thank you for responding! I have already put in for a replacement.,AmazonHelp
1063234,2017-10-23 14:58:01,371052,@Uber_Support It's okay. It was fixed last night around midnight. Thank you.,Uber_Support
1888290,2017-10-23 14:59:32,563143,"@AppleSupport By default, the graphics in my #MacBookAir are stealing 1.5GB of the available 4GB.
How can I reduce this? https://t.co/vHF75UZRmb",AppleSupport
1052768,2017-10-23 15:01:26,368780,@VirginTrains Thank you,VirginTrains
1053602,2017-10-23 15:04:11,368949,"@AmazonHelp Cheers, folks. :)",AmazonHelp
1068839,2017-10-23 15:09:36,372229,"@AppleSupport Hi, please help me sort this out. Been using the same credit card for years and now this. Credit card is perfectly valid. https://t.co/BrI1ttdQQK",AppleSupport
1088533,2017-10-23 15:09:38,376762,"@AmazonHelp @116016 @25 @25709 PS1: my vendors are small mom n pop. Yes, they could be hacked but logic would suggest that much bigger biz are being targeted these days.",AmazonHelp
1069115,2017-10-23 15:11:41,372292,@AmericanAir I try to relax in these situations but anxiety kicks in &amp; causes me to stress.,AmericanAir
1066686,2017-10-23 15:13:34,371728,@AmazonHelp No attempt was made and no one called me. Was disappointed more with the unprofessional lie blaming the customer for not delivering it today,AmazonHelp
1067023,2017-10-23 15:14:41,285198,"@Delta Considering that this was a regular seat fair, I don’t think this is really acceptable...",Delta
1065852,2017-10-23 15:18:59,371648,@AppleSupport No I won’t bother. Your service will probably take as long as what some of apps do to load up. Just sort it out yeah.,AppleSupport
1067665,2017-10-23 15:20:02,371957,"@AmazonHelp My Amazon/Kindle account keeps saying ""my password is incorrect"" no matter how many times I type it correctly or change it.",AmazonHelp
1886930,2017-10-23 15:26:48,562784,@AppleSupport https://t.co/VQJHdeMMA0,AppleSupport
1067694,2017-10-23 15:28:21,371962,@AmazonHelp Being a prime user I should have got the package by today and you are hiding your failure by accusing me.,AmazonHelp
1888531,2017-10-23 15:30:13,563200,@AmericanAir ...2nd time this year My flight frm Denver only to hv my flight delayed + miss my connect. Can I get mileage points on my AA,AmericanAir
1888333,2017-10-23 15:30:56,563150,@115873 Hi - left wallet in Uber last night but under a friend’s account. Have not been able to reach driver. Have receipt. Please advise. TY.,Uber_Support
1060691,2017-10-23 15:31:00,370431,"@SpotifyCares 1) It's one of the ""background proccess"" things. Force-killing it resets the menues and the adds, but doesn't stop music from playing.",SpotifyCares
1888460,2017-10-23 15:33:12,405718,"What am i supposed to do if i miss my password recovery call , no respite despite frequent requests @AppleSupport",AppleSupport
1888422,2017-10-23 15:33:40,563171,Big thanks to @SouthwestAir for canceling my flight two hours prior to my flight... oh and I have a midterm today. Happy Monday 🤗,SouthwestAir
1068759,2017-10-23 15:34:07,372212,@AmazonHelp Your driver lied and claimed that my building couldn’t be accessed despite being given delivery instructions. On a time sensitive package.,AmazonHelp
1068694,2017-10-23 15:37:04,372199,@AmazonHelp maybe if its a business they can re-prioritize their delivery route,AmazonHelp
993387,2017-10-23 15:39:21,256159,@115858 @AppleSupport its 11.0.1. One of the issues is wen i open reminders app a black screen comes den list appears &amp; Phone becomes slow nw,AppleSupport
1888252,2017-10-23 15:41:20,563147,"@563128 @115913 Can u beat sprints prices now , they are cheaper but service is awful 😩",TMobileHelp
1058942,2017-10-23 15:43:53,370012,@AppleSupport Six plus. From the moment 11.03 was installed. The sluggish behavior does not go away.,AppleSupport
1069959,2017-10-23 15:46:34,372470,"@115850 
Surprised to see no answer from Amazon and courier! Still waiting for delivery:)",AmazonHelp
1071107,2017-10-23 15:51:50,372758,"@AmazonHelp I hv ordrd a protein supplement of muscleblaze, &amp; d Delhivery courier agency is not providing d delivery on tym.!! (1/3)",AmazonHelp
1068978,2017-10-23 15:54:29,372259,"@Uber_Support Thanks for reaching out But Its fine, we just made it to the correct airport right at the very last minute, we gucci",Uber_Support
1070345,2017-10-23 15:55:22,372570,@Delta Lol. Booked in December already for Arizona Christmas.,Delta
2454452,2017-10-23 15:55:33,703114,@AppleSupport Hours between two stores to replace defective 10.5 IPad; replacement is defective. Now have to start over again. Not good CS,AppleSupport
1075196,2017-10-23 15:56:30,373687,@AmazonHelp I have 15 items that I've elected to return to a local drop off. Do I have to print the confirmations for every item?,AmazonHelp
1071322,2017-10-23 16:00:55,337725,@AppleSupport I have the 6s and everything went downhill when I downloaded iOS 11,AppleSupport
1072667,2017-10-23 16:01:49,373111,@115821 why hasn’t my package I ordered from last week shipped yet?!?,AmazonHelp
1074187,2017-10-23 16:02:15,373443,@AmericanAir I had a really poor customer service experience on Saturday. staff wouldn't help me try to protect music gear. now its busted.,AmericanAir
1087974,2017-10-23 16:05:53,376645,@SpotifyCares I need help moving from Groove music.,SpotifyCares
1072659,2017-10-23 16:06:24,373110,"@118919 @AmazonHelp @115850 Miserable service , not even half as good Amazon USA. Trying to return a product, couldn’t reach them.",AmazonHelp
1078985,2017-10-23 16:06:27,374527,"@comcastcares internet out.  Any outages reported in Pompano Beach, FL?",comcastcares
1073828,2017-10-23 16:08:42,373369,"@AppleSupport hi apple, is the email address really from apple or just phishing email? https://t.co/VxzOUtvZTJ",AppleSupport
1046086,2017-10-23 16:11:28,320839,@AmazonHelp let other peoples also know how the amazon works.... n what kind of service you providing...,AmazonHelp
1072839,2017-10-23 16:12:33,373155,@Uber_Support I've had trouble with Uber drivers canceling on me the last couple of times. It happened Friday again. How can we fix this?,Uber_Support
1072941,2017-10-23 16:14:37,373178,@Delta Hi! What’s going on with DL921 from LAX &gt; CVG? It’s already been delayed twice?,Delta
1073811,2017-10-23 16:17:37,373365,.  @AppleSupport  I have not been able to update a single App on my iPhone or iPad since downloading the last iOS update.  How do fix this?,AppleSupport
937311,2017-10-23 16:20:04,342204,@AmazonHelp Either stuff is missing at drop off or delayed past doorstep delivery time... or this weekend site wasn’t working.,AmazonHelp
1072607,2017-10-23 16:25:01,192665,"@AmazonHelp A seller I believe
https://t.co/7CtRWMJCj4",AmazonHelp
1071377,2017-10-23 16:25:40,372827,@Uber_Support Thank you!,Uber_Support
1076427,2017-10-23 16:27:07,373996,@115858 my iPhone decided it won't charge and it won't turn on I've never dropped it or spilled water on it can y'all run me a new phone?,AppleSupport
1072533,2017-10-23 16:30:26,367874,@AmazonHelp Not the help that's needed. If I have to do this every time I get stuck files— there's a problem with your software.,AmazonHelp
1888246,2017-10-23 16:31:59,563127,@TMobileHelp @563126 @115913 Im from N.Y.C.i am not a t moble individual. But big ups to the professionalism.  Mr.Dan The KING Handeled Ms.R's Issue in S.C.,TMobileHelp
1076392,2017-10-23 16:35:41,373985,@AppleSupport please help me my iphone5s ios11 it’s very bad in my phone and slow slow slow i need back ios10.3.3 please help me please,AppleSupport
1898725,2017-10-23 16:38:13,565870,"I love my @115888  @SpotifyCares #TimeCapsule it's just the perfect mix of music, so Many memories, Thanks Guys😊",SpotifyCares
1007740,2017-10-23 16:39:12,358468,@AmazonHelp Today you couldn’t deliver because you couldn’t gain access to a flat that has a trades button AND A PORTER who could have given access...👀,AmazonHelp
1074309,2017-10-23 16:39:27,373473,@SouthwestAir hey I'm trying to find my confirmation number can y'all help,SouthwestAir
1078936,2017-10-23 16:41:15,368748,@Delta Do you not have a sky club in Pittsburgh airport open?,Delta
1078955,2017-10-23 16:45:55,374518,@AmericanAir The extra flights is totally not true...my flight to Dallas was moved from 9am to 6pm because morning flights have been cancelled,AmericanAir
1078270,2017-10-23 16:46:11,327975,@AppleSupport Yeah. I've tried it,AppleSupport
1073939,2017-10-23 16:46:23,373392,@Uber_Support DM sent,Uber_Support
1035982,2017-10-23 16:49:10,365049,"@AmazonHelp I also have another item that was to be delivered by 8:00 PM yesterday, but wasn't. There's no reason given. So, why am I paying for Prime?",AmazonHelp
1078245,2017-10-23 16:54:43,374364,@AppleSupport My AirPods skip like crazy and the mic seems muted and can’t be unmuted on my Mac. $160 worth of junk apparently,AppleSupport
1073719,2017-10-23 16:55:36,373353,@AmazonHelp luv u Amazon x,AmazonHelp
1058052,2017-10-23 17:00:26,337086,@AmazonHelp Mail says 2 reschedule!! I’ve been doing it for 4th time now.u have no solution so for what u will revert??#shameonyou @115821 @115850,AmazonHelp
1083001,2017-10-23 17:04:20,375461,@115858 Any update with the iPhone X select button grey out issue for Apple update program members in the Apple Store app?,AppleSupport
616455,2017-10-23 17:04:48,266290,@Uber_Support Nothing's happening https://t.co/sS61u02DFu,Uber_Support
1077211,2017-10-23 17:06:04,374139,"Well this never happened before, my ticket was dbl booked with a Scottish family so I just got upgraded to 1st class cheers @VirginTrains https://t.co/VP46U5Hb5m",VirginTrains
1898941,2017-10-23 17:07:10,565949,@SpotifyCares I believe my account has been hacked. Someone keeps playing music at the same time and has deleted my playlists. Please advise,SpotifyCares
1084140,2017-10-23 17:09:34,375735,@AmericanAir 2 connections missed due to flight delay pls help thanks,AmericanAir
1078183,2017-10-23 17:10:18,374351,When you ordered some books on @116316  and they should've been delivered at October 5th. Guess who doesn't have the books yet 🙋‍♀️🙋‍♀️,AmazonHelp
1089086,2017-10-23 17:16:02,376929,@ComcastCares Which did not come with any price savings. So get treated like crap and a 35% increase? Looks like it's time to #CutTheCord,comcastcares
1058282,2017-10-23 17:16:49,565650,@115913 @115913 are you going to increase coverage in the Gulf Shores area soon?I moved from https://t.co/Bt11TiLIhn I have almost no coverage,TMobileHelp
1897989,2017-10-23 17:17:28,565674,@120640 wife stuck in account recovery. Conflicting advice by your staff who also hung up the phone. Very rude and terrible service!,AppleSupport
1056773,2017-10-23 17:17:40,369518,@AmazonHelp pls tell me about that sir,AmazonHelp
1078934,2017-10-23 17:21:33,368748,@Delta 😕 I found the military lounge.,Delta
1078821,2017-10-23 17:23:06,374487,"Hey @Uber_Support, I ordered w/ @115877 nearly 2 hrs ago, food never delivred. Waiting 1 hr for a support reply. Are you real humans?",Uber_Support
1085167,2017-10-23 17:23:20,375971,@115850 3 months old fire stick  crashes/ restarts in middle of content playing very frequently..plz help,AmazonHelp
799426,2017-10-23 17:27:41,375519,@SouthwestAir any promo codes goin on now?,SouthwestAir
1078307,2017-10-23 17:27:54,374378,@AppleSupport Still none of this works...,AppleSupport
1083963,2017-10-23 17:34:23,375686,all my music randomly undowloaded while i was downloading some playlists wtf @AppleSupport,AppleSupport
1075369,2017-10-23 17:35:50,295783,@AmazonHelp I spoke to your customer care executive and he says that pickup never happened.Did you bother to go to bluedart website &amp; check the status??,AmazonHelp
1070407,2017-10-23 17:40:17,171765,@SpotifyCares I mean closing the browser tab but without logging out (nor clearing cookies),SpotifyCares
1083821,2017-10-23 17:41:08,375664,"@115821 / @AmazonHelp - Two day delivery is the promise, not “two days + processing + transit time.” Feeling like a 2nd class Prime member. https://t.co/tflnDw0Uin",AmazonHelp
1083905,2017-10-23 17:41:49,375677,This new update is making my battery drop in chunks of percentage at a time. @AppleSupport https://t.co/B6tWh6bb4Q,AppleSupport
341539,2017-10-23 17:46:05,197580,"@AmazonHelp Aur sir mujhe jitna samaj aaya , mene apne details forward kar de hai, aur ap bata dijiye kya details required hai apko.? Cal me 98265-66400",AmazonHelp
1094144,2017-10-23 17:47:02,378236,@Uber_Support Uber available LondonUK Nov. 2-7?,Uber_Support
1085320,2017-10-23 17:48:36,208909,@AmericanAir Your app was struggling with Monday mornings like I was today! https://t.co/XNgnl5zxMn,AmericanAir
1085089,2017-10-23 17:50:27,375958,"@AmazonHelp @115850 refer to order#408-3775987-1842723 for which I'm eligible for Rs2000 cashback, was supposed to be credited by Aug 11",AmazonHelp
1086098,2017-10-23 17:50:51,376194,My phone just went from 54% to 1% in 0.5 seconds. @115858 it's 2017 when are we gonna fix this,AppleSupport
1873562,2017-10-23 17:54:00,327241,@Delta Ready to talk now....,Delta
1083859,2017-10-23 17:55:31,375669,"@AmazonHelp Já fiz esse processo e não obtive sucesso. Não aparece a opção de editar nem alterar. A compra ainda está ""preparando para a remessa""",AmazonHelp
1083839,2017-10-23 17:58:16,338739,"@AmazonHelp He told me to phone customer services which I did, apart from laughing at me, operative promised update and £5 credit neither has happened !",AmazonHelp
1086082,2017-10-23 17:58:39,376189,@AppleSupport have you stopped the current stand hour bar flashing on the Apple Watch?,AppleSupport
1898102,2017-10-23 18:00:17,376245,"@TMobileHelp @115913 I have not switched, but when I check for good reception, as a truck driver, I never see T-Mobile! Prove me wrong. Need true nationwide &gt;",TMobileHelp
1085115,2017-10-23 18:01:47,350896,@AmazonHelp how long till an autorip shows in my music? Thanks https://t.co/zNvj1YULq5,AmazonHelp
1018268,2017-10-23 18:04:51,360924,@VirginTrains Yes booked in advance at sale price earlier in the year,VirginTrains
1087014,2017-10-23 18:09:36,376419,@AmericanAir you need to follow me for this to work. https://t.co/XrU4ncXdpE,AmericanAir
1066674,2017-10-23 18:10:27,371726,@AmazonHelp Nope still comes up without any permissions,AmazonHelp
898913,2017-10-23 18:11:43,333440,@Uber_Support I have sent you guys more than 20 messages and you still have not looked into anything on a level that really helps me,Uber_Support
1086392,2017-10-23 18:13:04,376260,It’s been over 37mins!!!! Come on @SouthwestAir this doesn’t make any sense!!! Bags shouldn’t take this long!!! #AtlAirport,SouthwestAir
1898262,2017-10-23 18:13:28,565741,".@115858 @AppleSupport ios 11 messed with my phone. I’m annoyed, and the newest update didn’t fix the bugs. What’s good with you?",AppleSupport
1086350,2017-10-23 18:16:22,350429,@TMobileHelp Sent y'all a DM....,TMobileHelp
1085947,2017-10-23 18:20:02,376166,@AmazonHelp Can't seem to find the option to contact them,AmazonHelp
1086868,2017-10-23 18:22:09,376373,"@AppleSupport had an iPhone 6 that wasn’t showing recent calls thought it was a memory issue, just got a new 8+ that isn’t showing them also",AppleSupport
1086941,2017-10-23 18:27:01,376399,Waiting for uber the driver is cancelling and the still I am being charged #uber,Uber_Support
1086792,2017-10-23 18:28:23,376350,@115821 how hard is it to securely package a book so it's not damaged in transit. I've returned this same item twice and now I get this. https://t.co/B9HhVM3h0p,AmazonHelp
954663,2017-10-23 18:29:53,208590,"@346525 @AmericanAir Clearly not boarding on time as boarding is now and the plane will not be here for a while, no?",AmericanAir
1092607,2017-10-23 18:30:09,377842,Thanks @Delta for delaying flight at least for 7h and rebooking to me not a @215450 flight which means I'll not receive the gold card 👍🏻,Delta
1086825,2017-10-23 18:33:28,376361,@AppleSupport I need to charge my battery 3 times a day and I am bored it..,AppleSupport
1086890,2017-10-23 18:36:50,376383,@Uber_Support i was supposed to have al my trips 50% off this week but dont see it on my receipt https://t.co/ZB0wykm2aq,Uber_Support
1899616,2017-10-23 18:41:49,566131,@SpotifyCares I have upgraded my account to premium via Vodafone however on the app my account is still showing as free not premium pls help?,SpotifyCares
1898361,2017-10-23 18:43:16,565778,Siri is fucking tweaking @115858 https://t.co/K8MzjH2aax,AppleSupport
1086298,2017-10-23 18:43:50,376243,@TMobileHelp @115911 @47032 I’m here,TMobileHelp
1085949,2017-10-23 18:47:21,376166,@AmazonHelp Figured it out but thank you 😊,AmazonHelp
1088879,2017-10-23 18:52:34,376864,@115858 why won’t my iPhone update?? Won’t work update with data OR WiFi..  #HELP!! https://t.co/gsse3xRC8f,AppleSupport
1088988,2017-10-23 18:53:29,376895,@115873 Hello @115873 and @144886. Nobody got back to me on this. Please let me know what's going on with the payment option with #amex points,Uber_Support
383746,2017-10-23 18:55:16,206904,"@comcastcares When playing back the episode on both a laptop and android around the 10' 15"" mark the video starts to glitch",comcastcares
1089119,2017-10-23 18:57:37,281200,Talk about gr8 svc - TU Kevin from @VirginTrains or @120576 from the Birmingham UK station who helped me around 5pm on 10/17. You rock!!,VirginTrains
1898441,2017-10-23 18:58:00,565800,"Yo necesitaba elevar el espejo de mi tocador y encontré esta solución en @116928 que os parece?
#Amazon https://t.co/0quPto0kx4",AmazonHelp
1070154,2017-10-23 18:59:42,334036,"@AppleSupport Thanks, I already sent a DM.",AppleSupport
1087946,2017-10-23 19:04:30,335950,@AmericanAir Flight aa1903 from Philly to Pittsburgh.,AmericanAir
1088777,2017-10-23 19:06:20,376832,hey @AppleSupport i cant hear any body when they call me... keep kicking ass guys,AppleSupport
1088711,2017-10-23 19:06:43,376809,"Acabei de achar mais um livro interessante na @115821 A Sombra de Bauhaus, bem curtinho e acho que vale a pena ser lido.",AmazonHelp
1093391,2017-10-23 19:09:42,179541,"@delta I get the weather is not great, but you know what else isn’t? Getting ground stopped twice sitting in the plane away from the gate",Delta
1088924,2017-10-23 19:12:35,376875,"Received an email offering €10 Uber credit, app states “code not valid”?

@115873 https://t.co/DDbBCnD1qR",Uber_Support
1090511,2017-10-23 19:14:03,375099,@115850 @120543 i prhse item frm Amazon but every time u sent thru Indiapost which get rtnd bcoz gr8 servce.,AmazonHelp
1079155,2017-10-23 19:17:08,374562,@AppleSupport Is there a way to disable these 3 keyboards? Every time I want to use the Emoji button I click on one of the 3 keyboards. It’s annoying 😔🙁 https://t.co/efWaZ8xVZQ,AppleSupport
1080736,2017-10-23 19:19:14,374945,@SouthwestAir I'm fine with tax hikes. I'm not fine with how often your flights are delayed or cancelled. Citizenship has a price. Be honest.,SouthwestAir
1052720,2017-10-23 19:23:02,368773,@SpotifyCares It does not. Happens when I try to use IE as well.,SpotifyCares
1090522,2017-10-23 19:23:48,377299,"@115825 #ISpitonyourGrave alles geschnitten?, Wollt ihr mich verarschen? Dann könnt ihr den Film auch komplett raus nehmen! #Betrug https://t.co/BGGZY8gUeS",AmazonHelp
1079293,2017-10-23 19:26:54,374593,.@AmericanAir is the worst company I use. I’m a MillionMiler and hate their cattle car mentality. Less cute pre-flight videos and more GAF.,AmericanAir
1079177,2017-10-23 19:27:36,374565,@115858 my music app won’t even open because of this update. I’m furious FIX THIS NOW!!!! I don’t pay for Apple Music for it to not work,AppleSupport
1900324,2017-10-23 19:29:10,566313,so apparently uber charges you if you leave something in it ....wtf I lose something and I pay for it ..lmk @115873,Uber_Support
1079077,2017-10-23 19:34:22,374547,@AmazonHelp does the studio just.....not provide the ov/subs sometimes??? that seems random and dumb,AmazonHelp
383836,2017-10-23 19:39:06,206915,"@VirginTrains No, we haven't been served yet.",VirginTrains
1080641,2017-10-23 19:40:50,340488,@AmericanAir AA2577,AmericanAir
1081448,2017-10-23 19:42:25,339530,"Really @115821 so much packaging for a pack of pencils!?

Why so much wastage!? https://t.co/iyDyH0C7LJ",AmazonHelp
2399857,2017-10-23 19:44:25,690549,@Delta Hi. I just DM you because of a problem I had during the flight. Can you give me a response asap please? ☺️,Delta
1898685,2017-10-23 19:44:43,565856,@AppleSupport Done,AppleSupport
943522,2017-10-23 19:46:51,343707,@AmazonHelp How many days do I have to get it shipped? I have it all together. Can ups pick it up at my home? I don’t drive,AmazonHelp
1081530,2017-10-23 19:52:17,375126,"@AppleSupport didn’t receive my MacBook order today, it was delivered to wrong add apparently. Not what you expect after spending £1k do ya? https://t.co/wpu7Vym07b",AppleSupport
1080626,2017-10-23 19:56:07,381883,"@374916 @AmericanAir @46763 What I hate with airline loyalty programs is that when you get to a tier and think ""Yeah!"" - and realize that there's 3 or 4 more above :(",AmericanAir
1081414,2017-10-23 19:58:08,375098,@AmazonHelp I've also got the same problem :-( https://t.co/tOg0AZ9fcC,AmazonHelp
1082455,2017-10-23 20:02:23,375331,"@AppleSupport Hello, I have a problem. Can I contact you in DM?",AppleSupport
1102030,2017-10-23 20:03:37,376615,@115873 I don't know why it's not a requirement for pax to have photo of themselves so they can be identified by the driver.,Uber_Support
383854,2017-10-23 20:04:04,206916,@115913 account fraud still on my credit report,TMobileHelp
866224,2017-10-23 20:09:18,325678,"@AppleSupport Why is ‘Siri App Suggest’ suggesting apps I don’t use and no longer suggesting, say, @123765, which I do? Am only using one device. https://t.co/vb73y8x8lc",AppleSupport
1081453,2017-10-23 20:11:00,375106,@AmazonHelp Hasn't arrived and it's 9:10pm,AmazonHelp
383766,2017-10-23 20:12:05,130560,@VirginTrains @206906 Who is your favourite carricter in the walking dead mm,VirginTrains
1080597,2017-10-23 20:12:21,374913,@AmericanAir The tickets were $837 ea. Outbound portion was $567. 2/3 the cost. That doesn’t sound right.,AmericanAir
1094225,2017-10-23 20:14:28,378258,"Flying home on @Delta, hope this trip is smooth. #NapTime",Delta
1098960,2017-10-23 20:17:01,190563,@SpotifyCares Why can't I see any tracks? Any idea? https://t.co/hPWtHiWbrq https://t.co/21knaILrmC,SpotifyCares
1082444,2017-10-23 20:17:53,375329,". @AppleSupport, since I upgraded to iOS 11.0.3 my iPhone 7 battery life has tanked. I’ve never had an upgrade that is as poor as this.",AppleSupport
1082214,2017-10-23 20:19:49,375285,Anyone else found guaranteed on @115830 is a complete lie. Must switch to @116245 at least they are honest!,AmazonHelp
1092419,2017-10-23 20:24:51,377788,@Uber_Support @377787 Just give up.,Uber_Support
1899549,2017-10-23 20:25:20,566116,"@SouthwestAir A list preferred customer and wont let me log into free wifi.  had to pay, who can i contact to get refunded?  thx",SouthwestAir
927541,2017-10-23 20:26:48,340068,@AmazonHelp I have responded to their email. They responded the same script as your chat team. I responded again. They replied same thing. I don't think your @115850 is capable. #robbedbyamazonindia  #absolutelydisgusted #amazonindia #scammers #commoncrooks #awfulcustomerservice,AmazonHelp
1899308,2017-10-23 20:27:41,566040,@AppleSupport transitons and animations are slow and jittery since I upgraded my Phone 6S Plus to ios11. It’s not app specific. Can u help?,AppleSupport
1082321,2017-10-23 20:32:59,375303,"@AmazonHelp J’ai reçu un mail d’Amazon (et pas du vendeur) confirmant le 1er remboursement, j’attends de voir mon compte en banque actualisé 😊",AmazonHelp
1092516,2017-10-23 20:36:05,122934,@AppleSupport Just sent if off,AppleSupport
616465,2017-10-23 20:40:12,266291,@115873 “oops there was error please check your email” when i did the email said to ignore it if it is me and no luck. just used competitors.,Uber_Support
1092794,2017-10-23 20:41:01,321060,@115911 what’s the plan for iPhone X preorders?,TMobileHelp
1093301,2017-10-23 20:42:08,378017,Eu amo a @117086,AmazonHelp
1093396,2017-10-23 20:42:30,378046,"2 flights in 2 days total delay time is at 4hours and 40 minutes and counting..

@Delta #hanginthere ?",Delta
1093506,2017-10-23 20:42:50,378072,@americanair another opportunity to turn left when entering  plane. JFK to BCN today.,AmericanAir
1093541,2017-10-23 20:44:40,378082,worst @115900 sales call ever..  Girl: we have great offers..  me: what are they?  girl: we have great offers.. me: ok? girl: we have.. bye,comcastcares
1097710,2017-10-23 20:48:58,375109,@AmazonHelp you have someone pretending to be you! I've reported and not stupid enough to give my info...please be aware! https://t.co/fd91198qLe,AmazonHelp
1064910,2017-10-23 20:53:05,371420,@AppleSupport 7plus,AppleSupport
1099871,2017-10-23 20:57:26,379539,@SpotifyCares Why does my spotify keep cutting in and out?😐,SpotifyCares
1078879,2017-10-23 20:58:56,374499,@Uber_Support I'm already signed in. There is no link.,Uber_Support
1095122,2017-10-23 21:01:49,378422,Yay my @115821 packages arrived today - then the delivery guy ran through my backyard to relieve himself by the edge of the woods. REALLY!?!,AmazonHelp
1886684,2017-10-23 21:03:44,562724,"@AppleSupport Thanks guys, have sent off a dm",AppleSupport
1094551,2017-10-23 21:10:46,378314,@SouthwestAir  please confirm departure time 4 MDW-CMH #238! Counter rep apparently is confused!!,SouthwestAir
1095399,2017-10-23 21:11:51,48933,@115911 @378495 Is this accurate pricing? https://t.co/hezJofYJeQ,TMobileHelp
1095119,2017-10-23 21:14:03,378421,Why is it that 90% of @115830 non prime deliveries never turn up 🤔,AmazonHelp
1079354,2017-10-23 21:15:06,374604,@AmericanAir  https://t.co/dIR9mzlrFy,AmericanAir
1091472,2017-10-23 21:19:41,377529,@Delta Needs to hook up two first class seats. Flying SFO ---&gt; ATL for Christmas and a Wedding.. Can't wait,Delta
1095134,2017-10-23 21:21:05,378428,Hey @AppleSupport stop changing my message back to delivered after I read it and don’t respond. I want people to know that i read it!!,AppleSupport
1096185,2017-10-23 21:29:39,258150,@AmericanAir They Are Pretty Good Too!Partners I Think,AmericanAir
1095920,2017-10-23 21:29:51,378618,@AppleSupport can you check my iPhone 6s battery health?,AppleSupport
1096008,2017-10-23 21:37:12,378634,@AppleSupport The 6!,AppleSupport
1096255,2017-10-23 21:38:23,378691,@VirginTrains thanks to the staff at new street and Crewe who sorted out people wanting to get to lime Street after London midland cancelled,VirginTrains
1095839,2017-10-23 21:38:44,378602,When you get cut off from @AmazonHelp and then it goes fubar when you try to call back And reconnect to the helpful person and can’t!,AmazonHelp
1899624,2017-10-23 21:41:12,566133,@Uber_Support @47364 check it out please,Uber_Support
1899841,2017-10-23 21:43:46,566187,@AppleSupport  Battery now lasts 3-4 hrs max and phone shuts off several times a day. Emails takes 3 minutes to load !!!!,AppleSupport
1098004,2017-10-23 21:47:56,379090,Never fly @Delta out of Charleston. Go fuck yourselves you asshole customer service reps @Delta @824,Delta
1098865,2017-10-23 21:50:21,379299,@AmericanAir we had the two best gate agents in the world Brenda Snyder and Tiara Davis they made us feel like a million bucks. #aaphilly https://t.co/hCX13kf3CK,AmericanAir
1899961,2017-10-23 21:51:22,566213,@115858 calculator a little broken?? Doesn’t responed to 2nd + https://t.co/GbGByTShQP,AppleSupport
1899890,2017-10-23 21:52:55,566197,"@ComcastCares
#mobile_CareXI Gayview home phone to call but turns out our home phone is down. can you reach me on my cell?",comcastcares
1097727,2017-10-23 21:53:26,379040,"@46783 @AmazonHelp Last week they wouldn't deliver because I wasn't in (not been a problem in the past) then ""couldn't"" drop it again because it was ""damaged""",AmazonHelp
1887650,2017-10-23 21:54:17,562984,"@SpotifyCares Tried it, doesn't work. I get 1 maybe 2 songs, then either it stops playing next song or it goes to an ad and then never plays another song",SpotifyCares
1899971,2017-10-23 21:58:44,283740,Beginning to the think @115858 @AppleSupport are a con. My phone always dies weeks after the warranty runs out. Then get charged for a fix,AppleSupport
1097688,2017-10-23 22:05:21,379032,@AmazonHelp I selected 2 day shipping with my prime and ordered yesterday. The other items I bought have shipped...,AmazonHelp
1097857,2017-10-23 22:05:53,379064,"@198429 @115873 Someone's created a fake account with my email. Not my account so no way to report this - no email, no phone. Pls advise",Uber_Support
1098129,2017-10-23 22:07:37,236609,@115911 @TMobileHelp @135517 seriously?!? Been promised all this help but this is the 10th time and I keep let down!!! Terrible!! https://t.co/wRrH1k3OLH,TMobileHelp
1097731,2017-10-23 22:07:45,379041,@AppleSupport why won’t my music player stay on shuffle? I have to hit shuffle every time I open music.,AppleSupport
1098155,2017-10-23 22:09:05,379137,id like to thank @SouthwestAir for hiring funny flight attendants,SouthwestAir
1099835,2017-10-23 22:10:16,379531,That “sorry we delayed your flight” snack pack from @Delta is delicious! Feel free to send another 😉 Also the turkey waffle breakfast #nom,Delta
1097654,2017-10-23 22:10:41,379029,"@AmazonHelp Pela Amazon mesmo, via transportadora Total Express.",AmazonHelp
1101263,2017-10-23 22:14:13,379830,"@AmericanAir Hello, I have a flight coming up this Friday that I need to look at change to Sunday, is that something that you can help with?",AmericanAir
1099661,2017-10-23 22:14:45,147531,@AppleSupport hi after updating to ios 11 I'm having issues connecting my phone via my car's bluetooth (hyundai),AppleSupport
1099601,2017-10-23 22:18:03,379492,"@117086 qualquer Kindle não, no normal e no paperwhite. ambos são MARAVILHOSOS e não abro mão do meu de jeito nenhum &lt;3",AmazonHelp
1098691,2017-10-23 22:21:46,379260,"@AppleSupport I am requesting that you make this a native feature. It is nice to have instead of making it just for the plus devices, you should bridge out to normal screen devices too.",AppleSupport
1080583,2017-10-23 22:27:32,374911,"@AmericanAir FMUTJM
I understand I am on the 10pm fm CLT
Can you make sure my wife and I are seated next to each other please",AmericanAir
1076395,2017-10-23 22:31:34,373986,@AppleSupport Yes @AppleSupport  I have several times!  Not happy. I’m not the only several people are having same problems,AppleSupport
1102112,2017-10-23 22:32:44,163456,"Cannot say enough gr8 things about @Delta supervisors, reps and gate agents at @153480 &amp; @137439 #AlwaysFlyDelta #flawless10yrs",Delta
1082347,2017-10-23 22:34:14,216862,@AmazonHelp I just want to know will I be ever to access my acct? My son can't play his tablet bc his games are tied to my acct. 😬,AmazonHelp
1099653,2017-10-23 22:34:58,379500,@AppleSupport why is text messaging so buggy and predictive text keeps dropping on new iOS?,AppleSupport
1099933,2017-10-23 22:35:46,379554,@115911 I’m just trying to get a phone that’s working properly &amp; y’all got me running around like my head is cut off 🤦🏽‍♂️ now I got to go to hq,TMobileHelp
1098762,2017-10-23 22:37:51,379278,@Uber_Support  this is not telling me how to change the rating I've tried 3 times now to change it and not seeing new rating please advise,Uber_Support
1103033,2017-10-23 22:42:15,380296,Hey @115888 When are u gonna be available in India..???,SpotifyCares
1101038,2017-10-23 22:45:01,379768,@AppleSupport Hey folks. 11.0.3 appears to have bricked my iPhone 6. Any update? Thanks!,AppleSupport
1102615,2017-10-23 22:47:06,380183,@AmazonHelp Your driver literally threw my package out the window of his van https://t.co/6sRR4OzTmw,AmazonHelp
1099913,2017-10-23 22:49:05,196024,"@comcastcares wife got it taken care of, evidently there is a 10 day grave period to pay but your information doesnt make that readily apparent",comcastcares
1102134,2017-10-23 22:50:13,380060,ETD @AmericanAir 1655 now 7:00 PM - 1 hour 35 mins delay #BadCustomerService,AmericanAir
1110323,2017-10-23 22:52:02,382035,@115873 My ride pass didn't auto renew and I signed up for it to. Can you advise? Thank you.,Uber_Support
1101243,2017-10-23 22:52:28,379826,@Delta I spoke with the representative at SAN. Hard to understand why my bag got diverted to 2 other airports even though I made my one connection,Delta
1101977,2017-10-23 22:55:08,380022,@AppleSupport conserta os erros do  ios 11 por favor eu não aguento mais meu celular travando e minha bateria acabando,AppleSupport
2230530,2017-10-23 22:59:01,650917,@650918 @AmazonHelp No pagues por problemas!!,AmazonHelp
1101056,2017-10-23 23:01:59,129095,"@AppleSupport Last time, I was DMed some “reset your settings” info, didn’t work",AppleSupport
1102191,2017-10-23 23:03:28,380077,"@SouthwestAir ‘s ineptitude delayed our flight for an hour bc they were slow getting on/off

Now sitting on runway with SCREAMING baby bc...",SouthwestAir
1098024,2017-10-23 23:06:33,379095,@AmericanAir Thank you! Just messaged. Wondering if I should get something before the flight @116147 or if ill have options.,AmericanAir
1091450,2017-10-23 23:14:53,377520,"I was trying to take a picture for my son.  The attendant saw me, waved me up, and the pilots were excited for a photo op!  Thanks @Delta https://t.co/1eEgWep3wa",Delta
1101951,2017-10-23 23:16:07,380014,"@AppleSupport Yeah and I've restarted the phone 6 times
Really frustrated with this guys😡",AppleSupport
1105571,2017-10-23 23:17:38,380896,Thank you @115821 for getting me a 5 pound box of hot glue sticks for an enormous order THE SAME DAY I ordered them 💕 https://t.co/ExEMfxfxoP,AmazonHelp
1091400,2017-10-23 23:21:09,377509,@Uber_Support My account was blocked and I do not know why. I've created a new account after 2 minutes navigating in app was blocked again,Uber_Support
1091351,2017-10-23 23:24:52,377496,@377497 @377498 @377499 @115858 Yeah I haven't updated mine for the same reason,AppleSupport
1101334,2017-10-23 23:27:27,379849,@SpotifyCares no error messages just won't play any songs saved. https://t.co/BSvrIGaEnC,SpotifyCares
1103088,2017-10-23 23:28:31,380308,@TMobileHelp why is it telling me I've used 40gb of 50gb but the tmobile app says I've used total between both line3ss 28.5gb?,TMobileHelp
1108611,2017-10-23 23:29:31,381630,"Dear @AmericanAir, How about you stop lying to us? No plane on the ground and all digital still says we start boarding 5 minutes ago /1",AmericanAir
1091296,2017-10-23 23:32:58,377482,"@AmazonHelp No I have had to put in multiple request 3 of them I was told looks like you guys are trying to ""sweep the issue under the rug""",AmazonHelp
1103731,2017-10-23 23:40:28,380454,La pila en iOS 11 se va más rápido que gorda en tobogán: ( @AppleSupport,AppleSupport
1101878,2017-10-23 23:42:30,380002,"@AmazonHelp Items are placed in my basket that I didn't put there. Password changed 4 times, email assoc. w/acct changed, keeps happening.",AmazonHelp
1103056,2017-10-23 23:45:58,271377,@comcastcares @380302 Outage in the 33405 has been going on for 4-5 hours now,comcastcares
1112835,2017-10-23 23:47:42,382638,@AmericanAir  trying to check in for transfer via miami from Orlando to George Town and getting no response on my international call,AmericanAir
1104028,2017-10-23 23:49:25,380534,@SouthwestAir Not seeing anything about lithium ion batteries there. Also looked at TSA and goes to a page that isn't there...,SouthwestAir
1103634,2017-10-23 23:50:09,377482,@AmazonHelp Pretty sure your specialist team is just non existent and my prime account is lost in Hold Limbo. This has ruined my amazon experience.,AmazonHelp
1102630,2017-10-23 23:52:33,142763,"@AppleSupport That seems to have helped, thanks!",AppleSupport
1104643,2017-10-23 23:55:48,380669,@AmazonHelp I keep getting emails saying I have 2 days to verify payment details. This is fake right?,AmazonHelp
1105641,2017-10-24 00:00:38,380919,Hey @115877 the driver just stole our food! That’s so awesome! #notatall #getittogether,Uber_Support
1104793,2017-10-24 00:04:05,380695,@Delta @824 I would welcome an answer to my query and instructions on  how to keep my bag on the same flight as myself in the future.,Delta
1105597,2017-10-24 00:04:21,380903,Update: @115821 hung up on me.,AmazonHelp
1104665,2017-10-24 00:05:53,380674,Literally even time I get a new text since I updated to the new iOS...sooo annoying @115858 https://t.co/dxQhq8UE1j,AppleSupport
1109669,2017-10-24 00:08:10,291879,"@AmericanAir I signed up for the AAdvanange Aviator Red Card, When is the 60k miles going to come and whats my AAdvanange number to travel?",AmericanAir
1107522,2017-10-24 00:08:27,381401,@SpotifyCares @381402 Hi! I sent you a DM @SpotifyCares . Thank you!,SpotifyCares
1106580,2017-10-24 00:14:05,381157,"@AmazonHelp I want to order a Need For Speed Payback PS4 non-deluxe disc. Other places have it, but I want my 20% discount",AmazonHelp
1106702,2017-10-24 00:19:22,289624,@115873 why is the app taking so long to find a ride? I've done the latest update too.,Uber_Support
1900871,2017-10-24 00:25:15,566476,"Anyone who has an Apple Watch and updated to watchOS 4.0, does your watch get Snapchat with the icon missing? #applewatch @AppleSupport https://t.co/OSyJkGG5Jr",AppleSupport
1091627,2017-10-24 00:27:29,377572,@Delta @Delta thank you. after 14 hours and 4 over booked flights I am finally home,Delta
1106530,2017-10-24 00:28:24,334610,"want 2 waste $100 a year? get @115821 prime! 2yrs &amp; not 1 order on time yet, smh. my last 3 have been so late, i didn't need them anymore. https://t.co/WvP8UCCauX",AmazonHelp
1110398,2017-10-24 00:31:32,382052,Hey @AmericanAir where is my luggage? https://t.co/qUWF2SfoQl,AmericanAir
1106907,2017-10-24 00:32:19,194831,😍😍😍😍 @SouthwestAir I just can't quit you https://t.co/yzGwE97cjt,SouthwestAir
1101885,2017-10-24 00:34:36,380003,@AmazonHelp It's AMZL US. The business closed at 5pm and I got a text at 5:45 saying it would be delivered by 8pm.,AmazonHelp
1107579,2017-10-24 00:36:30,381419,@TMobileHelp who do I contact to file a complaint on a store and employee?,TMobileHelp
1901071,2017-10-24 00:39:16,380301,@440157 you should do a customer call to @115900 because they are also a big ole CF when trying to connect to the internet,comcastcares
1078538,2017-10-24 00:39:27,374419,@AppleSupport,AppleSupport
1107392,2017-10-24 00:43:06,381361,"When you use @115877 for the first time, wait almost an hour and then get canceled on with no phone call or explanation. Great service!",Uber_Support
1106550,2017-10-24 00:44:34,381153,@AmazonHelp you guys at last minute at 7:30 tonight and said package it now tomorrow. I have the email from purchase date on Friday,AmazonHelp
1102746,2017-10-24 00:45:36,380216,@SpotifyCares Thank you!,SpotifyCares
1110259,2017-10-24 00:51:43,382016,".@115821 seems to think overnight shipping means getting a package to me on Friday, but what do I know about time 🤷🏻‍♀️",AmazonHelp
1067796,2017-10-24 00:52:57,139961,@AppleSupport Okay.,AppleSupport
1901073,2017-10-24 01:02:42,229595,I've been a loyal @115858 user for over 10 years but I'm at my wit's end. @AppleSupport your NEW products are failing on me left &amp; right. https://t.co/UMX7Zykc9R,AppleSupport
1109512,2017-10-24 01:03:28,381834,@AmazonHelp hi my package was stolen. How can I fix this?? I wasn't home at the stated delivery time so I don't know who it was handed to,AmazonHelp
1108528,2017-10-24 01:06:39,381609,@Delta I only have 1st class upgrade ✅ in my profile. Y did I again lose my exit row aisle seat &amp; assigned a cramped window comfort+ seat?,Delta
1109653,2017-10-24 01:08:31,381866,On time‼️👍 @AmericanAir,AmericanAir
1108649,2017-10-24 01:11:03,381639,Going with @115911 has been one of thee worst decisions I’ve made as far as phone carriers,TMobileHelp
1111045,2017-10-24 01:12:56,382228,@comcastcares We’ve lost internet connection 3 times since I sent this!  Great job @comcastcares.,comcastcares
1901032,2017-10-24 01:19:44,370404,"@AppleSupport already DM several times, but u guys dont have solution..for #error56",AppleSupport
1108666,2017-10-24 01:22:44,381643,"@SouthwestAir Dates are not flexible. I'd understand if we hesitated, but believing someone else is clicking purchase faster than we are every time? Thx",SouthwestAir
1592922,2017-10-24 01:24:13,116456,@delta wondering the mileage cost to upgrade my upcoming ATL AMS segment. #DiamondFlight,Delta
1110265,2017-10-24 01:25:52,382018,@AmazonHelp Is it possible to add some more tape to the boxes shipped to Puerto Rico? We are having some issues w/ opened boxes on delivery.,AmazonHelp
1109638,2017-10-24 01:28:04,381865,@AmericanAir The airport team has been amazing.  Unruly aggravated passengers but they've been terrific here on the ground,AmericanAir
1106636,2017-10-24 01:34:21,381174,@381173 @AppleSupport Mohammed try to do reset all setting,AppleSupport
1110268,2017-10-24 01:35:06,382019,"@AmazonHelp Yes, it's a 12 unit building, unless it has legs it's not here. https://t.co/djNMaW0YYl",AmazonHelp
1111451,2017-10-24 01:40:10,382334,hey @115873 fix your GPS so my drivers don’t have to ask me for directions in a city i’m unfamiliar with,Uber_Support
1107264,2017-10-24 01:42:06,381326,@AmazonHelp I've never had issues in the 8 years I've been a prime member and this year I've had multiple delayed orders.,AmazonHelp
1113232,2017-10-24 01:42:39,382732,@AmericanAir You killing me Smalls! On hold for an update on my luggage (with clothes &amp; meds) for 32 min. Just to be transferred..again :( HELP,AmericanAir
1901329,2017-10-24 01:45:18,566615,@AppleSupport My Macbook won’t turn on but makes the charging noise.,AppleSupport
1110876,2017-10-24 01:50:39,382043,"@Delta Please pass on this Gold Medallion member's dismay to see no Comfort+ seats at all on the much-trumpeted new ""Flagship"" service between the US and Japan. For the time being, I'll be sticking to the LA and ATL routes that still use 777s.",Delta
1112865,2017-10-24 01:51:58,382647,Comcast is fucking garbage. Your internet sucks &amp; so does your equipment &amp; so does your customer service. @116136,comcastcares
1110784,2017-10-24 01:52:21,382158,@AmazonHelp The driver comes through in a white cargo van with no marks on it for amazon branding.  Carrier: AMZL US,AmazonHelp
1111393,2017-10-24 01:57:20,382319,@AppleSupport Let’s say if I unlock the phone and I keep it aside. Touch works automatically some apps will open and work without my intervention.,AppleSupport
1107508,2017-10-24 01:59:30,381398,"@115888 @SpotifyCares Yay, there is! https://t.co/WYNQvINBs3 

Thanks @SpotifyCares!",SpotifyCares
1111524,2017-10-24 02:03:51,299853,@AmericanAir great flight crew. FA from today in my top 5.,AmericanAir
1111429,2017-10-24 02:05:07,382328,"@Uber_Support Hello my Name is JeLaya, I signed up with Uber last week and I want to know when my account will be active documents are good",Uber_Support
1112103,2017-10-24 02:08:21,382462,Sos @115821 @AmazonHelp @118706 @123967 my package says delivered but it never got here https://t.co/U4aRe8cPbG,AmazonHelp
1901463,2017-10-24 02:15:55,289904,@AppleSupport you’d IOS update is ruining my phone smh,AppleSupport
1112245,2017-10-24 02:19:06,382492,@Delta baggage for 470? Waiting jfk over 30 minutes,Delta
1111338,2017-10-24 02:22:31,206627,@AmazonHelp You are going towards wrost customers satisfaction,AmazonHelp
1901869,2017-10-24 02:22:42,566794,"@comcastcares WT-entire-H....EVERY. SINGLE. NIGHT. For a month, there's been an outage on my Cable and/or Internet. This is unacceptable. 😡🤬",comcastcares
1112295,2017-10-24 02:25:06,382507,I'm leaving @115911 for @115714 because tmobile got me OSO fucked up,TMobileHelp
1112740,2017-10-24 02:26:37,382617,"@115873 To take 2 fucking rights, are you mad! And you want to charge me a cancellation fee. Abeg you please man some of your drivers are illiterate",Uber_Support
1111510,2017-10-24 02:27:29,382353,@AmericanAir Can you please send electric cart if possible?,AmericanAir
1901556,2017-10-24 02:37:50,350578,"Upgrading my iMac to #HighSierra killed my Fusion drive. Any support for recovery, @AppleSupport? Not certain my TimeMachine backup is 100%.",AppleSupport
1113858,2017-10-24 02:39:06,382877,Dear @115821 : I’m guessing that my package that left your facility in Kentucky this morning isn’t arriving by 8 pm today in California.,AmazonHelp
1114085,2017-10-24 02:49:04,166264,@TMobileHelp I have spent 45 minutes floating around the world speaking to every representative but someone here in the U.S. You have lost a 17 year customer,TMobileHelp
1113212,2017-10-24 02:50:32,382726,@115873 Next driver called me and asked me to cancel as well. What’s going on @115873?!,Uber_Support
1113231,2017-10-24 02:51:51,382732,@AmericanAir Thank you so much. They say it is last scanned in O'Hare. Not sure why it never got on any flights to PSP,AmericanAir
1114393,2017-10-24 02:58:21,170629,@115821 @115850 @1404 don't buy product from amazon. It haven't provided even a single help for my prob,AmazonHelp
1901751,2017-10-24 02:59:12,212870,@AppleSupport Why do I have to have a credit card for my Apple ID when I’m a minor? I can’t even download and play games without it,AppleSupport
1114096,2017-10-24 02:59:32,382936,@SouthwestAir Yes. Flight 294,SouthwestAir
1113192,2017-10-24 03:06:24,382719,"@AppleSupport Instead of listening, she treated this lifelong customer like a jerk.Her customer service was completely based on telling me why i was wrong",AppleSupport
1116669,2017-10-24 03:08:39,383485,Why @115888 doesn't have a visualizer is beyond me,SpotifyCares
1113994,2017-10-24 03:11:01,382908,@Delta DL1898 what the heck?  Bad bad bad communication.,Delta
1112709,2017-10-24 03:11:38,382608,@AmazonHelp Yeah I’ve seen that but I was pointing at specific things that Twitch sells that I know isn’t on the Amazon site for purchase sadly.,AmazonHelp
1080499,2017-10-24 03:12:41,177410,@Uber_Support Got it sent! Just haven’t heard anything back yet,Uber_Support
1113144,2017-10-24 03:22:09,382708,@AmazonHelp Baffles me. I have an old email accts I’ve tried unsuccessfully to eradicate in your records. Your service staff,AmazonHelp
1073844,2017-10-24 03:29:09,373373,@AppleSupport @373372 When I go to the voicemail screen it says : Visual Voicemail is currently unavailable.,AppleSupport
1118155,2017-10-24 03:30:09,383835,Bad @AmericanAir   Flight diverted and later cancelled. It's like they've never done this before?!!#poorcustomerservice,AmericanAir
1115382,2017-10-24 03:30:20,383196,@383197 @Uber_Support I'm having the same problem,Uber_Support
1114412,2017-10-24 03:30:39,379494,@AmazonHelp I also requested for change the phone with another one but this request also not fullfilled????,AmazonHelp
1111606,2017-10-24 03:33:06,382371,@SouthwestAir The report has been filed. The bag has not been located. The originating flight was almost 12 hours ago!!!,SouthwestAir
1115495,2017-10-24 03:44:24,383218,@comcastcares Done.,comcastcares
1115900,2017-10-24 03:47:16,383318,@Delta I have questions about a reservation I need to make. I'll be traveling with an infant and don't know how to book online.,Delta
1116614,2017-10-24 03:48:54,119790,What's the point of selecting 'deliver to door' when the @115877 people never do it and just sit outside until you cave and go down,Uber_Support
1133169,2017-10-24 03:53:04,240024,"iOS11 is a dumpster fire. If it is beautiful but unstable (~5 crashes/day), why release?

Useability is essential, @AppleSupport",AppleSupport
1116995,2017-10-24 03:53:33,120176,@AmazonHelp @115850 how do I find out the expiry date of my prime membership???,AmazonHelp
1116972,2017-10-24 04:01:11,383565,"@115821 is sharing data with others. Any product I merely check on @115850 soon comes as advertisement on @188, @126 etc",AmazonHelp
1118768,2017-10-24 04:06:42,383952,@americanair Cool Screens #lax https://t.co/5l5xKOKTNu https://t.co/WYD7gehWpf,AmericanAir
1116616,2017-10-24 04:06:48,383468,@115877 Then they made it seem like they were doing me some kind of favor by not charging me for the food that they didn’t deliver.,Uber_Support
1895441,2017-10-24 04:09:30,564961,"So not sure why my ID was locked for security reasons, had to reset my pass and now can’t log in to https://t.co/X0CGnpbCtu @AppleSupport https://t.co/SGa6CcnuFK",AppleSupport
1115370,2017-10-24 04:11:58,118356,@AmazonHelp No new message...,AmazonHelp
1117824,2017-10-24 04:18:45,383752,@115911 @120492 where is your support page?,TMobileHelp
1080350,2017-10-24 04:20:33,374861,"@AmazonHelp i dont have that much free time, again and again i fillup my details everywhere in your system, registered mobile no is enough for you",AmazonHelp
1117268,2017-10-24 04:25:37,383624,@SpotifyCares That's too bad. Yeah I've seen that with a couple Japanese bands/artists where their page will come up but no music. Hoping it returns! 🙂,SpotifyCares
1114384,2017-10-24 04:26:14,164356,@AmazonHelp Everything is good now,AmazonHelp
1133180,2017-10-24 04:28:08,211720,#AppleMaps not getting any directions... #Apple #Maps #NotWorking seems to be an ongoing issue @115858 @AppleSupport,AppleSupport
1117168,2017-10-24 04:30:18,338747,@Uber_Support I know what is more shitty? Android has option of UPI payment and iOS does not. What you have done is mess,Uber_Support
1118012,2017-10-24 04:34:12,383798,"@115850 - I ordered an item, Order# 402-7774712-7887537, EDD was 17th Oct. No communication so far. Asked 4 refund bt rqst cncld. Plz help",AmazonHelp
1117700,2017-10-24 04:41:26,383724,情ノ華/朧月夜　Amazonからまだ「お支払い番号」が届かねぇ…はよ届けやゴルァ！ヽ(*｀Д´)ノ,AmazonHelp
1118609,2017-10-24 04:48:50,383101,@115850 @AmazonHelp customer care gave me false commitment as per Farooq ahemed another customer care executive. @118702 https://t.co/gkFn1ZmQhV,AmazonHelp
1133176,2017-10-24 04:50:10,387013,I brought 2 @115858 iPhone chargers and they just stopped working no they still knew and not working,AppleSupport
1119702,2017-10-24 04:57:48,384171,"@AmericanAir crap service, sleeping on floor overnight in Charlotte had tickets but they gave them away while we were on flight in! sucks!",AmericanAir
1127389,2017-10-24 05:00:42,385799,Man fuck uber such a ridiculous problem,Uber_Support
1095867,2017-10-24 05:03:03,378609,@AmazonHelp Die Packstation ist für mich die beste Wahl. Und das ist dann das Problem von DHL wenn die zu wenige Fächer haben.,AmazonHelp
1114851,2017-10-24 05:11:44,383093,@AmazonHelp @115850 I wnt dis ordr 2 b dlvrd asap. Can't wait till 8pm tonight!! Pending packing n wud like 2 finish b4 5pm tdy.,AmazonHelp
1119180,2017-10-24 05:17:22,384065,"@Delta - I couldn't B more grateful 4 being a #Delta360 tonight. Thank u, thank u, &amp; thank u. Y'all rock! #Delta360 #NicoleInATLsavesTHEday https://t.co/ew0Jef5PIY",Delta
1134128,2017-10-24 05:18:45,387230,@applesupport my iPhone 7 64 sucks now - thanks 11.0.03 #iphone,AppleSupport
1118006,2017-10-24 05:19:02,383796,@AmazonHelp I called two time to customer care. Told me every day it will deliver today.,AmazonHelp
1119132,2017-10-24 05:29:38,384053,"@AmazonHelp Amazon you are loosing your trust on customers. rather then resolving you arguing with me.

This is the reason i say. #maatsatao #lutjaoge 🤕",AmazonHelp
1119639,2017-10-24 05:29:57,384161,Just got pulled over cause the Uber was driving wild but me &amp; my niggas got searched &amp; they went thru our shit illegally smh ...,Uber_Support
1118801,2017-10-24 05:30:10,383963,"@SpotifyCares https://t.co/c0sQVpXbV0 Not sure if that's what you need, but its ""When You Come Back Down"" by Nickel Creek. Im an in the US",SpotifyCares
1892937,2017-10-24 05:30:49,564416,The only upside to this Comcast @115900 outage is that @156362 is going to robo strong arm you into reimbursing me. #pdx 😘 Trim,comcastcares
1120022,2017-10-24 05:39:50,384246,your delivery team is not delivering my order at my doorstep and they are telling me to collect my order from their office. #amazonIN,AmazonHelp
1895533,2017-10-24 05:47:11,564988,"@AppleSupport And once it freezes, it's basically a glitch monster. Doesn't behave itself till I start charging it.",AppleSupport
1120051,2017-10-24 05:51:09,383919,@AmazonHelp Yes when i ordered it u said gauranteed delivery by tommorw 8pm...,AmazonHelp
1120166,2017-10-24 05:57:12,300214,@SouthwestAir You're welcome! There really isn't another choice when I fly. Only one airline comes to mind 💙❤💛,SouthwestAir
1120445,2017-10-24 06:04:34,177530,"@AmazonHelp Ohh, so innocent. Lol
Shame on you Amazon.",AmazonHelp
1120945,2017-10-24 06:05:38,384441,@Uber_Support Your pool mechanisms are shit. You take pickups from positions the car has already crossed and then a u-turn is needed.,Uber_Support
1120667,2017-10-24 06:09:50,384378,"@VirginTrains &lt;shrug&gt; Yeah sorry ‘mate’ that’s all they put on.

We’ve not yet stopped to pick up fruit this decade so not expectant today...",VirginTrains
1143584,2017-10-24 06:13:19,389162,Alguém me ajuda! Tô tentando passar minhas fotos do celular pro pc e elas não aparecem! Que tipo de bruxaria é essa? @AppleSupport ☹️,AppleSupport
1893229,2017-10-24 06:23:41,384348,"@115873 @Uber_Support: When asked why he is waiting at the wrong building, #Uber driver says 'Naam nahi maaloom'. #Uber drivers can't read???😒",Uber_Support
1121462,2017-10-24 06:32:34,379128,@115913 #tmobilesucks 88- promised Apple Watch by certain date. Twice FAILED!! My new backorder date? 1-3-18 to 1-24-18. WTF,TMobileHelp
1121778,2017-10-24 06:34:07,384601,@128308 @115850 bought fire stick. Unable to avail airtel offer @117128 not answering calls.pls help.,AmazonHelp
1081678,2017-10-24 06:39:24,375156,"@Delta Will do, thank you!",Delta
1122280,2017-10-24 06:41:41,312158,@115850  No response since it has been around 10 days I have given the Charge Dispute reference no. to your team. Since 3 Months no refund,AmazonHelp
1121865,2017-10-24 06:42:00,384620,Never want to fly @AmericanAir again. First time flying and just made me hate my whole trip back to NYC. I wish I flew back with @Delta,AmericanAir
1895627,2017-10-24 06:49:45,565011,Fuck @115858 my goddamn iPhone 7+ I just got should not be fucking lagging like this. Like it’s brand new makes me never want to get another!,AppleSupport
1121252,2017-10-24 06:51:58,384506,@AmazonHelp From Clinton cards. It's a gift card given to mum for her birthday.,AmazonHelp
1121364,2017-10-24 06:58:59,384521,@Uber_Support Have sent please check. Quite annoying as it shows payment Rs 0 when i have paid amount in cash.,Uber_Support
1115771,2017-10-24 07:00:41,201415,@AmazonHelp I have given all the details..plz look into the matter @117157 @AmazonHelp,AmazonHelp
1129995,2017-10-24 07:07:32,386320,"@115888 Yup but when I switched devices, it be came a problem",SpotifyCares
1122802,2017-10-24 07:08:25,384809,"@115850 @120543  Where is my parcel (Tracking ID: AW236399086IN). Delivery date passed, can't track after 19OCT. Poor service.",AmazonHelp
1122429,2017-10-24 07:11:59,384731,@VirginTrains Liverpool,VirginTrains
1120474,2017-10-24 07:18:00,148791,@AmazonHelp Just phoned and again I’ve been told I will receive a phone call today. Exactly what I was told yesterday. This is ridiculous service,AmazonHelp
1121253,2017-10-24 07:28:43,384506,@AmazonHelp So that's it!!,AmazonHelp
1143511,2017-10-24 07:33:28,389140,@AppleSupport battery drain worse than ever on ios 11.0.3. What’s the deal guys!!???!,AppleSupport
1122873,2017-10-24 07:37:43,384824,@Uber_Support Just sent a dm to you.,Uber_Support
1123299,2017-10-24 07:40:02,384915,@AmazonHelp Missingle usb charging cable on my last purchase,AmazonHelp
943533,2017-10-24 07:49:59,264056,"@227885 @AmazonHelp Hallo, bitte wende dich dazu an https://t.co/pnV4gtbiV4. Die Kollegen können dir weiterhelfen. Viele Grüße, Kerstin von HUAWEI Mobile",AmazonHelp
1144238,2017-10-24 07:55:55,389319,"@AppleSupport my iphone 6s is super laggy and the alarms don't work anymore, i'm kinda mad",AppleSupport
1124118,2017-10-24 07:56:22,385072,@AmazonHelp Last week I was told 1 to 2 days. Chased again today and told 1 to 2 days. Bored now 🤔,AmazonHelp
1124713,2017-10-24 08:02:52,385200,"@115911 , wtf is going on with my signal?!",TMobileHelp
1124601,2017-10-24 08:05:02,385171,@AmazonHelp Hola este domingo he comprado en amazon ESP y he escogido el Envío estándar expresamente y vosotros lo envias con envío express😠,AmazonHelp
1121066,2017-10-24 08:10:06,131009,"@VirginTrains @384467 is that true, then, what I'm hearing (and as suggested above), your trains no longer have unreserved accommodation?",VirginTrains
1124665,2017-10-24 08:12:28,385186,@AmericanAir customer service is garbage. To be expected I suppose.,AmericanAir
1124672,2017-10-24 08:13:52,385188,@TMobileHelp 90706,TMobileHelp
1103649,2017-10-24 08:16:52,380439,@AmazonHelp @159790 But if we PAY for Prime shouldn't we get what we pay for?,AmazonHelp
1895233,2017-10-24 08:21:40,274154,@115888 why i cant register for spotify premium? I cant see globe in payment options. Help,SpotifyCares
1126158,2017-10-24 08:23:57,385530,"i ordered sum soft pillow sheets off @115821 and they were supposed to be here Monday but they weren't, look I'm not mad just disappointed",AmazonHelp
1114865,2017-10-24 08:29:33,383094,@AmazonHelp I wanted to see if there was a similar item (ie an outside sweeping brush) you could deliver ASAP today via Prime Now,AmazonHelp
1134333,2017-10-24 08:30:56,385204,@115911 y’all better not be mad if I don’t pay my bill after this shitty service,TMobileHelp
1895667,2017-10-24 08:34:19,158590,@AppleSupport As seen that’s a internet cable https://t.co/fsux3CGWYf,AppleSupport
1135161,2017-10-24 08:35:46,387429,"@115850 
Urgent! ORDER # 403-5790499-7681139. I live out of India, my SPOC 4 delivery leaves India on 28th. Need to get it by 27th, PLZ",AmazonHelp
1101923,2017-10-24 08:40:46,380009,@AmazonHelp It was from .co.uk thank you,AmazonHelp
1122330,2017-10-24 08:44:03,384709,@Uber_Support They're just repetatively responding with two template messages alternately. Is that your idea of support?,Uber_Support
1114856,2017-10-24 08:49:34,383094,@AmazonHelp No. It says undeliverable. It’s the 2nd time this has happened. No explanation.,AmazonHelp
1895672,2017-10-24 08:54:30,483282,"@AppleSupport my map stopped working today. reset network settings, rebooted. Error after 5 seconds: request timed out. For all locations https://t.co/o9gBDsMaEZ",AppleSupport
1114904,2017-10-24 08:54:47,383098,@AmazonHelp I don't know any thing I need. Call back on 7411457616 now u r cheater I don't trust u guys call asap otherwise I will take legal action,AmazonHelp
1135140,2017-10-24 09:02:40,387424,"it's 2 am and im binge watching teen cribs, accidentally applied to be an amazon prime now delivery girl and googling how to drop out",AmazonHelp
1135956,2017-10-24 09:05:52,387618,Amazonプライムって月額なんぼなんやろ,AmazonHelp
1135927,2017-10-24 09:12:56,387610,"@115830 Hi, I sent back goods with the option to replace last week but got email today saying I was getting refund instead,is this normal?",AmazonHelp
1131272,2017-10-24 09:16:18,386599,@115821 this has been the order from Hell &amp; you outsource your customer service to people who have not been properly trained. https://t.co/VrfPRXF8gj,AmazonHelp
1135345,2017-10-24 09:19:36,387479,@SpotifyCares I had it when it was released and then the 5 new tracks disappeared a day later. I have tried logging out and in. I removed the album,SpotifyCares
1135944,2017-10-24 09:20:00,387615,@AmazonHelp 届きました。ありがとうございます！,AmazonHelp
1124523,2017-10-24 09:24:13,368025,@AmazonHelp @149087 please help me,AmazonHelp
1137724,2017-10-24 09:28:47,170590,@115850 I was promised call back in 24 hrs 4 days back,AmazonHelp
1145157,2017-10-24 09:30:20,389519,"Günaydın, @AppleSupport bana yardım et",AppleSupport
1128084,2017-10-24 09:35:34,258142,"@AmazonHelp even if i could, I doubt I would get on a bus with it",AmazonHelp
1053588,2017-10-24 09:41:12,368946,"@AmazonHelp Morning, it’s still marked for delivery tomorrow. This is ridiculous as it should have been delivered yesterday.",AmazonHelp
1136581,2017-10-24 09:45:24,387760,@AmazonHelp Give me a moment. I am driving. Elaborating in detail.,AmazonHelp
1071507,2017-10-24 09:46:14,387998,@Delta Keep up the good work DL,Delta
1145086,2017-10-24 09:52:43,389494,Hey @115858 u gotta do something bout the new update! ITS TERRIBLE! So annoyed!! 😠,AppleSupport
1138701,2017-10-24 09:53:29,388216,@TMobileHelp @386324 What's going I tried using YouTube or Facebook an it says no internet connection when I have all bars with lte?,TMobileHelp
1129447,2017-10-24 09:56:19,386209,Ok but why does Uber eats never work for me?? I'm so frustrated,Uber_Support
1118028,2017-10-24 09:57:08,383802,@AmazonHelp Done,AmazonHelp
1099620,2017-10-24 10:00:47,376349,@AmazonHelp wait till 24th oct after that 3 days more to investigate etc. This is supposed to be a diwali gift but thanks to amazon super fast delievery,AmazonHelp
1137720,2017-10-24 10:04:58,387985,@AmazonHelp It's cancelled,AmazonHelp
1014736,2017-10-24 10:14:21,360103,@AmazonHelp 10 approx I call complain but no one revert me back they assure over phone call just latter on nothing is done,AmazonHelp
1127260,2017-10-24 10:18:15,265401,@AmazonHelp pro tip: don’t call your carrier service after the god of messages when you can’t deliver messages,AmazonHelp
1126629,2017-10-24 10:25:24,385648,@VirginTrains Thank you so much. So I have to get any train before 3pm basically?,VirginTrains
1127350,2017-10-24 10:26:17,385790,Prometieron entrega para ayer. Paquete @115821 llegó a Puerto Rico oct 16. Todavía @115817 no lo ha entregado. Y eso que era de urgencia!,AmazonHelp
1128247,2017-10-24 10:31:28,383838,Ok @AmericanAir let’s try this one more time to Las Vegas. Please rethink the use of old crappy us air planes and us air only personnel.,AmericanAir
1146109,2017-10-24 10:32:25,389760,Wtf. My new 4K Apple TV came with a USB cable instead of HDMI? Is this a packaging mistake @AppleSupport ?,AppleSupport
1127251,2017-10-24 10:34:06,265401,"@AmazonHelp I’ve been created a replacement, this will be your 3rd try at delivering this. I’m never using amazon again.",AmazonHelp
1127977,2017-10-24 10:39:38,385931,@115850 when is my echo coming ? 😔,AmazonHelp
1128081,2017-10-24 10:44:41,258142,"@AmazonHelp hi, they advised to send it and after amazon receive it, Im to contact again to get postage refunded fully. sent via parcelforce as cheapest",AmazonHelp
1127262,2017-10-24 10:51:37,385777,@AmazonHelp ご指摘の箇所を確認出来ました。オフにすると「1-clickで今すぐ買う」のボタンが「今すぐ買う」のボタン表示に変わりましたが、これの違いは何ですか？またこの「今すぐ買う」ボタンの非表示はてきますか？重ね重ね申し訳ありません。,AmazonHelp
1159700,2017-10-24 10:56:11,392819,@392820 @115888 That would be nice too... not to mention videos etc.,SpotifyCares
1128006,2017-10-24 10:56:38,385934,@AmazonHelp Well this not the first time I am facing this issue.,AmazonHelp
1132251,2017-10-24 10:57:31,386807,@119983 Shame on @Uber_Support even after complaining 3 times in past 24 hour no response came from you guys. #deleteuber #worstservice,Uber_Support
1896010,2017-10-24 11:01:03,565118,"Upgraded to IOS 11.0.3 and my phone has been crashing &amp; apps keep freezing ever since. Fun, fun, NOT! @AppleSupport",AppleSupport
1129902,2017-10-24 11:01:19,386301,@115850 without asking me y u guys activated prime membership. Plz call me urgent. I didn’t need that. https://t.co/80xiWM7kqO,AmazonHelp
1128813,2017-10-24 11:02:10,386095,Thanks to @AmericanAir for the smoothest check in process I have ever experienced. The staff was SUPER nice and kind and friendly. #ELP,AmericanAir
1128676,2017-10-24 11:07:44,367350,"um @115821 can you explain why my package went from Monee, IL to Kenosha, WI when I live in IL? This is honestly ridiculous. https://t.co/mOaQnuRFyn",AmazonHelp
1124121,2017-10-24 11:14:39,385072,"@AmazonHelp No problem, have since been refunded",AmazonHelp
1129294,2017-10-24 11:21:39,386190,"@AmazonHelp Amazon Logistics SUCKS lost a package, @115821 support says I have to call and deal w/ it myself. Sick of the loses and delays.",AmazonHelp
962052,2017-10-24 11:26:03,348287,@AmazonHelp Submitted details again.. please call on the phone number I mentioned on the link.,AmazonHelp
1129900,2017-10-24 11:29:09,175350,@AmazonHelp I have changed my mind about ever ordering from amazon again. So many problems w/ them the past 7 months. Bad customer service,AmazonHelp
1129843,2017-10-24 11:35:06,386292,"@AmazonHelp marrant comme c'est de plus en plus compliqué de trouver l'option ""nous contacter/sav/probleme sur votre commande"" .",AmazonHelp
997282,2017-10-24 11:39:32,356154,"@Uber_Support Quadruple charged, unsafe driver, took me three times as long to get home.
“Thanks- this matches what we quoted you. We will look into it”",Uber_Support
1129842,2017-10-24 11:40:28,386292,"@AmazonHelp Non. Ça fait 15min je navigue sur le site. Avant, on trouvais direct. Maintenant c'est très compliqué.",AmazonHelp
1130671,2017-10-24 11:40:53,386462,Apparently @AmericanAir forgot how to do math. Stuck on the tarmac at #ChsAirport because they can't calculate take off weight. Awesome.,AmericanAir
1129934,2017-10-24 11:43:17,386310,"@Delta Unfortunately it’s not. Passengers waiting at the gate, waiting for a flight attendant.",Delta
1130038,2017-10-24 11:45:30,386336,@VirginTrains I would if the train manager was anywhere to be seen. I'm not leaving my stuff unattended to go find him. What refund will you be offering?,VirginTrains
1129866,2017-10-24 11:45:39,385946,"@AmazonHelp Uf... Geht da nur ein telefonischer Rückruf? Bin lieber der Schreib-Mensch, daher hab ich ja auch den Chat benutzt...",AmazonHelp
1146080,2017-10-24 11:46:01,389750,Quand est ce que vous allez réparer les problèmes de batterie et ralentissement de claviers ? 😩😡 @115858 @AppleSupport #ios11,AppleSupport
1129352,2017-10-24 11:50:45,386197,@AmazonHelp The code is for purchasing a book,AmazonHelp
1130572,2017-10-24 11:57:58,330417,@AmazonHelp Before the order was cancelled just now https://t.co/8lZWsvz8AC,AmazonHelp
1131267,2017-10-24 12:01:25,386599,@AmazonHelp she was a manager didn’t use any customer service skills. She was mad bc I was 😤. There was no empathy or anything.,AmazonHelp
1130579,2017-10-24 12:06:43,330417,@AmazonHelp Especially since I was also told that top up amount can't be transferred back to my card.,AmazonHelp
1132441,2017-10-24 12:08:12,386857,Disappointed flight is delayed  by 5 hours. Pleasantly surprised gate agents already checked for reroute  options. @SouthwestAir,SouthwestAir
1895246,2017-10-24 12:12:02,564915,"@TMobileHelp @115913 Thanks, I'll send one",TMobileHelp
1147073,2017-10-24 12:12:11,389969,"@115858 Had been very happy w my 5s until last 1.5 yrs. randomly chooses to drop wifi (&amp;not reconnect), deleted all of my text messages #crap",AppleSupport
1086029,2017-10-24 12:17:03,194202,@AmazonHelp Entweder es meldet sich HEUTE jemand mit Lösung bis 18.00 Uhr oder um 18.05 Uhr erfolgt die Kündigung inkl. 3 Monate Geld antiquot retour! 😡,AmazonHelp
1133367,2017-10-24 12:21:07,386091,Jesus now @AmericanAir is saying you can deplane and reschedule or wait for 3 hours then deplane. Who is running this clusterfuck?,AmericanAir
1132046,2017-10-24 12:22:47,386756,"@AmazonHelp E tem sim, mas acredito que chegue amanhã.",AmazonHelp
1131577,2017-10-24 12:24:04,284938,@VirginTrains If I had 1m followers would you behave differently?,VirginTrains
1144304,2017-10-24 12:24:43,389340,When the @115873 driver is taking the longest way possible and is always in the wrong lane. Literally always the wrong lane 😑😑,Uber_Support
1147990,2017-10-24 12:25:37,390172,going to trade my iphone for a pixel 2 solely because @115858 won’t stop harassing me to upgrade my icloud storage 24/7,AppleSupport
1133073,2017-10-24 12:29:34,386993,@AmazonHelp No options at all. The product was dispatched today so had no chance of being delivered. Phone service too. 30 mins on hold,AmazonHelp
1137758,2017-10-24 12:34:51,383454,@AmazonHelp @115821 @AmazonHelp @115850 . It's ur job go to police complain this issue you uneducated idiots,AmazonHelp
1134016,2017-10-24 12:39:03,387202,"Hey @115830, what happened to minimising packaging? Why not SIOC? https://t.co/iYRNvstGfd",AmazonHelp
1134050,2017-10-24 12:43:28,387211,"An ode to @115821:

Amazon is great
It has all the things I need
Take all my money 💸

#EU #NoBorders #FastDelivery ❤️",AmazonHelp
1129938,2017-10-24 12:48:38,386310,"@Delta Thanks. Will let you know. Departures are stopped now, and due to the delay of the Delta crew member, the flight didn't take off in time.",Delta
1134018,2017-10-24 12:50:14,387203,"@115830 rang up twice that you sent the wrong order. U Promised you'd hand check it yourself, &amp; 3rd time again its WRONG! Sort it out!",AmazonHelp
1143705,2017-10-24 12:52:17,384946,"@AmericanAir changed my flight 6X, I've spent nt on floor at airport,now I can't walk.flight STILL delayed.they DON'T CARE. @115996 https://t.co/yB45KRoALi",AmericanAir
1896129,2017-10-24 12:53:02,565157,@115858 shocking experience from you guys. Will 100% look to take my business elsewhere in future 😡,AppleSupport
1134003,2017-10-24 12:54:34,387199,@AmazonHelp An item I ordered is supposed to be delivered today yet it still hasn't shipped. How can I determine its actual status?,AmazonHelp
1143652,2017-10-24 12:55:23,389177,@Uber_Support @115877 why did U remove booking fee from the main page? Make it more difficult to see true pricing?,Uber_Support
1143445,2017-10-24 13:01:52,388598,@AmazonHelp  i just re joined prime by accident if i cancel do i get full re fund,AmazonHelp
1134036,2017-10-24 13:07:39,387208,@AmazonHelp Merci :),AmazonHelp
1096000,2017-10-24 13:07:51,378632,@AppleSupport why DM? if ur worried about it being public that iphones suck then u don’t have to worry. are y’all gonna shut down? if not ya can’t help,AppleSupport
1151241,2017-10-24 13:08:13,390913,"@SpotifyCares I play a song on repeat, and sometimes play a different song on repeat.switching between playlists causes repeat to toggle off",SpotifyCares
1145334,2017-10-24 13:12:34,300173,"Hey @TMobileHelp I need to reset my password but you're having technical problems, and now I'm locked out. Halp.",TMobileHelp
1134006,2017-10-24 13:13:43,357392,@AmazonHelp I typed number but u informed public that its an order id. Please be careful from next time as ur twitter page is visible to all.,AmazonHelp
1897008,2017-10-24 13:14:07,565394,@116136 customer service is the absolute worst,comcastcares
1145224,2017-10-24 13:18:14,389544,@Uber_Support can you order uber for someone else that does not use the app? And for a long distance trip like 40 miles/1 hour?,Uber_Support
1148848,2017-10-24 13:22:21,390357,@AppleSupport Since installing the latest update I haven’t been able to load certain Apps on my IPad or phone. Any ideas? Thanks,AppleSupport
1126394,2017-10-24 13:22:56,385590,@VirginTrains No I just wanted to point it out.,VirginTrains
1144048,2017-10-24 13:23:37,389274,@115830 what’s the point of having delivery instructions if the driver ignores them and now I have to wait another day !?,AmazonHelp
1145276,2017-10-24 13:23:53,246127,"I like how @Delta is finding new ways to enhance #CustomerExperience. A small ""thank you"" means a lot! #biztravel   https://t.co/6F3YufvjN4",Delta
1144483,2017-10-24 13:26:51,389370,@SouthwestAir Ha! Bad bot! Bad! I was praising SW!,SouthwestAir
1133096,2017-10-24 13:29:15,198899,"@AmazonHelp Don't worry, I am in touch with National Consumer Helpline and in case of no address they advice to register FIR with local POLICE.",AmazonHelp
1149759,2017-10-24 13:34:59,390562,"@390561 @AppleSupport @115858 Look at my network, never seen that https://t.co/n4yrFrpr5M",AppleSupport
1147891,2017-10-24 13:35:20,390144,@AmazonHelp if I order something on amazon US how much is shipping?,AmazonHelp
1131233,2017-10-24 13:40:43,386597,@AmazonHelp Have delivered to wrong House again. Claim they’ve delivered to me! only firm that can’t get it right! Such a pity Amazon changed to them.,AmazonHelp
1109646,2017-10-24 13:41:31,381865,@AmericanAir I was never booked on that flight. Very frustrating 16 hours.  That flight lands an hour and a half after me.  I'd appreciate quick delivery,AmericanAir
1148793,2017-10-24 13:42:45,390341,@AppleSupport I‘ve updated my iPhone 6+ and it’s unusable now. Thanks for that.,AppleSupport
1080494,2017-10-24 13:43:20,374888,@Uber_Support __email__,Uber_Support
1145944,2017-10-24 13:45:46,389716,Gostaria de mandar um beijo pra @117086 . Pedi meu box de Homero e veio em menos de 16hrs.. incrível. Que serviço maravilhoso  &lt;3,AmazonHelp
1896027,2017-10-24 13:51:05,565123,@TMobileHelp @115913 Allright sir for sure. Thanks. I too want T-Mobile at top. 😃,TMobileHelp
1145960,2017-10-24 13:53:14,389720,@AmazonHelp Says date pending on cod wwll  ps4,AmazonHelp
1149795,2017-10-24 13:54:34,390571,"@AppleSupport I've sent you a DM, can you have a look please?",AppleSupport
1067683,2017-10-24 13:57:06,371959,@AmazonHelp No one has called me yet.Is there some problem ?,AmazonHelp
1146911,2017-10-24 14:02:14,389934,Quelqu'un si connaît un peu sur Amazon s'il vous plaît ?  😦 j'ai besoin d'un renseignement  #amazon @120533 @AmazonHelp,AmazonHelp
1896820,2017-10-24 14:03:23,565343,@SpotifyCares My music won't shuffle anymore on my iPhone. Its been like this for a week when I started paying for the service. How do I fix,SpotifyCares
1148981,2017-10-24 14:04:55,390388,@Uber_Support He was not on location or nearby and started trip W/o picking me up. On asking the reason he started Q's on what's my problem in walking,Uber_Support
925612,2017-10-24 14:06:00,390545,@AppleSupport iOS 11 is the worst work that Apple have ever done. Need to fix several issues immediately. New version turned iphone 7 into Nokia 3310.,AppleSupport
1896067,2017-10-24 14:06:25,179407,"@comcastcares I have a service call scheduled, since they have reset it 4 times",comcastcares
1146946,2017-10-24 14:07:34,389940,@AmazonHelp Any idea what the chat timings are for Amazon.de customer service? Because I'd like to get this sorted out ASAP,AmazonHelp
1147804,2017-10-24 14:12:42,390132,Al fin llegó el regalo de mi suegro y justo a tiempo. Thank you @115821 💙💙💙💙 https://t.co/hzHORl2OLy,AmazonHelp
1147003,2017-10-24 14:13:11,389950,@AppleSupport Updated*,AppleSupport
1145929,2017-10-24 14:19:23,389713,@AmazonHelp Not 100% sure yet. Only opened 1 item. Will confirm in due course.,AmazonHelp
1148970,2017-10-24 14:20:59,191081,Literally the @115873 driver stopped topick up a part at Toyota and left me in the hot ass car... I’m so confused 🤷🏽‍♀️ and also yes irritated,Uber_Support
1891130,2017-10-24 14:21:09,358115,@AppleSupport Have DM you all msgs and information needed . Please help me ..,AppleSupport
1148207,2017-10-24 14:21:57,390221,Sunset over Denver. With @48854 24-70mm ART lens #ithastobesigma @SouthwestAir https://t.co/3TAhznSJW6,SouthwestAir
1896306,2017-10-24 14:26:10,565204,"@VirginTrains Help, angry girlfriend after delayed 15:22 train to London Euston. Changed at Crewe waiting 40 minutes! Any calming tips?",VirginTrains
910779,2017-10-24 14:26:16,255259,"@AmazonHelp Amazon,guess solvin cust issue isn't ur cup of tea.enuf of playin around.either u sort out in 24 hrs or i deactivate my frnz &amp; family accnt",AmazonHelp
1896163,2017-10-24 14:27:59,411320,@TMobileHelp just did,TMobileHelp
1132182,2017-10-24 14:28:08,386791,@AppleSupport iPhone 7s plus. iOS 11.0.3. Whenever I turn my WiFi’s off I have no LTE or anything,AppleSupport
1097052,2017-10-24 14:31:10,378875,"@AmericanAir Yes, I did. Still no luck. Probably stuck in Dallas. :(",AmericanAir
1145266,2017-10-24 14:31:18,251965,@Delta Thank you I guess.,Delta
1896449,2017-10-24 14:34:13,565247,Seriously @115858 what are these updates doing to my phone? Battery lasted 2 hours today,AppleSupport
1147790,2017-10-24 14:34:44,390128,"@AmazonHelp What about NOW?! Between Amazon and @5268 yall holding ppls accts hostage! Oh, the call ... https://t.co/AGE5DtFwEA",AmazonHelp
1148751,2017-10-24 14:39:30,366258,@AmazonHelp Already contacted customer care thrice for the same issue receiving the same answer without any solution. Still replying to this details,AmazonHelp
1141141,2017-10-24 14:42:33,388611,@115873 I took a ride this morning and tried to give my driver a 5 star rating. My phone logged 3! Help! I don't want to ruin his rating!,Uber_Support
1140901,2017-10-24 14:43:06,386191,@AmazonHelp Can you give me the requisite link??,AmazonHelp
1151868,2017-10-24 14:45:38,391069,iPhone 7 Plus battery after update to iOS 11 (now 11.0.3) is a shit .@115858 . After 8 hours of normal use I am at 15%,AppleSupport
1105700,2017-10-24 14:47:34,196425,@AmericanAir That is the fastest reply I have ever seen from you guys 🏃🏾‍♀️💨,AmericanAir
1148717,2017-10-24 14:49:28,390331,"@AmazonHelp Yes it works on the app and a dif browser, thanks. It is not working in Chrome.",AmazonHelp
1151253,2017-10-24 14:54:28,390917,@115911 what’s the JOD price for the  iPhone 7?,TMobileHelp
1147006,2017-10-24 14:55:29,389950,@AppleSupport DM???,AppleSupport
1151771,2017-10-24 14:56:08,391042,@115830 can you DM me,AmazonHelp
1151926,2017-10-24 14:58:56,391090,@115873 if the driver isn't really moving on gps their shouldn't be a cancellation fee. Another scam government should look into this.,Uber_Support
1125297,2017-10-24 15:04:19,385327,@AmazonHelp I ws tld arrogantly dat my order hs been lost in transit nthing can be done.if it has been lost y u guys r shwing it as delivered #frustated,AmazonHelp
1158255,2017-10-24 15:06:26,392470,@SpotifyCares I think it’s real messed up that y’all snatched my 6th daily mix away. Fix your algorithm or something.,SpotifyCares
1151828,2017-10-24 15:09:38,391056,iOS11 is huge collection of bugs for third-party apps. Feeling like using android os on iPhone. I wish i could degrade @115858 @AppleSupport,AppleSupport
1151343,2017-10-24 15:09:55,390937,"@southwestair some kiosks at SAN cutoff the boarding pass barcode, then you get to the TSA agents and scan fails, please fix",SouthwestAir
1141959,2017-10-24 15:11:39,350056,"@119625 Hi, Why I can't stream in HD on my laptop, when it meets all the system requirements ?",AmazonHelp
1896736,2017-10-24 15:14:44,565318,@AppleSupport my iPhone se is overheating and battery is draining too fast 6 to 8 % within seconds.what should I do?,AppleSupport
1151947,2017-10-24 15:18:21,391093,"@Delta I'm need to cancel a reservation. Can we chat in private, or is there a better way to communicate?",Delta
1139857,2017-10-24 15:18:49,214516,@AmericanAir Platinum Pro and I'm 15 😫😫😫,AmericanAir
388018,2017-10-24 15:19:23,207833,@AmazonHelp I emailed @115830 on the day that @AmazonHelp sent the above tweet and to date i have had NOTHING back...despite you taking my money!!,AmazonHelp
1149808,2017-10-24 15:20:01,390574,"@AppleSupport I just tried both, it's still happening.",AppleSupport
1896661,2017-10-24 15:22:14,565294,"@565295 @115913 @115911 Just hit you up about houses :-) 
any good T-Mobile store reps I should see there about switching my account over from ATT when I move? :)",TMobileHelp
1151907,2017-10-24 15:23:16,391082,@116276 @115873 refund my money your driver does not have a single rupee in his pocket and i had to pay toll twice.. Uber support sucks..,Uber_Support
1140047,2017-10-24 15:25:42,388374,@VirginTrains I think you have miss understood me,VirginTrains
1139902,2017-10-24 15:28:13,388331,@SpotifyCares That's just a few off the top of my head,SpotifyCares
1142125,2017-10-24 15:29:25,388834,@AppleSupport I got iTunes. I signed it. All I see is music/TV related stuff... Is there a way to browse apps?,AppleSupport
1140908,2017-10-24 15:32:24,388554,"Hola @115821 
Hasta ahora me considero un buen cliente vuestro, pero...
https://t.co/cxbFhwG1up",AmazonHelp
750149,2017-10-24 15:34:18,299306,"@AppleSupport It’s not pulling up any address or locations for directions. That’s okay though, @200998 works fine.",AppleSupport
1142012,2017-10-24 15:39:16,182232,"Seems @115821 @AmazonHelp are up to their old tricks - this time buy through their global store and you have no rights,they say.",AmazonHelp
1140840,2017-10-24 15:44:06,388545,"@AmazonHelp I opened a seller's account and closed the account 2/3 days later, $39.99 check was to be mailed to my house, still waiting.",AmazonHelp
1156784,2017-10-24 15:45:21,392122,@115858 @AppleSupport saco el cel del bolso y esta así? Wtf happened here? https://t.co/awI6aM8Wv3,AppleSupport
1160986,2017-10-24 15:48:40,393152,Is it just me or do the  @115900 technicians ALWAYS ask to use the bathroom?,comcastcares
1135199,2017-10-24 15:48:54,387435,@AmazonHelp I signed up 2 days ago,AmazonHelp
1148945,2017-10-24 15:50:30,390381,@Uber_Support I did,Uber_Support
928443,2017-10-24 15:51:14,393121,@340300 @115888 @SpotifyCares I have the same issue :(,SpotifyCares
1142223,2017-10-24 15:51:24,388861,"@TMobileHelp you heard it folks, just hit the retweet button and donate to hurricane relief!",TMobileHelp
1142112,2017-10-24 15:51:45,201998,@AppleSupport iPhone 6s Plus. I have the IOS 11.0.2,AppleSupport
1159660,2017-10-24 15:52:53,392811,@AmericanAir useless app won't let me check-in online now been on hold for 20 minutes on the phone. Quality customer service.,AmericanAir
1014745,2017-10-24 15:54:29,360103,@AmazonHelp Who has call at which numbers akash these courier guy defend themselves as they caught doing wrong thing with me https://t.co/lhAcnJXlTR,AmazonHelp
1163489,2017-10-24 15:56:26,393693,@delta and/or @824 Got an unexpected email regarding a refund in process. Is this phishing? How can I tell? Thanks!,Delta
1142119,2017-10-24 15:58:16,388833,@AppleSupport Please fix this issue https://t.co/cpzPYBL1vK,AppleSupport
1159366,2017-10-24 15:58:45,392737,"Hey @AmazonHelp how come every time I pre-order a Christian non-fiction book from @116090, I get this message on/after the release date? https://t.co/Ljglh3kDJa",AmazonHelp
1141897,2017-10-24 16:07:03,388790,@AmazonHelp That fixed it. Odd. Thanks.,AmazonHelp
1159408,2017-10-24 16:08:39,392752,@115858 @AppleSupport After update ios 11.0.3 my iPhone 7 stucks with Apple logo and I can't use it. I use it to work. How can I fix it asap?,AppleSupport
1156792,2017-10-24 16:13:26,392126,@Uber_Support done &amp; what about my docs being in review?,Uber_Support
1157961,2017-10-24 16:14:00,392397,@115821 what is up with Order# 113-5564825-4549854.  Ordered two day shipping three days ago and it has not shipped yet.,AmazonHelp
1155285,2017-10-24 16:17:54,391770,“By 2019” @115858 ??? Are you fucking serious??? https://t.co/hTON2aNGLo,AppleSupport
1157933,2017-10-24 16:20:20,392389,@115821 you sold me a counterfeit product. Your customer service refused to back up your A-Z guarantee policy. Customer service contact me.,AmazonHelp
1153995,2017-10-24 16:23:57,150336,@Delta my 3:30 flight has been delayed to 5:38pm out of JFK. Do I need to get to the airport for my scheduled time or wait?,Delta
1160643,2017-10-24 16:26:25,393061,@AmazonHelp If I buy something from AllsortsAccessoriesUK but they say Amazon handle the returns does this qualify for free returns? Thanks!,AmazonHelp
1091778,2017-10-24 16:27:02,392835,"@115913 @115911 Good Job John! My dad is 82,&amp;wants IpadPro 10.5+data line + Iphone X, any deal for that? he's a little much but I want to make him happy :)",TMobileHelp
1111540,2017-10-24 16:27:16,382356,@AmericanAir Dropped you another DM. 😃 https://t.co/nQdktmSOto,AmericanAir
1144497,2017-10-24 16:28:40,295888,@126260 @SouthwestAir Okay okay I’ll do it. Cya Thursday,SouthwestAir
1160680,2017-10-24 16:31:09,393071,"@AppleSupport I thought the new update was meant to fix problems with 7+'s, not make them worse???:)))))",AppleSupport
1159470,2017-10-24 16:31:28,392766,"@Uber_Support Can you simply call me and collect the details, do you think your product is error free! The link isn't working",Uber_Support
1034717,2017-10-24 16:31:42,364769,"@AmazonHelp we need product ASAP..
We are very disappointed",AmazonHelp
1137751,2017-10-24 16:36:44,387988,@236292 @AmazonHelp Information on the previous film (https://t.co/7i3iePcKSF) is also incorrect. It is only in English and has no subtitles. Hope that helps.,AmazonHelp
1897443,2017-10-24 16:38:40,565510,@SpotifyCares I’m trying to buy premium but it’s not recognizing previous email address and I forgot my password. Can you assist?,SpotifyCares
1159421,2017-10-24 16:40:32,392754,@AppleSupport so basically I need my trusted device(broken) to get into my apple account to get my recovery key? this is not helpful at all.,AppleSupport
1129940,2017-10-24 16:40:59,386310,"@Delta Nearly five hours later, this flight has yet to take off, due to the tardiness of the crew member.",Delta
1160647,2017-10-24 16:42:41,393063,"@115830 Hi got an email about a refund but it’s a diff card now than the one I paid on as it’s a new card, will that make a difference?",AmazonHelp
1160640,2017-10-24 16:46:01,393060,Had an email asking me to review an item I'm still waiting to receive.Then @115830 won't accept the review? So where's my items?,AmazonHelp
1152855,2017-10-24 16:47:58,391275,@Uber_Support I want to delete my Uber account but I forgotten my password..plz help me out,Uber_Support
1153887,2017-10-24 16:48:54,391479,"@AppleSupport why is my iPhone jet black all stained? It is always with its cover, from apple! Does the warranty cover that?",AppleSupport
1152726,2017-10-24 16:52:51,283086,"@AmazonHelp No, new items I'm trying to order. All 3 are Prime. 2 say guaranteed 10/30, other says expected 10/30",AmazonHelp
1151211,2017-10-24 16:54:26,390907,@AmericanAir It really comes down to the “ take it or leave it “ that just oozes from the counter personnel.,AmericanAir
1152766,2017-10-24 16:58:01,391256,@AppleSupport @115858 whats going on with your #ios1103 ??? fix it pls it’s a mess !!! #fail back to #android ?,AppleSupport
1152665,2017-10-24 16:59:01,386598,@115850 pathetic service and pathetic representatives,AmazonHelp
1163493,2017-10-24 17:01:39,393694,@Delta Phones dying with no charging capability on DL5251. Sent back to gate &amp; sitting on plane. Pls inform passengers what's going on.,Delta
1163625,2017-10-24 17:03:23,298210,I’m just out here tryna have a good time watching Netflix and @115911   isn’t giving me service :(,TMobileHelp
1152556,2017-10-24 17:03:42,152733,"@AmazonHelp cc says they refunded,but my bank differs.what to do",AmazonHelp
1152650,2017-10-24 17:06:42,391228,@AmazonHelp that time you did not helped me,AmazonHelp
1160828,2017-10-24 17:06:44,164929,"@SpotifyCares Restarting doesn't do anything, and I'm connected to a home network.",SpotifyCares
1153817,2017-10-24 17:08:22,391464,"@AppleSupport The maps app can locate my position correctly, but directions and searching are not currently functional",AppleSupport
1160653,2017-10-24 17:12:31,393064,"@AmazonHelp Yes, it worked, and why necessary???",AmazonHelp
1897585,2017-10-24 17:14:43,121289,"@AppleSupport #iPhone8Plus. While d'loading App it says- Not signed in istore, asks me 2 click on Review button n lands on a blank screen.",AppleSupport
1153911,2017-10-24 17:15:30,391485,@Uber_Support Already register my issue but still waiting for reply.... cheating.... just deleted app. Lots of other options. Thanks for everything,Uber_Support
879006,2017-10-24 17:15:35,328681,"@328680 @AmericanAir @328679 Yes, but people need to learn the new address system. Greg has nothing to do with @AmericanAir customer service.",AmericanAir
1152577,2017-10-24 17:17:16,391222,@115821 pls stop using canada post as a carrier they never deliver anything they just leave slips to pick up if I wanted that id go to store,AmazonHelp
1109748,2017-10-24 17:17:28,381888,@comcastcares thank you!,comcastcares
1152920,2017-10-24 17:18:22,241433,@Delta Thanks!,Delta
1153105,2017-10-24 17:19:19,318863,"@VirginTrains No, I tell you when you’re great so I’ll also tell you when you’re poor",VirginTrains
1154271,2017-10-24 17:20:56,391569,My daughters 1st Flight  sitting like a big girl on @SouthwestAir https://t.co/gMjjoF1Iwx,SouthwestAir
1153679,2017-10-24 17:20:57,385785,@AmazonHelp I reported it.,AmazonHelp
1131250,2017-10-24 17:24:45,386598,@AmazonHelp Which link?,AmazonHelp
1155206,2017-10-24 17:26:50,141072,"@AppleSupport aight you guys, I'm TIRED of battery drainage on iOS 11.0.3, I have my iPhone for a month and a half and suddenly after +",AppleSupport
1153752,2017-10-24 17:29:18,391451,"Prime renouvelé sur @120533, première commande en livraison 24h, déjà en retard. Pourquoi me suis-je réabonné déjà ?",AmazonHelp
1119119,2017-10-24 17:33:11,384052,@119350 @AmazonHelp I speak point to point. I don't whine,AmazonHelp
1152944,2017-10-24 17:35:25,391289,@Delta I'd like to know if they are still on the plane because I think by law after 3 hours they must let you off.,Delta
845872,2017-10-24 17:37:42,321051,@AppleSupport Cellular signal. iOS 11.,AppleSupport
1155153,2017-10-24 17:41:42,391745,@115821 there is an email scam using ur name. #Beware https://t.co/xnH8zEXm3J,AmazonHelp
1147147,2017-10-24 17:41:51,389988,@389989 @Uber_Support Cute,Uber_Support
1142084,2017-10-24 17:44:38,388825,@AppleSupport iOS 11.0.3 - keeps freezing and the only way to get it to work is if I restart my phone. It’s doing it like every 15/20 mins ☹️,AppleSupport
1908670,2017-10-24 17:45:26,568608,"@SpotifyCares Im trying to get the student discount, my university is on the list- but Its not recognizing as a student. I’m a freshman! https://t.co/zMpyQ9qjdt",SpotifyCares
1155116,2017-10-24 17:46:38,391735,It’s great that @115821 prime gives discounts on special editions. This is the second one we’ve order and both were damaged. Never again. 😡,AmazonHelp
1166910,2017-10-24 17:49:14,394473,@AmericanAir y’all need to step up your online res game. Sitting on the phone for 30 minutes to change your flight is so 2004.,AmericanAir
1014765,2017-10-24 17:53:14,360103,@AmazonHelp They must be fired,AmazonHelp
938215,2017-10-24 17:54:05,342406,@AppleSupport Hi! Every sound you mention isn’t working. I’ve checked them all. They do however all work fine through a Bluetooth speaker. Thanks!,AppleSupport
1155396,2017-10-24 17:54:33,391795,@TMobileHelp I'm so there!,TMobileHelp
1014756,2017-10-24 17:56:12,360103,@AmazonHelp And let me know,AmazonHelp
1622589,2017-10-24 17:58:18,497117,@824 My boarding pass won’t show TSA Pre-check.,Delta
1165996,2017-10-24 17:59:21,394262,"@ComcastCares
#mobile_Care why is my TV lagging on every channel? Restart didn’t help either",comcastcares
1141906,2017-10-24 17:59:41,219482,@AmazonHelp According to return policy mobile should be return in 10 days. But it going to be 15 days but till now mobile hasn't been pickup @115821.IN,AmazonHelp
1156238,2017-10-24 18:05:12,391984,@AmazonHelp I was not given a reason for the delay.,AmazonHelp
1153875,2017-10-24 18:05:24,391476,@AppleSupport Both and only the one contact so far.,AppleSupport
1168035,2017-10-24 18:09:32,394742,"@ComcastCares
#mobile_Care. Is there a cable prob in washougal",comcastcares
1147798,2017-10-24 18:10:00,390130,@115850 Yes. I chose the option of contact seller and gave a feedback.,AmazonHelp
1149823,2017-10-24 18:13:28,390576,@Uber_Support And thank you in advance for trying to provide a humanized non copy paste response. It's so incredibly frustrating right now.,Uber_Support
1025670,2017-10-24 18:13:53,394446,@AppleSupport my iPhone keeps restarting by itself ? I earesed all the content and settings and it’s still the same ?,AppleSupport
1169140,2017-10-24 18:14:37,395008,"Yo, @115888, what’s the deal with not putting @335536 ‘s #Glasshouse in New Releases? #yousleepin",SpotifyCares
1081457,2017-10-24 18:16:48,375107,@AmazonHelp Do you have any manager who can talk with me...,AmazonHelp
1169103,2017-10-24 18:22:37,395000,HUGE shout out to an @AmericanAir employee who was EXTREMELY kind &amp; helpful!:),AmericanAir
1163763,2017-10-24 18:23:44,393759,@120576 @VirginTrains ...still no power 😡,VirginTrains
1165663,2017-10-24 18:24:16,394182,@AmazonHelp yes i was contacted with the support and now i waiting for email by the seller,AmazonHelp
1908597,2017-10-24 18:24:49,455294,@SouthwestAir Hello when are the tickets going on sale for June 8th 2018 thank you!!,SouthwestAir
1165740,2017-10-24 18:26:54,394200,@AppleSupport We’ve been through this before. Nothing was fixed.,AppleSupport
1173022,2017-10-24 18:31:28,395900,I appreciate you @117795 💗🙏🏽 but what is this? ONE jalapeño?? https://t.co/VB6Ph9ANf6,AmazonHelp
185275,2017-10-24 18:31:37,159571,@Uber_Support Thanks. You can check the trip logs plus I have screenshot to give as proof,Uber_Support
1159411,2017-10-24 18:34:08,234108,@AppleSupport Is this a joke? Try clicking the link I included. This is an 8 year old problem that somehow has to do with Quicktime?!?,AppleSupport
1780458,2017-10-24 18:36:24,534920,"@534895 @comcastcares I second this. My internet has been really bad lately to, last night it went down for 3 hours.",comcastcares
1171359,2017-10-24 18:37:54,375959,@AmazonHelp what are you guys doing? Second day in a row for horrible deliveries. Where did the amazon that I loved go? https://t.co/GIqRvhBIxk,AmazonHelp
1908711,2017-10-24 18:38:15,568622,@115858 iOS 11 is dick. So many lock screen bugs and no alarm volume control ?!,AppleSupport
1168857,2017-10-24 18:44:12,394938,iTunes deleted all my music off my phone and I talked to 5 people from apple care and no one knows how to fix it (-: @115858 @AppleSupport,AppleSupport
1171596,2017-10-24 18:45:01,395549,"Rhonda from @AmericanAir: “Ooh girl, I know why you’re going out to Dallas, you’re gonna get buck wild” 

*high fives me* https://t.co/dnaLuJRHfT",AmericanAir
1165636,2017-10-24 18:47:29,394177,@AmazonHelp Any updates?,AmazonHelp
1168998,2017-10-24 18:49:03,394981,"Deltaaaaaa, what is happening at @158121??? These bag drop lines, even the #SkyPriority one, are ridiculous and long :( @Delta",Delta
1909455,2017-10-24 18:52:48,191081,@115873 told me my driver making an unplanned stop and making me wait was out of there control .... what?,Uber_Support
1168002,2017-10-24 18:53:13,394732,@TMobileHelp Hi! Can you help me check my data stash? The website says 0MB included which is... wrong. :-),TMobileHelp
1170190,2017-10-24 18:56:11,395238,So why didn’t @115858 advise that you lose all your workout activity info once you unpair your Apple Watch from your iPhone? @AppleSupport,AppleSupport
341526,2017-10-24 18:56:45,197580,"@AmazonHelp 1 st the company has made fraud, &amp; after u should approach to ur customer &amp; serve them better, instead u tell , investigation is being on..?",AmazonHelp
1171343,2017-10-24 19:03:43,395486,Nice to see that in order to make Prime look worthwhile @115821 now delays shipping your items for 2 days!!,AmazonHelp
1175580,2017-10-24 19:04:28,396536,@AppleSupport is it possible to downgrade to iOS 10? 11 is driving me NUTS! 😫,AppleSupport
1168800,2017-10-24 19:08:44,392393,@AmazonHelp Les clients sont devenus des vaches à lait et ne sont plus respectés,AmazonHelp
1167913,2017-10-24 19:09:14,337641,@AmericanAir  https://t.co/gYYFkiW6HP,AmericanAir
1169139,2017-10-24 19:13:02,395008,"@SpotifyCares 15” MacBook Pro, macOS Sierra 10.12.6, Spotify Premium 1.0.66478.g1296534d",SpotifyCares
1171441,2017-10-24 19:14:33,395508,"So are @115873 pickups at airports allowed?

Asking for myself.",Uber_Support
1168817,2017-10-24 19:15:12,355518,@AmazonHelp Oh and P.S. I'm a Prime member but will not renew my membership!!,AmazonHelp
1909126,2017-10-24 19:19:04,395252,@Delta Can you put me on that as back up ? Although i have first class on the original. Options please,Delta
1168804,2017-10-24 19:20:16,392393,@AmazonHelp Et le client n'a certainement à rentrer dans des «procédures»  pour vos erreurs vous êtes assurés,AmazonHelp
1171420,2017-10-24 19:21:22,395501,"@AppleSupport Hi, is it a known issue that after latest update ssh is no more working with all agents crashing or freezing? I.E. No @43874",AppleSupport
1170555,2017-10-24 19:27:22,395305,Back at BUR for another @SouthwestAir flight.  105 at noon in October! 😳  ✈️ #esports https://t.co/a46m5MA7gO,SouthwestAir
1170055,2017-10-24 19:27:39,395205,"@AmazonHelp It was charged with the other items I got in that same order, it showed a reversal for how much it was, and then that reversal disapleared.",AmazonHelp
1170158,2017-10-24 19:28:37,395229,@AppleSupport (1) Thanks! I'm trying to update it since yesterday. I tried to do it manually but I couldn't and mobile stayed on black apple screen.,AppleSupport
1174177,2017-10-24 19:29:23,396170,"Bingo! First class upgrade from Portland to Charlotte. Yes Brits, you can fly 4,000 km within the same country. Thx @AmericanAir 👍#COYS",AmericanAir
1171632,2017-10-24 19:35:53,395561,@TMobileHelp @115913 My pre order pixel 2 will deliver nov 16-20. How does it work? Am i still avail the promotion?,TMobileHelp
1171384,2017-10-24 19:40:11,394916,@AmazonHelp Except it’s already been dispatched because up until 7.45pm the Amazon app was telling me it was nearly at my house.,AmazonHelp
1909447,2017-10-24 19:42:22,568811,hey @115858 iOS 11 is VERY buggy and adds little to no value to my iPhone as it stands,AppleSupport
1173026,2017-10-24 19:49:12,359872,"Yes. I'm having major issues.Two packages were stolen from my porch this morning and I am mad as hell! 
$600 worth of scientific instruments https://t.co/YZMchupcG3",AmazonHelp
1909418,2017-10-24 19:49:55,362838,@Delta we are so going to gave to talk after this nightmare of a travel adventure.  Hope I make it home tonight everyone.,Delta
1172244,2017-10-24 19:52:06,395735,@AppleSupport I received this email and i want to know if is real or fraud. Thanks,AppleSupport
1174975,2017-10-24 19:54:30,396372,@SpotifyCares I've been dealing with a billing issue for more than an hour now. This entire thing could have been solved in less than 10 minutes.,SpotifyCares
1173132,2017-10-24 19:56:11,395927,ugh. 2 @115873 pools cancelled. 1 went a bit far from the pickup point. the other one cancelled upon knowing our destination. wth.,Uber_Support
1909359,2017-10-24 19:57:23,568784,@115913 Is T-Mobile going to carry the Goggle Pixel phones anytime soon...,TMobileHelp
1172321,2017-10-24 19:57:23,185274,@AmericanAir Was speaking about flight 1903 from pitt to phl that I was trying to go standby on,AmericanAir
1172222,2017-10-24 19:58:32,395726,@AppleSupport 6s+ and I don't have the newest update,AppleSupport
1173007,2017-10-24 19:59:18,395895,"My latest Amazon package is delayed ""due to weather or natural disaster."" Location: Hialeah.",AmazonHelp
1173314,2017-10-24 20:02:25,395973,@SouthwestAir how come you guys never send me drink coupons even though I've had your credit card for 2 years?,SouthwestAir
1170070,2017-10-24 20:06:07,395210,"@AmazonHelp O NÚMERO 26 TAMBÉM SE ENCONTRA COM VALOR IRREAL (R$250,24).",AmazonHelp
1175757,2017-10-24 20:09:20,365347,@comcastcares upgrades in neighborhood = overnight internet outages? Why can’t y’all roll a truck to fix what contractors broke during day?,comcastcares
1173909,2017-10-24 20:10:53,396110,"@AmazonHelp hi, you've cancelled and refunded my order of £16.15 without asking me. To reorder will cost me £20.48 - bit of a piss take no 🤔",AmazonHelp
1909766,2017-10-24 20:10:55,568917,"@AppleSupport any reason why on iOS 11 my speaker phone, making calls etc. Stops completely working at times as well as freezes my iPhone 7?",AppleSupport
1115874,2017-10-24 20:12:52,383312,@Uber_Support I sent my questions to that link you provided last night and no one has replied back. 😫,Uber_Support
1168852,2017-10-24 20:17:33,394936,@AppleSupport Mail app. Also having problem iMessaging pictures.,AppleSupport
1175020,2017-10-24 20:20:13,138073,"@TMobileHelp eww, looks like I waited to late to get the good ones. Alright then thanks!",TMobileHelp
1081388,2017-10-24 20:22:50,375097,@AmazonHelp What will happen if you get that letter...,AmazonHelp
1179900,2017-10-24 20:23:39,145891,@SpotifyCares I have a student discount on my account and I have a nus card how do I keep my membership?,SpotifyCares
1178249,2017-10-24 20:28:27,397111,@AmericanAir 2 hours of tarmac time on the way out of Miami last week and now an hour of tarmac time today coming back in. #wow,AmericanAir
1173040,2017-10-24 20:31:15,395903,@AmazonHelp The A to Z claims are only good for non-disputed orders. Will we still be able to file with you in the event it’s not favorable?,AmazonHelp
1164652,2017-10-24 20:31:40,393959,@AppleSupport I purchased an in app upgrade and it's taken the money but the upgrade hasn't been applied. Contacted the app developer but no reply. What do I do?,AppleSupport
1143635,2017-10-24 20:32:26,389171,@Uber_Support Thanks for the response. The link takes me to a help page with no relevant section. Doesn't seem possible to send a note or speak to anyone.,Uber_Support
1174908,2017-10-24 20:35:18,396358,@Delta so I made a mistake on my booking today and misspelled a passengers name do I really need to be on hold for an hour to correct this?,Delta
1175799,2017-10-24 20:37:41,396581,@SouthwestAir second leg of trip to San Fran cancelled. Re-routed to LA to SFO cancelled. SWA SUCKS!!!,SouthwestAir
1164664,2017-10-24 20:39:06,393963,@AppleSupport I was having whatsapp call and I wasn’t able to control the speaker volume..it was showing on the screen that the volume is changing but nothing actually happened..any idea? Am using the last iOS version,AppleSupport
1178052,2017-10-24 20:46:38,397063,Idk who has the worst customer service @5268 or @115821 but I’m def. over them both over today .,AmazonHelp
1164666,2017-10-24 20:48:28,393964,"@AppleSupport trying to create a bootable usb installer for High Sierra through Terminal, getting an error message that says this! help! https://t.co/ErdirfRqVy",AppleSupport
1631627,2017-10-24 20:52:41,499347,@SpotifyCares someone keeps hijacking my acct :( I've logged out of all devices from the website but it's still happening... help!?,SpotifyCares
1175823,2017-10-24 20:53:49,396588,I like travelling on @VirginTrains but this is testing my patience... https://t.co/8lq1zw31h6,VirginTrains
1172268,2017-10-24 20:57:05,395741,"@Uber_Support Thanks, I’ve responded back to you, hopefully I get a response back this year 😒",Uber_Support
1178208,2017-10-24 20:57:23,397102,"New York is always a good idea ♥️✈️

✔️Christmas trip @AmericanAir ⛄️ https://t.co/wusXZgPVdY",AmericanAir
1164730,2017-10-24 20:59:03,393981,I don't believe that this @Delta flight is only going to be 10 minutes late-there's no plane at the gate with only an hour until we takeoff,Delta
1909953,2017-10-24 21:01:18,568975,"@AppleSupport 11.0.3 lags, judders, freezes, crashes. You’ve heard of Beta testing before releasing software, right? You know it’s a thing?",AppleSupport
1173885,2017-10-24 21:02:31,396104,@AmazonHelp That didn't help. The item follows all of those requirements. https://t.co/a7zDbXi6Cc. Could be a bug? No item-related pun intended.,AmazonHelp
1178096,2017-10-24 21:09:53,397072,ok so my phone won’t let me send imessages or use my maps WHY THOSE ARE IMPORTANT @AppleSupport,AppleSupport
1164885,2017-10-24 21:11:25,394023,@TMobileHelp @115913 we'll see,TMobileHelp
1164918,2017-10-24 21:13:19,394033,@SouthwestAir Love the kiosks but hate there is no A-List Preferred bag drop line.,SouthwestAir
1179722,2017-10-24 21:14:57,253648,@AmazonHelp i still have not received my package after waiting the rare 36 hours. Id like instructions on how to follow up on this.,AmazonHelp
185299,2017-10-24 21:15:38,159576,@Uber_Support can you confirm the fact that you own that email address and that you sent that email?,Uber_Support
1175550,2017-10-24 21:20:51,396528,"@AppleSupport also, when I toggle the keyboard to emojis I lose the writing window so can’t see what I’m typing.",AppleSupport
1173150,2017-10-24 21:22:17,395932,@Delta Michael and Doug both should focus on handling baggage. They won’t get  aneurisms actually servicing customers. Suspended at minimum https://t.co/S0xRyX0LRh,Delta
1185803,2017-10-24 21:25:15,398824,Yo @AmazonHelp when can I expect Mario Odyssey to be shipped? Order says delivery date pending. I didn't get prime for nothing.,AmazonHelp
1178259,2017-10-24 21:25:45,397113,@115913 @115911 was just informed that my Netflix on us is causing my phone not to work?? And that the feature must be removed,TMobileHelp
1909698,2017-10-24 21:26:49,568894,@SpotifyCares @147836 Web app.,SpotifyCares
1180790,2017-10-24 21:28:32,397712,"@AmericanAir Horrible customer service, refusing to assist my wife and even let her with explain she didn´t do nothing wrong! SHAME!!",AmericanAir
1178095,2017-10-24 21:29:56,397072,@AppleSupport it won’t send! it doesn’t say anything like “not sent” it just doesn’t do anything,AppleSupport
1780456,2017-10-24 21:31:25,126431,@534895 @comcastcares I feel the same way Hassan,comcastcares
1179054,2017-10-24 21:36:12,116421,@VirginTrains It’s too cold!,VirginTrains
1178865,2017-10-24 21:37:36,397273,@AmazonHelp Gracias por la respuesta automática pero no hay inconveniente .. Es más bien un problema de su herramienta de personalización en mailing. https://t.co/ta21XnpXhA,AmazonHelp
1179865,2017-10-24 21:40:09,397476,Something is wrong with my #uber app ☹️,Uber_Support
1152773,2017-10-24 21:41:57,201771,@AppleSupport Perhaps not. But not a single one should. Purple? Aqua? Words half the size of those next to it? It’s absurd.,AppleSupport
1179683,2017-10-24 21:48:29,208971,Hola @116928 una suspensión de cuenta de vendedor sin motivo y sin obtener respuesta debería de ser estudiando por la UE no?,AmazonHelp
1180564,2017-10-24 21:52:45,397668,".@AppleSupport since updating my iPhone 6 to iOS 11.3, it’s almost unusable. Slow to load some apps and crashing others. Just FYI.",AppleSupport
1182710,2017-10-24 21:53:31,398127,@AmericanAir No one around me appreciated the “offer.” At all. Perhaps a less intrusive option can be discussed. Thanks.,AmericanAir
1179710,2017-10-24 21:55:05,397444,@AmazonHelp Pela Amazon.,AmazonHelp
1180979,2017-10-24 22:01:22,397744,Shout out to the entire @SouthwestAir #Flight1518 crew. #Traci has a big personality! #outstandingservice,SouthwestAir
1180557,2017-10-24 22:02:41,397666,@115821 @AmazonHelp the second time I've had air filters shipped to me this way. doesn't work with heavy items sitting on top! 🙄🙄 https://t.co/JAxRMpIkyv,AmazonHelp
1181701,2017-10-24 22:04:55,397902,@Uber_Support really?? https://t.co/aEvJ3PXh7H,Uber_Support
1179746,2017-10-24 22:07:48,397449,@AppleSupport Sorted now 👍,AppleSupport
1181781,2017-10-24 22:09:32,397918,If @115888 could go ahead and make up their mind about their layout https://t.co/PuYSVP7BVZ,SpotifyCares
1178070,2017-10-24 22:10:39,397066,"@AmazonHelp Waiting on a refund &amp; when I’ve called over the last few days, the refund still hasn’t been initiated on Amazon’s end 😔",AmazonHelp
1181807,2017-10-24 22:16:33,172581,"Really, @115911? Just tested @115911 in Newark, NJ 07102, USA: 1.4Mbps using https://t.co/S3lIKFcqnq #opensignal #speedtest https://t.co/ykfLWGlQaZ",TMobileHelp
1181489,2017-10-24 22:20:14,201000,@AppleSupport is there a way to have the camera in iMessage show the back camera rather than front facing. iOS 11 iPhone 8plus,AppleSupport
1198542,2017-10-24 22:21:10,356199,"@116316 You have English as an option for language, yet I can't leave a review in English? What's up with that?",AmazonHelp
1185139,2017-10-24 22:22:35,398671,@Delta 3800 flight - unimpressed by the scam show tonight,Delta
1186061,2017-10-24 22:23:19,398891,@115900 @163364 @4165 @855 Anyone going to reply?,comcastcares
1173125,2017-10-24 22:25:24,395925,@Uber_Support Sent,Uber_Support
1179877,2017-10-24 22:29:39,397480,@AmericanAir My bag was the proper size I was told no room left then I find this when I board https://t.co/B68TCbV84G,AmericanAir
1182467,2017-10-24 22:34:15,398075,@AmazonHelp I need to inquire about returned shipping fees. I purchased overnight delivery but here we are. The next day. No package,AmazonHelp
1182763,2017-10-24 22:35:42,397914,@115888 if you don’t help me i’m gonna switch for apple music.,SpotifyCares
1195966,2017-10-24 22:35:54,401015,"@AppleSupport Help! I updated to iOS 11.03 now my phone freezes, apps keep closing, I can’t hear people on the phone / it turns itself off 😤",AppleSupport
1187091,2017-10-24 22:39:49,399142,@115821 please tell me how to reach custmr service IN the US. I’ve received conflicting info from oversees worker RE.2 missing pkgs in 1 wk,AmazonHelp
1184246,2017-10-24 22:46:17,398474,@398475 @136221 @169291 @50668 @195414 @50669 @398476 @398477 @50670 @398478 @398479 @TMobileHelp Thanks for replying  .. but I couldn't find any thing regarding the Carrier Aggregation bands details for Google Pixel 2 like the Google Pixel 1 😕 https://t.co/J8X4taDG5g,TMobileHelp
1184158,2017-10-24 22:47:39,122616,@Uber_Support  the fare is usually 25 dollars for where I am and I’m trying to get a ride home from college tonight and where I am it’s 55.,Uber_Support
1167710,2017-10-24 22:48:43,394655,"@AmazonHelp Ok, it’s near midnight here. My mom’s birthday is on the 28th. Hopefully we can sort this before then. Night",AmazonHelp
1185087,2017-10-24 22:51:17,396180,@AppleSupport why is Apple music streaming stuttering on an lte connection? Usually doesn’t happen. Is there a service issue?? https://t.co/vWuY3JfaLP,AppleSupport
1195969,2017-10-24 22:51:52,401016,@SouthwestAir It makes me feel uncomfortable asking someone to remove their item from a seat so I can sit there. Maybe I'm an outlier. Doesn't seem right.,SouthwestAir
1185076,2017-10-24 22:59:32,398654,@AppleSupport help this keeps happening everytime I try to update and I have storage? https://t.co/78phBlmYUr,AppleSupport
1170379,2017-10-24 22:59:53,395273,@AmericanAir Thank you,AmericanAir
1185895,2017-10-24 23:00:02,398851,When your @Delta pilot says there are strong headwinds so he's flying the plane like he stole it. 😂 Love that guy. ✈️👍 #fromtheflightdeck,Delta
1185011,2017-10-24 23:06:42,398641,@AmazonHelp i ordered a shirt on amazon prime yesterday and was promised 2 day shipping. says it isn’t arriving until monday? that’s a week,AmazonHelp
1185851,2017-10-24 23:09:25,398842,@AppleSupport since installing iOS 11.0.3 my phone app will not work.  Have to use Siri to make calls and retrieve voice mails?  Help!,AppleSupport
1158318,2017-10-24 23:09:38,398696,@115913 @115911 I just got the 8+ can I jump again to the x?,TMobileHelp
1186100,2017-10-24 23:13:34,397739,@398899 @115900 Mixed emotions lol fan right now internet is working,comcastcares
1185929,2017-10-24 23:17:11,213344,Honestly sick of @115873 drivers taking 5-15 minutes longer than the estimated time for pick up. Step it up or @115879 it is 😤,Uber_Support
1177180,2017-10-24 23:19:13,396888,"@AppleSupport Restarted, re-seated my SIM card, checked for carrier update. Nothing. It's a 7 Plus on Verizon iOS 11.0.3",AppleSupport
1185805,2017-10-24 23:20:59,398825,".@115821 If I’m paying for Prime to have 2 day free shipping, why is it saying my Prime order won’t be delivered until next Tuesday? https://t.co/XokrfTkYv3",AmazonHelp
1195263,2017-10-24 23:25:29,221675,.@SpotifyCares @115888 will my time capsule personalized playlist refresh after a week?? I just found it and I don’t ever wanna lose it!!,SpotifyCares
1185952,2017-10-24 23:28:19,221588,@Uber_Support Your destinations clearly still need work. This wasted my time to go pickup the ride then it took away the last of my two destination,Uber_Support
1185978,2017-10-24 23:34:02,398867,@AmericanAir And no ground support. 100s of us all stranded here and all we have is a toll free number. You guys need to do better.,AmericanAir
1186502,2017-10-24 23:35:19,375298,@AmazonHelp I did and it said that @115850 won't be able to help me further with it. If you can't then who can? This is crazy!!😡 https://t.co/sqHOdw5osN,AmazonHelp
1186757,2017-10-24 23:36:31,399055,@comcastcares No issues just getting used to the new lineup thank you!,comcastcares
1185828,2017-10-24 23:43:02,398834,@AppleSupport Yea- I have done that one too many times since new iOS 11 came out. This is not what apple used to be.,AppleSupport
1187180,2017-10-24 23:44:01,399163,"@399164 @Delta Fucking dead, I slept more last night than I did Wednesday - Saturday combined 😂",Delta
1187913,2017-10-24 23:44:17,399344,The flight back home was better than the departing flight to Portland @SouthwestAir. Except for the two year old that kicked my seat,SouthwestAir
1187727,2017-10-24 23:49:44,399289,@117804 @117086  Da pra acelerar aê meu pacote??,AmazonHelp
1902336,2017-10-24 23:50:38,399186,Hurricane Maria help us https://t.co/jf98R2BUEJ,TMobileHelp
1866253,2017-10-24 23:54:58,557553,@AppleSupport @557552 Lmfaooooooo,AppleSupport
1187205,2017-10-24 23:57:49,399167,"@Uber_Support hello i cant log in as it asks for my verification code which is sent to my phone - which is currently in the back of the cab, cant log on",Uber_Support
1902406,2017-10-24 23:59:21,566954,@115900 @116136 @comcastcares. What a heartless company you run! Our home was destroyed by a fire and you can't waive a $160 cancel fee,comcastcares
1187238,2017-10-24 23:59:22,399179,"@AmericanAir Thanks, looking at April so we should be good.",AmericanAir
1187718,2017-10-25 00:05:29,399288,"Also, @115821 shipped ANOTHER part of my costume to the wrong  facility so it's delayed...Halloween ain't meant to be for me this year.",AmazonHelp
1133208,2017-10-25 00:07:41,387018,@AppleSupport I did and when I restarted phone it was already in the update mode even though I turned it off and then reset my phone. Why can't apple fix?,AppleSupport
1188284,2017-10-25 00:10:00,399437,"@SpotifyCares Hey spotify, my account was hacked into about 30 minutes ago, and I would like to get it recovered as fast as possible.",SpotifyCares
1188295,2017-10-25 00:19:06,232913,@comcastcares @116136,comcastcares
1176421,2017-10-25 00:20:12,396720,Seriously @115873? They gave me this message 3 times in a row .... ive been waiting at the airport for an hour now 😖😡 https://t.co/vk00T4tG6F,Uber_Support
1184001,2017-10-25 00:24:57,398411,@AppleSupport Wow❗️❗️ You Guys Are The Best I Didn’t Expect It To Work I Had My Doubts But You I Was Overwhelmed Thanks @AppleSupport,AppleSupport
1188135,2017-10-25 00:25:56,399405,@Delta huge kudos to your crew from Detroit to Marquette today.. smooth landing in crazy wind and sleet at MQT! #puremichigan #niceride,Delta
1176270,2017-10-25 00:27:05,320915,"@AmazonHelp Can you clarify: I don't want Unlimited playing on all theee Dots together at once, I want to access Unlimited on each Dot individually.",AmazonHelp
1176474,2017-10-25 00:27:38,396733,...and this is why I never will fly @AmericanAir again - 6 gates changes for my connection in DFW (cont) https://t.co/JWHdiCDLd9,AmericanAir
1902604,2017-10-25 00:35:27,567001,@115911 confused about this weekend magazine offer... No where does it say it's free and when u go to sign up it says it's $5.99 an issue.,TMobileHelp
2684781,2017-10-25 00:38:48,755074,"@Uber_Support. I've been working all night, I went to go back online on the uber driver app and it says ""cannot operate vehicle in london""",Uber_Support
1175761,2017-10-25 00:40:36,365347,"@comcastcares I ran into the 2nd team contractor from today’s maintenance. 1st team upgraded hardware, possibly didn’t measure panel signals.",comcastcares
1176267,2017-10-25 00:41:45,396695,"@AmazonHelp Thanks, but I figured it out!",AmazonHelp
1188116,2017-10-25 00:43:40,399401,@AppleSupport iPhone 7 across all email accounts on the mail app. And the device has been restarted,AppleSupport
1177404,2017-10-25 00:46:27,396936,@SouthwestAir TFMT4W - can't checkin using paid for early bird? Disgrace!,SouthwestAir
1176466,2017-10-25 00:49:23,396732,@AmericanAir Yes but have to pay extra...before any seats had at least a little more room than the plane I was on...,AmericanAir
1178915,2017-10-25 00:50:17,230690,"@AmazonHelp Thanks. I would suggest that (at least for lap/desktop interface), ur customer interface seems v disorganized. Frequent changes make redesign tough, but Prime, esp cld be improved",AmazonHelp
376343,2017-10-25 00:54:26,205274,"@Delta That way I can be checked in and change my seat, if needed, before I go to the agent to check my bag in.",Delta
1177285,2017-10-25 00:54:47,396913,@Uber_Support I sent my email.,Uber_Support
1176321,2017-10-25 00:58:41,396701,"@AppleSupport No, no updates or major changes.",AppleSupport
1187804,2017-10-25 01:06:56,399315,@Uber_Support I sent a DM your way. Thank you,Uber_Support
1193168,2017-10-25 01:07:04,400371,@comcastcares Sent,comcastcares
1193412,2017-10-25 01:08:22,400431,if I get my prime membership extended a month every-time @115821 logistics screws up delivery I will never have to pay for it again,AmazonHelp
1193106,2017-10-25 01:10:24,390620,"@AmericanAir Had the baggage crew loaded the plane properly and not pulled us back to the gate, we could’ve made the connecting flight.",AmericanAir
1193012,2017-10-25 01:12:27,396902,@824 @Delta you guys made me feel so bad today. You lost so many Delta Travellers in me! May god bless you.,Delta
1180602,2017-10-25 01:18:05,397677,@AppleSupport @240573 Really? The guy asked a yes or no question,AppleSupport
1176281,2017-10-25 01:20:57,396696,@AmazonHelp  https://t.co/gS1qCMd3JX,AmazonHelp
1194215,2017-10-25 01:21:33,342991,@SpotifyCares restarting my phone doesn't work and when it stops playing I go back into the app and press play but this comes up... https://t.co/T51cHuLQVI,SpotifyCares
1195259,2017-10-25 01:25:16,400880,every1 should have @115911 4 their cell service. Best co ✋👇👍👌💜😉,TMobileHelp
1194729,2017-10-25 01:27:12,400739,@115873 I can't find a way to contact Uber.  How do I unsubscribe my mailing address so that I don't get spam mail for /drivetoday??????,Uber_Support
1195265,2017-10-25 01:30:17,400881,"@ComcastCares
#mobile_CareXV
Turned on the cable, channel comes in momentarily then goes black with error message ""S0a00"" What's the deal?",comcastcares
1194025,2017-10-25 01:31:07,400562,Can I update my #iOS to 11.0.3 now or are there still problems? #Apple #iPhone #iOS1103 @AppleSupport,AppleSupport
1194229,2017-10-25 01:33:44,400616,@SouthwestAir It was a beautiful sight!!,SouthwestAir
1192984,2017-10-25 01:37:57,400318,@AmazonHelp I definitely will thank you!!,AmazonHelp
1194840,2017-10-25 01:40:32,400763,@AmericanAir time after time your flights are delayed because your flight attendants are not on time!#notgoodenough #badservice,AmericanAir
1194605,2017-10-25 01:43:13,400699,@Delta I bought inflight WiFi for one of my flights but wasn’t able to use it. Can you help?,Delta
1194563,2017-10-25 01:43:53,400688,@115858 icloud keychain is so messed up? i constantly have an approval request on my screen but my laptop also needs approval!!,AppleSupport
1194514,2017-10-25 01:49:54,400677,Amazon app refuses to load my shopping list. Fix please @115821,AmazonHelp
1195905,2017-10-25 01:55:31,351460,@401000 @400997 @Uber_Support HELP HES 2 FEET IN MY ASS HOLE,Uber_Support
1195198,2017-10-25 01:55:44,400864,@AppleSupport Having battery issues with iphone 7 ios 11.0.3.,AppleSupport
1195132,2017-10-25 02:01:16,214063,@AmazonHelp today was the first day I ever had a packaged pretty messed up from pantry ☹️ soap was left opened and leaked on everything https://t.co/biCazNfFV9,AmazonHelp
1199604,2017-10-25 02:03:37,401859,"@ComcastCares

Internet and cable have been out all day for the third time this month 🙃 shouldn’t have to pay my bill at this point",comcastcares
1195936,2017-10-25 02:07:08,401008,On 2017 we still have airplanes flying with thia type of entertainment on board! Guess the Airline?! @AmericanAir of course! Gttftgg https://t.co/0iIS2n5dmD,AmericanAir
1195860,2017-10-25 02:08:47,400986,"@AppleSupport WTF is happening ?! After update IOS 11.0.3 on iphone 6+, touch screen works 1/10 and battery is draining so fast. Its a joke?",AppleSupport
1195128,2017-10-25 02:09:59,400843,@AmazonHelp Dome time it happens that I have ordered 300 amount product but shipping is free of cost,AmazonHelp
1195958,2017-10-25 02:20:32,401013,@115911 you sure r the uncarrier. Lost a loyal customer of 10 years. I experienced a 3!! week!! run-around to settle an unlock sim request,TMobileHelp
1146919,2017-10-25 02:22:35,389935,"@AmazonHelp Today I m going to case in consumer court, I gave mail to Jeff bozz also but no response all Amazon teams make there false statement.",AmazonHelp
2684783,2017-10-25 02:23:26,755075,"@AppleSupport Also Bluetooth gets on by itself, when it is turned off.",AppleSupport
1187203,2017-10-25 02:26:42,289624,"@Uber_Support I don't, customer support took care of it. #ThankYou #SorryAboutThat",Uber_Support
1194593,2017-10-25 02:29:45,362838,"@Delta I've filled out forms online and at the airports.  I keep getting no traction. You figure an item is there, or isnt. shouldn't take 3 weeks.",Delta
946750,2017-10-25 02:38:12,344505,@SpotifyCares It only does this on Spotify. Logging out or restarting the device does not help.,SpotifyCares
1196758,2017-10-25 02:39:57,268746,Will I get the 50℅ cashback for Airtel digital TV transaction of Rs.200 on @262382 if I'll pay through Amazon pay balance? @115850,AmazonHelp
1196806,2017-10-25 02:43:21,401194,"Hi @AppleSupport please fix Calculator #iOS11 Bugs, type 1+2+3/4+5+6/7+8+9 quickly show Wrong Answers 😭",AppleSupport
1153780,2017-10-25 02:50:16,391454,@AmazonHelp Issue is like if I picked a call phone is getting hanged and got switched off. I have to switch it on again every time I am getting a call.,AmazonHelp
1903873,2017-10-25 02:50:47,567371,"@115900 seriously, getting annoyed with the poor quality of your service... AGAIN and while trying to watch the World Series on @691 https://t.co/pAUibO5VIA",comcastcares
1196905,2017-10-25 02:52:54,401221,"@115911 You know, many people from your company have tried to “help” me and nothing ever gets done. Probably going to take my business elsewear!",TMobileHelp
1188691,2017-10-25 02:54:53,399524,@Uber_Support and if that was a change that happened then why did i not get notified of this change? 2nd of all my bag was destroyed and food items opened,Uber_Support
1197223,2017-10-25 02:55:35,401304,"@AmericanAir - first time flying AA instead of @JetBlue. Bad Weather = 60 minutes on runway, and all flights to Boston are on hold? Come on",AmericanAir
1195164,2017-10-25 03:01:43,316424,"@AppleSupport Thanks. I’ve read and follow instructions on this article before, the only thing different is #ios11  @115858",AppleSupport
1198406,2017-10-25 03:03:33,401571,Shout out to @SouthwestAir for efficient flight and travel booking and edits. I remain a loyal customer! #rapidrewards,SouthwestAir
1197515,2017-10-25 03:04:26,282346,@115850 Hi guys. Who do I contact for queries on payment and EMI? I've already purchased the product and the EMI is not what was promised.,AmazonHelp
1131342,2017-10-25 03:11:53,386609,@AmazonHelp Mind keeping aside the manual of “obvious first steps”.Wouldn’t connect here if the same weren’t followed in vain.Plz get someone to check.,AmazonHelp
1197195,2017-10-25 03:17:50,401296,"@AppleSupport Keeping in mind my iMac has stopped working AGAIN today, chasing my tail to find out about ordering iPhone is not good for continued custom.",AppleSupport
1195820,2017-10-25 03:27:04,400976,@AmazonHelp Amazon delivery,AmazonHelp
1197609,2017-10-25 03:29:38,401392,"@AmericanAir Thank you! I couldn't find it anywhere, and called 800-882-8880 but rep didn't know. I figure I need to email my marriage license as proof.",AmericanAir
1197930,2017-10-25 03:35:01,143212,"Acabei de comprar meu kindle paperwhite na @117086, a previsão de entrega é sexta, mas eu já quero agora hahaha",AmazonHelp
1195218,2017-10-25 03:36:14,225724,@400868 @Delta 🤣🤣🤣🤣🤣🤣,Delta
1198047,2017-10-25 03:41:20,401492,"@ComcastCares
#mobile_Care my phone and internet went down for the 6th time today. 45 min with support who told me everything is fine",comcastcares
1211780,2017-10-25 03:43:37,404417,After 11.0.3 update my #iPhone 6 is draining very fast. Please @AppleSupport fix the issue else will have to switch to #Android,AppleSupport
1198326,2017-10-25 03:44:01,401549,@Uber_Support Your response quality has gone down. I think teams are wrkng on templates and we get robotic response. Human touch is missing.,Uber_Support
1038270,2017-10-25 03:47:57,365624,@SpotifyCares Hello? @SpotifyCares,SpotifyCares
861140,2017-10-25 03:48:37,324487,@AmazonHelp @324482 Time,AmazonHelp
1199145,2017-10-25 03:56:19,374425,@AmericanAir are you shitting me? AA2943,AmericanAir
1198652,2017-10-25 03:57:30,355802,@TMobileHelp hi so can I use my data in Ghana for free ? Thanks.,TMobileHelp
1198277,2017-10-25 03:59:48,401539,@AmazonHelp Queria muito,AmazonHelp
1903475,2017-10-25 04:09:44,567261,@Delta Thanks.I provided all info related to my valid passport-how can I avoid having to idle around an extra h at the aipt before a 16h journey?,Delta
1198564,2017-10-25 04:10:15,391228,@AmazonHelp Don't tell me what to do first do your work properly,AmazonHelp
1147150,2017-10-25 04:20:19,389988,@389989 @389990 @Uber_Support If I was gonna snitch I wouldn't have cut his number out and I would've messaged uber by now.,Uber_Support
1199069,2017-10-25 04:20:31,401722,@AmazonHelp Please state which guideline(s) I have broken.,AmazonHelp
1212805,2017-10-25 04:24:11,404651,Okay @115858 I'm giving in and  updating my phone since you guys keep making my phone act dumb and slow 🙃,AppleSupport
931508,2017-10-25 04:27:06,340984,@AmazonHelp I think  you are not  interested to shipped my product and I also don't want to that product amazone you rubbish company  service provide,AmazonHelp
1199833,2017-10-25 04:36:36,401918,@AmericanAir what's the point of having a rewards acct if I can't get my points.,AmericanAir
1200326,2017-10-25 04:38:33,402032,@115821 just out of curiosity. Why would you use a company like lasership? Did you not check them out first? I'm just wondering is all,AmazonHelp
1212316,2017-10-25 04:43:00,404542,@AppleSupport why do I have to wait TEN MORE DAYS TO RECOVER MY APPLE ACCOUNT 😩😤😤,AppleSupport
1199858,2017-10-25 04:46:46,401924,@SpotifyCares #RapCavier ? Details,SpotifyCares
1200016,2017-10-25 04:47:31,401961,"@50827 Hi there... amazon voucher reward is not working on the homepage, you you know how I can buy the voucher with my points?",AmazonHelp
1200354,2017-10-25 04:57:36,119909,@Uber_Support I'm finding it difficult to not take it personally when this happens 2-3 times EVERY SINGLE NIGHT https://t.co/5lBStKSOiZ,Uber_Support
1200591,2017-10-25 05:00:21,402095,.@115821 your vendor @76755 shipped only 4 Chromalux 💡Frosted-60w rather than correct number 6 (bill of sale) that I paid for. https://t.co/jlv7YfuZiI,AmazonHelp
1200083,2017-10-25 05:04:58,401971,"@Delta i can’t remember the last time i said this abt an airline, but my trip with you was incredible from start to finish. thank you!",Delta
1201366,2017-10-25 05:05:28,402272,@AppleSupport @AppleSupport after the upgrade to iOS 11 the phone seems to hang and battery drains out faster is it just me. Using a 6S 64GB,AppleSupport
1168811,2017-10-25 05:12:09,392393,@AmazonHelp I've been ordering from you since 2004 but  I'm not sure i will in a near future #amazonlogistics,AmazonHelp
1200296,2017-10-25 05:19:45,402021,"@115850 a big failure...
#worst e-commerce website",AmazonHelp
1200339,2017-10-25 05:24:50,402036,@Uber_Support disgusted that your app timed me out only for me to get a taxi 5 seconds later but double the price! #scandalous!,Uber_Support
1200596,2017-10-25 05:30:11,402096,"Recently, @115850 customer service standards have fallen. https://t.co/kQ2RORmnfl",AmazonHelp
1197488,2017-10-25 05:36:18,401363,@401364 @AmazonHelp それな。びっくりした,AmazonHelp
1905450,2017-10-25 05:36:54,567796,My phone has been doing this for two months. Can you fix it @115858? https://t.co/vRO75HZvqK,AppleSupport
1187732,2017-10-25 05:44:48,373980,@AmazonHelp @399291 A mi el lunes me lo dejaron directamente en el buzón. Y marcan como entregado. De pena. Menudo servicio...,AmazonHelp
1200956,2017-10-25 05:53:25,402192,"@AmazonHelp Surprised you don't value your customers. Not even got in touch. 
I'm going to pursue this on social media big time now.",AmazonHelp
1189482,2017-10-25 06:01:59,399601,"@AmazonHelp I have my options at ""leave in my safe place"" but in the last couple of months about 90% of my orders instead left with neighbours or depot.",AmazonHelp
753555,2017-10-25 06:10:27,300095,"@AmazonHelp @115850 Even amazon team has given multiple different commitments, but none have worked.. Shocked that it is taking so long",AmazonHelp
