tweet_id,event_time,author_id,text,brand
1557275,2017-11-04 12:36:33,481384,"@AmazonHelp Claro, si no no os diría nada. Y segun la web está al llegar pero son csi las 14h, https://t.co/3XvtNBDaoAñaba aqui y...",AmazonHelp
1564288,2017-11-04 12:37:09,483026,"Hello @115888 : I see playlists on my app I never added on my profile, like someone else is connected. Any help?",SpotifyCares
1553884,2017-11-04 12:38:00,480685,@Uber_Support I have already done that. The driver mobile kept saying GPS signal lost. Fear can't increase more than twice.For 238 shown i was charged 527,Uber_Support
1586338,2017-11-04 12:38:45,488032,@115858 why can eye not use the letter before j? This is so annoying. Need an immediate fix.,AppleSupport
978715,2017-11-04 12:38:53,593418,@115913 I been with you for over . love to get 0 down and paid for 24 months would love to get the LG v30,TMobileHelp
1553957,2017-11-04 12:39:25,480697,@AmericanAir Bought the suitcase bc measurements were listed online,AmericanAir
1557498,2017-11-04 12:41:18,203173,"@SouthwestAir hey, I paid for early bird check in but don’t have a boarding pass, and can’t do a manual check in online! Help!",SouthwestAir
1558373,2017-11-04 12:42:50,457107,@VirginTrains When I spend £14 for a train ticket from Stoke to Manchester I expect to have a seat + not stand up #angrycommuter,VirginTrains
1550852,2017-11-04 12:43:31,479968,@Delta File Reference #MCODL45270 and luggage # is 4006846768. Rude lady on phone said it was late and they couldn't deliver to my house. Not happy,Delta
1554873,2017-11-04 12:46:43,469296,@AmazonHelp You are also culpable on this. You gave me misinformation and fobbed me off.,AmazonHelp
1586268,2017-11-04 12:49:02,488018,@AppleSupport please explain why i’s appear as a exclamation point and a question mark in a box,AppleSupport
1557211,2017-11-04 12:52:37,481373,"@AmazonHelp regardless, when I ordered the item I was told to expect it today and now the date on the tracking has changed.",AmazonHelp
1586249,2017-11-04 12:57:14,488013,@AppleSupport please check your dms before i break my phone,AppleSupport
2008377,2017-11-04 13:00:53,593884,"@ComcastCares
#mobile_Care
No less than 4 outages in 1 week in Denton, MD.  How about a permanent fix?",comcastcares
1554373,2017-11-04 13:00:58,480790,@AmazonHelp ...well? What do I do about this? &amp; how do I find these limits &amp; who to I talk to about changing them? I need this item...?,AmazonHelp
1558696,2017-11-04 13:06:34,481730,@115830 not impressed with the service after preordering way back in April &amp; still haven’t received it a day after it’s release date,AmazonHelp
1575446,2017-11-04 13:08:27,485470,@115858 fix the “I️” glitch please.,AppleSupport
1559904,2017-11-04 13:11:06,182822,Major crossroad. Season 5 of @32505 isn’t on @15462 or @119625.,AmazonHelp
1572256,2017-11-04 13:16:31,484681,"Es ist so traurig hoffentlich ließt @115821 diesen Tweet und macht sich mal Gedanken über ihre Produkte nicht das 1 was kaputt war....,",AmazonHelp
1576484,2017-11-04 13:17:18,485695,@AppleSupport So no more battery percentage on the Apple X? #askingformyself https://t.co/HwzmsBUgYD,AppleSupport
2008169,2017-11-04 13:19:47,593819,@115888 you have such high quality branding but why are you adds so annoying? You have so much potential,SpotifyCares
1559881,2017-11-04 13:23:15,481860,"@128308 having issues with fire tv stick, followed the support help online didnt work out, how to replace",AmazonHelp
1572526,2017-11-04 13:26:56,484757,20 min on hold with @AmericanAir,AmericanAir
1560084,2017-11-04 13:27:15,241426,@Uber_Support  I am unable access my account on app. Shown alway boarding.  Pls call https://t.co/CAKh5V9SLW,Uber_Support
1583836,2017-11-04 13:28:31,487415,"@AppleSupport My default Pictures location in my @116230 laptop is in @130906 Now, I've changed the uploads and downloads part of iCloud Photo library to personal folder. If i try to change the Shared folder location, it goes back to #OneDrive location. #Help",AppleSupport
1531269,2017-11-04 13:31:02,475050,"@AmazonHelp ""Within 12 hours"" is not going to help for a program at 2pm.",AmazonHelp
1554241,2017-11-04 13:31:36,480756,Pretty impressed with @Delta’s complimentary meals in coach. https://t.co/MHUZ569JyZ,Delta
1576449,2017-11-04 13:34:45,485685,Y’all just gonna take your time with this bug update @115858,AppleSupport
1559849,2017-11-04 13:37:29,482003,"@AmazonHelp Yeah I do, but I cancelled it in May and I’ve been charged every month since?",AmazonHelp
1555667,2017-11-04 13:39:35,481063,Hey @115911 @TMobileHelp @115913 my iPhone X came damaged in the box! How do I go about getting this fixed? https://t.co/uZyV9H1bDv,TMobileHelp
1558719,2017-11-04 13:43:54,481733,"@AmazonHelp Hey, totally unrelated, but do the last letters stand for the initials of the person tweeting? 😅 (Thanks for the prompt responses)",AmazonHelp
1576400,2017-11-04 13:47:16,389466,@AppleSupport Please fix the new update so I️ can type “I️”,AppleSupport
1572193,2017-11-04 13:50:47,484670,"@AmazonHelp Does ""from"" mean my current e-mail address? As I said, the email used to create the account no longer exists",AmazonHelp
1554379,2017-11-04 13:53:29,442559,@AmazonHelp Already shared details,AmazonHelp
26386,2017-11-04 13:54:01,593576,@SouthwestAir Tired of Southwest ...... don’t like the planes service or flight attendants trying to be funny. Or cattle boarding ABC &amp; no assigned seat!,SouthwestAir
1577329,2017-11-04 13:56:06,485854,"@115858 @AppleSupport #iOS11Bug
1+2+3 = 24 😂😂😂 https://t.co/2V6BXfX5iG",AppleSupport
1572246,2017-11-04 14:01:28,484678,@AmazonHelp Okk,AmazonHelp
1577396,2017-11-04 14:03:32,485874,@115858 when are y’all going to fix this bug?,AppleSupport
1572930,2017-11-04 14:07:28,484861,@120533 colis marquer livré mais je n'ai rien eu 😑,AmazonHelp
1573133,2017-11-04 14:07:52,484910,"If the company is afraid to put up a customer helpline for passengers, stop your bloody service then!! @Uber_Support @115873 #ubersucks",Uber_Support
1577389,2017-11-04 14:12:37,234340,Still can’t get live wallpapers to work on X. :( @AppleSupport,AppleSupport
1494267,2017-11-04 14:14:02,466967,@AmazonHelp I was meant to return a warranty product back by the 5th. I have recently suffered a close family bereavement &amp; have not got around to it.,AmazonHelp
1573904,2017-11-04 14:16:36,485085,"Loosing my connecting flight to see my sister's graduation thanks to a ""processing problem"" thanks! @AmericanAir 👎👎 #PRSeLevanta",AmericanAir
1575767,2017-11-04 14:17:34,485538,"Hating @115900 right now. Screw up my billing, then one hour hold time. #ineedahuman",comcastcares
1578379,2017-11-04 14:18:34,486100,@AppleSupport why does my phone turn I into I️ ??,AppleSupport
1573960,2017-11-04 14:19:21,485102,@VirginTrains 1.07pm Euston to Liverpool. Just been told we're running about 20 mins late. Don't know how many other services are affected.,VirginTrains
1554884,2017-11-04 14:19:24,469296,"@AmazonHelp It becomes another lie, because you are doing nothing to rectify your absolutely poor service.",AmazonHelp
1572923,2017-11-04 14:23:34,473760,@AmazonHelp I guess you don't get it.  You have trashed my account.  I didn't receive a courtesy call. Now I have to reset everything...,AmazonHelp
1577371,2017-11-04 14:25:06,485867,"I️ swear, if one more of those damn question mark box things shows up in one of my messages... fix the glitch, @115858! https://t.co/IQaxbRhPUg",AppleSupport
2008477,2017-11-04 14:26:18,593910,"@115888 should develop a favourite button on the app, so I can have a list of my fav songs without having to actually create a playlist",SpotifyCares
1574294,2017-11-04 14:27:30,485181,"@AmazonHelp Hello, my order was supposed to ship yesterday, but it now says “shipping soon” can you check and see if I’ll still get it Tues?",AmazonHelp
1557229,2017-11-04 14:31:32,481375,@AmazonHelp 全てが解決しました。楽天さんで買った荷物がAmazonから発送された形になったみたいです。カスタマーサービスで配達中止をお願いしたのですがそれを撤回してもらいたく電話ご連絡しようと思いましたが繋がらずメールで報告しました。お騒がせし申し訳ありません。,AmazonHelp
1578375,2017-11-04 14:33:07,486099,hey @115858 can u fix my phone so forming sentences without glitches is possible again,AppleSupport
1564236,2017-11-04 14:33:46,483017,@Delta Do I still earn Delta skymiles if I fly on a partner airline such as Air France?,Delta
2009135,2017-11-04 14:38:09,594102,.@115858 @AppleSupport What on earth have you done with the latest IOS updates.11.0.3 is completely unusable  because it is so unstable.#fail,AppleSupport
1565017,2017-11-04 14:38:33,483178,"@116316 Moin! Hab ne komische Mail von ""euch"" bekommen. Stornierte Bestellung einer PS4. Vermutlich Spam?!",AmazonHelp
1579140,2017-11-04 14:42:14,486284,excuse me @115858 my i️ is broken,AppleSupport
1541875,2017-11-04 14:43:24,477745,@AmazonHelp My email is associated with this account and I have multiple order confirmations that prove this. Has this account been deactivated?? https://t.co/pNXYzyz201,AmazonHelp
1575171,2017-11-04 14:43:36,485401,@115873 put my money back in my paypal i did not uber anywhere last night wtf thieves,Uber_Support
1574371,2017-11-04 14:49:06,485204,"@AppleSupport That doesn’t help when we are reading other people’s posts, it still pops up as “A ?”",AppleSupport
1564995,2017-11-04 14:52:29,232611,@AmazonHelp Heute. Sonst hätte ich es Donnerstag mit Same Day gleich zu mir kommen lassen,AmazonHelp
1565448,2017-11-04 14:52:30,483273,"Apparently @AmericanAir thinks that adequate compensation for flying passengers in a plane they failed to properly repair, stranding... 1/2",AmericanAir
1579082,2017-11-04 14:54:36,486263,@AppleSupport what’s goin on my friends https://t.co/bRUGIveCwE,AppleSupport
1533665,2017-11-04 14:57:17,475632,@AmazonHelp Ordered call of duty wwii for the kids months ago for release day. Only arrived today all their friends have been playing it yesterday,AmazonHelp
1575066,2017-11-04 14:59:59,485374,@AppleSupport Thanks,AppleSupport
1566754,2017-11-04 15:04:01,309164,Bravo @120533 et @15702 regardez moi ça dans la boîte aux lettres ce jour . De qui se moque t on ? https://t.co/Tj47TH2R1w,AmazonHelp
1579820,2017-11-04 15:07:05,486444,@115858 Having a problem with my iPhone X. Want to make an appointment at the Genius Bar. Why is it so difficult to find the site to do this?,AppleSupport
2007997,2017-11-04 15:07:12,295888,Another beautiful arrival into @126260 with @SouthwestAir https://t.co/bFtoHIFdkA,SouthwestAir
1574271,2017-11-04 15:08:33,455422,@AmazonHelp I am really frustrated now. Its upto amazon to deliver my item tomorrow morning or lose a customer.,AmazonHelp
1565263,2017-11-04 15:12:21,483235,Can you UberEats milk?,Uber_Support
1579741,2017-11-04 15:14:03,486424,"I still have this question mark box, what is that @AppleSupport",AppleSupport
1566147,2017-11-04 15:14:34,483442,"@Delta on a flight to VN, 14hrs with no outlets nor usb...seriously?",Delta
1566707,2017-11-04 15:15:09,483568,@AmazonHelp Thanks sir but no job available in Lucknow i search it when,AmazonHelp
1565337,2017-11-04 15:16:07,390210,But why?? @115911 @TMobileHelp @115858 @AppleSupport https://t.co/2yzCqmUmlH,TMobileHelp
1541961,2017-11-04 15:19:17,477765,@AppleSupport I️,AppleSupport
1566705,2017-11-04 15:24:08,483568,@AmazonHelp Sir kindly any vacancies for job in Amazon kindly guide me I really want to work  in Lucknow,AmazonHelp
1580489,2017-11-04 15:25:24,486633,@AppleSupport my phone literally won’t let me type “I️” (the letter eye) help,AppleSupport
382957,2017-11-04 15:29:20,206749,"@SpotifyCares What is the ""Stranger Things"" mode in the settings ?",SpotifyCares
1580491,2017-11-04 15:29:38,486634,Hey @AppleSupport my iPhone X didn’t get delivered yesterday?,AppleSupport
1565855,2017-11-04 15:33:06,309164,"Aucun scotch,?rien pour assurer la #sécurité du colis 📦 @5181 . @120533 se fiche du monde et devient n’importe quoi 😶 https://t.co/kcQzWTYdCa",AmazonHelp
1564177,2017-11-04 15:33:52,325710,@Uber_Support It has taken a lot of time to get a solution this time.,Uber_Support
1581497,2017-11-04 15:35:51,486862,@AppleSupport none of my notifications r coming through w the new update!!!! Super frustrating!!!!! Have checked my settings many times,AppleSupport
1566761,2017-11-04 15:38:51,483576,@117634 hi within 3months of purchase battery completely drains even when its switched off?? Highly disappointed had written mail too,AmazonHelp
1581469,2017-11-04 15:40:52,486853,@115858 please fix this. I️ can’t live this way.,AppleSupport
1566360,2017-11-04 15:42:28,483488,@VirginTrains thank you,VirginTrains
2007815,2017-11-04 15:42:45,593729,@AmericanAir @491955 American airline stays the best out there 💯,AmericanAir
1566679,2017-11-04 15:46:02,483565,@120533 Et surtout ... merci de ne pas accepter mon commentaire sur votre site ...,AmazonHelp
1581482,2017-11-04 15:47:08,486856,@115858 you need to fix this update. Eye can’t type the letter eye without getting a question mark! Eye’m getting frustrated please fix this!,AppleSupport
1551406,2017-11-04 15:51:31,480079,@Uber_Support My husband reported it and I'm assuming we'll get refunded but there wasn't any way to address/fix it last night. You should fix that.,Uber_Support
2009652,2017-11-04 15:53:32,594250,If I️ say I️ it’s cause I️ wanna say I️! @115858 y’all full of shit with this damn box shit.,AppleSupport
1567478,2017-11-04 15:55:53,483725,"un jour, @120533 comprendra l'intérêt de BIEN emballer ses commandes fragiles... un jour... ou pas... #LowCost https://t.co/gBF9Bn7PaS",AmazonHelp
1581415,2017-11-04 15:58:23,486832,@115858 i updated my phone and now nothing worksssssss,AppleSupport
1581405,2017-11-04 16:01:21,486827,@115858 @AppleSupport can someone lmk why my brand new iPhone 8 plus lock screen will go blank so I can’t even enter my passcode to get in?😑,AppleSupport
1567474,2017-11-04 16:03:51,483724,.@116928 ¿Para cuándo un empaquetado más #sostenible? ¿Realmente era necesario malgastar una caja tan grande para esto? #ecommerceNOeco https://t.co/vryFV8G0QO,AmazonHelp
1570470,2017-11-04 16:04:59,484308,This guy needs to be flight attendant of the year.  A cross between Mary Poppins and Chuck Norris. Never had better safe service #Jarmain @Delta,Delta
1582182,2017-11-04 16:05:56,487016,Yo @AppleSupport why is it when I’m trying to type “I” I’m getting “I️” instead??,AppleSupport
1560871,2017-11-04 16:10:06,482233,@115850 Whats the point of enrolling to amazon prime... It's been 9 days still waiting... For the record ur customer service is a joke...,AmazonHelp
1565396,2017-11-04 16:12:10,483264,@SpotifyCares Alright thanks 😊 i wish it can be updated soon though ❤,SpotifyCares
998992,2017-11-04 16:13:21,206735,"@AppleSupport Thanks! iPhone SE, latest iOS",AppleSupport
1568406,2017-11-04 16:14:28,483915,@SouthwestAir - proud new owner of a companion pass! Thx SWA.,SouthwestAir
1568264,2017-11-04 16:16:21,204616,So @115873 charged me more than I was informed at time of booking. Their BS excuse is that the system incorrectly calculated the distance! 1/2,Uber_Support
1568326,2017-11-04 16:17:39,483248,@TMobileHelp @115913 I'm not going to dm no more,TMobileHelp
1569857,2017-11-04 16:17:42,484182,@comcastcares where can I check for outages and service issues?,comcastcares
1568715,2017-11-04 16:18:14,483984,Cedere ad #AmazonPrime e farsi male... #shopping,AmazonHelp
1540562,2017-11-04 16:18:42,477446,"@AppleSupport Yes can play it on my MacBook, tried to sync song via iTunes from MacBook onto my phone but this did not work either.",AppleSupport
2008307,2017-11-04 16:21:38,593861,"@AmericanAir Awesome gate agent at B7 in PHX!  Making me feel welcome, she was friendly and caring.",AmericanAir
2010010,2017-11-04 16:21:55,245918,@AppleSupport wtf is wrong with my I️,AppleSupport
1568145,2017-11-04 16:24:35,483866,@AmazonHelp Alrighty,AmazonHelp
1582994,2017-11-04 16:27:39,170464,@AppleSupport can I️ configure faceid to unlock without me having to swipe up to unlock?,AppleSupport
1568706,2017-11-04 16:31:04,344311,"@115830 hi, my Amazon Echos have apparently been “arriving today” for the last 3 days!?! What’s happening?",AmazonHelp
1566911,2017-11-04 16:32:20,483612,@AppleSupport Lol thanks apple,AppleSupport
1568118,2017-11-04 16:36:31,483864,"@AmazonHelp Several deliveries like this which haven’t arrived when they were supposed to, took 3 attempts to get a book delivered which...",AmazonHelp
1583839,2017-11-04 16:40:19,487416,@AppleSupport why does “I” (uppercase i) keep autocorrecting to I️ ?,AppleSupport
1566720,2017-11-04 16:43:03,483570,@AmazonHelp @115821 Order because it was going to be shipped out Monday when it said it would arrive Friday. I’m done ordering thru Amazon. Too much hassle.,AmazonHelp
1568259,2017-11-04 16:45:53,281496,@Uber_Support I tried doing it through there and it said the driver didn't make a mistake,Uber_Support
1583786,2017-11-04 16:46:49,487403,@AppleSupport Why does “I️” keep getting changed to this? It’s infuriating https://t.co/9KLJB5NlFK,AppleSupport
2434862,2017-11-04 16:48:48,698667,@115825 Wann kommt die neue Folge von How to get away with murder Staffel 4? Kommt eigentlich immer Freitag morgens :/,AmazonHelp
2018144,2017-11-04 16:52:07,595462,"@115858 @AppleSupport Updated to latest IOS , still the issue persists #ShotoniPhone8Plus #Fail https://t.co/sXKDA53vDD",AppleSupport
1569600,2017-11-04 16:54:35,219335,@AmazonHelp Sí pero no me ayudan. No puedo devolver un libro en formato kindle? Lo compré por error.,AmazonHelp
998976,2017-11-04 16:56:34,356539,@AppleSupport 🚨hello this is important. This error with typing the letter “I” is ruining my life 🚨,AppleSupport
1570868,2017-11-04 16:59:43,469806,@AmazonHelp It's almost one month and still you are saying it will take 5 days ..pathetic service..,AmazonHelp
1571222,2017-11-04 16:59:49,484329,Shame on you @AmericanAir for your excessive change fees to switch from one flight to another on the same day when neither is fully booked.,AmericanAir
1584551,2017-11-04 17:02:27,487581,"@487582 @AppleSupport the new update has bug, after update OTA the phone will be logo",AppleSupport
2008687,2017-11-04 17:03:32,593976,@Delta offering us free beverages for delaying us over 1 hour lolololol #thanksbutnothanks,Delta
1569739,2017-11-04 17:04:16,427389,"@TMobileHelp Anyway, it won't make things any faster. I hope trade-in offer won't magically disappear during my wait time.",TMobileHelp
1199039,2017-11-04 17:05:03,401714,Really wish @115888 would notify me when my student membership would change back to the 9.99 membership,SpotifyCares
1584572,2017-11-04 17:06:19,487590,When u literally delete every picture off ur phone and @115858 decides to still allow u to have no storage?! 😡😡 so annoyed right now,AppleSupport
1569530,2017-11-04 17:06:38,438502,@AmazonHelp Its been month still not got any response from your end.😡@1840,AmazonHelp
1570305,2017-11-04 17:09:42,182622,@AmazonHelp The Continue icon is still blurred even after details are entered.It sometimes says that there is an error with Rupay debit cards.,AmazonHelp
1567481,2017-11-04 17:12:20,483726,@AmazonHelp J’ai precommander ww2 pour vendredi il est pas la encore foutage de geule y’a marquer en cours de livraison. Je vais l’avoir que lundi la ..,AmazonHelp
1540563,2017-11-04 17:13:36,477446,@AppleSupport And no nothing has changed. I downloaded a few songs shortly after the one that doesn’t work and they work,AppleSupport
414771,2017-11-04 17:14:27,593990,@SouthwestAir I need a non stop from OAK to PHL,SouthwestAir
1571072,2017-11-04 17:16:22,484437,"Hey @Uber_Support, someone just used my iCloud address to get a ride/receipt from you in LA. I am in NYC. I am concerned.",Uber_Support
1553249,2017-11-04 17:17:06,344052,"@AmazonHelp the 3rd, it is showing now as the 9th...",AmazonHelp
1571028,2017-11-04 17:20:49,484426,@AppleSupport Thank you.,AppleSupport
1570853,2017-11-04 17:23:04,484391,"@AmazonHelp hello, I need to complain I bought from an Amazon Seller but can’t find how to message them directly?",AmazonHelp
1594924,2017-11-04 17:24:28,490075,Why does every single photo on my #iPhone now have an exclamation mark and is all blurry? Never happened before #ios11 @AppleSupport,AppleSupport
1568743,2017-11-04 17:28:14,483987,@AmazonHelp DM has been sent - Please respond in a sensible time frame because this issues is now stemming over 2 hours with responses taking 20+ mins,AmazonHelp
1585340,2017-11-04 17:30:39,487783,what in the good fuck is this?@AppleSupport https://t.co/81sULOkPMW,AppleSupport
2008678,2017-11-04 17:31:03,236910,"@AmericanAir kudos to the crew on FLT #2202 today, especially FA Angie Lee, great service!",AmericanAir
1586206,2017-11-04 17:32:09,488004,'Amazoned' to see @115850 screwing up my order and not doing a thing to rectify their mistake #Amazon #AmazonIndia,AmazonHelp
1591453,2017-11-04 17:34:50,489239,"New iOS 11.1 is glitchy. &amp; when I swipe up from bottom to access control panel, “play” button too close to RW and FF! @115858 @AppleSupport",AppleSupport
2009402,2017-11-04 17:36:05,594173,Comcast is a real piece of shit @116136,comcastcares
1586351,2017-11-04 17:36:07,488037,"Alright @Uber_Support your Driver app is FUBAR on Android. This has happened for times in the last 24 hours, now during a ride. https://t.co/S5wS7AzbKm",Uber_Support
1570926,2017-11-04 17:37:55,484401,@AmazonHelp American gods y the grand tour que ya voy a mitad de temporada.,AmazonHelp
1562138,2017-11-04 17:39:57,482529,@122649 @VirginTrains @227795 Sorted thanks.,VirginTrains
1595035,2017-11-04 17:40:23,490109,@AppleSupport @AppleSupport where can I find an IPhone 6 Charger cable from retailers that doesn't break after 13 days of use?????,AppleSupport
1594984,2017-11-04 17:46:03,490090,@AppleSupport okay Apple what’s going on with my “I’s”,AppleSupport
1594955,2017-11-04 17:51:41,257162,@AppleSupport I️ literally can’t type the letter “eye”,AppleSupport
1568164,2017-11-04 17:52:15,483868,"@AmazonHelp But it is against the rules, no one can sell a product higher than its MRP",AmazonHelp
1575487,2017-11-04 17:52:56,485484,@Uber_Support last Saturday the taxi drivers kept on cancelling the ride. Then i got charged. Am I going to be refunded?,Uber_Support
1577739,2017-11-04 17:54:52,485954,"@Delta 
Can you make sure the seat was reported broken. Supposed to be in the same seat number going back and don’t want that again. Thanks!",Delta
1567532,2017-11-04 17:58:09,239164,@AppleSupport Okay but that’s me fixing the glitch- and i already did that. I’m talking about you fixing the coding error in general.,AppleSupport
1576293,2017-11-04 17:59:47,485645,@AmazonHelp Yeah I looked at this it’s insulting. i.e. sucks. Do better.,AmazonHelp
237366,2017-11-04 18:01:43,594045,@115911 Is the iPhone X available in stores??,TMobileHelp
1596105,2017-11-04 18:03:34,490367,@AppleSupport check ya Dms plz,AppleSupport
1526338,2017-11-04 18:03:53,474014,@AmericanAir Yes but your website timed out. Then increased the price.  I know about dynamic pricing.  Glitch then increase fare is why I am upset.,AmericanAir
1596103,2017-11-04 18:06:38,490366,@AppleSupport I need help,AppleSupport
1485365,2017-11-04 18:08:54,464929,"@AmazonHelp Now, after being promised (yes, promised) them last night...’they’ve been lost’ and they can’t send a replacement",AmazonHelp
1596048,2017-11-04 18:14:00,388822,"@AppleSupport Hey, I would like to buy iPhone X next week. Is it possible?",AppleSupport
1576308,2017-11-04 18:16:42,485647,"@AmazonHelp I purchase audio book but it’s not showing in my audible app? Refreshed, logged in/out but nothing? https://t.co/dpA30CQQsF",AmazonHelp
2018458,2017-11-04 18:19:32,596931,"Lemme holla at you real quick @115858 this update to iOS 11.1? Trash. My phone is slower now for a couple new emojis I wont use 

Fix it pls?",AppleSupport
1582355,2017-11-04 18:20:54,487053,@364226 @118034 @115900 How much more do I have to pay per month so u guys make enough profit that I don't have to watch this on an illegal stream?,comcastcares
1560015,2017-11-04 18:23:34,482037,@AppleSupport This was not helpful in the slightest bit. Thanks for trying to help. This new update is what’s causing the glitch,AppleSupport
1577473,2017-11-04 18:24:31,485903,"@Uber_Support Capt Tasdeeq lied and receive excess amount Rs145.
Snapshot of payment is attached for reference. https://t.co/VW39J2ZGKK",Uber_Support
1585539,2017-11-04 18:26:35,487837,@SpotifyCares The artist availability varies in countries due to licensing issues?,SpotifyCares
1568766,2017-11-04 18:27:12,293384,@AmazonHelp it’s okay i got it just now. it was probably the post office in my town cause they suck. thank you :),AmazonHelp
1582090,2017-11-04 18:29:26,486988,.@115858 why on earth would you remove unwatched filter from apple tv??? #WTF,AppleSupport
1597368,2017-11-04 18:31:51,490701,My #iPhoneX has been restoring from #iCloud Backup since yesterday. Didn’t turn on #iCloudPhotoLibrary. Anyone else get this? @AppleSupport https://t.co/beTktW6RAn,AppleSupport
1223205,2017-11-04 18:33:24,130878,@407008 @AmazonHelp  https://t.co/tW6lqNfl19,AmazonHelp
1597270,2017-11-04 18:36:32,490673,@115858 @AppleSupport a company called APPLE INC with number 914-539-4530 calling customers - seem to be a fraudulent number. Investigate!,AppleSupport
1577827,2017-11-04 18:40:01,485719,"@SouthwestAir Anything he can do to maybe get it faster? He does have autism, and plays FSX everyday.",SouthwestAir
1577249,2017-11-04 18:40:32,485838,@AmazonHelp Twitter is the only way I know how to reach anyone at Amazon,AmazonHelp
1555066,2017-11-04 18:40:39,480925,@AmericanAir @480924 NAACP has a whole travel advisory w/ you all so you use a black lady as your twitter header... your storage space sucks too. Study @delta,AmericanAir
2018753,2017-11-04 18:41:26,246772,@AppleSupport PLS LET ME DOWNGRADE BACK TO IOS 10,AppleSupport
2009107,2017-11-04 18:41:40,486153,@115911 you need to improve your customer service everybody gives you a different response for the same question. Nobody knows anything!!!,TMobileHelp
1580628,2017-11-04 18:44:43,486664,@Delta BF also has a Skymiles account and he couldn’t even sign in when trying to check in. PLEASE get us seats.,Delta
1334294,2017-11-04 18:44:51,145298,"@AmazonHelp Already been 4days.....no call, no update on same. Who is working.?",AmazonHelp
1597267,2017-11-04 18:46:48,490672,When you try to type an “I️” and it autocorrects to symbols now -_- @115858 @AppleSupport,AppleSupport
2018901,2017-11-04 18:53:08,597055,@AppleSupport My@new iPhone has been restoring and backing@up data since Thursday- I️ can’t install the new software. 😞 Any way to help?,AppleSupport
1576236,2017-11-04 18:53:28,485637,@AmazonHelp I just did.  Apparently it is a major issue across the board.,AmazonHelp
1579240,2017-11-04 18:53:28,486313,That aggravated feeling when the @115873 driver creates their own parking place! https://t.co/XDTdlcscGQ,Uber_Support
1597275,2017-11-04 18:59:14,490675,@490676 @473640 @115858 Every time I️ use “I️” it corrects it to random symbols &amp; shit lol idk why,AppleSupport
1577220,2017-11-04 19:02:34,485834,@AmazonHelp Take ur bullshit product refund my money immediately,AmazonHelp
1579159,2017-11-04 19:04:03,125018,@AppleSupport @486292 No it doesn’t!,AppleSupport
2019087,2017-11-04 19:08:38,597109,Why does my IPhone 7plus lag when switching app screens? 11.1 is no good. @115858,AppleSupport
1580095,2017-11-04 19:10:09,378336,I highly recommend the window seat on an intercity train around 7pm on #Bonfirenight weekend. 🎇🔥🚄 @VirginTrains,VirginTrains
1579667,2017-11-04 19:10:39,486411,"@AmazonHelp Hey, I'm trying to reset my password - it says its sent a code to my email address but it hasn't!",AmazonHelp
1588147,2017-11-04 19:14:10,488445,Hey @AppleSupport can you fix the update where my I️ key doesn’t work 95% of the time,AppleSupport
2009452,2017-11-04 19:14:28,594189,"@115913 I've been a loyal T-mobile customer since 2008. Now T-Mobile has wrongly ruined my credit, but says they can't help fix it. Details are https://t.co/ZdbvswLKTN  Any help would be appreciated.",TMobileHelp
1579861,2017-11-04 19:17:09,486456,"@Uber_Support I’m calling now, but seem to be in a queue",Uber_Support
2018550,2017-11-04 19:17:14,596964,@SpotifyCares I'm having trouble linking my existing Hulu account to my Spotify student account. Please help! Thx,SpotifyCares
1576636,2017-11-04 19:17:32,485732,@AmericanAir What is a record locator???,AmericanAir
1579990,2017-11-04 19:18:23,486489,Hey @SouthwestAir is mobile check in not working? Getting an error that my 3:15 ET flight for tomorrow isn't eligible for check in yet?,SouthwestAir
1588182,2017-11-04 19:21:03,488458,"@AppleSupport Why do ringtones and alarms sound on my iphone and watch, but text and email alerts only sound on my watch? Thanks",AppleSupport
1580420,2017-11-04 19:26:15,486608,My friend bought a 40 page colouring book from @115830 &amp; this is what it arrived in. A shocking waste of packaging https://t.co/KtJ294MQUM,AmazonHelp
1540640,2017-11-04 19:27:51,174699,@AppleSupport Private message sent with additional details.,AppleSupport
1579994,2017-11-04 19:30:59,486490,@comcastcares We did another restart and it worked. But thanks for the reply.,comcastcares
1582247,2017-11-04 19:32:00,487031,Thank you Helena for your help at the Boston airport ! @delta,Delta
2019324,2017-11-04 19:32:53,597150,@AppleSupport occasionally I go to open a text and this happens...got any solutions? https://t.co/e9acaWb7kw,AppleSupport
1578292,2017-11-04 19:35:49,421768,@AmazonHelp Sorry how am I to deal with you when my delivery drivers can’t speak/read English &amp; your customer contact is in India &amp; can’t really help ??,AmazonHelp
1589338,2017-11-04 19:36:05,488718,@AppleSupport Why does iPhone X ask for Touch ID for @115858 Pay? https://t.co/rP8ZPJfwS7,AppleSupport
1680743,2017-11-04 19:40:05,511051,"Worst ios release ever, left my phone almost completely useless, thanks for ruining my phone @AppleSupport @115858 #iOS11",AppleSupport
1588844,2017-11-04 19:44:48,488593,@115858 I️ I️ I️ I️ I️ I️ I️ I️ am sick of your bug issues,AppleSupport
1583719,2017-11-04 19:46:16,487376,@116316 Eure Logistics stellt teure Sachen auf den Briefkasten in einem Mietshaus  und markiert es als zugestellt? (1/2),AmazonHelp
1589377,2017-11-04 19:48:50,488731,Yo @115858 I️ didn’t pay a stack to have squares with question marks pop up. Fix this.,AppleSupport
1589382,2017-11-04 19:53:41,488732,"@AppleSupport help us?

look what happens when we try to type i️: 

i️",AppleSupport
1199151,2017-11-04 19:54:17,401742,@AmericanAir better than delta biscotti! and sodas inflight and all the other goodies... 💁,AmericanAir
1581514,2017-11-04 19:55:19,486866,"#ubereats you friggin suck!! I didn't get my food, and you STILL charge me!!! Fix your damn app!!! #hungrydiabetic #nobueno",Uber_Support
1582242,2017-11-04 19:58:36,486876,@115911 essentially I was told oh well. So not only am I left staying with @115725. I’m stuck with a nasty impression of @115911. Smh.,TMobileHelp
2019451,2017-11-04 20:00:12,597185,My phone keeps autocorrecting the letter I to this weird symbol and it’s annoying af.. @115858 get it together,AppleSupport
1577228,2017-11-04 20:01:14,485834,@AmazonHelp Tell ur india officer to call me and refund,AmazonHelp
1492340,2017-11-04 20:03:12,466557,"@AppleSupport Hi, I have an Apple Music sub and am trying to stream music from my watch (Series 3, OS 4.1). Any ideas about this message? https://t.co/KzDOd5ABe3",AppleSupport
2010012,2017-11-04 20:06:27,594361,@Delta Super Shout Out to an amazing flight attendant - Aaron on DL0899 MSP to PHX.  His passion for is job is contagious #makingsmiles,Delta
1595965,2017-11-04 20:08:48,281351,"Where are Emoji keyboard suggestions in iPhone X, @116333 @123857!? Hairforce One’s hair is better maintained / deployed than iOS. #bug https://t.co/BK17ZwcFe3",AppleSupport
1582944,2017-11-04 20:10:00,487194,"@115821/@AmazonHelp - This is what it looks like in all browsers. Not at all easy on the eyes, feels weird, like it isn't loading correctly. https://t.co/7ht48vwqa5",AmazonHelp
2019498,2017-11-04 20:12:59,308765,.@115858 iOS 11.1 is absolute shit. Got my phone goin 2013 Amanda Bynes cray.,AppleSupport
1661157,2017-11-04 20:14:31,506713,@115888 i have questions for you. Why are you not updaring your system? @SpotifyCares https://t.co/93wxMU9vTG,SpotifyCares
1573590,2017-11-04 20:14:47,485000,@AmazonHelp But that wasn't help when i have waited in today. I had the same yesterday seems to be getting worse your deliveries,AmazonHelp
1589894,2017-11-04 20:16:45,488854,Dear @115858. Text replacements synced in iCloud please. Setting these up every time I get a new device is a pain in the ass.,AppleSupport
1580546,2017-11-04 20:17:33,151888,@Uber_Support Just received order. Well part order and it’s barely warm 😫,Uber_Support
1590518,2017-11-04 20:21:15,222623,"@489015 @115858 Latest update has made it worst; if I️ type letter I️ and hit spacebar, it corrects with caps A and graphic. I’m on iOS v11.1 (15B93) - HELP https://t.co/n0LG3MGUuP",AppleSupport
1583306,2017-11-04 20:23:12,487290,@SouthwestAir Thanks - fingers crossed.,SouthwestAir
1583293,2017-11-04 20:24:17,487285,I’m so sick and tired of @115900 you guys wasted most of my day,comcastcares
2019584,2017-11-04 20:25:56,597224,Why tf am I not able to text or type “I” with this new IOS @115858,AppleSupport
1583647,2017-11-04 20:28:19,487369,@116439 I updated my HBO Now app and it signed me out now it won’t let me back in?,AmazonHelp
1583713,2017-11-04 20:31:11,487374,@119038 @AmazonHelp I need to see if my accounts are linked! I want to make sure I’m not paying for prime twice!,AmazonHelp
1583846,2017-11-04 20:32:38,487418,@AppleSupport I think it worked,AppleSupport
1584851,2017-11-04 20:34:58,487664,@AmericanAir your Flight Attendants on AA1644 are some of the best! Thanks for your kindness and amazing customer service during boarding,AmericanAir
1591075,2017-11-04 20:35:03,489152,"I need @115858 to fix these damn questions marks that keep popping up on my phone, im sick of it 🙃",AppleSupport
441348,2017-11-04 20:40:39,489143,@219683 @AppleSupport Mines the same I agree old IPhones always play up when a new one is due out,AppleSupport
1583674,2017-11-04 20:43:30,487370,@AmazonHelp Nope. None in any folder.,AmazonHelp
1584494,2017-11-04 20:47:53,487569,"#Amazon so so disappointed, 2nd time this week?  where is my parcel? as a prime member 😤😟",AmazonHelp
1591503,2017-11-04 20:48:54,489250,@AppleSupport fix it,AppleSupport
1585522,2017-11-04 20:50:40,487831,"Direct quote from @Delta phone support:

“Current hold time greater than 2 hours” https://t.co/LNBQgFXTlo",Delta
1581508,2017-11-04 20:51:32,486865,@Uber_Support Thank you!,Uber_Support
1591449,2017-11-04 20:53:22,489238,"No, @115858. I️ still don’t mean to say “duck.” iOS 11.1 and we still have this problem. What the duck!",AppleSupport
1584493,2017-11-04 20:55:33,487569,@AmazonHelp  https://t.co/UjMh1iuNJu,AmazonHelp
1591478,2017-11-04 20:58:52,489243,"@AppleSupport my timer and alarms won’t work. When I set a timer, it counts down and just disappears. And alarms won’t even notify me.",AppleSupport
2019605,2017-11-04 21:03:43,282912,Can @115858 please hurry up and fix this “I️” problem. I’m so sick of this shit. 😤got us looking foolish in front of @122609. Smh.,AppleSupport
2019733,2017-11-04 21:06:40,597264,@115858 get your shit together I’m real sick of my phone making my I’s come out like this: I️,AppleSupport
1594682,2017-11-04 21:07:33,490017,@AmazonHelp Hello there. My wife has had a parcel delivered to an address that doesn't not appear to exist! Please help,AmazonHelp
1596298,2017-11-04 21:13:43,487827,@TMobileHelp (2/2) i’m not sure what to do I’ve tried to restart it does not work at all I’ve taken out the Micro SIM card. Alcatel 1 touch,TMobileHelp
1580755,2017-11-04 21:15:06,486692,"@AmericanAir I told AA agents to book from separate accounts, they booked from one which could not cover both. Now Award space is gone",AmericanAir
1592366,2017-11-04 21:15:10,489464,What is with this issue iPhones are having with typing “I️ “ instead of “I” FIX IT @115858,AppleSupport
2000587,2017-11-04 21:16:33,487837,@SpotifyCares How can I change my account's country setting? Does it changes automatically depending on the ip address being used atm?,SpotifyCares
1594625,2017-11-04 21:19:13,490013,@AmazonHelp This is a lie. I've been home ALL DAY &amp; nobody even rang my bell. What the actual hell?! #badservice #amazon #thissucks https://t.co/1GgjO6sSRe,AmazonHelp
1592350,2017-11-04 21:21:15,489458,@AppleSupport why tf can’t I️ type the letter i?!?!,AppleSupport
1537558,2017-11-04 21:27:09,476653,@AmazonHelp Should get rid of this...'Out for delivery  On its way to ...... US'. It's not out for delivery to the customer that day. That's confusing.,AmazonHelp
229435,2017-11-04 21:28:09,596997,@SouthwestAir When does non-stop to St. Louis start?,SouthwestAir
1599693,2017-11-04 21:28:13,491212,@65057 Also I should be able to edit my tweets when my iPhone is being stupid. @115858 @123765 Make I️t stop.,AppleSupport
1592820,2017-11-04 21:36:12,489564,"@AppleSupport when I try to open an application on my mac, ""application unexpectedly quit"" pops up every time. How can I fix this?",AppleSupport
1595325,2017-11-04 21:38:58,253838,@AmazonHelp my account states you are still waiting for me to return my product. But due to postage costs I was told I don’t need to now.,AmazonHelp
1593344,2017-11-04 21:41:03,489698,@AppleSupport @115858  man fix this shit before  “I️” get a fucking Android,AppleSupport
1584021,2017-11-04 21:42:34,233868,@comcastcares There’s nothing you can tell me that I️ can’t find out from the app. Ive been down this road with @comcastcares many times. #ThxButNoThx,comcastcares
1351988,2017-11-04 21:45:17,435272,Terrible customer service at @115858 store at @65088 in Houston!,AppleSupport
2019914,2017-11-04 21:50:59,597322,I’m just confused why @AppleSupport keep turning my I into this I️,AppleSupport
1596790,2017-11-04 21:51:36,490555,@Delta Trying to change a first class flight and the final page to pay does not work. I have tried for over an hour and called. Help!,Delta
1595559,2017-11-04 21:55:05,490230,@Uber_Support Hi - the issue is that the restaurants should still be open and I was wondering if there's a problem with the service?,Uber_Support
1593259,2017-11-04 21:55:39,489676,@AppleSupport my iphone6s is super slow and most of the apps crashing ever since u put iOS11.. even battery drain in 2 hours,AppleSupport
1596134,2017-11-04 21:57:37,490376,@AmericanAir i've tried :),AmericanAir
1596917,2017-11-04 21:57:56,490587,@VirginTrains  https://t.co/sw34CTllvB,VirginTrains
1223222,2017-11-04 21:58:39,130878,@407008 @AmazonHelp @40624 @221482 @134046 @18775 @50291 @136912 I agree so many have told me they had reviews removed!,AmazonHelp
1593880,2017-11-04 22:01:55,489835,Stop autocorrecting my “I’s”with this stupid little question mark and exclamation point @115858,AppleSupport
1605055,2017-11-04 22:05:01,492373,@AppleSupport can y’all explain the unnecessary question marks in the messages? It’s getting really annoying. https://t.co/tchCTA2mnq,AppleSupport
1594616,2017-11-04 22:09:29,490011,@AmazonHelp Apparently I missed an email from the provider requesting info?  Anyway Monica is very helpful and is still able to get someone out today!,AmazonHelp
1605584,2017-11-04 22:13:38,492522,@AppleSupport can you guys fix this glitch wherein I️ can’t refer to myself in the first person without it autocorrecting to some bullshit,AppleSupport
1588418,2017-11-04 22:16:30,488504,@SpotifyCares Please we need this!! Is it even it the works??,SpotifyCares
1605595,2017-11-04 22:18:49,492525,@AppleSupport FIX THE I️ WTF,AppleSupport
1595947,2017-11-04 22:24:28,490326,"@AmazonHelp It says ""AMZL US"". Tracking begins with TBA. My USPS delivery was just here but left nothing. :(",AmazonHelp
1606803,2017-11-04 22:24:56,493582,Apple Watch users: anyone else have trouble with an exercise (boxing) pausing even when locked? Can’t find a fix for this. @AppleSupport,AppleSupport
1590801,2017-11-04 22:29:01,138081,@SouthwestAir Yay! #californiamillions https://t.co/j1D1znXfF9,SouthwestAir
1587487,2017-11-04 22:32:05,488302,My wife lost something in an @115873 and the driver asked for gas money to bring it to us smh.,Uber_Support
1606790,2017-11-04 22:32:41,493579,@115858 and “I️” are about to throw hands because of the I️ I️ I️ I️ I️ I️ I️ bug. Fix this.,AppleSupport
1587555,2017-11-04 22:32:51,488318,@488319 @31898 @116450 @132338 @514 I think a #planepullchallenge needs to happen with @Delta and @AmericanAir .. @116450 let’s make it happen,Delta
1587640,2017-11-04 22:34:26,486167,@AmericanAir What is your email,AmericanAir
2141270,2017-11-04 22:36:19,629672,@115830 Just don't say it's on its way and is going to be delivered at a certain time. =/,AmazonHelp
1596883,2017-11-04 22:38:38,490577,@comcastcares thanks. I actually did fix it. Thanks for the intention though. #epicfail,comcastcares
1605528,2017-11-04 22:39:21,492503,@492502 @115858 it's hella embarrassing when I send a text message and half the letters are blocks 😂 I have to explain the update to everyone right away,AppleSupport
1606763,2017-11-04 22:42:29,450185,@115858 what’s wrong with the iPhones? I️ am not able to say I️.,AppleSupport
1492177,2017-11-04 22:48:25,218677,I have tried to backup photos to two computers. Neither will let me delete off iphone after backup @AppleSupport,AppleSupport
2019379,2017-11-04 22:50:22,597164,Stayed up past midnight to order iPhone. Now order cancelled. @115911 told me to reorder and get back to the end of the queue. @115913,TMobileHelp
2516578,2017-11-04 22:51:44,716884,@AmazonHelp Following up on this. What’s the resolution? No one has contacted me with an update or explanation,AmazonHelp
2018931,2017-11-04 22:57:02,597067,@AppleSupport Knew @AppleSupport would be on it,AppleSupport
1485371,2017-11-04 23:00:39,464929,@AmazonHelp  https://t.co/r1E3LFaDTo,AmazonHelp
1588933,2017-11-04 23:02:00,488627,No ubers available at any terminal at Perth airport ...really @115873 🤔🤔,Uber_Support
1606694,2017-11-04 23:02:30,493550,@AppleSupport help me 😭😭,AppleSupport
1588112,2017-11-04 23:06:35,488435,"@AmazonHelp Understood, but something obviously changed with your group. Used to order in Friday morning and would get same day service, to my door Sun.",AmazonHelp
1588422,2017-11-04 23:07:20,488505,"@SpotifyCares Yeah, here we go. the app hasn’t being updated for the new aspect ratio on the iPhone X (19.5:9). This leaves black bars on top and bottom. https://t.co/7ZVXmnHMOu",SpotifyCares
1593318,2017-11-04 23:07:40,489688,I️ think @115858 should fix this stupid bug,AppleSupport
2019096,2017-11-04 23:09:17,488497,"@Delta One would think the call back option would have been available... but as I indicated, it was not...

I was, finally, able to get a human.",Delta
2020256,2017-11-04 23:13:35,597436,@597437 @115858 But if my phone is updated to 11 why am I️ still seeing the question mark?,AppleSupport
1588784,2017-11-04 23:16:15,427882,"Got a reply saying they've investigated &amp; my parcel has been delivered. It hasn't, which is why I contacted in the first place @AmazonHelp https://t.co/SFfxt2mJF8",AmazonHelp
1492206,2017-11-04 23:18:35,466530,@AppleSupport What are these boxes that keep appearing everytime I️ use the letter I? Everything was good until the X came out like wtf 🤔😒🤬,AppleSupport
1470822,2017-11-04 23:24:31,439836,"@AppleSupport @461401 Hi @AppleSupport , my brand new iPhone burned me, but guess what, I’ll get help only after it explodes and I lose my fingers. Thanks :)",AppleSupport
1492222,2017-11-04 23:27:53,466534,Imma need @115858 to fix this “I️” turns into a question mark in a box mess. 😡,AppleSupport
1589425,2017-11-04 23:30:20,488741,@AmazonHelp hi how long does a refund to bank take to process? I was told 2-3 weeks and 24-48 hours for gift card why’s it so delayed?,AmazonHelp
2019886,2017-11-04 23:31:09,597312,@southwestair you should update your customer messaging to reflect the delay in checking into a flight is due to day light savings time..,SouthwestAir
1590696,2017-11-04 23:32:59,427047,@115911 this was clearly an error since the sim never worked. didn’t stop u taking the credit tho huh? lol,TMobileHelp
2020435,2017-11-04 23:39:05,597503,AHHHH @AppleSupport FIX THIS pleaseee it’s so annoying https://t.co/hIPVP5fDHR️,AppleSupport
1590067,2017-11-04 23:41:46,488908,"@Uber_Support , hi there , I'm in Atlanta and where can I find ride pass?",Uber_Support
1597685,2017-11-04 23:43:04,490774,@AppleSupport how do I get an unlocked iphone x online?,AppleSupport
1585590,2017-11-04 23:45:43,487849,@AmericanAir where can I send a DM to explain what happened?,AmericanAir
1587335,2017-11-04 23:47:13,150316,@AmazonHelp Please resolve the issue asap,AmazonHelp
1597667,2017-11-04 23:47:15,490768,I️ still see black question mark boxes even after the update!! @AppleSupport,AppleSupport
1590178,2017-11-04 23:47:32,488935,@comcastcares I need to speak with someone about my internet issues because previous times I've called seemed to get nowhere!,comcastcares
1492249,2017-11-04 23:51:17,466539,@AppleSupport Every time i type to use the letter i it turns to this I️,AppleSupport
1588105,2017-11-04 23:57:25,275061,"@AmazonHelp Amazon. Pretty sure the delivery man is stealing it Every time they put ""item left in mailbox"" it is too large for mailbox and never shows",AmazonHelp
1597631,2017-11-04 23:57:46,490760,@AppleSupport plz help I wanna update my phone 😩,AppleSupport
1589500,2017-11-05 00:02:44,140669,@SpotifyCares thank you honey have a nice day 😌,SpotifyCares
2020573,2017-11-05 00:04:03,597548,"@115858 @AppleSupport @188 It’s the letter between H and J, in case you were wondering. In regular words, it’s fine. But alone, it doesn’t work. I️ See?",AppleSupport
2020547,2017-11-05 00:09:30,128897,It’s sad that eye am now programmed to read “! ?” as “I” I’m so upset with you @115858,AppleSupport
2020457,2017-11-05 00:15:53,597512,@AppleSupport  why is this happening https://t.co/BZNMY71nPD,AppleSupport
1580823,2017-11-05 00:16:21,486701,@SouthwestAir Ok last time. Cancel due to weather not equally applied. What’s the truth? How can conf # help when ur reps say soonest we can leave is Mon?,SouthwestAir
1590739,2017-11-05 00:17:49,489068,@AmericanAir That’s not the problem. The problem is that this is the message @136906 when I enter their record locator. https://t.co/oQuKmIe9CM,AmericanAir
1590703,2017-11-05 00:19:33,489059,@Delta @489058 Flight 316 from ATL to MEX over 1 hr delayed at departing gate with all passengers seates cuz some weight balance crap..,Delta
1591526,2017-11-05 00:20:10,489256,@115821 @AmazonHelp Package says being delivered today by 8 PM that it's out for delivery. 8:19 and nothing USPS delivery says Monday. Why?,AmazonHelp
1590042,2017-11-05 00:21:55,488901,@Uber_Support I reported everything on the uber app,Uber_Support
1598100,2017-11-05 00:24:26,490872,@AppleSupport can y’all please fixed this stupid thing where it keeps changing the letter “I️” to a box 😡!!!,AppleSupport
2020044,2017-11-05 00:29:05,597366,@116136 Your equipment and your service and telephone help are all pure trash. Only your repair/installation folks seem like decent people.,comcastcares
1537563,2017-11-05 00:30:58,476653,"@AmazonHelp I received package from different order today, so I don't know what...'because the employee did not have access to the delivery location' is",AmazonHelp
1591645,2017-11-05 00:31:36,489286,looks like @115911 don’t want you to have the @115858 upgrade plan instead want to sell there own plan. Stucks @115911 #customerDontCare,TMobileHelp
2020627,2017-11-05 00:32:42,597566,@AppleSupport what the heck is going on with my capital “I️”s autocorrecting to an A with ? ???,AppleSupport
1590506,2017-11-05 00:38:43,489010,"@AppleSupport I don’t think you can. It is a reoccurring problem, almost after every one of your upgrades. Millions are complaining about it and you never publicly admit it.
I have taken through your faultfinding notions, without results few times before.",AppleSupport
2010272,2017-11-05 00:44:29,594440,@115858 🗣FIX THIS SHIT👉🏽 i️,AppleSupport
1591543,2017-11-05 00:50:48,489261,@AmazonHelp Yes and yes.,AmazonHelp
1592103,2017-11-05 00:51:23,265269,So I order food from @115877 and 2 minutes before it’s supposed to arrive my order is cancelled??? So when do I get my money back??,Uber_Support
2020667,2017-11-05 00:54:18,466561,Can y’all give us an update on this stupid question mark crap that y’all are incapable of fixing? But I should pay $900 @115858 I️,AppleSupport
1605201,2017-11-05 00:54:58,492421,@115888 I’m trying to sign up for premium and I don’t speak French. I think someone set up an account using my email address. Help https://t.co/p2TTuZBqZW,SpotifyCares
1592136,2017-11-05 00:57:51,489411,The only place I would complain about my @115911 service is my house. Good thing I have WiFi calling 👍🏼 https://t.co/kS3d9duznO,TMobileHelp
1587298,2017-11-05 00:58:55,488265,@AmazonHelp Like this person has my address and banking info can I just get my login changed I didn’t think it’d be this hard,AmazonHelp
2010286,2017-11-05 00:59:14,137330,I think @115858 needs to fix this letter glitch on the keyboard with that new update,AppleSupport
2010434,2017-11-05 01:04:09,594494,"Anytime 👁 type the letter 👁 this happens I️ 

Plz fix soon, thanks. Xoxo @AppleSupport @115858",AppleSupport
2010486,2017-11-05 01:10:19,594510,FIX THIS GODDAMN GLITCH IM SEEING THIS BULLSHIT EVERYWHERE NOW @AppleSupport,AppleSupport
1592920,2017-11-05 01:13:43,489581,Love waiting an hour for cold food @115877,Uber_Support
1594068,2017-11-05 01:15:20,489882,@Delta Makes me wonder if @158121 hired a questionable person because they obviously rearranged my bag after they inspected it.,Delta
2010439,2017-11-05 01:16:57,594495,@AppleSupport so this “I️” situation...y’all  fixing that or......,AppleSupport
1593023,2017-11-05 01:18:30,489601,@AmericanAir I am flying bussiness really a very bad service. You are not taking care of your customers!,AmericanAir
1606974,2017-11-05 01:19:06,164085,"Seat mix-ups and a major delay, but I caught some nice shots. @SouthwestAir #windowseat https://t.co/t97fEnRZ3F",SouthwestAir
2010460,2017-11-05 01:21:01,594503,"@AppleSupport I need help, something’s wrong with my microphone. It works everywhere but not on Siri, iMessage &amp; sometimes not on Video",AppleSupport
1593996,2017-11-05 01:24:41,489867,"なぜこうなったか聞いたら「他の荷物が上から落ちてきたからですね〜」って言われ、「amazonじゃなくてヤマトさんのせいなんですね？」って返したら「まぁうちのせいっちゃせいですかね〜」って半笑いで返された。
クロネコヤマトの荷物の取り扱い、段ボール箱ぼろぼろ、ひどい。 https://t.co/gjv5hfqj1W",AmazonHelp
2010333,2017-11-05 01:27:27,594461,"@AppleSupport I have iPhone 7 and download apps but they will not upload onto my phone. Yes, I have enough memory.can you help me ?",AppleSupport
1593043,2017-11-05 01:31:28,489605,"@comcastcares Thank you,  no but it is okay.  I didn't expect you to care.. My tweeps filled me in.",comcastcares
1592880,2017-11-05 01:32:21,259896,@AmazonHelp I plan on calling tomorrow. I'm a longtime Amazon customer.,AmazonHelp
2010605,2017-11-05 01:32:36,124034,"@AppleSupport ummm... help? an odd character in the place of the letter ""I,"" offering up ""A[?] instead and autocorrecting.",AppleSupport
2010537,2017-11-05 01:38:48,594525,@115858 I️ I️ I️ I️ I️ cmon bruh fix this,AppleSupport
2010516,2017-11-05 01:45:24,594520,Hey @AppleSupport ... Wtf is this -&gt; I️,AppleSupport
1594046,2017-11-05 01:49:02,427184,@TMobileHelp My iPhone X is supposed to have AppleCare+ through your insurance but I don't see it anywhere,TMobileHelp
2010693,2017-11-05 01:50:12,594573,@115858 fix this shit cuh 😡➡️ “ I️ “,AppleSupport
2019904,2017-11-05 01:50:37,597318,hey @115877 I just hit a deer. I’m sitting in my now wrecked car. Got any venison? #Revenge,Uber_Support
1596619,2017-11-05 01:51:28,490504,@AmazonHelp Guess you guys didn’t have a reply to that info eh lol,AmazonHelp
1598309,2017-11-05 01:54:58,490912,The @Delta staff at ATL are some of the rudest most incompetent people I've dealt with in a long time.,Delta
2010656,2017-11-05 01:55:36,594561,@AppleSupport @115858 can you get yourselves together and fix the “i” glitch please??? it’s taking over every app i have on my phone.,AppleSupport
1584848,2017-11-05 01:59:43,487663,@AmericanAir I would appreciate when I try to change my flight you don't try to get an extra $400 dollars.,AmericanAir
1598076,2017-11-05 02:01:38,490864,@116333 Your lovely new product ruined my weekend and genius could do nothing about this. #Apple #iPhoneX https://t.co/QvE8mPFXTR,AppleSupport
1199478,2017-11-05 02:08:40,401821,@115858 @AppleSupport please fix this https://t.co/KLU9qEm1hk,AppleSupport
1605622,2017-11-05 02:09:52,492533,@115821 what the hells wrong with the UFC app on the fire stick!? I ordered the fight and it says my order was submitted and it's not loadin,AmazonHelp
1599106,2017-11-05 02:11:59,364240,"@134131 @AppleSupport If you updated to iOS 11.3, &amp; don’t have the new phone, I’m not surprised. I’ve had issues across the board. Hope they can fix it for you!",AppleSupport
1605217,2017-11-05 02:13:15,426997,"@comcastcares I’m on the phone now, I will DM if this guy can’t help. It’s not looking too good. Pay $60 and already missed 1 fight. $12 down drain so far",comcastcares
1606896,2017-11-05 02:15:34,493603,@Uber_Support how do I sign up for deliveries also?,Uber_Support
1614422,2017-11-05 02:17:08,495203,I updated my phone and when people use I it’s a freaking question mark in a box. How do i fix this @AppleSupport,AppleSupport
1605580,2017-11-05 02:20:59,492521,@AppleSupport Thanks!,AppleSupport
751242,2017-11-05 02:22:59,299559,@AmazonHelp Solo quiero saber si lo recibire el martes que es el lanzamiento?,AmazonHelp
1605572,2017-11-05 02:25:49,492516,@492517 @AppleSupport Thank you Apple supporttttttt!!!!!!! 😂😂😂 not sure if it works yet but gonna try,AppleSupport
2020415,2017-11-05 02:29:04,597495,@578173 @SouthwestAir I am finding it extremely difficult to  book a flight from Tulsa  to #Cayman_Islands,SouthwestAir
1605486,2017-11-05 02:32:46,492491,@AppleSupport Thanks! It worked!,AppleSupport
1605652,2017-11-05 02:34:38,492542,@Uber_Support Dm sent,Uber_Support
1616732,2017-11-05 02:36:38,235357,@AppleSupport why is the letter i sending as a question mark in every one of my messages?,AppleSupport
1605495,2017-11-05 02:41:09,492493,@AppleSupport yes it still doesn’t work...now it shows an ! and a question mark box,AppleSupport
1602194,2017-11-05 02:42:24,491803,Amazonかメッセージきて、未納金があり、このままでは法的処理の手続きをさせてもらうので、本日中にTel下さいって書かれてたから、おったまげて電話したら、こちらの手違いでしたで済まされたんだけど、これってなんなの？そもそも私携帯からAmazon登録してない。不正請求でしょこれ。,AmazonHelp
1605497,2017-11-05 02:42:59,492493,@AppleSupport  https://t.co/VJjjgZith6,AppleSupport
1601426,2017-11-05 02:47:03,491615,I’m watching this damn fight on a MacBook... @115900 is trash,comcastcares
2010703,2017-11-05 02:48:44,594578,@148611 hi po bakit wala yung kanta ng Twice sa app nio nagbabayad po ako ng premium every month hahaha,SpotifyCares
1616757,2017-11-05 02:49:20,495787,@AppleSupport WHY CANT I️ TYPE I️ ANYMORE THO,AppleSupport
1582938,2017-11-05 02:51:51,223482,"@AmazonHelp Videos. When I go to the available on prime page, there's a list of movies that say limited time",AmazonHelp
1616683,2017-11-05 02:54:17,495766,Omg. Okay.  @115858 really needs to fix this exclamation/question mark A glitch every time the word “I️” is typed. 😖😖😖😖,AppleSupport
1583808,2017-11-05 02:58:20,487411,@AppleSupport Thanks and you too!,AppleSupport
1598345,2017-11-05 02:59:21,490921,@AmericanAir Check your DMs.,AmericanAir
1598743,2017-11-05 03:02:11,491015,"@115850 extremely bad service on refund/return policy. if you were in NZ, you would get fine up to $200,000 for this! too much misleading!",AmazonHelp
1617215,2017-11-05 03:05:03,495895,"Welp, got the #hijabi emoji #Alhamdulillah but I guess not everyone can see it? 🧕🏻🤦🏻‍♀️ @115858 why can’t non-updated &amp; Android users see it?",AppleSupport
1597758,2017-11-05 03:05:47,490790,@Uber_Support I need taxi,Uber_Support
2020384,2017-11-05 03:08:25,597484,@Delta Over 2 hour hold time.  Need to cancel a flight and your website won't let me  but can't wait on phone forever.,Delta
830278,2017-11-05 03:10:09,594719,@116136 That may be true but your WiFi sucks and customer service even worse,comcastcares
1617219,2017-11-05 03:11:14,495897,@AppleSupport HEY IT WOULD SURE BE GREAT IF YOU FIXED THIS QUESTION MARK PROBLEM SO I️ COULD USE MY LETTER i️,AppleSupport
1617102,2017-11-05 03:16:16,495870,hi @AppleSupport what is this I️ emoji??? just popped up n makes I️ https://t.co/BiU0vGi8AX,AppleSupport
677240,2017-11-05 03:16:25,490911,@115911 Fix your coverage in NYC! Google maps and Apple maps are close to useless..,TMobileHelp
1617202,2017-11-05 03:21:51,495889,Yo @115858 when are you going to fix the glitch that turns certain capital letters into a weird box with a question mark??? Ughhhh,AppleSupport
1598713,2017-11-05 03:24:41,491011,When amazon says they “attempted” to delivery your package but you know they’re lying bcus you’ve been at home specifically to not miss it,AmazonHelp
1598376,2017-11-05 03:26:10,490932,@SouthwestAir TY!,SouthwestAir
1617125,2017-11-05 03:26:43,495878,Also @115858 fix your fucking keyboard what is the box with the question mark every time I️ type i,AppleSupport
1598263,2017-11-05 03:31:16,490903,@Uber_Support Never use again,Uber_Support
2012508,2017-11-05 03:32:28,595108,@180336 SAME! @AppleSupport sucks.,AppleSupport
1617918,2017-11-05 03:37:58,496082,@AppleSupport WHY YALL PLAYING???? we not finna start this question mark block shit again. are we ? i️ pay all this money for a damn phone and y’all playing fucking software games! fix my shit i️ don’t want no damn apple errors on my shit no more. fix i️t NOW.,AppleSupport
1597730,2017-11-05 03:43:40,490783,@AmazonHelp Amazon wins high marks. @UPSHelp @115817 not so much.,AmazonHelp
1627225,2017-11-05 03:44:00,498213,Bro how you take the “ I “ glitch off !!! @AppleSupport,AppleSupport
1599285,2017-11-05 03:48:50,491129,Go home @115873 you're drunk. https://t.co/q4RlpxoiOW,Uber_Support
1627589,2017-11-05 03:49:15,498303,@115858 patch iOS 11.1 and this terrible keyboard vowel issue .. I️ can’t take it anymore,AppleSupport
18190,2017-11-05 03:55:02,120039,"@AmazonHelp @115850  @120040
Even after your team's promise, I have not received my cashback of INR1500 before deadline given by them.",AmazonHelp
2012732,2017-11-05 03:56:44,409176,Now I am sure that @115858 is trolling me. 6th replacement of iPhone (2nd for iPhone8) and it comes with faulty volume button. Why me ??,AppleSupport
1599190,2017-11-05 04:01:17,498296,@134131 @AppleSupport Guy at Apple Store/Apple support told me that software is screwed up bc of the new IPHONE 10. My phone now won’t type the letter eye. Crazy,AppleSupport
37810,2017-11-05 04:02:40,491359,"@SouthwestAir A- Airlines! The “-“ is for some of the childish silly antics that SOME of the FA bore the passengers, and think they are clever!",SouthwestAir
2011252,2017-11-05 04:02:52,594747,K.C Undercover is on but of course it’s in Spanish 😒 @comcastcares  @116136 seriously needs to get it together,comcastcares
1628930,2017-11-05 04:06:46,498635,"Since the update-
🤬my phone turns off
😩it constantly freezes
😤all the apps crash
Nice job @AppleSupport @115858",AppleSupport
1602049,2017-11-05 04:10:27,491764,Yo @SpotifyCares i can't sign into my account because I deleted trashy ass Facebook. Y'all gonna help or nah?,SpotifyCares
1566788,2017-11-05 04:11:59,483584,@AppleSupport @483583 This update did actually make me switch to android! Right after the manager at the apple store was extremely rude to me,AppleSupport
1598759,2017-11-05 04:14:08,491016,@AmazonHelp How does that benefit me or my money,AmazonHelp
1599191,2017-11-05 04:17:04,595177,"@134131 @AppleSupport I know someone who got an X, as far as I know, no issues. I’m a little upset about my SE’s performance after iOS 11.1",AppleSupport
1600177,2017-11-05 04:18:28,491347,@Uber_Support you take money away. I had too many riders in the past I have been reimbursed but tonight you said that you are not going to?,Uber_Support
1628916,2017-11-05 04:23:48,498632,@115858 fix this fucking I️ problem it’s annoying,AppleSupport
1628914,2017-11-05 04:29:20,498631,"Alright @115858, wtf are you doing with my “ I️ “, starting to get a bit annoying.",AppleSupport
1600211,2017-11-05 04:30:03,491354,@AmericanAir Followed and thanks!,AmericanAir
2012980,2017-11-05 04:34:55,595212,My “I️’s” are fucking up @AppleSupport,AppleSupport
2013064,2017-11-05 04:36:39,506550,@115858 @TMobileHelp Not the only one with this issue. https://t.co/7QssLO8Ged,TMobileHelp
1600450,2017-11-05 04:38:41,491399,Hey @115873 quit hiring diptard drivers,Uber_Support
1586296,2017-11-05 04:40:35,488024,@AppleSupport Why my watch (series 2) when I get a SMS it doesn't notify me but a IMESSAGE it does? &amp; why when I go into message app it opens a text?,AppleSupport
1586776,2017-11-05 04:42:11,488142,"@AmazonHelp I have to make a return of produxt. Your first person is saying u have to do self  return, next is saying I'll do, then after a long wait.",AmazonHelp
1586295,2017-11-05 04:44:55,488024,@AppleSupport IOS 11.1 hasn't corrected none the issues. I am disappointed in this iOS and so many more people are too. Please fix,AppleSupport
1591507,2017-11-05 04:53:04,489251,"@AppleSupport So you’re asking me..along with MILLIONS of people to do this if they updated their software? No, you fix the problem. It’s 2017.  Fix This.",AppleSupport
1601055,2017-11-05 04:58:54,491543,@AmazonHelp Hi! I m a winner of a recent contest held by @115850 on twitter. Kindly update me abt my prize. #KaroMilkeTayari,AmazonHelp
1618317,2017-11-05 05:00:06,496183,Why tf am I seeing question marks in boxes 🙄😑🤦🏽‍♀️ @115858 my phone is updated...,AppleSupport
1601143,2017-11-05 05:04:05,491552,"@Uber_Support third driver who didn't want to drive to SF, um what's going on?",Uber_Support
1601177,2017-11-05 05:06:25,447335,Ok @Delta counting on you to get us home after vacation and SEMA . Good start departing 10 minutes early for Atlanta #deltaairlines,Delta
1628924,2017-11-05 05:08:24,498634,Hey @AppleSupport are you guys going to fix this problem with the auto correct? I️  most ridiculous and inconvenient thing,AppleSupport
1569612,2017-11-05 05:09:40,353907,@AmazonHelp Just informing amazon never notified me for iPhone X pre orders when they were up I had registered way before pre orders started,AmazonHelp
2018828,2017-11-05 05:17:01,597031,@AppleSupport fix my keyboard every time I️ hit the letter “I️” weird stuff pops up!,AppleSupport
1601604,2017-11-05 05:21:25,169612,@115850 @AmazonHelp I am already a Prime Subscriber in India. If I buy the Echo do I get the Amazon Prime charges in my Amazon Pay balance since it shows 1 year Prime included? Or do you extend the date?,AmazonHelp
1631248,2017-11-05 05:24:59,499239,@115858 are you going to send an update to fix the I️ bug or are we pretending it doesn’t exist.....?,AppleSupport
1583320,2017-11-05 05:27:41,212482,@487291 @487292 @SouthwestAir Mainly plan to use for nonstop flights on west coast with companion pass. Will still fly Delta wherever I can get directs and cross country,SouthwestAir
2010862,2017-11-05 05:31:33,594623,@Uber_Support hey my friend orderd an Uber and was charging it in the caron the way home. We can't get it back https://t.co/3WCI1tDSVm,Uber_Support
1632406,2017-11-05 05:35:10,499516,@AppleSupport I don’t know if it happens with other apps. https://t.co/LcnoMlUl8N,AppleSupport
1601589,2017-11-05 05:39:13,491657,@115850 ordered on 21 Oct after confirming my pin deliverable.15 daz later u guys r talking this bullshit dat item is nt deliverable.1/1 https://t.co/JBnw585a0r,AmazonHelp
1619310,2017-11-05 05:44:48,496393,@496392 @AppleSupport Its so fucking annoying i had to turn off autocorrect,AppleSupport
1618271,2017-11-05 05:52:12,496166,ii gotta add two ii’s to avoid that dumb ass question mark and letter A. @115858 what’s up with that?,AppleSupport
1601121,2017-11-05 05:55:28,430350,@AmazonHelp They recommend to contact the freight forwarder. My friend checked everywhere but never find the item. It was never delivered to him.,AmazonHelp
2013420,2017-11-05 06:02:38,595355,@AppleSupport I is not working,AppleSupport
1602384,2017-11-05 06:05:53,491848,@115821 @AmazonHelp Fuck y’all 4 not giving me Heartbreak on a Full Moon on 11/3. I pre-ordered that bitch 6 days ago &amp; I have amazon prime.,AmazonHelp
1598608,2017-11-05 06:08:36,490996,@AppleSupport @490995 hello this is also happening on my phone too!!! please fix this for everyone!!!!,AppleSupport
2011022,2017-11-05 06:13:56,594674,"@Uber_Support I will have her contact you.
She is pretty shaken up.",Uber_Support
2013426,2017-11-05 06:17:58,595357,@115858 @AppleSupport fix this shit.,AppleSupport
1600421,2017-11-05 06:22:24,155893,"@AmazonHelp You have to idea how insulting it was, how do u intend to mek up for dat?",AmazonHelp
1602044,2017-11-05 06:23:44,491762,@SpotifyCares @115888 thank you ❤️,SpotifyCares
2013360,2017-11-05 06:24:29,595335,HOW THE FUCK DO YOY FIX THIS @115858 https://t.co/7gsUWGcLz5,AppleSupport
1602604,2017-11-05 06:32:40,491894,"@215765 @12339 @115850 shipment delayed
Please do the needful
Order# 404-0926531-0089915",AmazonHelp
2013614,2017-11-05 06:40:39,595407,@115858 tf is this why are my “I️” looking like that I️ didn’t pay all this money for this bull shit I️ want my money and I️ want it now https://t.co/zdVV8aGU5v,AppleSupport
1599782,2017-11-05 06:42:23,491242,@Uber_Support I need a phone number to personally contact someone so I can get my phone!,Uber_Support
1603357,2017-11-05 06:48:40,492062,"@Delta my family are greencard  and Burmese passport holders will be flying with KLM/DL, will there be any problems?",Delta
1557698,2017-11-05 06:51:11,481485,@115850 why is the payment gateway asking me for the ATM PIN rather than sending me an OTP as usual?,AmazonHelp
1583799,2017-11-05 06:56:38,487409,@AppleSupport The text replacement only works in texts and iMessage. The A’s still appear in Facebook messenger and other places :(,AppleSupport
1603351,2017-11-05 06:56:38,492060,"@TMobileHelp New invention from @115911 ! If you cancel an account, you cannot use the email used for it later for a new Tmobile account :(",TMobileHelp
1603117,2017-11-05 07:02:12,425807,@115850 had canceled an order with help of your customer care. Order still not canceled on app n stil haven't received refund. Frustrating,AmazonHelp
2013732,2017-11-05 07:09:19,595446,Doesn’t help that @115858’s new iOS puts the cherry on top of an already shitty af day thanks for the question box of death,AppleSupport
1603135,2017-11-05 07:11:56,492008,ちっちゃいインクカートリッジ💢💢💢Amazonの過剰梱包💢💢💢💢,AmazonHelp
1603146,2017-11-05 07:18:47,492010,Second day in a row that my @115873 driver started the trip without picking me up. 😡,Uber_Support
1603291,2017-11-05 07:25:04,492048,@115850 I purchased one guitar order no 404-0916523-0401168 the product is defective as they have placed two same strings in the guitar,AmazonHelp
1603079,2017-11-05 07:28:56,491994,"@AmazonHelp 了解です！
わざわざありがとうございます！",AmazonHelp
1621222,2017-11-05 07:29:21,496804,How @115858 only supposedly fix my screen and all my pictures and etc all gone 🤔,AppleSupport
2011684,2017-11-05 07:30:53,594867,"@115900 your internet is literally shit rn. And it didn't use to be, are your servers down in the Bay Area?",comcastcares
1573231,2017-11-05 07:36:08,484929,@AmericanAir Does it take more than 24 hours ?,AmericanAir
1621181,2017-11-05 07:44:46,496790,@AppleSupport Asking for Update and still showing warning. What is the solution ?? https://t.co/mzIgfgy49E,AppleSupport
1603540,2017-11-05 07:46:05,492106,@115821 That is BS @115821 saying that my @115890 Xbox One X console won’t be delivered until November 13 to the 17 is not right,AmazonHelp
1482473,2017-11-05 07:54:42,464228,@Uber_Support @119983  any updates on my complaint ?? Are you guys this much inefficient ??,Uber_Support
1603729,2017-11-05 07:56:49,492150,"@115850 ORDER # 408-6917321-6324364, 4months on, still awaiting #HDFCBank card cashback worth 2K. Is Amazon fooling its #PrimeCustomers??",AmazonHelp
1617248,2017-11-05 08:08:01,495906,@AppleSupport That worked! Thanks!!,AppleSupport
1604077,2017-11-05 08:08:35,492215,"@AmazonHelp 多分それですね！
せっかくなのでこのまま続けます。
わざわざありがとうございました！",AmazonHelp
1601349,2017-11-05 08:17:36,467077,"@AmazonHelp Jo der sagte mir Fr das es definitiv spätestens Sa da ist,was nicht der Fall war.",AmazonHelp
1604984,2017-11-05 08:26:58,492352,@115850 One fladuent activity happen in my card from amazon at name of prime membership with transaction of 6850 rs,AmazonHelp
1420132,2017-11-05 08:29:20,450140,@AppleSupport Can i have a response on this?Following on this since last two days but not getting any response.,AppleSupport
1604742,2017-11-05 08:35:55,465328,@115850 Why is the no. of car tyres that I can buy from Amazon restricted to 2 or 3? How can I change all the three then..,AmazonHelp
2011558,2017-11-05 08:36:56,594826,@SpotifyCares I can't log in to my account and it's not recognising my username for a password reset. Get this. https://t.co/zcIYH3YXAG,SpotifyCares
1604129,2017-11-05 08:42:41,492218,@AmazonHelp Okay. Thanks.,AmazonHelp
1604784,2017-11-05 08:47:31,492315,@Uber_Support I can't log into Uber!!!,Uber_Support
1604121,2017-11-05 08:56:53,427960,@AmazonHelp Here Is what u need. call me 07834 350503,AmazonHelp
1628544,2017-11-05 08:57:41,498542,@AppleSupport ARE YALL GONNA ADDRESS AND FIX THIS EYE BUTTON ISSUE OR NAH,AppleSupport
1607708,2017-11-05 09:03:03,285640,@VirginTrains good morning. Why only one train an hour from EUS to MAN when big game on?,VirginTrains
1607902,2017-11-05 09:05:55,493814,@115850 @AmazonHelp my order dated 8th oct which I returned more than 2 weeks ago but still I have nt received my refund yet.So plz help,AmazonHelp
1607946,2017-11-05 09:12:48,493819,@115873 not getting much response we and need help after a ride last night. Can you DM me?,Uber_Support
1608067,2017-11-05 09:16:47,402097,@115833 having frequent issues with regards to Internet connectivity. The #alexa app also having issues.,AmazonHelp
1622567,2017-11-05 09:18:45,497109,"@AppleSupport From Nigeria, I have a serious billing issue! I was charged x100+ For apple music sub today. How do I get help to resolve it?",AppleSupport
1608416,2017-11-05 09:35:34,493917,@AmazonHelp Hi it says on my amazon account that my order has been delivered however I haven't received it,AmazonHelp
1608444,2017-11-05 09:44:45,493922,@115877 I ordered triple schezwan rice and found plasic in Manchurian. https://t.co/ACnqJWPLUE,Uber_Support
2010735,2017-11-05 09:46:21,594586,"@AppleSupport Since i update ios 11 it's never turn on , what should i do so solvate out ?",AppleSupport
1608397,2017-11-05 09:46:33,493912,アマゾンでぽちっちゃった。。。 https://t.co/uFiQjCeNJX,AmazonHelp
1608222,2017-11-05 09:49:23,493882,@VirginTrains Lichfield Trent valley. I want to get a train from new street now,VirginTrains
1608411,2017-11-05 09:54:42,493916,@AmazonHelp The driver marked as Refused on Delivery after having been in Seattle at the same intersection for the delivery.  I live outside of Seattle,AmazonHelp
1608636,2017-11-05 10:04:45,493960,今日のマンガ。お家にいてマンガが届く。Amazonって素晴らしい✨ https://t.co/UQbKaTSFQM,AmazonHelp
1608696,2017-11-05 10:06:48,493973,"@Uber_Support Need Help, have messaged the complaint hope somebody at your end will be able to resolve the issue asap",Uber_Support
1311336,2017-11-05 10:14:36,426424,"#AmazonPayQuiz what about results??
 @115850 @AmazonHelp",AmazonHelp
1609249,2017-11-05 10:20:03,494080,@virgintrains Updates re:Signal failure south of MK? Due to catch a flight from Stansted at 1330. Twice delayed today.,VirginTrains
1609567,2017-11-05 10:23:08,494151,"@115830 I ordered something on 21st Oct, expected on the 30th and I still haven't received it. I've contacted the seller and no response?",AmazonHelp
1604821,2017-11-05 10:27:12,117691,"@TMobileHelp Here we are almost two hours later, no direct answer to the Q, but I see the answer “no sorry we can’t do that”.  🙄😥😤😞",TMobileHelp
1614794,2017-11-05 10:27:25,495315,"Yo @115888, why so pressed? Why haven't you put Taylor's #Callitwhatyouwant on New releases? Stop being so pressed",SpotifyCares
1609128,2017-11-05 10:31:17,494050,@Uber_Support I followed up with your team and they said I gotta PAY FOR CLASSES. Why do u treat ppl so bad?,Uber_Support
1610389,2017-11-05 10:32:39,494353,when i load cash in amazon pay through debit card then i will eligible for 20% back or not? @115850,AmazonHelp
1609674,2017-11-05 10:32:47,494176,@VirginTrains train detoured through Birmingham due to engineering..we stopping there or  just passing through?,VirginTrains
2014176,2017-11-05 10:33:17,595574,Who the hell thinks of making a letter an emoji? This is annoying @AppleSupport @118936,AppleSupport
1610386,2017-11-05 10:42:42,494352,@115850 Your marketing team is doing satisfactory work....I can help,AmazonHelp
1608846,2017-11-05 10:47:53,494376,@VirginTrains What time are the trains back to preston from kings cross due to cancellations at Euston today?,VirginTrains
1610415,2017-11-05 10:48:18,494362,"@115873 
Hi, 
Do uber owns any responsibility towards their drivers as i am victim where uber is washing their hands from driver's fault?",Uber_Support
1610714,2017-11-05 10:50:09,253706,"After 12hrs, email from @115830 told me they'd be working after 24hrs.
48hrs later, STILL not working!
No updated communication!",AmazonHelp
1610378,2017-11-05 11:02:11,494350,"Acabo de usar @116928 Pay por primera vez. Si consiguen más comercios que lo soporten, empiezo a ver la preocupación de los bancos.",AmazonHelp
1610162,2017-11-05 11:04:09,494304,"@VirginTrains Over an hour late to destination,, full refund??",VirginTrains
1610768,2017-11-05 11:08:52,494437,Our @Delta pilot just dropped by the gate &amp; handed out little wings to every single child. :),Delta
1623336,2017-11-05 11:11:12,497270,@115858 Face ID on iPhone X doesn’t work accurately for people with spectacles having a higher power as eyes squint without specks and Face ID Fails every single time,AppleSupport
1610409,2017-11-05 11:11:34,494361,@Uber_Support I will dm u my number u can contact me,Uber_Support
1609584,2017-11-05 11:14:39,494154,@AmazonHelp Oh n here’s my original order https://t.co/8ZyT9kS2GE,AmazonHelp
1611157,2017-11-05 11:22:01,323284,@115850 i got empty NOKIA 6 box for order No 405-1395179-9431525.i Lodge complaint but didn't  received replacement till date. Pls do help,AmazonHelp
1610778,2017-11-05 11:23:59,494441,"@AmericanAir most uncomfortable seats, least organized, nickle and dimes you too death. Now we boarded with no ""paperwork""? #unorganized 😑",AmericanAir
1612164,2017-11-05 11:29:22,494737,Actually cant belive I cant make todays game because of the fucking @VirginTrains at @213768. Fucking unbelievable.,VirginTrains
1554889,2017-11-05 11:33:02,469296,"@126705 Ah, interesting. @115830 have now REMOVED item that was supposed 2b delivered by you on Friday, THEN on Saturday, but wasnt. @AmazonHelp",AmazonHelp
2014265,2017-11-05 11:37:55,595600,@AppleSupport i have an issue with ios11 iphone6s not ‘seeing’ imac in airdrop. Apparently im not alone. Is there a fix?,AppleSupport
1609590,2017-11-05 11:41:18,494154,@AmazonHelp Not gonna be here by 13:00 is it? If you wanna help maybe amazon could let people know stuff they ordered 5 months ago won’t be sent!,AmazonHelp
1199421,2017-11-05 11:41:19,401809,"@Uber_Support Nobody has tried to reach me so far, they making fun of me in App chat
My numbers are: 9044553183, 8299259445
Email:__email__",Uber_Support
1610490,2017-11-05 11:45:23,494384,@VirginTrains @115793 Yeh right. Driver just announced another delay. Diversion due to over-running engineering works. Total joke! #bringbackbritishrail,VirginTrains
1554897,2017-11-05 11:49:15,469296,"@126705 @115830 @AmazonHelp The main one being because of the constant untruths being told to me about this item I ordered, by both @115830 and @126705",AmazonHelp
2012045,2017-11-05 11:51:11,594959,"@SouthwestAir why would charge a fee for 2 lb overage on a plane that IS NOT full?

Please provide a number that I can get a refund of $75",SouthwestAir
1617131,2017-11-05 11:53:38,211029,Spend damned near $3K on a new iMac and spend more time looking at this than anything else. @AppleSupport https://t.co/rbemPX0Rpq,AppleSupport
1570951,2017-11-05 11:55:37,484406,@AmazonHelp Hv done exactly as you said and there is NO facility to disable this nonsense.,AmazonHelp
1611908,2017-11-05 12:01:11,494687,@Delta That's very unfortunate. :(,Delta
1610721,2017-11-05 12:03:29,494428,@AmazonHelp Ok thank you,AmazonHelp
1611251,2017-11-05 12:10:40,494539,"@VirginTrains too late, once again had to go on chiltern, with extra taxi costs, twice in 1 week",VirginTrains
2013914,2017-11-05 12:11:25,595493,🤬🤬 I updated my software @115858 !! Why the heck am I still seeing squares with question marks in them?!? 😫 what more do you want from me!?,AppleSupport
1612749,2017-11-05 12:13:06,203923,"@AmericanAir as we are boarding, need to stop in OKC to refuel. No wait, we can get there direct, need fuel. Now, we can’t find fuel truck.",AmericanAir
1604113,2017-11-05 12:15:13,427960,@AmazonHelp So what next ??,AmazonHelp
720422,2017-11-05 12:23:58,292423,@VirginTrains will the 13:28 to Carlisle be running? Or late? We have 20 mins to make a connection or we're stuck at Carlisle for an hour+!,VirginTrains
1605154,2017-11-05 12:25:09,492407,"@Uber_Support I think she has tried to contact someone through the app twice and has had no response, so this is why I have tried to contact someone",Uber_Support
2014190,2017-11-05 12:25:36,595579,Dear @115858 can we get the letter “eye” fixed already. It’s making me insane #Applefail #iosglitch #FirstWorldProblems #annoying,AppleSupport
1311306,2017-11-05 12:31:09,426423,"@AmazonHelp Is it ? So for One Plus 5 exchange program, only 3 models of Motorola are available for exchange? 

Check system and reply",AmazonHelp
1618754,2017-11-05 12:36:13,496284,@115888 not streaming the hit Christmas classic Santa Clause Lane(02) by Hillary Duff is easily the biggest disappointment of 2017,SpotifyCares
1614187,2017-11-05 12:36:57,495152,@115821 I have recd tempered glass in Damaged condition https://t.co/QD3VxVVKxf,AmazonHelp
1612170,2017-11-05 12:37:03,260773,@VirginTrains Confused I've just been told that because I bought my ticket online that my delay/repay will be credited automatically ?,VirginTrains
1624983,2017-11-05 12:42:18,497655,@AppleSupport I’ve updated my phone and still can’t access all emojis including the ones Miss Sydelko tweeted. https://t.co/AOoUSQTTy1,AppleSupport
1599899,2017-11-05 12:44:04,491268,@comcastcares @491267 Lol you don’t. You don’t at all Comcast so your Twitter handle is dumb. #boomroasted,comcastcares
1311376,2017-11-05 12:46:22,426432,@Uber_Support No one is responding,Uber_Support
1613571,2017-11-05 12:47:31,494998,The book which Just got delivered at home @115821 @AmazonHelp @115850 #disappointed Throwing away the free bookmark - makes no sense. https://t.co/MCMWw9xTsb,AmazonHelp
1614192,2017-11-05 12:56:23,495154,初めてAmazonで頼んだけどメール来なくてメチャ不安(´•ω• ` ),AmazonHelp
1625434,2017-11-05 12:58:29,278258,@AppleSupport @115858 have you solved the high use of battery of #ios11? Tks,AppleSupport
1614403,2017-11-05 13:01:03,495196,@VirginTrains your service is a joke!!! train cancelled.  now on another train.. going 10mph!!! speed and service???? joke@!!,VirginTrains
815425,2017-11-05 13:02:38,314187,"@Delta @122122 To clarify - there are comfort seats available, but because an employee gave me false info, I’m not allowed to pay for an empty seat.",Delta
1614181,2017-11-05 13:07:49,137471,@118702 is far better in all when compared to @115850 #seriously,AmazonHelp
1614216,2017-11-05 13:08:11,495158,"@Uber_Support Someone managed to get into my account, deconnect my email, change my password, and charge me £256 for a journey - please help",Uber_Support
1625406,2017-11-05 13:13:22,325198,#Notes has new capabilities. You can sketch in color also with different tools!  @AppleSupport : Put in other iWork apps!,AppleSupport
1614503,2017-11-05 13:16:23,495233,Bonjour @120533 la prochaine fois que c'est @120534 qui livre j'annule ma commande. J'habite en résidence et il y a quelqu'un https://t.co/C1rc05ajtb,AmazonHelp
1614881,2017-11-05 13:17:43,124931,@AmericanAir Y’all don’t have blankets on the flights anymore  (it’s the little things) and there’s always a problem with the planes! Enough already🤷🏽‍♀️,AmericanAir
1611302,2017-11-05 13:20:59,494547,@VirginTrains What’s the situation now please?,VirginTrains
1531221,2017-11-05 13:23:03,475037,@AmazonHelp Just picked it up from the post office. Delayed as it was packed with something else that wasn't ready to be sent. Absolutely rediculoust,AmazonHelp
2014745,2017-11-05 13:29:44,595748,@115858 you gonna fix this I️ problem,AppleSupport
1616047,2017-11-05 13:30:30,388630,@AmazonHelp When are you guys going to start shipping out my Xbox One X order? U.K.,AmazonHelp
1588768,2017-11-05 13:36:40,488575,"@AmazonHelp Me: Alexa, set an alarm for 7AM.

Alarm never goes off

Me, next morning, 7:30: Alexa, what time is my alarm. 

Alexa: No alarm has been set",AmazonHelp
2014850,2017-11-05 13:39:46,595785,"@115858 I bought iPhone 8 but there is no different from iPhone 6.So,give me back my money or give me iPhone X.I am not happy. @AppleSupport",AppleSupport
2014887,2017-11-05 13:47:24,595796,@595797 @115858 I have the iPhone X and updated and still see a damn X,AppleSupport
1616789,2017-11-05 13:48:08,495796,.@115830 how much packaging do you need for a box the size of my hand?! https://t.co/AEx79HGZsY,AmazonHelp
2014516,2017-11-05 13:54:24,484413,@595682 @AppleSupport Nice. Just can’t believe I have to go to the store three nights in a row for their flagship device that had two major issues out of the box!,AppleSupport
1616544,2017-11-05 13:55:35,495732,After a major change in plans (thanks @VirginTrains) we have now arrived at the Valley. @55678 - @61123 https://t.co/UxrAGvMOpi,VirginTrains
1616827,2017-11-05 13:56:33,495802,@Uber_Support how can I report someone using my bank details to pay for their uber journeys please???,Uber_Support
1616274,2017-11-05 13:59:21,424381,@TMobileHelp Link doesn’t work. Do I just send a regular DM?,TMobileHelp
1615550,2017-11-05 13:59:52,164808,@AmazonHelp Not able to fill the form already given you the order id! You ask ur cheat Cuscare executives and courier agents !,AmazonHelp
978590,2017-11-05 14:01:07,352087,I️ am annoyed with this thing that comes up every time I️ type I️ @AppleSupport,AppleSupport
1629420,2017-11-05 14:09:46,498764,@SouthwestAir are you trying to keep me in Cincinnati? I just want to go home.,SouthwestAir
1616720,2017-11-05 14:12:34,495780,"@AppleSupport iPhone 7, iOS 11.1",AppleSupport
1617045,2017-11-05 14:13:43,495859,@VirginTrains Peterborough to Newark. Stage coach staff are trying to deal with it but no virgin staff to be seen?,VirginTrains
1557693,2017-11-05 14:14:51,481485,"@AmazonHelp Not true because, I've always had the option to get an OTP. Now it's gone.",AmazonHelp
1618038,2017-11-05 14:16:18,327437,And we’re off @Delta https://t.co/a0aOtoR1Zy,Delta
1619893,2017-11-05 14:20:42,496519,"Hey @115888 , can you please put a ""Check for internet"" button on your desktop apps? Spotify automatically detecting a conn is frustrating!",SpotifyCares
1583044,2017-11-05 14:23:57,359349,@AppleSupport Thank you!,AppleSupport
1617287,2017-11-05 14:25:09,495915,"Dear @115873, why when waiting for a car are your estimates *always* too low? Don’t you have an #AI platform to solve this problem for you?",Uber_Support
1618128,2017-11-05 14:25:59,496135,Wow .@AmericanAir. Grounding flight 3165 cause U don’t have defrosters at STS? Now connecting flight missed &amp; vacation delayed. Thanks.,AmericanAir
1617274,2017-11-05 14:26:38,263288,@AmazonHelp I'll check it out. Thanks a bunch,AmazonHelp
1619328,2017-11-05 14:30:20,496397,"@AppleSupport iPhone is less quality + more expensive with each gen. Fix the symbol glitch with ""I."" @122609 lookin' mighty fine right now.",AppleSupport
1618191,2017-11-05 14:32:49,146946,Photo bombing @65889 @VirginTrains @39784 #virginfamily https://t.co/st6FeF1xx8,VirginTrains
1615426,2017-11-05 14:36:39,495457,@AppleSupport i think i did it!! thank you!,AppleSupport
1618367,2017-11-05 14:36:45,496194,@115850 Your seller will refund only if I give a good review . Is this a amazon policy ?? Plz deal with such fraud seller,AmazonHelp
2014905,2017-11-05 14:41:06,529824,@115858 so are you going to fix this or do I️ have too?,AppleSupport
2012587,2017-11-05 14:44:12,595114,@southwestair my flight was canceled. On hold for 45 minutes. Had to rebook thru American. Hope I can get a refund.,SouthwestAir
2180737,2017-11-05 14:46:15,639003,"Get locked out of my iPad for no reason, been waiting 6 days for the recovery, and now it's telling me 6 days once again. @AppleSupport #wtf https://t.co/303gTCm5uy",AppleSupport
1618398,2017-11-05 14:47:45,467684,"@115873 I've got a charge to ""Uber Technologies"" on my credit card that doesn't match any trips in my Uber account. Can you guys explain? Thx",Uber_Support
1615683,2017-11-05 14:47:56,495509,@VirginTrains Thank you,VirginTrains
1557704,2017-11-05 14:50:11,481486,"@AmazonHelp à desormais 5 ou 6 jours après.
pareil avec les préco envoyé 3 ou 4 jour après la date de sortie.
et aucune explication",AmazonHelp
1626536,2017-11-05 14:51:14,498049,why the thumb ID wont work on both of my phones @115858,AppleSupport
1618821,2017-11-05 14:57:32,496296,@AmericanAir That does not answer the question at all.  What is the policy for what I asked?  If that’s your answer no wonder there is confusion.,AmericanAir
1618612,2017-11-05 14:57:53,496247,"@Delta It has appeared, again, in my Facebook Timeline. Posted by others, not me. Nor was it sent directly to me. I observed it today, 11-5-17.",Delta
681989,2017-11-05 14:58:19,282751,@115858 New iOS update got me like 😡🤬🤯... ready to turn my back on all @115858 products. #newupdatesetmyphoneback5years,AppleSupport
1629412,2017-11-05 15:00:12,498761,@comcastcares my internet crapped out again. Me and the wife have to go somewhere else to get work done. Thanks,comcastcares
1638793,2017-11-05 15:02:12,501113,@AppleSupport How much does it cost to have a MacBook Pro wireless card replaced in your shops?,AppleSupport
1618892,2017-11-05 15:08:34,496311,@VirginTrains @496310 Might be nice if someone bothered to pass this information on to all the people who have been waiting for nearly 2 hours in the station.,VirginTrains
2015254,2017-11-05 15:10:09,223665,Can y’all fix this I️ glitch @123765 @115858,AppleSupport
1472710,2017-11-05 15:10:40,461836,"@AmazonHelp My e-mail got hacked in June, Amazon cut the account, owed me 600 bucks at the time, we have not been able to get anywhere with numerous, numerous calls to cust service, and the account is still not accessible, and they still have out money, almost 5 months.",AmazonHelp
1606415,2017-11-05 15:13:49,493482,"@Uber_Support The initial response was completely inadequate, but will discuss further with your support team.",Uber_Support
2015177,2017-11-05 15:14:51,595888,@AppleSupport I just hate apple just because of today’s incident,AppleSupport
1458836,2017-11-05 15:18:17,595719,@115858 Fix the letter eye glitch. Geezus,AppleSupport
1627610,2017-11-05 15:21:30,498308,Hmmm I'm losing faith with @115830 this should have shipped yesterday 😕 @498309 @293500 @297820 @293501 https://t.co/0HJl46RiuG,AmazonHelp
1627888,2017-11-05 15:25:15,487442,"JFK-MIA, @Delta (DL2175): 16 minutes to get through security. Not great but I’ve seen worse.",Delta
2015219,2017-11-05 15:25:22,595904,PS can @115858 fix this shit... I’m typing like I️ am Cam newtown’s instagram!!!!!,AppleSupport
1624174,2017-11-05 15:25:33,497467,"@SpotifyCares That's Selena Gomez and Marshmello, not Maroon 5 https://t.co/iwefPAeVW2",SpotifyCares
1628685,2017-11-05 15:29:49,498569,@SouthwestAir Pretty scrappy experience. Delays caused us to loose priority boarding. Won't fix/make up for it. Delayed overnight.  Crappy!!,SouthwestAir
1628593,2017-11-05 15:31:46,498551,"@AmazonHelp obviously fake right? 
“Hi  , Receive a $50 Amazon Gift Card or Reward - Just complete a short consumer survey from Amazon.”",AmazonHelp
2012931,2017-11-05 15:31:52,595198,@VirginTrains is it true that no trains are leaving euston for 24 hours??,VirginTrains
1639261,2017-11-05 15:32:46,501244,@115858 Can we get a software update or something?? I’m seriously over this whole letter I situation. Is a functional keyboard 2 much 2 ask??,AppleSupport
1629372,2017-11-05 15:35:47,498749,"@AmericanAir  I book/pay 4a flight 2b somewhere @ certain time, i expect u 2 keep ur end of deal. I did not pay 2 b somewhere 2 hours late",AmericanAir
2015472,2017-11-05 15:36:16,595986,@595987 It didn’t. @AppleSupport  WHAT THE GUAC. Fix my dang stuff before I️ lose my mind.,AppleSupport
1543270,2017-11-05 15:38:51,474144,@AmazonHelp Anyone know when this will be in the UK ?,AmazonHelp
1622152,2017-11-05 15:40:54,478190,@115877 @121182 4outOf5 of our meals were COLD/wrong/missin&amp;all we got was a $16cred on a $50bill??  #WorstCustomerService,Uber_Support
1629143,2017-11-05 15:43:24,498695,@Delta What can you do!?,Delta
2585247,2017-11-05 15:43:50,732554,@AppleSupport why in the fuck is the iPhone X system taking up 52 GB when all I️ have is 64GB? Your literally taking up 95% which is bull!,AppleSupport
1619259,2017-11-05 15:46:13,496377,@VirginTrains hi. Could I please reserve a seat on the 15:57 GLC - London service? I’ve got a ticket but no reservation.,VirginTrains
1628963,2017-11-05 15:47:13,498643,@AmazonHelp looks like my order won’t be arriving today even though it should be as  I’m a prime customer. 4th time my order is late (1/2),AmazonHelp
2015425,2017-11-05 15:47:24,595973,@AppleSupport my phone wont connect with iTunes it keep showing me this error https://t.co/XfrseMle2W,AppleSupport
677231,2017-11-05 15:47:36,498713,@115911 If T-Mobile could help with my gf’s phone. She got a iPhone 7 that she really doesn’t like. Could you help with exchanging it without costs?,TMobileHelp
1639219,2017-11-05 15:50:36,371662,OMGAWD WTH @AppleSupport ever since the update this I️ happens when I type I HELP ... I️ have to choose “I️” #A? https://t.co/Zf01Og2WBt,AppleSupport
1615558,2017-11-05 15:53:06,164808,@AmazonHelp You all are criminals! You don't want to return my money I will to PM about this! Now enough is enough! Take action and stop wasting time,AmazonHelp
1629463,2017-11-05 15:56:03,120576,@495863 @VirginTrains @498776 We're replying to as many DMs and tweets as possible. Due to a person being struck by a train and a lineside fire trains are not moving. ^JW,VirginTrains
1630201,2017-11-05 15:57:29,477445,@AppleSupport My email comes up when I try to FaceTime people from my phone. How can I fix this,AppleSupport
2015654,2017-11-05 15:59:56,596036,@115858 can y’all fix the I️ issue,AppleSupport
2015326,2017-11-05 16:03:12,595935,@115858 so did you all fix the issues with the capital I️,AppleSupport
1620687,2017-11-05 16:06:53,171648,@AmazonHelp Better is @1382 and @2155 how they permit the Fraude Amazon company To open Amazon pay .,AmazonHelp
2015613,2017-11-05 16:08:08,596022,Ummmmmm @115858 why did this update make my “I️” no longer work? Confused.,AppleSupport
1619023,2017-11-05 16:09:14,496330,"@AmericanAir Here is my record locator:  IESYXL, and my ticket number:  0012155014393. I can tell you that she got me on the 3:30 flight out of Orlando.",AmericanAir
720513,2017-11-05 16:11:56,292441,So why is it that even after I updated my phone I still can’t see some of the emojis people posted on Facebook &amp; Twitter? 🤔 @115858,AppleSupport
1620146,2017-11-05 16:13:36,496569,@VirginTrains plzzz get this train moving it’s boiling hot packed and I want to go home 😤,VirginTrains
1564040,2017-11-05 16:14:20,482965,"@AppleSupport randomly. everywhere. my alarms were just malfunctioning (only vibration, no sound, when I hadn’t touched any settings). restarted it and they are okay again. I shouldn’t have to keep doing forced restarts for my device to work.",AppleSupport
2015139,2017-11-05 16:18:33,595873,Okay sooo why am i still seeing this question mark this shit is aggy @115858  y’all need to fix this like ASAP‼️,AppleSupport
1595553,2017-11-05 16:19:55,129720,"@Uber_Support Sent notes, dm, screenshot &amp; phone.   You guys refuse to fix issue with xna airport Queue.   At least @AskLyft  queue works.",Uber_Support
1634214,2017-11-05 16:20:25,499939,@SpotifyCares the listener count runs into the follower count on the desktop app https://t.co/6e7EZaAsG0,SpotifyCares
1623075,2017-11-05 16:20:41,497221,@comcastcares Performance Pro Internet? https://t.co/O08CcXM1qx,comcastcares
1619154,2017-11-05 16:22:10,281455,@VirginTrains No info there that we don’t already know. Why not put on another track to go through Milton Keynes? No estimate of time delay or whatever.,VirginTrains
2015677,2017-11-05 16:23:02,596047,@AppleSupport why is my “stand” time on my Apple Watch not working?,AppleSupport
1620621,2017-11-05 16:26:01,496687,Trying to control music on @115833 using the app in the #iPhone is the most frustrating task #igiveup #amazonfail,AmazonHelp
999039,2017-11-05 16:26:04,356553,@AppleSupport I have the 11.1,AppleSupport
1630578,2017-11-05 16:30:13,499067,@SouthwestAir really like all the new electronic signage at Love gates 1-10!,SouthwestAir
2015774,2017-11-05 16:31:34,240906,Anyone having a text replacement issue in iOS beta?@AppleSupport https://t.co/ZOm6BctsOS,AppleSupport
1620699,2017-11-05 16:32:23,496694,"@AmazonHelp so I look to see if my parcel has been deliver and it was given to the neighbour, and now they say they never got it? Problem?",AmazonHelp
1583278,2017-11-05 16:32:33,10304,@AmericanAir Any update? Five days and counting. Is the bag delayed or lost at this point? #RuinedVacation,AmericanAir
2002943,2017-11-05 16:35:11,592266,"@592265 @AppleSupport Sorry big man, I best back off https://t.co/PKletaBIDf",AppleSupport
1620905,2017-11-05 16:37:58,496747,@VirginTrains does this include peak time trains tomorrow morning?,VirginTrains
2013601,2017-11-05 16:39:12,152834,@Uber_Support I already rated him 5 stars. Is there a way to change it?,Uber_Support
1623512,2017-11-05 16:39:24,497313,Just booked my first #rewards flight on @Delta Yay! St.Louis here I come!,Delta
1620651,2017-11-05 16:40:01,496691,"@AmazonHelp Got a great product to sell and sold over 160 shipment in 2 days and thts it , i call them and email everyday but no proper reply",AmazonHelp
1620582,2017-11-05 16:41:15,496673,"@AppleSupport Yes!! It worked!! I didn’t input it correctly when I did it before I asked for help, but now it’s working!! Thank you! 🙌🙌",AppleSupport
1620972,2017-11-05 16:42:54,496752,@VirginTrains Thanks. TBH biggest irritation right now is the lack of respect being shown to the sanctity of the Quiet Carriage.,VirginTrains
2015755,2017-11-05 16:44:23,596074,Why is my key board fucking up like this @115858,AppleSupport
1589882,2017-11-05 16:50:45,488849,"@AppleSupport @488848 That is not true. I just update and it persists to show ? , not an image",AppleSupport
1623047,2017-11-05 16:51:17,497213,@AmericanAir providing in-Flight entertainment #squeak https://t.co/UZjKNWTZtW,AmericanAir
1621786,2017-11-05 16:51:52,467306,@VirginTrains Will my ticket to Manchester Piccadilly be valid on all trains tomorrow? Including peak time?,VirginTrains
1620647,2017-11-05 16:53:36,496690,"@AmazonHelp Sold and fulfilled by Amazon, which is quite surprising! Currently on chat trying to get it sorted...",AmazonHelp
2014751,2017-11-05 16:54:49,595751,@AppleSupport so what’s going on with the keyboard and anyone who wants to type the I️? It comes up wrong (symbol) if you don’t catch it.,AppleSupport
1621762,2017-11-05 16:55:42,495863,@VirginTrains Wow. We’ve had 2 announcements in 90minutes.,VirginTrains
2012461,2017-11-05 16:58:38,595078,@AppleSupport Thank you for the reply. I sent a dm.,AppleSupport
677203,2017-11-05 17:01:32,497031,@115911 Got mines....if you didn’t get it You was lacking when 3:01 hit 😏....idk if they gonna give me 300 though,TMobileHelp
1636797,2017-11-05 17:02:19,500623,@115888 can you explain why I can't switch off playing explicit songs?  It is a real pain for us who have young kids around :(,SpotifyCares
2014701,2017-11-05 17:02:33,595734,@115858 @AppleSupport  fix this shut ASAP. Everytime I️ Type the letter I️ it turns crazy. FIX IT. ANNOYING AF.,AppleSupport
2014140,2017-11-05 17:06:15,595564,On hold for an hour lol @116136 is a joke,comcastcares
2015945,2017-11-05 17:07:19,596138,@115858 fix this I️,AppleSupport
2584074,2017-11-05 17:08:54,732276,@Uber_Support hey there! I’ve asked you guys to call me over ten times and no one will. Is it possible someone can please call me?,Uber_Support
1622373,2017-11-05 17:10:22,497060,"@VirginTrains You can’t leave people stuck on a train for hours and no water!,",VirginTrains
1619395,2017-11-05 17:10:56,496417,@AmazonHelp I've already done that. And cc'd @115851 because this is not the 1st issue I've had with @120533,AmazonHelp
1631703,2017-11-05 17:12:10,499363,"@SouthwestAir Catch22 w yr system - 9am MDW-SLC flight cancelled at 7:30am but can't rebook bc of boarding passes. After 9am, past date?😠",SouthwestAir
1619324,2017-11-05 17:12:18,496396,@AppleSupport iPhone 7 and 11.1,AppleSupport
1632317,2017-11-05 17:16:18,499491,"EYE did this and EYE still can’t type I, @AppleSupport. See: I I I I I I I https://t.co/BeajJebJtI",AppleSupport
1620655,2017-11-05 17:19:02,496691,@AmazonHelp What info u need ?,AmazonHelp
1633142,2017-11-05 17:20:22,499697,.@115858 you guys going to fix this typing issue that you created with this last update or what?,AppleSupport
1622359,2017-11-05 17:22:32,497056,@VirginTrains Two in 2 hours.,VirginTrains
1623306,2017-11-05 17:24:11,497262,@Uber_Support Thanks for ripping me off and never getting back to me about double charging me this is the second time I’ll be taking Lyft in the future,Uber_Support
2016039,2017-11-05 17:27:00,596172,@AppleSupport y’all need to fix this “I️” asap 🤦🏾‍♂️,AppleSupport
1620662,2017-11-05 17:29:09,496691,@AmazonHelp All stuff stored cant sell as they might ask me to ship and cant ship until cnf by them my acc is ok,AmazonHelp
1634091,2017-11-05 17:29:42,499909,I’m so sick of seeing that fucking box with a question mark inside of it. @115858 what’s good?!,AppleSupport
1622910,2017-11-05 17:32:00,257085,"@497186 @VirginTrains Probably because you're not more important than anybody else in this situation, kids or no kids.",VirginTrains
1623723,2017-11-05 17:32:44,292009,"@AmericanAir as a follow-up to the LAX baggage fiasco, you've now lost my bag. Great first day as an executive platinum. 👎",AmericanAir
1633039,2017-11-05 17:32:50,499661,@AppleSupport As I said. Use Android. You dont have to use a bloated front end software that is crap.,AppleSupport
1623422,2017-11-05 17:33:58,497294,Só digo uma coisa: comprei 4 livros por 33 reais na @117086 . https://t.co/xTUxJMnZ8y,AmazonHelp
1624111,2017-11-05 17:35:07,497447,My #traveldayfromhell courtesy @Delta - left home at 6:15 AM for 8:30 AM flight BDL&gt;MSP&gt;SFO. 8:30 flt canceled b/c of mechanical issues 1/,Delta
2014044,2017-11-05 17:36:34,595539,@AppleSupport Love you guys,AppleSupport
1620669,2017-11-05 17:38:13,496691,@AmazonHelp Done,AmazonHelp
1634088,2017-11-05 17:41:41,499908,Horrendous battery drain on iOS 11.1 on 6s @AppleSupport. No problems until this update. 😩,AppleSupport
1590605,2017-11-05 17:42:16,489037,@AmazonHelp (2) And everyday I’ve watched the item I need to rebuy sell again and again and not there’s only 4 left and if I can’t buy it -,AmazonHelp
1621800,2017-11-05 17:44:29,496935,@VirginTrains @496934 Nobody is giving a clue as to when we are going to get moving!! Help - we have to make arrangements for when we arrive in London!,VirginTrains
1632349,2017-11-05 17:45:30,311855,"If @AppleSupport can figure out why we type the letter I️ (eye) and it makes a hot mess on the keyboard, thatd be good",AppleSupport
2017328,2017-11-05 17:45:39,507561,@115888 why am I paying £12.99 a month for this when my daughter is paying £9.99 feel like I'm being robbed! #pissedoff #robbed,SpotifyCares
1605673,2017-11-05 17:49:37,492544,@Uber_Support Waiting....,Uber_Support
1625056,2017-11-05 17:50:28,497677,@115821 what the hell is worng with your website I can't logon,AmazonHelp
1633032,2017-11-05 17:50:43,499661,@AppleSupport For a big company like Apple. I expect better.,AppleSupport
978520,2017-11-05 17:50:46,352068,@comcastcares Ready,comcastcares
1624248,2017-11-05 17:52:38,497485,@VirginTrains @497484 Are tickets valid on chiltern railways?,VirginTrains
229452,2017-11-05 17:52:43,500111,@SouthwestAir This is amazing. We frequently visit family in Orlando and usually have to commute to SFO for a nonstop. This is perfect!,SouthwestAir
1634006,2017-11-05 17:53:59,499879,@AppleSupport this was where i saw it but It seems ok now. It happened during the DST change. I’m using iPhone X https://t.co/S8ysRSChic,AppleSupport
1625070,2017-11-05 17:57:03,497680,@115821 Thx for wasting my time for a delivery that was not going to arrive. Thx support team who told my my delivery was on its way. #iquit,AmazonHelp
1634587,2017-11-05 17:57:42,500030,"Seriously, @115858. Or @AppleSupport? This is frustrating. Btw, I’m using a 7. https://t.co/YSE6w3Z8Sa",AppleSupport
2016338,2017-11-05 18:03:31,596271,"@115858 Can y’all please fix this question mark ina box, every time you type the letter “eye”, problem 😩",AppleSupport
1605674,2017-11-05 18:04:31,492544,@Uber_Support Still waiting,Uber_Support
1623888,2017-11-05 18:04:34,497405,"@AmazonHelp No idea, the percentage is probably nowhere near that high, but perception is everything!",AmazonHelp
1634548,2017-11-05 18:09:27,500017,Damn it @AppleSupport you guys can I️ I️ I️ I️ I️ and eat a I️ I️ I️ I️ I️,AppleSupport
1625773,2017-11-05 18:10:44,382873,@VirginTrains (2/2) orders in the faces of passengers. Not impressed with the severe lack of information about alternative services from them either.,VirginTrains
1625706,2017-11-05 18:10:59,159228,@Delta Yes it did! And your attendant Ms Maria on Flight was helpful too! Can’t wait to fly again! Next flight TX for thanksgiving and LA for Xmas!,Delta
1623896,2017-11-05 18:11:35,497406,@AmazonHelp I have no idea.,AmazonHelp
1635755,2017-11-05 18:15:40,500349,"@AppleSupport I've noticed an issue with the two-factor auth, the located area is 280 miles away and button language is different to German. https://t.co/MYBFUHGFKC",AppleSupport
1624991,2017-11-05 18:19:45,497659,"@AppleSupport iOS 11.2, I did not restart my phone before.",AppleSupport
1602783,2017-11-05 18:21:51,491943,@491942 @Uber_Support You ok?,Uber_Support
1635171,2017-11-05 18:24:45,500185,@115858 Can y’all fix this I️ bullshit. I️ can’t deal wit it,AppleSupport
953526,2017-11-05 18:25:24,346243,@comcastcares Ight Bet,comcastcares
1626343,2017-11-05 18:26:24,306200,"@115850 @119625 @AmazonHelp where is my 1-year #Amazonprime membership given with purchase of #Amazonecho?

#Amazon https://t.co/MbNAb4UYAk",AmazonHelp
414714,2017-11-05 18:27:31,213917,"@SouthwestAir Been a loyal customer for over 7 years. But start canceling my flight for no reason, twice in year. Never again. Sorry.",SouthwestAir
2017258,2017-11-05 18:27:56,448093,@AppleSupport Airdrop isnt working on my iPhone X. Please check my topic and HELP ! https://t.co/DgF38COJw6 https://t.co/TBpTbomovq,AppleSupport
306145,2017-11-05 18:28:27,189095,@SpotifyCares I installed based on change from Groove. My version is 1.0.66.478.g1296534d.  Happened immediately after installing Spotify.,SpotifyCares
1638407,2017-11-05 18:29:10,501027,@AmericanAir you can’t charge extra for seats and reasonably expect people to pay $8 for a mini Tito’s and $7 for a beer. #yourecrazy,AmericanAir
1626437,2017-11-05 18:30:39,498030,It’s bedlam at Birmingham international train station and @VirginTrains @120576  not providing updates and no information available,VirginTrains
1626551,2017-11-05 18:32:37,498053,"So, um @115858, are you going to fix the glitch in the keyboard that occurs every time I️ type the letter I️?",AppleSupport
1635776,2017-11-05 18:37:01,500355,"I️ am getting pissed off by this update, can you tell why? @115858",AppleSupport
1635749,2017-11-05 18:40:33,500347,@AppleSupport why does the question mark in a box keep popping up whenever i type i ?,AppleSupport
1626616,2017-11-05 18:40:59,498073,"Ähm @AmazonHelp wie kommt das denn bitte?!? „Für ""spanngurt wickelkommode"" wurden 0 Ergebnisse gefunden“",AmazonHelp
1625685,2017-11-05 18:44:41,497850,@TMobileHelp I've been dealing with this issue TOO LONG. I just want to spread the payments over the installment period.,TMobileHelp
2016874,2017-11-05 18:45:02,596446,@115858 @AppleSupport this new update sucks! Why am I constantly redownloading everything? I JUST took a picture why do I have to download it,AppleSupport
1621343,2017-11-05 18:48:32,501135,@496830 @496832 @115873 @Uber_Support Lyft,Uber_Support
1623908,2017-11-05 18:48:44,497403,@AmazonHelp In this case please close all my account and check who is registered with this account. How can you allow ppl to register with UK no,AmazonHelp
1626572,2017-11-05 18:49:00,498061,@AppleSupport Hi ! I’m running 11.1 ! Yep. A restart didn’t change anything. The bug is actually present on devices in Apple Stores as well,AppleSupport
1636581,2017-11-05 18:52:10,224494,@AppleSupport what’s with the I️? Any fixes or workarounds?,AppleSupport
1631467,2017-11-05 18:53:15,499296,@Delta I would like to change my survey response.    What was promised was not what I got.  #notthenorm,Delta
1626435,2017-11-05 18:54:29,498030,@VirginTrains @120576 19 minutes later and no response or update people are being moved off platform for health and safety but no update on trains,VirginTrains
1636575,2017-11-05 18:55:54,500568,@AppleSupport is there a fix for the “I️” spellcheck bug?,AppleSupport
1626638,2017-11-05 18:57:18,498077,"@AmazonHelp Yes, it just happened from an order I received last week - I put in a notice via the website about ten minutes ago.",AmazonHelp
2015570,2017-11-05 18:58:14,478602,@355037 @AmericanAir Cheryl @ baggage desk refuses to book flight until other passengers are taken care of. What's a line for?,AmericanAir
2015615,2017-11-05 19:00:42,358786,@AppleSupport Don’t want a work around. Want a normal update. This shouldn’t b hard,AppleSupport
2015437,2017-11-05 19:02:14,513001,@SouthwestAir wish my earlybird check in for Monday wasn't in B boarding --- will be less likely to pay extra in the future #disappointed,SouthwestAir
1590184,2017-11-05 19:02:44,488937,"@comcastcares I followed you yesterday, never got followed back.",comcastcares
1638848,2017-11-05 19:03:21,156487,@115873 if you insist on the only pick up place at London Paddington being the pre-booked pick up tell your drivers they can use it.  #useless,Uber_Support
2017089,2017-11-05 19:04:33,596509,@115858 have you been able to fix the problem with the I’s yet? This is getting ridiculous I️ I️ I️ am furious!,AppleSupport
2015136,2017-11-05 19:10:47,501237,"@AppleSupport @595872 Better Solution: Letter ""i"" glitch? Go to Settings&gt;General&gt;Language &amp; Region&gt;iPhone Language. Change the language, then change it back.  YW",AppleSupport
1631337,2017-11-05 19:13:44,499263,@AmazonHelp Will u pl allow me to send Direct Messages!?,AmazonHelp
1637078,2017-11-05 19:15:40,500690,"first, the letter “I.” now, they’re cutting off tweets. BRO WHAT THE HECK @AppleSupport @115858 https://t.co/j6R6OAiqJA",AppleSupport
1630461,2017-11-05 19:16:25,499038,"Hi @VirginTrains, how does reserve seat work? The seat next to me says ""reserved from"" and no one is next to me. Will the seat be free now?",VirginTrains
1593262,2017-11-05 19:20:43,489676,@AppleSupport Also i never had to restart earlier,AppleSupport
1623312,2017-11-05 19:22:50,497262,@Uber_Support  https://t.co/8TCIDz5PAc,Uber_Support
1637780,2017-11-05 19:23:44,500873,@115858 for the love of god fix the I problem already!! #iPhoneX #iPhone8 #UPDATE,AppleSupport
1638416,2017-11-05 19:26:09,497230,@SouthwestAir Ok thanks.  We have shot records.,SouthwestAir
751277,2017-11-05 19:26:48,299565,"@AmazonHelp Why, so I can spend another 45 minutes on the phone with someone who can't fix the problem?",AmazonHelp
1639501,2017-11-05 19:28:54,501298,@VirginTrains @501299 @384937 And been stationary for 1 hour now north of Peterborough. Train controller pleasant but has no info to share...,VirginTrains
1647802,2017-11-05 19:29:12,503431,If @115858 really thinks my ass paid $900 for a phone that stays trippin over the letter “I️” then y’all are about to see a fight,AppleSupport
1636517,2017-11-05 19:32:04,500549,". @AppleSupport hey when I️ type the letter ""I"" it changes to I️ can you tell me what to do!? I️ just want to say I️ not iAnbh",AppleSupport
1634205,2017-11-05 19:32:14,499936,"Thanku @Delta 4the great ride &amp; wings!! Now, let’s #work! 🎬😎🎬@499937 @69518 #SAG #feature #film #actor-girl #ohio #blessed https://t.co/Qw8wRoJ44O",Delta
1630384,2017-11-05 19:33:43,499016,@115913 how can i convince my sister &amp; her husband to switch to t-mobile? going on 3 weeks now and nothing’s working,TMobileHelp
1647763,2017-11-05 19:35:58,503416,@503417 @AppleSupport @115858 Yeah bro! 🧐,AppleSupport
1630245,2017-11-05 19:36:22,498979,@AmazonHelp No. I went onto my email to check the status and it had changed,AmazonHelp
1648389,2017-11-05 19:38:45,464139,@AppleSupport can we fix this issue with the software turning i into “? A” and it to “I️.T” it’s really getting annoying,AppleSupport
1639772,2017-11-05 19:39:33,501358,"@SpotifyCares I pay for premium &amp; you guys charged my card 3 days ago, why the hell am I getting commercials?! Dont finess me I don't like 😐",SpotifyCares
1631527,2017-11-05 19:41:07,499315,@VirginTrains hi. I have an off-peak from WLV to Canterbury (via EUS) but at WLV right now as 19:45 cancelled. Can I use my ticket tomorrow?,VirginTrains
2017518,2017-11-05 19:44:39,596651,"@115858 what’s wrong with y’all product? It used to be on point, now it’s not even letting me log in it just keeps going back to this crap 😡 https://t.co/L0YCDv5Dug",AppleSupport
1617297,2017-11-05 19:46:26,495917,@Uber_Support i already got an email with a feedback,Uber_Support
1632566,2017-11-05 19:47:49,499554,"@VirginTrains and now you cancel the 1935 because you don’t have train crew? Shocking day, terrible service, beyond embarrassing",VirginTrains
1649000,2017-11-05 19:48:53,503723,70 new emojis is cool and all but are we gonna fix this “i” situation @AppleSupport,AppleSupport
2186247,2017-11-05 19:50:35,414288,"Just looking down at Texas from 27,000 feet. Happy to be home for a few days! Time for some #HotDates with @80934 
.
.
@AmericanAir https://t.co/UhmIXOnXOS",AmericanAir
1631313,2017-11-05 19:51:46,136734,Well done @115830 for leaving my package in full view for everyone to see!! Luckily that I seem to live around honest people!! https://t.co/YPBIEITPih,AmazonHelp
1644557,2017-11-05 19:53:25,458612,@AppleSupport when I tap on @ I get ?  I have to go to keyboard numeric to use @ symbol. Example:   ?AppleSupport.,AppleSupport
1648995,2017-11-05 19:55:44,503722,What the fuck is going on ? @AppleSupport @115858,AppleSupport
1649052,2017-11-05 20:00:05,503740,what’s with the glitch @AppleSupport?! it’s getting annoying now 😡,AppleSupport
1635432,2017-11-05 20:02:38,500260,@comcastcares then 5 minutes later he tells me that isn't available I have to wait til 11/12. First I made an appointment two weeks ago,comcastcares
1648366,2017-11-05 20:04:13,503571,I️ need @115858 to fix this letter glitch please,AppleSupport
1632484,2017-11-05 20:04:47,499532,Worst user interface for a shopping app @115821 @115821 @115850  searched for Louis philippe belts and results are unknown https://t.co/nObjYoWTJX,AmazonHelp
1638710,2017-11-05 20:06:38,501089,"@AppleSupport This doesn’t happen to me, I just keep seeing tweets where A? is the stand in for I. Figured it out but still really annoying.",AppleSupport
1632637,2017-11-05 20:07:50,422844,@VirginTrains Ok so if we both have 1st class tickets how will that work will the orig train times be shown when available ?,VirginTrains
1626952,2017-11-05 20:08:02,497891,@Delta thanks for the reply :),Delta
1638105,2017-11-05 20:08:43,500950,@SouthwestAir why is #3597 delayed out of Memphis?,SouthwestAir
1632362,2017-11-05 20:09:39,499503,@AppleSupport I  Repiled...,AppleSupport
1618103,2017-11-05 20:13:25,496130,"@AmericanAir Unacceptable, sensitivity is key",AmericanAir
1649551,2017-11-05 20:14:19,503865,"@AppleSupport @115858 Installed #IOS11.1 on iPhone 7+ Slightly less glitchy, no fix to RAPID #BatteryDrain. Sits at 98% on charger. #FIXIT",AppleSupport
1633224,2017-11-05 20:15:28,499710,"there’s nothing I love more than waiting in all day for a parcel, listening out for everything, only for it not to even come today😍😩😍@115821",AmazonHelp
1633387,2017-11-05 20:18:15,499749,@VirginTrains Thanks for your help!,VirginTrains
1633285,2017-11-05 20:18:37,499722,1x I ordered @115877 and the driver called me to come outside! I was appalled! My app says food delivered to my door not the parking lot,Uber_Support
1649514,2017-11-05 20:21:43,503855,@115858 can y’all fix this iOS update because I️ can’t deal with this phone lag any more.,AppleSupport
2015676,2017-11-05 20:23:26,596047,@AppleSupport Done,AppleSupport
1632497,2017-11-05 20:24:50,499534,@AmazonHelp J’attends votre confirmation pour le remboursement,AmazonHelp
1640226,2017-11-05 20:28:04,501464,@115858 @AppleSupport    Lamentable que Apple no sea capaz de revocar una simple User Id de su @1112.com para liberar un IPAD Mini,AppleSupport
1650170,2017-11-05 20:31:47,504038,@115858 wassup with all these boxes and exclamation points and Shit 👀,AppleSupport
2016420,2017-11-05 20:33:17,596294,@115913 @115911 @TMobileHelp Pre-ordered my iPhone X at midnight last Friday. Still no phone. Tmobile support has been atrocious.,TMobileHelp
1634240,2017-11-05 20:34:26,499946,@americanair  thanks again if you didn't get 1st tweet https://t.co/voTmLtU56B,AmericanAir
1634116,2017-11-05 20:35:19,280428,@AmazonHelp I've just emailed. Don't know why I bother paying prime when the items never arrive.,AmazonHelp
1640279,2017-11-05 20:35:22,501485,Hey @115858 how about ya fix the issue where I️ can’t say I️ without your stupid little symbol crap. Please &amp; thanks a bunch,AppleSupport
978701,2017-11-05 20:37:19,352115,@352114 @comcastcares thanks.  I'll give it a go,comcastcares
1640308,2017-11-05 20:40:09,501495,@AppleSupport WHAT IS THIS .... I️,AppleSupport
1630447,2017-11-05 20:40:41,499034,"@VirginTrains And now the same train is running 35 minutes late, and I've missed two connecting trains? What's the best way of getting this resolved?",VirginTrains
1650072,2017-11-05 20:43:48,504003,Wtf @115858  I️ don’t like this new update!,AppleSupport
1649563,2017-11-05 20:47:25,503870,I thought that it was only me who couldn’t type i (when it’s capitalized) @115858 fix this. https://t.co/eTLoLouiRc,AppleSupport
1636022,2017-11-05 20:49:20,500419,@VirginTrains well done on crowd management at gates for late trains to Manc.Everyone on board without dangerous overcrowding.impressed 👍🏽👍🏽,VirginTrains
1640882,2017-11-05 20:50:17,501643,@501642 @AppleSupport 😂😂😂😂,AppleSupport
1260214,2017-11-05 20:50:26,415262,@AmazonHelp Not possible. And we now have a 6th email from your account specialists demanding that we contact our bank (again!). It is obscene that you are victimising a defrauded customer in this way. We have now involved the police. I can give you the CRN number.,AmazonHelp
1634883,2017-11-05 20:53:24,201295,@SouthwestAir It’s been about that now. I’ve already left the airport. The response is a bit late.,SouthwestAir
2585922,2017-11-05 20:54:51,732736,@AppleSupport Appreciate it!,AppleSupport
1634671,2017-11-05 20:55:17,500051,@Uber_Support ive called uber support SIX times within a month and you owe me 100$. the backround check went though after your “7-15 business days” BS.,Uber_Support
1634749,2017-11-05 20:55:26,250207,@VirginTrains To chester or Crewe ur staff told me they new nothing,VirginTrains
1635437,2017-11-05 20:55:37,500262,@AmericanAir flight 1511 DEN to MIA may the schwartz be with you! Most entertaining pliot :-D,AmericanAir
1640148,2017-11-05 20:59:58,501443,"@AppleSupport my keyboard on iOS 11.1 stuck sometimes, especially in whatsapp and facebook messenger. It lags",AppleSupport
1633198,2017-11-05 21:01:23,499708,@AmazonHelp I just tweeted this like 15 minutes ago. I’m not home now. I just want this to be over. Please just let me get a new one.,AmazonHelp
1635283,2017-11-05 21:02:09,291041,@Delta can you help me rebook since I have to deplane now??,Delta
1624979,2017-11-05 21:05:48,497654,@AppleSupport I deleted them and tried to download them again but still no luck. I can't download anything at all yet I still have space,AppleSupport
1633201,2017-11-05 21:08:23,499708,@AmazonHelp I’ve had 5 conversations with echo tech support. None of it has fixed my issue. I’ve narrowed it down to the device.,AmazonHelp
1634579,2017-11-05 21:10:31,500027,@AppleSupport That didn’t work,AppleSupport
1636732,2017-11-05 21:11:07,500606,"Sunday night mgt  w @VirginTrains &amp; at Euston quite inadequate to deal w aftermath of one line incident How wd they deal w multiple  ones,?",VirginTrains
1635445,2017-11-05 21:14:30,500264,@AmericanAir Still sitting here. You think I’m upset for me?  There is a single mom behind me with a little one. She is the one struggling.,AmericanAir
2029148,2017-11-05 21:15:11,600065,@115858 wtf is this https://t.co/QVScA0BrM3,AppleSupport
1633271,2017-11-05 21:18:31,499713,@AmazonHelp YOU ALREADY DID THAT (ASSISTING) IN THE PAST AND THERE WAS NO USE,AmazonHelp
1640785,2017-11-05 21:20:51,501615,@501616 @115858 PLEASE FIX THIS ITS VERY ANNOYING!!!,AppleSupport
1634132,2017-11-05 21:22:48,499920,@Uber_Support I just sent a complaint about my most recent charged ride via __email__ (Username: Reese). I want my money back!,Uber_Support
2029154,2017-11-05 21:25:20,600068,@115858 can you fix your shit? Now can’t say “I️t” anymore,AppleSupport
1329613,2017-11-05 21:26:20,259255,"@VirginTrains I called 03445565650, originally they said my train wasn’t cancelled, told them I had a screenshot from station, then said couldn’t 1/2",VirginTrains
2190066,2017-11-05 21:27:10,585713,"Shout out to @SouthwestAir for having a leaking engine, delaying us 5 hours. Not like anyone has a life to attend to..",SouthwestAir
1635937,2017-11-05 21:28:08,500398,@Delta Sure. It’s 9321272131,Delta
1640720,2017-11-05 21:30:23,501591,And @115858 better use some of their billions to fix this problem with the “I️” autocorrect #Sad https://t.co/FDIdx4gGU1,AppleSupport
2029242,2017-11-05 21:31:08,600097,@SpotifyCares Varify me as a student and to check my details... #help,SpotifyCares
1636624,2017-11-05 21:35:01,479417,"@116618 it can take up to 3 full minutes for your player to achieve 1080p on a 50 mbps connection, netflix takes 5 seconds",AmazonHelp
1642007,2017-11-05 21:37:19,250899,"@AppleSupport Is there a way to change it on the X so your text messages come from a phone number, not an iCloud email?",AppleSupport
1636054,2017-11-05 21:39:27,488310,"@TMobileHelp @115913 Had a conversation with #Tmobiles very own@Sarah Huckabee Sanders. Listen to the recording. If you cant find it, ill post mine. Pure comedy.",TMobileHelp
1329675,2017-11-05 21:39:52,295029,@VirginTrains ?,VirginTrains
1641287,2017-11-05 21:41:05,501764,@115858 why is this new update changing I into this weird I️ thing?????,AppleSupport
1640203,2017-11-05 21:46:08,457197,Wow. I️m sold. 😂 but not really. Just because the letter eye is fucking up... @AppleSupport have you fixed it yet? Samsung about to win. https://t.co/guNWBfebRf,AppleSupport
1637250,2017-11-05 21:49:02,500736,@115873 hi trying to reach a driver about a post item and the driver won’t won’t answer calls,Uber_Support
1641902,2017-11-05 21:49:47,501907,Why is my phone turning the letter “eye” into this weird A w/a box around it?! Wtf?! Is this a conspiracy 2make me get the X? @AppleSupport,AppleSupport
1637232,2017-11-05 21:50:15,500582,"@AmazonHelp Garbage and nonsense talk from amazon, the last time, I complained via, this channel. which was on the 30th of October, I was ignored. This is what I have come to expect from Amazon. I am raising a formal complaint with ASA. Prime is a lie and a joke.",AmazonHelp
1637344,2017-11-05 21:53:01,327239,@Delta 👍👍👍👍👍👍💺✈,Delta
1648010,2017-11-05 21:53:04,503485,I learned two things on this vacation: I never wanna go to Hawaii again &amp; I never wanna fly with @AmericanAir again. 😴😴😴,AmericanAir
2016601,2017-11-05 21:54:02,355152,@116136 LOL. I highly doubt you can change 30 year local blackout rules for sports by looking at my account.,comcastcares
1637283,2017-11-05 21:54:50,500743,@VirginTrains would of been good service to contact people before we entered chaos tonight.,VirginTrains
1641981,2017-11-05 21:55:33,501932,Look how stupid my status looks @66690  @115858 #WhatIsGoingOn?!?!?! 😡😡😡😡😡😡😡😡😡😡😡😡 https://t.co/MwpJsQf81u,AppleSupport
1641255,2017-11-05 22:00:43,501754,@118721 Adding @applesupport  Fixed  -45054  but iTunes still doesn't see devices when connected w/USB. Removed #iTunes reinstalled same.,AppleSupport
1640314,2017-11-05 22:07:42,501496,@116333 Apple wtf 😂😂😂😂 https://t.co/ACZEsZ4x4L,AppleSupport
1647831,2017-11-05 22:09:09,503439,Hey @115830 please pay my seller funds which has been held for over 115 days! __email__ https://t.co/ejthGaIyN3,AmazonHelp
1642647,2017-11-05 22:11:15,502105,@115858 please help me,AppleSupport
1647854,2017-11-05 22:11:39,503445,"@Uber_Support When can I buy a Dallas ride pass, @115873? I got an email saying they’re available soon a few day ago. I want to pay 💰 now!",Uber_Support
1642883,2017-11-05 22:12:28,502165,@115888 when will you be coming out with an Apple Watch app? Definitely a bummer when going for a run or working out,SpotifyCares
1642095,2017-11-05 22:12:44,345609,"I’m sure it’s not all in their control, but I’m sure @VirginTrains could have done more to ensure I didn’t spend over 8hrs on a train today.",VirginTrains
1640727,2017-11-05 22:15:09,501594,Please fix the keyboard issue @AppleSupport,AppleSupport
1649330,2017-11-05 22:16:14,503803,"@AmericanAir cancelled my flight in NYC after running the marathon &amp; isn’t helping. Hoping my fav, @Delta, can do better &amp; get me home 2nite",AmericanAir
1642576,2017-11-05 22:18:29,502080,Hey @115858 I️ need you to fix this.,AppleSupport
1573757,2017-11-05 22:25:17,485051,@435861 @AppleSupport I agree @AppleSupport I have tried to fix this as well. Nothing seems to have worked.,AppleSupport
2016865,2017-11-05 22:25:18,596444,@SouthwestAir No you threw a pillow at me which was supposed to replace a makeup covered one. Talk about filth! Gross!,SouthwestAir
1640771,2017-11-05 22:30:35,223499,Sooooo when is @115858 going to fix this keyboard bug/glitch. This i thing is annoying AF,AppleSupport
1640461,2017-11-05 22:33:54,501521,@Delta #KeepDeclining :/,Delta
1640406,2017-11-05 22:35:12,501514,@VirginTrains can I use off peak ticket on peak train tomorrow as trains cancelled today?,VirginTrains
1592796,2017-11-05 22:35:19,489557,@AppleSupport Thanks. Now how do you explain my phone shutting itself off randomly and being non-responsive to any amount or duration of key presses?,AppleSupport
1649120,2017-11-05 22:38:20,241325,Nice. My @115821 package was delivered to my neighbor. Good thing they just brought it over to me. Delivery person should be more careful.,AmazonHelp
1649142,2017-11-05 22:39:31,503763,@115873 I can't rate drivers on the mobile app. Just had a very poor driver.,Uber_Support
1642599,2017-11-05 22:41:05,502089,When is @115858  gonna fix this shit I️,AppleSupport
1644189,2017-11-05 22:41:55,502474,First and last time flying @SouthwestAir. Delayed 3.5 hours out of BNA to FLL. I’ll stick to multiple connections with @116450. #brokenplane,SouthwestAir
1643376,2017-11-05 22:45:45,502269,@339143 I see u updated ur iPhone. @AppleSupport Can't say 'I'. As you can see I refuse to do the update. Battery dies in seconds too. Not cool.,AppleSupport
2028902,2017-11-05 22:49:27,517148,"I finally feel well enough to stream, but Comcast is currently giving me a whopping 0.2 upload. WOOO",comcastcares
1649093,2017-11-05 22:49:45,181200,@AppleSupport  https://t.co/DaduDL4Tql,AppleSupport
1649176,2017-11-05 22:52:17,503773,@VirginTrains The stations I'm fine with but ideally I wouldn't want to stay in London until 3:20 as I don't want to miss uni! So if i want to get an earlier train would you advise me getting a completely new ticket????,VirginTrains
1648671,2017-11-05 22:52:32,316439,@SpotifyCares I love that you used a song there 😂❤️,SpotifyCares
1643313,2017-11-05 22:53:44,502250,"@AppleSupport we gotta get this I️ fixed ASAP, guys",AppleSupport
1649266,2017-11-05 22:53:48,390211,@115911 Apple is a damn witch. Never had a case on it &amp; have dropped it since forever. Today of all days it explodes. Unreal.,TMobileHelp
1647816,2017-11-05 22:54:26,500897,@AmazonHelp I don't have any of the visa issuer info as the transaction I needed it for was done and it had a zero balance so I threw it away,AmazonHelp
1649800,2017-11-05 22:55:52,503934,"Hey @AmericanAir So...no food, we circled around for 20 minutes...now what’s up with our bags?",AmericanAir
1640711,2017-11-05 22:59:42,501587,@AppleSupport why can’t the letter after H work without it making some weird A and a question mark?,AppleSupport
1647949,2017-11-05 23:02:03,185766,@Delta This is consistent with your service when a rep is actually needed.  In what universe does that constitute quality service?,Delta
1641960,2017-11-05 23:04:32,597595,@434925 @115858 Yeah my iPhone has been pissing me off lately. Not just that but my other Apple products like my Macbook Pro has been having issues. 😡,AppleSupport
1642844,2017-11-05 23:07:58,502159,@southwestair I’ve been on hold for 30 minutes!!!,SouthwestAir
1639797,2017-11-05 23:09:12,501364,"@AmericanAir, terrific dinner tonight in your DFW Term D Intl FC Dining room. Candace is a gem and A+ food! Thank you. Keep it up it ya'll!",AmericanAir
1640341,2017-11-05 23:10:08,367417,"@115850 Hi, do you sell legit windows 7 product keys?",AmazonHelp
1648374,2017-11-05 23:10:49,503575,@AppleSupport Ok! Thank you.,AppleSupport
1643891,2017-11-05 23:14:14,502398,@AppleSupport Ok will there be another update soon though ?,AppleSupport
1650287,2017-11-05 23:16:49,504073,"@Uber_Support hi I was emailed a promo code but when I tried it on the app, the promotion code is invalid???",Uber_Support
1633077,2017-11-05 23:18:10,499672,"@AppleSupport You can’t “work around” a broken limb, users shouldn’t have to work around a known broken problem!?!? https://t.co/JrhNsRUYJW",AppleSupport
1650169,2017-11-05 23:24:09,504038,@AppleSupport Yeah that didn’t work I still see the boxes with  question marks in them fam and those random ass exclamation points 🤷🏾‍♂️,AppleSupport
1640439,2017-11-05 23:24:59,258519,@VirginTrains @120576 I understand things beyond your control no info/ communication made it much worse. Train manager was great but had limited info,VirginTrains
1643472,2017-11-05 23:25:09,502296,"@Delta I'm trying to buy a flight online &amp; your website is denying every single card I have, all of which work and have money on them",Delta
1643913,2017-11-05 23:27:25,122930,Love how quick @AppleSupport @115858 is to solve issues like typing i and it turning into I️ #sarcasm,AppleSupport
1618242,2017-11-05 23:30:47,496158,@AppleSupport not an option on iphone x,AppleSupport
1640476,2017-11-05 23:30:56,501525,@TMobileHelp Lick my balls it has nothing to do with my plan or anything your service sucks balls,TMobileHelp
1658852,2017-11-05 23:35:03,448063,@southwestair flt3248 out of BNA delayed. Made me miss RDU connection. Going to DCA now instead of BWI.  Need some SWA love pls.,SouthwestAir
1642828,2017-11-05 23:35:11,502154,"@151271 I know for a fact .83 of every dollar comes from @AmericanAir , why can’t you get a open gate????",AmericanAir
1644633,2017-11-05 23:35:15,502584,Ugh this foolishness with the letter “I” is really irritating. @115858 fix your 💩,AppleSupport
1640344,2017-11-05 23:37:06,501501,"@AmazonHelp entrei agora na página do kindle unlimited e ele estava ativo, como iniciado em 11 de outubro, mas não ativei o programa nessa data não.",AmazonHelp
1645309,2017-11-05 23:37:16,502762,"@SpotifyCares, I want to merge my Spotify and Hulu account but it wont let me. I am subscribed in the student program. 👨‍🎓",SpotifyCares
1644538,2017-11-05 23:40:10,502557,@AppleSupport I️ whyyy,AppleSupport
1644080,2017-11-05 23:41:24,502442,"@Delta Hello? Why am I still on hold? It's been over an hour and twenty minutes, smh",Delta
1644574,2017-11-05 23:44:18,502566,@502567 The irony being it wont let me edit bc it’s normal there. Why @115858 why?  Plz fix that So we can type  I️ without it appearing possessed,AppleSupport
1640361,2017-11-05 23:44:23,501505,@Uber_Support I️ know what surge pricing is thank you 😒,Uber_Support
2665330,2017-11-05 23:49:39,750952,@AppleSupport apparently tweets impacted to! https://t.co/ZvrdCMgGSN,AppleSupport
1640893,2017-11-05 23:54:12,501647,"@AmazonHelp わぁ！Amazonさんありがとうございます！いつもAmazonさんにお世話になっています…！
とっても楽しみです~~🙌😊✨",AmazonHelp
1642166,2017-11-05 23:54:21,501974,"@131187  @116136 @comcastcares in philly area my tv is stuck with spanish audio during cowboys game,the option to switch to eng is unavailable",comcastcares
2665293,2017-11-05 23:57:06,750937,Is anyone else seeing a bunch of question marks instead of emojis?? @AppleSupport I have everything updated...,AppleSupport
1644517,2017-11-06 00:01:16,502550,@115858 how come every time I️ type the letter “I️” this happens ..... need to fix that https://t.co/dxfjFDZmG1,AppleSupport
1645132,2017-11-06 00:05:06,502717,"I’ve been a big @115858 user for a decade, but iOS converting a capital i into symbols is easily the most annoyed I’ve ever been at Apple.",AppleSupport
1640920,2017-11-06 00:06:24,191339,"@AmazonHelp I spoke to some1 on the phone today who promised to escalate 
 &amp; I'm still getting notifications saying they attempt 5pm when we were open!",AmazonHelp
1619088,2017-11-06 00:07:36,496344,"@SouthwestAir Also the staff at San Diego Airport are rude, not empathetic, and worst of all not helpful.",SouthwestAir
1645061,2017-11-06 00:07:59,502691,@502692 @AppleSupport Same!!,AppleSupport
1641411,2017-11-06 00:08:33,501799,@115873 how r u supposed to feel safe when your “safe ride” is texting &amp; driving?! Sunny in Bloomington thinks it’s cool. #itcanwait #tbnt,Uber_Support
1645221,2017-11-06 00:09:59,502739,@Delta Can i know if my left baggage has been delivered to my hotel already? Nov 4 Flight dl1711 (sfo-slc) -  ivy rose arcega,Delta
1645047,2017-11-06 00:11:01,502686,@AppleSupport please fix this capital i situation asap it’s annoying,AppleSupport
1645499,2017-11-06 00:15:37,502818,@AppleSupport @115858 what the fuck is this new I️ how come my “i” always change to I️I️,AppleSupport
1642202,2017-11-06 00:15:49,501982,"@americanair sucks! Had to pay for 4 flights to take 2 flights. Costs $237 to switch flight, booked 1 way, they cancelled my return! BAD!",AmericanAir
1640934,2017-11-06 00:18:43,500897,"@AmazonHelp So the followup was that you can't help me, great",AmazonHelp
1645535,2017-11-06 00:19:10,502830,Is anyone else with an @115858 IPhone having an issue with the letter “eye” I️ turning into a box with a question mark?,AppleSupport
1646206,2017-11-06 00:24:00,503003,hey @AppleSupport could you please fix this whole i switching to i️ thing it’s rly annoying,AppleSupport
2021147,2017-11-06 00:28:01,597734,@115858 can y’all please fix this glitch. It’s bothering me. Like really. ☹️,AppleSupport
1646240,2017-11-06 00:30:15,503016,@AppleSupport why does my phone change all of my capital “I️” to an A with a question mark in a box!??!?? Fix this!!!,AppleSupport
1646183,2017-11-06 00:32:14,502995,"@115858 , what is this “ i️ “ shit",AppleSupport
1642027,2017-11-06 00:33:54,501946,@AmazonHelp Yes both through email &amp; calls. Response I was to have 100% of my reviews removed and a 'unable to disclose'.,AmazonHelp
2021104,2017-11-06 00:36:13,597715,Eye am about to lose it @AppleSupport !! eye “fixed” the ‘letter after H’ issue THREE TIMES using keyboard shortcut &amp; its still not working😡,AppleSupport
1642859,2017-11-06 00:36:56,496721,@SpotifyCares Or at least you can tell me that my account is being blocked because i didn’t verification my spotify family,SpotifyCares
2021385,2017-11-06 00:38:19,597812,@SouthwestAir why are 100+ people still waiting for for 30 people to board?We should have landed in SFO by now but we haven't even taken off,SouthwestAir
1642637,2017-11-06 00:38:49,502101,@AppleSupport Haha thanks,AppleSupport
720544,2017-11-06 00:41:10,292452,@DELTA need help getting file reference number for bags that did not make it to shanghai,Delta
1643438,2017-11-06 00:42:34,502284,@Uber_Support I have never tweeted before. I got this specifically to seek help.,Uber_Support
1646744,2017-11-06 00:43:19,503158,@AppleSupport WHY IS THE I CHANGING TO I️ ITS DRIVIN ME INSANE,AppleSupport
1644134,2017-11-06 00:45:02,502459,Fly with @AmericanAir 12 weeks in a row. They cancel the flight &amp; make 0 effort to accommodate. Talk about loyalty. Last time I️ ever fly AA,AmericanAir
1646732,2017-11-06 00:48:37,503152,@503153 I’m hoping @115858 will hear my complaints too and fixed it 😉🙃,AppleSupport
1630274,2017-11-06 00:49:09,498984,"@AmazonHelp Not sure what to do next.  Your CS rep ""Katie"" hung up after leaving me on hold for 10 min.  I guess she didn't know what to suggest either",AmazonHelp
2020815,2017-11-06 00:49:53,597630,@116136 @comcastcares Please respond as soon as possible. Otherwise us and the 3 other units in our building have decided we will terminate our Comcast service.,comcastcares
1643443,2017-11-06 00:52:53,502285,@VirginTrains can those who bought off peak tickets travel at anytime tomorrow?,VirginTrains
1646709,2017-11-06 00:53:30,503142,@115858 needs to figure out this I issue with the A and the ?....,AppleSupport
1643277,2017-11-06 00:56:17,502242,@AppleSupport I don’t want my kid downloading a ton of free apps but I don’t want to have to put my password in every 2 minutes. 😠,AppleSupport
1643984,2017-11-06 00:59:28,426423,@115850 @AmazonHelp any update on this? Please make a quick fix.,AmazonHelp
1647329,2017-11-06 01:00:13,503289,@AppleSupport my iPhone updated and now it’s causing more problems with me seeing question marks on things,AppleSupport
1646370,2017-11-06 01:02:14,503054,@AmericanAir thanks for the free cookies during this @124202 delay. But you should really be giving out popcorners @66717,AmericanAir
1643942,2017-11-06 01:03:57,502413,@AppleSupport how about fix your shit. i shouldn’t have to change my keyboard settings because you all fucked it up,AppleSupport
1647387,2017-11-06 01:07:19,503308,@AppleSupport,AppleSupport
2017443,2017-11-06 01:08:31,596622,@SouthwestAir Why not implement a timeout system like @5600? I will be sharing this experience widely &amp; am appalled by this treatment of consumers,SouthwestAir
1644701,2017-11-06 01:08:52,502602,"@Uber_Support Just got charged two cancellation fees for the same driver that never showed up, declined our calls, and canceled. Seriously?",Uber_Support
2020718,2017-11-06 01:09:14,597596,@115911 used to have such an awesome upgrade system - def can’t/pay $300-$500 down for the new iPhone smh. Maybe switching after 10+yrs,TMobileHelp
1646901,2017-11-06 01:11:19,169905,@Delta We are at 36min. Suggestion maybe after 15 turn off the dude who is trying to get me to use the app instead of calling.,Delta
2021283,2017-11-06 01:12:57,597771,@AppleSupport Can we check the overall battery health of my iPhone?,AppleSupport
1647339,2017-11-06 01:17:17,166831,@AppleSupport please tell me why as soon I️ updated my phone the letter I️ suddenly turns into about 10 things other than the letter I️,AppleSupport
1654562,2017-11-06 01:21:12,504976,@504977 Glad to notice that I’m not the only one with the letter “I️” turning into a question mark.  @AppleSupport care to help??,AppleSupport
1645154,2017-11-06 01:22:09,331516,@115821 @30937 I am confused.  I have amazon prime so o thought I get movies.  Why do I have to pay?,AmazonHelp
1654591,2017-11-06 01:26:26,504986,@115858 do something about icloud e-mail spam. Every single day. I feel bad for the ones falling for this. @116333 https://t.co/QVaKbZPpGe,AppleSupport
1655000,2017-11-06 01:30:29,505096,"Also, @115858: what’s up with these goofy characters when all I to type is the letter I️ on my phone? #ios11bug",AppleSupport
855038,2017-11-06 01:31:11,323075,"@Uber_Support Hey, Uber. I'm pretty sad that the handful of extra pass days you gave me made it impossible to renew my pass for November.",Uber_Support
1645317,2017-11-06 01:32:17,502766,"@comcastcares Certainly, I will do that now.",comcastcares
1645169,2017-11-06 01:34:37,502728,"@AmazonHelp 2 We're sorry...We don't have a new delivery date from USPS, but we recommend waiting as it'll usually arrive within a few days.",AmazonHelp
1655044,2017-11-06 01:34:50,505107,@AppleSupport is there any way to undo an update? This last one has frozen my phone &amp; randomly restarted it at least 8 times this weekend.,AppleSupport
1654752,2017-11-06 01:36:05,505034,"@AmericanAir and finished off saying #onlyinMiami wished I️ snapped a photo of her! But she was in AA uniform, felt disgust",AmericanAir
1645121,2017-11-06 01:38:30,502712,@AppleSupport Yeah my ex girlfriend was quicker to help me out than you guys were. 👏🏻👏🏻👏🏻,AppleSupport
1656230,2017-11-06 01:39:41,505398,@Delta I have a question about my reservation. The hold time is 2 hours. How can I get the call back option that I used to get?,Delta
1645105,2017-11-06 01:42:50,447922,@AppleSupport @502707 LMAOOOOOOO,AppleSupport
2021590,2017-11-06 01:43:07,597878,Another fail by @SouthwestAir flight #2553 BWI-TPA late beacuse of no pilot... outstanding job! NOT,SouthwestAir
1646277,2017-11-06 01:46:33,503030,"@115851 @115850 
List of 3 consecutive oders for the same product in which 2 orders are cancelled with very irresponsible way:
1.405-4846983-5121153
2.405-4313290-9317917
3.405-9601082-1906768
Placed on 26&amp;27 Oct,17 &amp; 2nov,17
Now I don't know you are able to full fill it ??",AmazonHelp
1655575,2017-11-06 01:49:03,505241,@AppleSupport why the frick does my keyboard keep fricking up and making weird question marks &amp;&amp; stuff when I️ post ??? ?? ??,AppleSupport
1647506,2017-11-06 01:52:46,503348,My phone was left in an uber two nights ago and every form of contact through uber help has not worked. @Uber_Support,Uber_Support
1656180,2017-11-06 01:53:04,505384,@115858 when are you going to fix this question mark issue every time you type the letter “I “?,AppleSupport
1656133,2017-11-06 01:56:58,505366,This @115858 #glitch has me rephrasing my sentences to creatively avoid using the letter I️. #im #ive #I️,AppleSupport
1645627,2017-11-06 01:57:23,502851,@AmazonHelp Nada porque son solo maquinas,AmazonHelp
1656773,2017-11-06 01:58:23,381298,@Delta flight 5277 landed in Buffalo TWO HOURS AGO and is still sitting there just shy of the gate. Let the passengers go!,Delta
1645292,2017-11-06 02:01:51,251620,"@SpotifyCares https://t.co/L8wS8E87rh 

thanks man.. appreciate it.",SpotifyCares
1657476,2017-11-06 02:03:52,505721,Never flying @SouthwestAir  again !!!!😩🤬😡,SouthwestAir
1628883,2017-11-06 02:04:36,487417,@AppleSupport Fuck no fix your shit I’m not gonna change my keyboard I already added them in autocorrect and have it manually changing correctly but NOOo,AppleSupport
1656170,2017-11-06 02:09:57,505380,Hey @115858 fix this iOS!!,AppleSupport
1646816,2017-11-06 02:11:43,503175,@115821 you shouldn't make delivery commitments you can't keep.,AmazonHelp
1656547,2017-11-06 02:15:40,505485,"You guys really need to fix this, eye’m tired of typing eye all the damn time @115858",AppleSupport
1041554,2017-11-06 02:18:42,366330,"@SouthwestAir Pilot basically admits they have no idea who is or is not on the plane ¯\_(ツ)_/¯. 
Reminder: this entire delay started because of 5 minutes of small hail at 1pm.",SouthwestAir
2021684,2017-11-06 02:20:10,597908,@597909 @115858 Lmao yes I thought it was an emoji I couldn’t see so I updated my phone. Siked my ass real quick,AppleSupport
1657927,2017-11-06 02:22:19,505859,"With how many flights I’ve taken with @Delta alone, I need a membership or something 😩 3/4 flights with them since May.",Delta
1657308,2017-11-06 02:23:45,505676,Why my predictive texting screwed up??? @AppleSupport,AppleSupport
2208220,2017-11-06 02:26:34,645559,@115858 @AppleSupport I️ did the update and I️ still shows up!!!! 😡😡😡,AppleSupport
1646814,2017-11-06 02:29:10,503175,"@AmazonHelp ordered item with free one day delivery, promised by 8:00 PM.  got a ""sorry"" message with new delivery window of 11/6 to 11/9.",AmazonHelp
1654750,2017-11-06 02:30:44,505033,Would gladly pay more to another airline than ever dealing with @AmericanAir again. Goes beyond the delays to lack of comms with passengers,AmericanAir
1657219,2017-11-06 02:30:44,505649,these question marks blowing the fuck outta meeeeeee❕❕❕ @115858 y’all need to fix this shit 🙄,AppleSupport
1656561,2017-11-06 02:35:02,505490,Why are my I️’s showing up as boxed question marks?! @AppleSupport,AppleSupport
1646377,2017-11-06 02:35:10,503057,@SouthwestAir I don’t know if that’s possible. I’m already pretty much SWA exclusive LOL ❤️,SouthwestAir
1872355,2017-11-06 02:36:03,505145,@559112 @115913 Agreed! Instead this stupid CEO invests in advertising while his network can't stream in salt lake Utah!!! I'm not in Toole or the boonies!,TMobileHelp
1657768,2017-11-06 02:40:51,505809,"If I updated my phone, why am I still seeing the box with a question mark in it? 🤔 @115858",AppleSupport
1655719,2017-11-06 02:41:16,234313,@115873 at IAH airport in Houston is madness. 5 minute estimate took 17min. Driver hooked me up w/ iPhone charger though so getting better.,Uber_Support
1656320,2017-11-06 02:41:39,505423,@comcastcares can y’all please fix my service it’s been almost 2hrs,comcastcares
1655134,2017-11-06 02:42:42,505123,@AmazonHelp where my packages at,AmazonHelp
1647343,2017-11-06 02:43:47,503294,@AppleSupport It’s on a Sony stereo for cars (not sure which model exactly) and my phone is on version 11.1,AppleSupport
1658256,2017-11-06 02:49:13,505942,APPLE NEEDS TO FIX THE KEYBOARD 🗣🗣🗣 @115858 @AppleSupport,AppleSupport
1658693,2017-11-06 02:52:39,506074,@AppleSupport hey can you freaking fix this please and thanks k https://t.co/zTjiklFNeN,AppleSupport
2021208,2017-11-06 02:55:42,374108,@AppleSupport LOL thanks for that. Astounded that y’all messed something up like this... I’ve never been frustrated with an iPhone until now.,AppleSupport
1658697,2017-11-06 02:57:35,506076,.@115858 @AppleSupport yeahhh if you guys could go ahead and fix the “I” autocorrect issue that would be greatttttt https://t.co/j06exaAknv,AppleSupport
2022104,2017-11-06 02:58:51,598039,The seat next to me and my 2 year old is always the last one to fill! I encourage him to sing during boarding. https://t.co/ZpcP8KriJW,SouthwestAir
1636580,2017-11-06 03:00:35,224494,@AppleSupport I think that did it- thank you!,AppleSupport
1658871,2017-11-06 03:04:40,506119,@SpotifyCares I put in my Australian credit card details and it says Spotify hasn't launched there yet.,SpotifyCares
1659188,2017-11-06 03:04:51,506220,Okay @115858 can we fix the letter “eye” now,AppleSupport
1655118,2017-11-06 03:06:28,505121,"@115821 You know, it's OK that my next day delivery for today isn't here, but not updating with honest time frames is kinda crappy.",AmazonHelp
1659123,2017-11-06 03:09:07,506194,Can @115858 fix this problem with I’s... plz.,AppleSupport
1659089,2017-11-06 03:11:57,506180,can y’all please fix this question stuff?? @AppleSupport,AppleSupport
1659664,2017-11-06 03:17:03,506334,HEY @AppleSupport HELP https://t.co/7ODsLKYLIM,AppleSupport
1656735,2017-11-06 03:17:59,505545,Kindle Oasis suddenly removes all books from my library. @117634,AmazonHelp
1655273,2017-11-06 03:18:38,505162,@AmericanAir @505161 that's all folks,AmericanAir
1659652,2017-11-06 03:20:07,506329,"Unrelated to my last tweet: this bug is so annoying! @AppleSupport 
Anyone else having this happen? https://t.co/bZ3c0s1FuT",AppleSupport
1655557,2017-11-06 03:24:13,505236,@AppleSupport Thank you!,AppleSupport
1655800,2017-11-06 03:25:13,505294,@115911 why did you deny my #GooglePixel2 claim for the promotion? I need to call Tomorrow about that smh,TMobileHelp
2021906,2017-11-06 03:25:39,597974,@824 on hold for over an hour regarding my flight. Please help. https://t.co/M7gbQTi1FJ,Delta
1654733,2017-11-06 03:26:09,505026,@505025 @SouthwestAir :( @67076 was worth it doe,SouthwestAir
1660378,2017-11-06 03:27:34,173454,Honestly @115858 your trash now I use to like iPhones now my shit freezes all the time #iphone6Sgangshit #bringbackstevejobs,AppleSupport
1670655,2017-11-06 03:30:24,235373,"@AppleSupport Sorry for the late reply, but I figured it out! I was only viewing my ""Purchased"" movies. Thanks for reaching out!",AppleSupport
1604543,2017-11-06 03:31:42,492261,@Uber_Support Thank you for refunding back my credit @115873. A few of your drivers are messing your reputation. Do something.,Uber_Support
1657867,2017-11-06 03:32:38,458406,@AmazonHelp how do I go abt filing a complaint 4 the carrier service n my area? 2x my deliveries hv been marked delivered &amp; I didnt rec them,AmazonHelp
1671281,2017-11-06 03:35:42,508718,@115858 so when is this I️ situation going to be fixed cause I’m not a fan,AppleSupport
1658277,2017-11-06 03:39:37,505950,Help! Why does the letter “I” appear as a question symbol?  How do I fix this @AppleSupport ????,AppleSupport
1656121,2017-11-06 03:42:38,485193,"@AppleSupport Have tried many times, doesn’t work for me",AppleSupport
1659178,2017-11-06 03:47:18,506216,@AppleSupport fix the annoying glitch with the letter I️,AppleSupport
2208237,2017-11-06 03:50:12,645562,Oh what I get a Twitch Prime membership with Amazon Prime now??? I guess I should use Twitch sometime then...,AmazonHelp
1659435,2017-11-06 03:50:27,506279,Fuck @AmericanAir I will never fly with you again,AmericanAir
1660146,2017-11-06 03:52:08,506448,@Delta do you have anyone working your customer service line tonight,Delta
1656598,2017-11-06 03:52:09,505506,@AppleSupport @505505 NO. FIX IT NOW APPLE WTF.,AppleSupport
1671202,2017-11-06 03:55:18,409610,@AppleSupport downloaded 11.0.3 and now my 7 is all buggy and I’m still leasing it. No thanks. This will be my last @115858 product.,AppleSupport
1657907,2017-11-06 03:56:11,505852,@Uber_Support If I return my Uber Eats bag do I get my $35 back? (Brisbane),Uber_Support
1665947,2017-11-06 04:00:58,507554,@SouthwestAir worst flight and experience !,SouthwestAir
1672010,2017-11-06 04:03:55,508910,@AppleSupport why are I️’s turning into this I️ bullshit?,AppleSupport
1671981,2017-11-06 04:06:52,508898,@115858 y’all need to fix this I️ shit😒,AppleSupport
1658317,2017-11-06 04:08:42,206633,@AmazonHelp i am having an issue with my Kindle's battery. I bought it 17 days ago . Please help me into this.,AmazonHelp
1681547,2017-11-06 04:11:23,511228,@511229 @511230 I’m getting them on iMessage as as well lately.,AppleSupport
1657511,2017-11-06 04:12:42,498988,@SpotifyCares I got it to work like right after I sent this tweet but thank you,SpotifyCares
1658354,2017-11-06 04:18:34,505967,Why would my Uber eats driver leave without my food 😠,Uber_Support
1674106,2017-11-06 04:19:15,509388,@509389 @115858 Haha this shit just happened to me texting someone 😂,AppleSupport
1674186,2017-11-06 04:26:09,509412,Ok @115858 really needs to get tech support to fix this “I️” issue 😒😒,AppleSupport
1657866,2017-11-06 04:28:08,458406,@AmazonHelp It says AMZL US,AmazonHelp
1674072,2017-11-06 04:30:41,509376,Hey @115858 when are you going to fix this problem. I was trying to tweet my favorite show 🤦🏽‍♀️ https://t.co/hJQewFKQ2b,AppleSupport
1660207,2017-11-06 04:30:57,506458,@AmericanAir 25 min late and we miss our connection. No waivers. No vouchers. We did receive some rude customer service.,AmericanAir
1658761,2017-11-06 04:34:52,506091,"@115873 Now @115873 you should let your employees know it is not safe to drive off while the door is still open and there is an infant in the car. She did not say a word when we got in the car, unprofessional from the beginning because she had a hard time finding our house.",Uber_Support
1657878,2017-11-06 04:37:37,505841,"@AmazonHelp 素早い回答ありがとうございます。
引き続き注意します。",AmazonHelp
1674124,2017-11-06 04:38:18,509395,"@AppleSupport I can't download the new OS because I have 10.7.8. Which as far as I can tell, is just how it is now. I'll DM in case you have a solution.",AppleSupport
1642765,2017-11-06 04:39:41,502139,@Delta I can deal with delays. But a small cup of tap water and an inconsiderate and rude steward aren’t good for a new miles member. Sorry guys.,Delta
1674698,2017-11-06 04:42:33,509544,"@AppleSupport Setting up new iPhone X. Unable to sync music. Tried multiple configs, from an iCloud backup, fresh restore. Nothing works.",AppleSupport
855161,2017-11-06 04:43:40,323103,@SouthwestAir Yup.,SouthwestAir
2021843,2017-11-06 04:52:17,597954,"@AppleSupport This works, but still need help with random capitalization of words",AppleSupport
1653048,2017-11-06 04:52:36,412246,@comcastcares @116136 i dont blame you for not responding to that id be embarrassed about that to. most reliable at giving the worst service is more like it,comcastcares
1658862,2017-11-06 04:55:51,506116,"@SpotifyCares @506115 And please make an app for Apple Watch, Deezer app is really good hope you can do it too",SpotifyCares
1649131,2017-11-06 05:00:25,503760,@AmazonHelp how come i can watch my Netflix films with no issues but i can not with prime films and the aboard choice is very small,AmazonHelp
1674694,2017-11-06 05:02:20,509543,@AppleSupport hello could you tell me when my capital I’s are turning into this? https://t.co/vLTpKVeoc3,AppleSupport
1674688,2017-11-06 05:05:27,509540,@115858 @AppleSupport FIX THIS I️ SHIT NOOOOOW,AppleSupport
1658341,2017-11-06 05:07:04,505964,@Uber_Support Sent the note looking for rederesal asap,Uber_Support
1659120,2017-11-06 05:09:22,506193,"@AppleSupport I’m straight. I just did a text replacement. But if you want to send me the X for the inconvenience, I’ll take one. 🤔",AppleSupport
1659076,2017-11-06 05:12:49,506175,@AppleSupport thank you!,AppleSupport
2021977,2017-11-06 05:14:23,597999,"@TMobileHelp me without data is like my dad with no belt, we all have to get our stress out somehow",TMobileHelp
1659275,2017-11-06 05:14:50,491547,"@AmazonHelp Ja, vielen Dank!",AmazonHelp
1659738,2017-11-06 05:16:23,506351,So @delta has everyone wait at the gate for 2 hours &amp; then says the flight is going out at 10:30 am - 12.5 hours late 😡,Delta
1676322,2017-11-06 05:17:47,509945,"Yo fam, can you fix the issue with this whole “I” situation. Shit is annoying. @115858",AppleSupport
388513,2017-11-06 05:24:56,207926,@AmazonHelp 😥😥😥😥,AmazonHelp
1671223,2017-11-06 05:25:13,508703,Apple software update = iphone going black &amp; losing battery in half a day. Thanks for nothing @115858 #iPhoneProblems #iphonehell,AppleSupport
1660945,2017-11-06 05:27:45,506659,"I can't seem to find the ""Noob Noob Rap"" by Logic from Rick and Morty on Spotify, @115888 c'mon get on this",SpotifyCares
1640985,2017-11-06 05:29:18,501668,@VirginTrains Any updates please @VirginTrains ??,VirginTrains
1675440,2017-11-06 05:31:04,509729,@115858 I️ can’t type the letter after h on my keyboard. Please help.,AppleSupport
1675372,2017-11-06 05:37:22,509709,@AppleSupport,AppleSupport
1660916,2017-11-06 05:39:45,504317,@AmericanAir Please take care of the luggage. Wag nyo naman nakawan aba!!! 😡,AmericanAir
1653458,2017-11-06 05:41:22,504737,@115850 @115850 the cable is not working &amp; should be replaced as I already got an alternative from local market...,AmazonHelp
1628517,2017-11-06 05:45:19,498532,"@AppleSupport Test: b4 you put iphone in offline mode, turn off wifi and Bluetooth. Turn off the offline mode. Allwill be on whether you use it or not.",AppleSupport
1655239,2017-11-06 05:47:28,505149,@SouthwestAir @505148 Is there a way to check where my bag is? If it ever left OKC? Just curious if it is heading this way already or what I should do,SouthwestAir
1616030,2017-11-06 05:48:52,340984,@AmazonHelp Send  me  your official mail  address,AmazonHelp
1676246,2017-11-06 05:52:41,509918,"@115858 PLEASE FIX THIS RANDOM FUCKING QUESTION MARK BOX SHIT THAT JUST APPEARS!!!! 

THX.",AppleSupport
1660456,2017-11-06 05:54:24,506526,"Dear @Uber_Support, you said ETA 20 mins and I waited, it”s more than 30 mins now and If i cancel, u deduct money. Serving for customers??",Uber_Support
1661111,2017-11-06 06:00:39,506702,Amazonプライムビデオが思ってたよりもいい感じ,AmazonHelp
2024706,2017-11-06 06:05:44,598767,Can @115858 fix this annoying “I️” issue,AppleSupport
2212436,2017-11-06 06:15:16,646611,なんかアマゾンの詐欺SMS届いた,AmazonHelp
1651050,2017-11-06 06:16:00,294153,"@AmericanAir the @alaskaair benefits list on this page https://t.co/yYSbi3XTBY should say MVP, not MVO ;)",AmericanAir
2024687,2017-11-06 06:16:51,598759,@AppleSupport I’m tired of my phone being all glitchy cause of that shitty ass update...tired https://t.co/h5nFiLuNV3,AppleSupport
1660518,2017-11-06 06:20:52,506543,@SouthwestAir I tried the DM &amp; it wouldn't send. But it's umtxtx,SouthwestAir
1650443,2017-11-06 06:24:30,504110,"@Uber_Support @115873 I met with an accident yesterday, and escaped with minor injury, want a complain number.",Uber_Support
1677071,2017-11-06 06:27:41,510130,@115858 i️ believe there is something wrong if i️ see a question mark instead of the letter i️ ......,AppleSupport
1651240,2017-11-06 06:37:40,504293,新しいkindleでプライムで無料のパワレポ読んでる。見開きでも文字が読める。いいね。 https://t.co/xsdMpXtN4C,AmazonHelp
1676969,2017-11-06 06:41:02,510087,Please for the love of god @115858 FIX THIS GLITCH!!! https://t.co/R9YTZXK1dc,AppleSupport
1676995,2017-11-06 06:47:06,510099,@AppleSupport tried through upgrade programme this morning. Select phone type etc and pick up point. Press continue and pg just refreshes?,AppleSupport
855107,2017-11-06 06:49:18,323091,@Delta Didn't even ask for them. @AlaskaAir has also just given vouchers without provocation. #DeltaAirlines ? I get a well-someone-else-helped-u.,Delta
1651377,2017-11-06 06:51:36,504323,@SpotifyCares iPhone X update incoming?,SpotifyCares
1652075,2017-11-06 06:52:43,504455,Amazon agents mobile mostly remain switched off! What is the purpose of sharing their numbers? @AmazonHelp,AmazonHelp
1553358,2017-11-06 06:53:03,237802,"@480582 @TMobileHelp Yes, you can transfer data from your old iPhone to the new iPhone X via Gihosoft Mobile Transfer. https://t.co/YSzzlFJT12 https://t.co/5X6KKisDz6",TMobileHelp
1651604,2017-11-06 07:01:14,504360,@Uber_Support Hi my driver asked me to cancel this ride why am I being charged and it was a while back. https://t.co/SzSEJbDmQH,Uber_Support
1651647,2017-11-06 07:03:02,504370,What a good idea @VirginTrains; luggage racks that aren't big enough for luggage! Looking forward to a crushed laptop.,VirginTrains
1677871,2017-11-06 07:03:43,510345,Hi @115858 can you please fix the I️ issue thx,AppleSupport
1651228,2017-11-06 07:05:48,504289,@AmazonHelp All come through Amazon Prime.,AmazonHelp
1636567,2017-11-06 07:13:28,500567,"@AppleSupport So, standard DLNA streaming is flawless, airplay stutters. No other network issues",AppleSupport
56837,2017-11-06 07:14:30,128875,@AmazonHelp Only received a scripted copy&gt;pasted reply on this. 5 days ago. No actions or updates since then.,AmazonHelp
1568142,2017-11-06 07:23:17,483865,@AmazonHelp Second time actually so clearly no a service I will be relaying for vital stuff,AmazonHelp
1651668,2017-11-06 07:23:35,504376,@VirginTrains @120576 Yes I am. Getting the 7:52 to Berwick.,VirginTrains
1677759,2017-11-06 07:29:23,510308,@AppleSupport why does this happen when I️ am typing anything! Fix this bug fast and why does iOS 11 keep freezing my phone! https://t.co/4XZAxCN7Cz,AppleSupport
1584522,2017-11-06 07:33:24,504531,@487573 @115821 They send me this literally 24hrs before it’s meant to be delivered when I ordered back on August the 20th what a joke !!!! @115821,AmazonHelp
1677757,2017-11-06 07:43:53,464467,Yo @115858 why is this happening?!!!! Fix this!!!!! So annoying https://t.co/rRIOs538Rr,AppleSupport
49966,2017-11-06 07:44:16,127186,@AmazonHelp @115850 @115851 @127187 Still getting same reply from Amazon. Asking me to wait. Is there any end for this wait.. ? Think after 1yr also i'll get the same answer?,AmazonHelp
2022671,2017-11-06 07:52:06,598212,"@southwestair usually very good flights and service, but your flight was delayed 1hr today and cost me $30.00 in extra ride fees. Why would u route a commuter plane from lax to sjc from a far flung location. Literally every time you guys do that I'm at least an hour delayed!!!!!",SouthwestAir
1653009,2017-11-06 07:54:20,504640,@VirginTrains - I'm booked on the 08:39 from Warrington to Euston - has it been cancelled?? Can I take next available train???,VirginTrains
1653485,2017-11-06 07:57:54,504739,@115873 hi I want to complaint. Can you give email for this issue..,Uber_Support
1652966,2017-11-06 07:59:19,504630,"@AmazonHelp Pas de point relais, donc il faut être présent. Je sais que je ne suis pas là première mécontente. Être adhérent prime pour ce service (...)",AmazonHelp
2024860,2017-11-06 08:00:22,408496,@AppleSupport Am I the only one experiencing a cracking sound from the earpiece speaker when volume is above 80% @175600,AppleSupport
1604765,2017-11-06 08:09:11,479218,@115821 @AmazonHelp I mailed them 2 days ago.. check the screenshot https://t.co/30lVyJq9d1,AmazonHelp
1652499,2017-11-06 08:17:18,504540,"@AmazonHelp Just did, please look into it soon.",AmazonHelp
1661956,2017-11-06 08:18:19,506850,@SpotifyCares Someone has stolen my premium account and I can no longer access it. I need to freeze this account immediately. DM sent.,SpotifyCares
1672366,2017-11-06 08:19:14,508992,What's wrong with this picture?  A 12 hr delay and night stuck at the airport &amp; American waits to tell us around 1:00 am @AmericanAir https://t.co/znPG604pJ4,AmericanAir
1184828,2017-11-06 08:21:24,502285,@VirginTrains Is London Euston very busy this morning? Wanting to travel to Manchester with a 3 year old.  Don't want to be caught in the rush,VirginTrains
1672264,2017-11-06 08:23:22,483376,#amazonprime @AmazonHelp https://t.co/9woQNUq1zM,AmazonHelp
1672603,2017-11-06 08:30:12,509055,"@AmazonHelp Hello, I've pre ordered the Xbox One X Scorpio Edition and it has still yet to dispatch and delivery is expected tomorrow by 8pm",AmazonHelp
1677897,2017-11-06 08:31:20,510354,I need y’all to get this question mark shit together. my phone is updated thank you @115858,AppleSupport
1661632,2017-11-06 08:34:42,506789,This agent on https://t.co/2lstQu0PZn help desk chat has no sense of humor.,comcastcares
1661499,2017-11-06 08:37:45,506764,@AmazonHelp Désolée mon PC était en cause je viens de tester sur mobile ! Merci,AmazonHelp
1661451,2017-11-06 08:46:32,506762,Amazonからお届けものが( ´艸｀) https://t.co/LvfZ1a102W,AmazonHelp
1658775,2017-11-06 08:48:11,506094,@Uber_Support Way2much follow up done&amp;ull were ineffective 2 put a fraudulent driver @ punishment rather thn unnecessary providing a msg of Query resolved,Uber_Support
2024988,2017-11-06 08:48:41,598860,#iPhoneX @applesupport why does my iPhone X do this? I don’t get it? https://t.co/CDSTj5E7Xx,AppleSupport
1661528,2017-11-06 08:58:11,506768,@AmazonHelp It’s still not taking money and I haven’t received a confirmation email but the two items are in my order history?,AmazonHelp
1579702,2017-11-06 09:08:09,486414,@AmazonHelp What an inconvenience. Pls fix your calls to customer care issue. I feel Amazon is getting worse day by day,AmazonHelp
1662314,2017-11-06 09:16:19,469982,"@VirginTrains Thank you, does it include connecting services or will I have to purchase a new ticket?",VirginTrains
1628964,2017-11-06 09:16:41,506914,@498643 @AmazonHelp I thought amazon prime delivery was good ? So it doesn’t get delivered when told it will be ?,AmazonHelp
1679176,2017-11-06 09:17:08,510677,"@AppleSupport My 6S screen is non responsive. Did upgrade to 11.1 few days back and was running smooth, till now. suddenly phone hung",AppleSupport
1664041,2017-11-06 09:24:33,507170,"I want to tie up with Amazon India for delivery dealership how can I do that any one?#Amazon #amazonindia ,#amazonin",AmazonHelp
1662684,2017-11-06 09:27:50,506989,@Delta greetings! I’m in Germany and can’t sign into my account because I don’t remember my password or sign in answers. __email__,Delta
1662609,2017-11-06 09:33:44,256951,"@AmazonHelp Estaría muy bien, la verdad 😂",AmazonHelp
1621336,2017-11-06 09:35:15,496830,@353245 @496831 @Uber_Support @496832 @367577 @115873 See!!! It's a scam!!! How can they prove that the drivers ain't scamming people out of their money. Bun uber!!,Uber_Support
1680053,2017-11-06 09:41:43,510894,wtf is up with @115858 .. fix this shit ! i️,AppleSupport
1663564,2017-11-06 09:44:47,340915,@115821 wrote me an E-Mail last night that my RAM will get here friday November 3rd. They conveniently forgot to add the year in that email.,AmazonHelp
1665954,2017-11-06 09:46:17,507556,@115888 is there going to be a new layout any time soon. Looks really dull ATM.,SpotifyCares
1663676,2017-11-06 09:49:38,467288,@VirginTrains I did but my train was cancelled,VirginTrains
1652459,2017-11-06 09:56:37,504533,@AmazonHelp Mr Akshay is your call center exec.,AmazonHelp
1664117,2017-11-06 10:02:21,276983,@AmericanAir Not allowed in VCE lounge.  Admiral Club member with card https://t.co/9w9kwXrJl1,AmericanAir
1664055,2017-11-06 10:06:17,119350,"@AmazonHelp I

.@115850 I have given u my details twice .. I have even given my order id some 15 days ago.. what should I do more",AmazonHelp
1664444,2017-11-06 10:16:29,507254,"((*ノд`*)σ))ﾓｼﾞﾓｼﾞ
アマゾンタブレットさん
買っちゃった❤️ https://t.co/r26KIa4tdK",AmazonHelp
1664508,2017-11-06 10:17:41,507265,@VirginTrains is the 12:11 from Crewe to MAN going to be affected by disruption from yesterday?,VirginTrains
1664842,2017-11-06 10:25:09,507327,"@Uber_Support hi, i took an uber on thursday and i haven't received a receipt for it, can i be sent one please asap?",Uber_Support
1662599,2017-11-06 10:25:32,506977,@AmazonHelp It doesn't work in IE too: the Phase 2 link from the Phase 1 Blu-ray page. Can u give me the ASIN for the Phase 2 Blu-ray?,AmazonHelp
694377,2017-11-06 10:31:34,285580,"@AmazonHelp Trecking id - CU211392215IN(indian post office )
Date of sending -17-10-2017
Recieved Datw- 24-10-2017 (chabra enterprises)",AmazonHelp
1679918,2017-11-06 10:31:59,510850,@AppleSupport might as well delete apples mail app. It’s become useless after your ios11 update. Shame,AppleSupport
1488778,2017-11-06 10:39:33,465798,@AmazonHelp you have my order numbers. Kindly look into this and update,AmazonHelp
1680848,2017-11-06 10:44:08,511083,"@AppleSupport, halfway through Monday morning &amp; battery at 50%. iPhone 6S + iOS 11.1 ruining what was a perfectly good iPhone. #iOS111",AppleSupport
1665246,2017-11-06 10:48:13,507413,"@AmazonHelp Tout à fait donc on précommande pour une livraison de base par vos services le 7, et comme par enchantement l'article n'est plus éligible.",AmazonHelp
1665928,2017-11-06 10:52:45,500911,Hi @virgintrains - how can I get compensation for my £65 Uber at 1am last night? No other way I could get home thx to your delayed trains.,VirginTrains
1664776,2017-11-06 10:52:56,469296,@AmazonHelp I'm actually busy this minute. I'm a carer and disabledmyself. Sort it out. U know who I am https://t.co/XRNzSh4qzG already have my details,AmazonHelp
1665961,2017-11-06 10:55:56,507557,@115888 MAGDADALAWANG ORAS NA PO https://t.co/uG15z92Gxd,SpotifyCares
1665914,2017-11-06 10:59:37,507547,@Delta lost my blue earring on flight DL460 that departed from JFK - SFO on 11/5 at about 10:10 PM. Was the cleaning team able to find them? https://t.co/LsJ1HoEjvZ,Delta
1665706,2017-11-06 11:02:35,507511,Amazonって頼んだらすぐお金払わなきゃいけないもん？使ったことないから分からないのだけど,AmazonHelp
2025149,2017-11-06 11:05:27,598901,@115858 @AppleSupport my battery is draining faster than ever on the new iOS 11.0 https://t.co/A72Hv7hsyQ,AppleSupport
28927,2017-11-06 11:08:57,122366,@AmazonHelp No rpely of email plz unblock the acount,AmazonHelp
1667822,2017-11-06 11:10:31,507949,A £5 Uber ride goes up to £13/16 coz of “high demands” 😒 biggest pisstake! I signed to keep you guys on &amp; this is how you treat me? @115873 😡,Uber_Support
1662580,2017-11-06 11:16:03,506976,"@AmazonHelp Yes, originally using Chrome. Tried IE and the same issue. Colleague logged in on her PC and was given options for single sign-in.",AmazonHelp
1641405,2017-11-06 11:20:09,501798,"@AmazonHelp ここ一番のハマりお菓子です❤︎
取り扱ってくれてありがとうです〜",AmazonHelp
1666779,2017-11-06 11:20:25,116466,Nothing like arriving at the gate at 6:15 for a 6:20 @AmericanAir boarding time and realizing they're already on group 3. 🙄,AmericanAir
1667786,2017-11-06 11:23:17,507940,I preordered this a month ago to be sure it would arrive today don’t let me down now Amazon https://t.co/20H7p3nM60,AmazonHelp
1667324,2017-11-06 11:26:49,507843,@VirginTrains such a ray of sunshine despite being delayed for ages!!,VirginTrains
1666513,2017-11-06 11:33:13,161011,@AmazonHelp Getting the following error while trying to get to the URL. https://t.co/RGEjkbxQg8,AmazonHelp
1679282,2017-11-06 11:33:43,390161,This new @115858 update is messing with the predictive text is bothering me every time I️ type I️ I️ get the “A ?”,AppleSupport
1667350,2017-11-06 11:37:48,507851,@TMobileHelp waardeloos !! Ondanks dat je medische apparatuur op Internet zit laat T-mobile je gewoon een paar dagen zonder monteur zitten,TMobileHelp
1665312,2017-11-06 11:39:56,507422,@AmazonHelp Offrez simplement la possibilité a vos client de choisir le transporteur comme ça le plus sérieux de chaque région sera récompensé...,AmazonHelp
1679273,2017-11-06 11:43:51,368982,@AppleSupport my 7plus has this problem when eye type the word i️ i️ i️ i️ i️ i️ i️ i️ i️ i️ i️ i️,AppleSupport
1667726,2017-11-06 11:44:02,304718,@AmazonHelp I provided the shipping info. Do your job and investigate or escalate for me. Already been thru enough here,AmazonHelp
2221939,2017-11-06 11:51:39,648937,@120533 Ce dernier est indiqué comme ayant été livré le 02/11. C'est une blague??,AmazonHelp
1666528,2017-11-06 11:54:42,507680,@AmazonHelp sorry but I don't have it anymore as I was told by your delivery partner he was now dealing with my complaint. By ignoring my calls and text,AmazonHelp
1667824,2017-11-06 11:56:18,377505,"@Uber_Support @Uber_Support I’ve already talked to 2 people. Like I said worse. Company. To. Work. For. I worked thru rain, n storm and still no money",Uber_Support
1677790,2017-11-06 11:58:36,510319,wtf is this exclamation point and question mark thing that keeps replacing words on my phone??? @115858 fix your shit pls.,AppleSupport
1667754,2017-11-06 12:00:36,181731,"@AmazonHelp war nur bei diesem Artikel, nach einer Benachrichtigung. jetzt tritt es nicht mehr auf.
(unter Android 7.1.2) https://t.co/2bkvkaN9zd",AmazonHelp
1655896,2017-11-06 12:01:57,505318,@AmericanAir An ongoing never surprising matter  dealing w/ your agents at DFW when in need of help. No 1 wants to solve issues here #badcustomerservice,AmericanAir
1668366,2017-11-06 12:08:32,508083,"@AmazonHelp 商品の詳細を開こうとすると画像のようになって詳細を見ることができません
問い合わせに関しても先程まで同じ状況でしたが、今確認したところ問い合わせは問題なく送れるようになっていました https://t.co/FANTANPBFg",AmazonHelp
1669161,2017-11-06 12:11:42,508244,"@SpotifyCares Here 
https://t.co/BFs8LsYTjK",SpotifyCares
1680732,2017-11-06 12:13:42,511048,Two of the greatest mysteries...what does “covfefe” mean and what the heck is up with the i autocorrect to I️?  @115858 you might wanna rush the upgrade to fix this one. I️ doubt Samsung has this issue. #frustrating,AppleSupport
1668898,2017-11-06 12:14:05,508187,finalmente amazon si è fatto un corriere tutto suo ❤❤❤❤❤❤,AmazonHelp
2221692,2017-11-06 12:19:00,507709,@VirginTrains Thank you 😀,VirginTrains
1668920,2017-11-06 12:23:40,136727,@AmazonHelp https://t.co/hRvTXnBTRC,AmazonHelp
1669115,2017-11-06 12:24:40,171857,Onboard another @Delta rocket taking me to where I will eventually see a #Antares rocket. #NASASocial https://t.co/Qc9R4mEQNq,Delta
1668929,2017-11-06 12:27:39,343952,"why did you send me a 50% coupon only to charge me full price this morning, @Uber_Support?",Uber_Support
2025404,2017-11-06 12:29:07,598964,"I’m sick of you and this “I” situation, why haven’t this been fixed yet! @115858",AppleSupport
1580397,2017-11-06 12:29:40,401959,"@AmazonHelp Yes I have informed you through the link and also via email
__email__
+919891862790",AmazonHelp
1669403,2017-11-06 12:35:39,508303,"@AmazonHelp Reserve la consola hace tiempo,me aparece que llegará el pedido el 10-13 noviembre. ¿Por qué si la consola se pone a la venta mañana día 7?",AmazonHelp
1684336,2017-11-06 12:40:11,511868,Fix our keyboards!!! @AppleSupport https://t.co/RdRb4SFB3i,AppleSupport
1670311,2017-11-06 12:42:41,508483,@AmazonHelp are your delivery drivers allowed to just enter my house without permission @35946 really quite angry about this.,AmazonHelp
1669587,2017-11-06 12:46:02,155058,"@VirginTrains So erm, why for three days has your software been messing up?! Two different areas, am I right?",VirginTrains
206182,2017-11-06 12:49:35,164816,@AmazonHelp I was garunteed delivery by prime as well as the chatters y’all suggested I talk to. It’s still not here. Was supposed to be here Saturday.,AmazonHelp
2025440,2017-11-06 12:50:09,598976,"I guess it's time to move on. Change the BRAND. From iPhone 6+ to Samsung Note 8. @116333 @1647 @AppleSupport 
https://t.co/1NDXE3GrB4 https://t.co/Nd5rlNHyvb",AppleSupport
206082,2017-11-06 12:56:46,164802,"So I Pre Order my Xbox one X @115821 back in Aug Expecting it tomorrow all looked good till last min its changed till Wed, Never Again! 😡",AmazonHelp
1670746,2017-11-06 12:57:50,508588,"@Uber_Support there’s a €4 charge on my bank statement that says “uberbv”, but I haven’t taken an Uber recently?",Uber_Support
1670847,2017-11-06 12:58:32,116415,"@AmericanAir (3) we have to stop because we might run out of gas, (4) it’s a brand new plane and don’t know why communications systems AREN’T working.",AmericanAir
206025,2017-11-06 13:01:30,164796,"@115821 @115850  When do you guys plan to get calling/SMS features to Alexa's in India?
#alexa",AmazonHelp
1679974,2017-11-06 13:01:54,510866,Is @115858 going to fix this box and exclamation mark issue or what?,AppleSupport
1674969,2017-11-06 13:03:10,509621,"Hhmmm...where could we be this early on a Monday morning.

More importantly...where are we going?

@SouthwestAir @117551 https://t.co/OUrsnUgahz",SouthwestAir
2025427,2017-11-06 13:13:37,598971,@115858 you’re battery life sucks.,AppleSupport
205991,2017-11-06 13:13:44,164791,@AmazonHelp You locked me out of my account and charged me a year’s subscription of a service without allowing me to choose if I wanted it or not,AmazonHelp
1671394,2017-11-06 13:16:01,508746,@DELTA delayed on my last 3 flights. Time to change airlines.,Delta
1675766,2017-11-06 13:16:39,509806,created a premium account for spotify and haven't got a clue what email I've used. help 😭 @SpotifyCares,SpotifyCares
1671321,2017-11-06 13:19:52,508731,Okay someone is trying to access my uber account .. HELP ! @115873 @Uber_Support,Uber_Support
206178,2017-11-06 13:21:15,164816,@AmazonHelp Co worker that is going to another job. Now I have nothing. What makes me upset is the garuntee from a representative. 2/2,AmazonHelp
1680771,2017-11-06 13:21:20,511060,I’m so sick of these question marks @115858 fix my shit!!!!!!!,AppleSupport
1672056,2017-11-06 13:28:17,508921,"@AmazonHelp What on earth has happened to you guys?  Just like the last holiday season...late deliveries, incorrect orders. #frustrated",AmazonHelp
1672147,2017-11-06 13:28:45,508942,Don't EVER fly @AmericanAir. First time flying with them and it's HORRIBLE. The worst customer service I have ever experienced.,AmericanAir
206113,2017-11-06 13:31:26,164808,@AmazonHelp Return my money immediately  or I will keep writing on ur twitter handle,AmazonHelp
1671229,2017-11-06 13:31:35,323120,@AppleSupport I’m going to the Genius Bar soon. Don’t want to mess it up more,AppleSupport
1670295,2017-11-06 13:36:18,508479,@AmazonHelp Tomorrow. But I have had someone waiting in for the item all day. We actually need it for today.,AmazonHelp
1681704,2017-11-06 13:39:29,511285,Hey @115858 ... steve jobs would never allow a glitch to run this long. This shit ( “A ?”) that replaces the letter “I” is pissing me off.,AppleSupport
2026260,2017-11-06 13:40:46,599195,"@116136 @comcastcares @115900 Really, u took Weathscan away!?? Yesterday there, today gone! Family relies heavily on Weatherscan😠😤😖😡",comcastcares
1672037,2017-11-06 13:43:12,508918,"@AmazonHelp Ciao, probabilmente cambiando la logistica, ormai su 10 acquisti 6 hanno problemi, ho chiamato servizio clienti ma francamente...",AmazonHelp
1674278,2017-11-06 13:45:41,509433,@VirginTrains please private message me regarding yesterday's problems with trains.,VirginTrains
1680904,2017-11-06 13:49:52,511096,@AppleSupport can you look into the letter ( eye) thing on the iPhones it’s supppppperr annoying,AppleSupport
1674238,2017-11-06 13:50:55,493648,"@115873 Then I get to watch the map draw a ridiculous route to me, they get lost &amp; drive in circles for about 10m. This whole town is like 19 sq mi https://t.co/uK1NHdqlFZ",Uber_Support
206078,2017-11-06 13:51:16,164801,"@AmazonHelp I just received them with no issues, so the driver just decided he had enough yesterday!",AmazonHelp
1672149,2017-11-06 13:54:11,508942,"@AmericanAir As the original agent stood next to her and said ""I would charge them""",AmericanAir
1682520,2017-11-06 13:58:44,511480,"@AppleSupport how do you remove the beta profile from iPhone X, iOS 11.2? Device management no longer show up in General. https://t.co/dRFmy8C1SN",AppleSupport
1674838,2017-11-06 13:59:41,509590,Esto de que @116928 entregué los pedidos en poco más de 12 horas con @117795 es muy peligroso para mi bolsillo 💰,AmazonHelp
1675666,2017-11-06 14:02:27,509784,@Delta An update from the flight attendant while we all sit here would be nice. 😄,Delta
1682471,2017-11-06 14:03:51,511461,@67584 @511462 @115858 Apparently capital “i” cause my phone to spazz the fuck out for no reason,AppleSupport
1683514,2017-11-06 14:08:50,511716,@AppleSupport why is autocorrect changing “I” to I️,AppleSupport
1674996,2017-11-06 14:08:55,509628,"@TMobileHelp @117543 @115913 Thank you for the reply, @67633.  I appreciate it.",TMobileHelp
1695263,2017-11-06 14:10:24,514334,"@115888 love your service, but it's disappointing that of all my apps Spotify is one of the very few that hasn't been updated for iPhone X",SpotifyCares
1675533,2017-11-06 14:10:53,164808,@AmazonHelp what happened? You don't have any answer ? Why you are not returning my money? It's more than 12 hours!,AmazonHelp
1672063,2017-11-06 14:14:48,508924,"@AmazonHelp Just trying to understand why I would do pre order launch systems through Amazon, compared to Best buy or game stop when I can pick it up .",AmazonHelp
1671890,2017-11-06 14:16:15,508862,@AppleSupport @508861 Holy sh*! This is crazy,AppleSupport
1682955,2017-11-06 14:21:07,511571,@SouthwestAir @SouthwestAir I still don’t have bags and I’m about to embark on one of the most important weeks of my life. In yesterday’s outfit. #notok,SouthwestAir
1682509,2017-11-06 14:23:37,511475,Updated my phone and I️ts still doing this Mario mystery box shit. Why? @AppleSupport,AppleSupport
205935,2017-11-06 14:27:39,135806,"@AmazonHelp @164786 
 Hola! Contestamos todas tus consultas desde @137605.

 Un saludo",AmazonHelp
1683455,2017-11-06 14:28:32,511696,This whole “I️” glitch needs to be fixed ASAP @115858.,AppleSupport
1675718,2017-11-06 14:29:02,389370,@AmericanAir And that is my polite response.,AmericanAir
1674296,2017-11-06 14:31:06,494172,@VirginTrains Great - thanks 😊,VirginTrains
1676460,2017-11-06 14:31:45,509782,@Delta We’re boarding now 13 hours after our original departure time,Delta
1676358,2017-11-06 14:31:53,492415,@Uber_Support You've said that twice now on here through my email. Obviously you don't care about your customers since you are also stealing from me,Uber_Support
1681535,2017-11-06 14:34:18,511223,The “I️” bug in 11.1 is getting annoying. @115858 please fix!,AppleSupport
1672044,2017-11-06 14:34:43,508918,"@AmazonHelp Troppo gentile, già fatto grazie, ovviamente risolto nulla, buon lavoro",AmazonHelp
1683398,2017-11-06 14:38:42,511674,@applesupport How does my phone battery decrease by up to 40% overnight when not in use with the new update!?!#iOS11,AppleSupport
1683984,2017-11-06 14:41:42,262187,@115888 Am I an idiot or is there no way to re-arrange tracks in a created playlist?,SpotifyCares
2020947,2017-11-06 14:43:02,597673,@AppleSupport 10:27 https://t.co/3ZKBFT5gra,AppleSupport
2020950,2017-11-06 14:49:20,597673,@AppleSupport 10:44: https://t.co/7QNA9JIDyr,AppleSupport
1677143,2017-11-06 14:51:00,510153,"Bonjour @120533 j'aurai besoin de votre aide ! Colis privé a décidé de vous renvoyer une de mes commandes, comment ça se passe ? Merci !",AmazonHelp
1677056,2017-11-06 14:52:44,510123,@AppleSupport @510122 It’s “I” not “eye” and help* https://t.co/9WeFnsJpIv,AppleSupport
1684460,2017-11-06 14:58:19,511900,Why the fuck do I keep seeing a little block with a question mark inside of it @115858 and why doesn’t my music play continuously anymore?,AppleSupport
1676361,2017-11-06 14:59:29,492415,"@Uber_Support Yeah. Saying they were passing my ""question "" to someone else..😶😡",Uber_Support
1678561,2017-11-06 15:01:48,451683,@AmazonHelp Thank you for suggestions but I had called to the customer service they were not able to find my order details,AmazonHelp
1684404,2017-11-06 15:04:18,260161,@AppleSupport What do you want to investigate ?! How have you guys not fixed this I️ yet lmao,AppleSupport
2024999,2017-11-06 15:04:55,598861,@southwestair #dtw #michigan @ Southwest Airlines at DTW https://t.co/4O9C3fxh5C,SouthwestAir
1679419,2017-11-06 15:07:07,510738,5.5 hour flight and I forgot my headphones and @AmericanAir says they don't have any on the plane. 😠,AmericanAir
1707743,2017-11-06 15:08:49,517511,"@115858 can ya’ll please tell me why when “I️” put “I️” it comes up with an A with a question mark in a box. Please fix it, thanks.",AppleSupport
1699324,2017-11-06 15:09:33,214357,@SpotifyCares do you mind replying to me via DM?,SpotifyCares
206045,2017-11-06 15:09:37,164797,"@AmazonHelp That, my dear @AmazonHelp, is a lot of bull. Spoken to last mile delivery team. They're waiting for exec to return to work for an update 😂",AmazonHelp
2024834,2017-11-06 15:11:26,598798,@TMobileHelp I’m pretty good with the plan I’m on now lol,TMobileHelp
2026100,2017-11-06 15:12:56,599151,@599152 Wtf is up with these question marks? @AppleSupport,AppleSupport
1683516,2017-11-06 15:18:53,511717,@AppleSupport @115858 FIX THIS GLITCH WITH THE LETTER I️ !!!! 🤬🤬🤬🤬,AppleSupport
1678621,2017-11-06 15:19:04,510556,Why oh why did @115873 charge me 5 times for the same ride like wtf,Uber_Support
1678575,2017-11-06 15:20:04,510544,😍 @115821 is literally my favorite company ever. Customer service is the best. @115851 it’s clear why Amazon soars above the competition.,AmazonHelp
1427932,2017-11-06 15:23:30,451689,@AmazonHelp Vous avez une adresse mail pour vous faire suivre un mail frauduleux de confirmation de commande se faisant passer pour vous?,AmazonHelp
2025273,2017-11-06 15:25:24,598928,@Delta your mobile app appears to have an issue with my current trip. Not showing first leg. iPhone version 4.6.1. Web works.,Delta
1679161,2017-11-06 15:25:34,510671,@115858 you plan on fixing the symbol default when we try to type a capital “i” or what?,AppleSupport
1427914,2017-11-06 15:31:40,451684,@AmazonHelp on the email sent to me about my enquiry of NFS Payback delux edition it says that I was meant to receive the code on the 4th,AmazonHelp
1682028,2017-11-06 15:32:39,505036,@SpotifyCares It's ok Spotify you're my favorite app in my phone and I don't mind the French music I like the diversity ❤️,SpotifyCares
1692488,2017-11-06 15:33:37,513681,I’m not giving @115858 another dime until they fix this question mark in a box non sense!!! https://t.co/sXroTJyb5g,AppleSupport
1427998,2017-11-06 15:35:53,451701,"@Uber_Support Hi, I need to get in contact with someone to change a business account admin?",Uber_Support
1680253,2017-11-06 15:36:36,510937,TSAPrecheck Line. Dfw terminal C20 right now. American Airlines and TSA have to do better. @120943 @AmericanAir https://t.co/ZaLwQXipHk,AmericanAir
1678576,2017-11-06 15:36:48,510542,@AmazonHelp The 9th. Three days after the books release. Stop advertising y'all will have books the day they come out when that's just not true.,AmazonHelp
1683437,2017-11-06 15:41:07,511688,Get your shit together @115858 eye would like to use the letter “I️”again,AppleSupport
1421223,2017-11-06 15:43:29,450380,@AmazonHelp Its already added.,AmazonHelp
2624047,2017-11-06 15:46:44,741283,Last shopping day before Xmas &amp; @VirginTrains  cancel Trains from London after 2143 on sat 23rd Dec ! #useless #trains,VirginTrains
1684366,2017-11-06 15:47:54,511875,Alright seriously @115858 can we fix this bug that’s messing with the “I️” character. An org like @115858 shouldn’t take this long to bug fix,AppleSupport
1680168,2017-11-06 15:48:03,510713,"@AmazonHelp She spoke to someone who said they would sort it out, she’s now received an email stating you won’t help. How is that fair?",AmazonHelp
2624055,2017-11-06 15:50:09,741285,@SouthwestAir even if you want both flights because your sister is having a baby 👶,SouthwestAir
1681766,2017-11-06 15:52:50,511302,@115850 I ordered a WC cleaner #406-6043632-8951535 and you've sent me a horseshoe!! Is this a joke?! #Fail,AmazonHelp
1683462,2017-11-06 15:54:12,511699,@115858 I️ never realized how egotistical I️ was until you broke my keyboard! #fixthei 👁👍🏼,AppleSupport
1680287,2017-11-06 15:54:31,510942,@TMobileHelp @115913 Thanks for the help!,TMobileHelp
1695260,2017-11-06 15:55:42,514334,@SpotifyCares iOS 11.1 and Spotify version 8.4.25,SpotifyCares
1681002,2017-11-06 15:56:14,505393,"@115873 I paid you 11k over 1.5 yrs.. I turned car in on time, cleaner than new. u come back 1 month later and say i owe you money-come get it",Uber_Support
1681070,2017-11-06 15:59:48,117211,@Delta Awesome! You guys are amazing.,Delta
1680969,2017-11-06 16:01:35,511109,@AmazonHelp Your phone support is horrendous. Total garbage,AmazonHelp
1405939,2017-11-06 16:03:28,446802,@AppleSupport why in tf is all my I’s turning into A ? I️,AppleSupport
1680936,2017-11-06 16:09:27,263791,"Amazon is definitely expansive but they're sellers. Upon setup, I immediately and accidentally signed up for a monthly service I didn't want",AmazonHelp
1691075,2017-11-06 16:14:11,513367,"@ComcastCares
#mobile_Care I would like to cancel my purchase if Poldark Season 3.",comcastcares
2025657,2017-11-06 16:14:15,246547,@AmericanAir it costs $75 to fly standby on a flight because im not “elite”??! this is why American is never my first choice. #Delta,AmericanAir
1680919,2017-11-06 16:14:29,511102,@AmazonHelp Nothing its my mums account im phoning on her behalf loged into her account to make the call and now the rep has put phone down on me,AmazonHelp
2025621,2017-11-06 16:17:16,599024,"So @115858, when are we gonna fix this glitch? #notfun https://t.co/sOtXNvSD0B",AppleSupport
1421235,2017-11-06 16:22:13,450380,@AmazonHelp I AM NOT DOING ANYTHING ELSE!! its time for u guys to either give me an update by tomorrow or face the lawsuit!! I AM FED UP!!,AmazonHelp
1681865,2017-11-06 16:22:48,511316,"@Delta Thank you, I spoke to them but didn’t receive much joy! #stillnothappy",Delta
1680853,2017-11-06 16:23:03,447117,"@AppleSupport It doesn’t happen when I type.... just when I see i’s on my screen that I didn’t type (tweets, insta captions)",AppleSupport
1681849,2017-11-06 16:27:10,511314,@Uber_Support I've sent you my details but there's a hunch that tells me this message is automated too :P,Uber_Support
1695241,2017-11-06 16:28:00,514329,can i make my collab playlists public @SpotifyCares,SpotifyCares
1679917,2017-11-06 16:28:25,510850,@AppleSupport I open an email and it just loads for a lot of time. Won’t show me what the message is for ages,AppleSupport
1680922,2017-11-06 16:30:36,511102,@AmazonHelp Jarvis is hopefully investigating,AmazonHelp
1681917,2017-11-06 16:31:08,511326,@VirginTrains I go from this https://t.co/Uom5TCZ6HY,VirginTrains
1683012,2017-11-06 16:33:18,511583,Why would I call when you do not intend to help just silence https://t.co/75nfxzmCBE,TMobileHelp
1676234,2017-11-06 16:35:07,300846,@AppleSupport That worked - thank you!!!,AppleSupport
1683903,2017-11-06 16:36:47,511768,@Delta - my seats from AMS-LHR-JFK are screwed up.  I paid for an upgrade &amp; it was not honored at the airport. Help please🙏🏻,Delta
1682715,2017-11-06 16:37:12,511524,@AmazonHelp hi! do you guys accept visa gift cards as form of payment?,AmazonHelp
1673529,2017-11-06 16:39:59,509240,What’s wrong with the letter I️??? @AppleSupport,AppleSupport
1683689,2017-11-06 16:41:09,511761,@Uber_Support would like to ask for copy of receipt.. email add to contact pls.. thanks,Uber_Support
1683608,2017-11-06 16:41:33,511740,"Still no books 😭💔@67881 and @115821, hurry up! 😅 https://t.co/B5hGJvtoL5",AmazonHelp
1675711,2017-11-06 16:43:32,509794,@SouthwestAir Dm has been sent.,SouthwestAir
1684594,2017-11-06 16:45:22,511298,Cuando @116875 te confirma que está preparando tu pedido y que llega mañana! #Hype #XboxOneX #ProjectScorpio @AmazonHelp https://t.co/Y7kA9iZOXB,AmazonHelp
1682489,2017-11-06 16:46:26,361450,@AppleSupport I did this and i still see boxes..,AppleSupport
2026283,2017-11-06 16:50:27,599201,I updated my phone &amp; im still seeing boxes. @115858 really got me fucked up &amp; I’m about to take my ass back to @1647.,AppleSupport
1421248,2017-11-06 16:51:46,450380,@AmazonHelp YOU CHECK WITH YOUR PPL AND DON'T EXPECT ANYMORE COOPERATION FROM ME. I WILL SLAP U GUYS WITH HEAVY COMPENSATION FOR 8 MONTHS AGONY!,AmazonHelp
1689335,2017-11-06 16:53:55,512917,I️ just tweeted this to see if @AppleSupport  fixed the shit yet. Aaaaand well,AppleSupport
1683029,2017-11-06 16:55:35,511586,@SpotifyCares Version 8.2.0.549 and os 11 ( although was like this when I had ios 9),SpotifyCares
1349112,2017-11-06 16:57:19,434618,@AmazonHelp I still can’t reset this !!! I can’t get to the settings menu &amp; if I go to my devices on my account I don’t have any options there either.,AmazonHelp
2026292,2017-11-06 16:57:52,599205,@115858 hurry up and fix this question mark bullshit! Like why has it been over 2 days what are y’all doing ????,AppleSupport
1687350,2017-11-06 17:00:29,512419,Hey @115858 @AppleSupport WTF IS THIS? I️,AppleSupport
1683968,2017-11-06 17:02:02,511783,@TMobileHelp I did but no reply,TMobileHelp
1684580,2017-11-06 17:02:04,511929,"@AmazonHelp Siii, me compre unos parches oculares 👁 aquí en Cancún no encontraba en donde comprarlos 😓",AmazonHelp
1665345,2017-11-06 17:02:32,507428,@395946 @Uber_Support Which is super fun when the car is mint green but the icon is just green and it’s dark because it’s 10:30 at night.,Uber_Support
1694196,2017-11-06 17:05:00,514093,".@Delta there's a ""free tix for Delta's anniversary"" scam going around. My grandmother thought it was real. Can you confirm this is a scam? https://t.co/ih1kZ73jC4",Delta
1680898,2017-11-06 17:06:01,460633,@AppleSupport @67886 i guess we have to use the lowercase i,AppleSupport
1684549,2017-11-06 17:09:26,309164,@AmazonHelp Bonsoir tout est écrit dans le message ....,AmazonHelp
1692782,2017-11-06 17:09:48,513747,@513746 @AmericanAir What!!!??,AmericanAir
1687342,2017-11-06 17:10:12,512416,@115858 y’all needa fix dis bs fam ‼️ https://t.co/om085sklgF,AppleSupport
1681543,2017-11-06 17:13:46,511227,"@AppleSupport It didn’t do anything! What now? Are you guys gonna fix it? Get someone to work overnight to fix it, you definitely have he payroll.",AppleSupport
1681779,2017-11-06 17:16:15,451686,@AmazonHelp How many times I have to fill? I know about your services you guy's never accept ur mistakes you @115850 simply play wit common ppl money,AmazonHelp
1690700,2017-11-06 17:19:17,513283,"@AppleSupport only got the iPhone x on Friday and now it won’t turn on. I’ve tried hard resetting it, plugging into iTunes etc but nothing?!",AppleSupport
1688582,2017-11-06 17:23:11,512743,"This question mark shit annoying asf , how do I get it off @115858",AppleSupport
1674895,2017-11-06 17:24:29,509606,@AmazonHelp Order since they couldn't find it and they refunded the wrong item instead of the dog food which is a subscribe and save subscription.,AmazonHelp
1688510,2017-11-06 17:25:48,512718,Aye @115858 please get this update together so my stuff stop texting with the boxed ? Mark ! Omg,AppleSupport
1688577,2017-11-06 17:28:37,512741,Honestly @115858 wtf is going on w these DUMBASS QUESTION SQUARES BULLSHIT AUTOCORRECT  SHIT ???????,AppleSupport
2026579,2017-11-06 17:30:05,359295,"I have Spotify premium and my music won't play, even on wifi. Cool thanks for wasting my money. @115888",SpotifyCares
1674225,2017-11-06 17:32:29,509421,"@AmazonHelp According to the various Livechat reps, the carrier has been contacted each time with the instructions on how to find us.",AmazonHelp
2027486,2017-11-06 17:34:08,599570,"@AppleSupport iPhone 8 still full of bugs, worst phone I’ve ever had",AppleSupport
1692860,2017-11-06 17:34:33,513763,"@TMobileHelp big billing issue with an upgrade unresolved for two months, any help?",TMobileHelp
1688456,2017-11-06 17:39:08,512694,@115858 fix this shit https://t.co/qxO2qHYEh1,AppleSupport
1682808,2017-11-06 17:39:24,388171,"@Uber_Support @115873 I still didn't got the invoice, kindly provide me the invoice.",Uber_Support
1693485,2017-11-06 17:41:11,513939,I️ need answers. Why do I️ still get that box with the question mark. My phone is updated. @AppleSupport,AppleSupport
2026334,2017-11-06 17:41:52,599219,@Delta my flight gets delayed 2 hrs putting my travel plans in limbo and there’s a 1.5hr wait to speak to someone on the phone? #cs #fail,Delta
1674660,2017-11-06 17:43:01,509530,@AmazonHelp It was guaranteed for yesterday.,AmazonHelp
1692769,2017-11-06 17:43:13,513745,@AmericanAir Read my tweets. Apparently your people realize how expensive these clubs are and therefore they disrespected us and belongings.,AmericanAir
1689389,2017-11-06 17:43:59,512938,Earth to @AppleSupport when do you guys plan on getting this “I️” thing together?,AppleSupport
2468881,2017-11-06 17:49:08,706314,@AppleSupport why is my “I️” coming out as an “A?” Help,AppleSupport
2026422,2017-11-06 17:49:44,586512,Forgot iPad Pro on flight 10/27. Filed a report. 10 days later it arrived today! THANK YOU to all @SouthwestAir who helped bring it home!,SouthwestAir
1689333,2017-11-06 17:53:26,512917,@AppleSupport I️ did that a couple times but it keep going back to doing the same thing,AppleSupport
1692737,2017-11-06 17:54:11,480599,@VirginTrains 14:40 Glasgow to Euston.,VirginTrains
1694949,2017-11-06 17:58:16,514257,@SpotifyCares I’ve logged out and restarted. I’ve also gone off WiFi and LTE and this keeps happening. Downloaded playlists work though. https://t.co/zNTxDz1gza,SpotifyCares
1703961,2017-11-06 17:58:43,516512,Yo @115858 @AppleSupport can’t you fix this I️t,AppleSupport
1700770,2017-11-06 18:05:15,469146,"I even had a Comcast technician come out Saturday and re-wire the house for ""better"" signal...................................... https://t.co/RnZhOyVeUW",comcastcares
1695347,2017-11-06 18:07:16,514352,@478642 @TMobileHelp @115911 @32464 @12165,TMobileHelp
1690513,2017-11-06 18:08:43,513222,@AppleSupport Cant find my ringtones on the new iPhone x?,AppleSupport
1693915,2017-11-06 18:10:03,202534,@Uber_Support whats the update with  @115873 in the #Philippines,Uber_Support
1693407,2017-11-06 18:13:28,513912,@116333 so we not getting a update because when i type the word “i” this is what I️ see a weird question what’s up with that 🤨🧐,AppleSupport
1694828,2017-11-06 18:14:08,514229,"@comcastcares Having issues in Tracy,CA with packet loss and speed.. shows as connected but everything loads super slow.",comcastcares
2027641,2017-11-06 18:14:29,599615,@SpotifyCares I have to use Spotify Web Player at work (VPN things) but it keeps logging me out and I am having trouble logging back in?,SpotifyCares
1682745,2017-11-06 18:14:35,387423,"@AmazonHelp Yes. Stereotypes response.

Orders can be returned for a number of reasons including lack of address information or failed delivery attempts",AmazonHelp
1694850,2017-11-06 18:19:05,116136,@514234 We do not throttle. Please DM @comcastcares with your acct# and our Digital Care Team will look into your internet speeds. -Sami,comcastcares
1690587,2017-11-06 18:19:53,513245,@513252 @115858 Dude I️ thought I️ was the only fuckin one,AppleSupport
1690575,2017-11-06 18:22:08,436266,"@AppleSupport When unlocking the iPhone X with Face ID, is there a way to go straight to the home screen instead of having to swipe up?",AppleSupport
1694842,2017-11-06 18:25:37,514232,@441627 @116136 Shit. Im currently gettin ready 4 the gym to let some comcast related frustration out. I was trying to play some COD this mighty fine mornin,comcastcares
1691130,2017-11-06 18:27:11,513382,What gives @SpotifyCares ? All day long. https://t.co/byhIflxW03,SpotifyCares
1691843,2017-11-06 18:28:09,513546,Ok @115858 you’ve crossed the line. How you gon charge me 3 times for my Apple Music.,AppleSupport
1701409,2017-11-06 18:31:28,515866,"Hey @116136 thanks for the 29.74 KB/s up/down-load speed. I'm paying for 100MB/s, but who gives a shit right?",comcastcares
1693884,2017-11-06 18:32:08,498087,@Uber_Support You have been telling this since yesterday! Also the people who do follow up via mail always give robotic response.,Uber_Support
1694079,2017-11-06 18:34:47,514064,Thanks for initiating a European odyssey w/ great #CustomerService @Delta.  Onwards to the beyond ✈️ #deltaproud https://t.co/WKyxpUj84W,Delta
2027906,2017-11-06 18:35:14,599679,"Well, “eye” no longer have a sense of self. If “eye” type that word as a letter (on its own) since the @115858 iOS update, “eye” become “A ?” https://t.co/beWwRGqVTT",AppleSupport
1693640,2017-11-06 18:35:43,513970,@AmazonHelp I've pre ordered Xbox One X with you and it still has not dispatched and the money hasn't been taken. Is this normal?,AmazonHelp
1701423,2017-11-06 18:36:22,515871,@515870 @comcastcares @115900 A member just told us sites are having DNS issues,comcastcares
1691728,2017-11-06 18:38:59,121771,"Can someone help me understand .. 

Cc: @AppleSupport https://t.co/LWg3jES2aT",AppleSupport
1694263,2017-11-06 18:40:38,514105,. @VirginTrains currently charging first class fares to travel in the first class vestibule whilst all trains out of KGX are delayed,VirginTrains
1687287,2017-11-06 18:44:17,275126,"@AmazonHelp My Account si __email__
The Problem is that I Need yo cancel my prime profile. I Need a normal Account",AmazonHelp
1691794,2017-11-06 18:44:50,513532,Why do I keep seeing squares with question marks even tho iOS 11.1 is already up to date??? @115858 @AppleSupport,AppleSupport
477411,2017-11-06 18:45:42,599703,@comcastcares When you tell your boss your internet is down nd then you say comcast and he laughs and says ok.,comcastcares
1684394,2017-11-06 18:50:56,511881,@AppleSupport My phone will randomly shut off. And then turn back on. When I’m at the gym listening to music it will shut off for no reason.,AppleSupport
1371382,2017-11-06 18:52:54,439218,@AmazonHelp Have tried it on both versions can't seem to find it on either of them,AmazonHelp
1688662,2017-11-06 18:54:18,512754,@115873 Guess it’s supposed to incentivize you to take UberX? Instead it has incentivized me to not take Uber. Nice customer service @Uber_Support,Uber_Support
1700003,2017-11-06 18:56:39,515540,What the hell happened to iCloud Drive @AppleSupport ? How am I supposed to access my files on my iPad or iPhone???,AppleSupport
2027947,2017-11-06 19:00:26,599692,@115858 fix this I️ bug shit please,AppleSupport
185501,2017-11-06 19:00:29,159624,I have to restart my modem daily. What’s up @comcastcares @116136 @115900,comcastcares
1661627,2017-11-06 19:01:58,506787,@AmericanAir @AmericanAir we should't need to wait for a status if AA already confirmed by email that we will get a refund,AmericanAir
1693644,2017-11-06 19:02:21,178320,@AmazonHelp ahora usáis Correos pq os resulta más barato que Seur u otras. Pero si pago 20€ no es para ir a la oficina a recoger un miserable libro👇🏻,AmazonHelp
1688973,2017-11-06 19:02:29,512829,@SpotifyCares thanks!!,SpotifyCares
2028266,2017-11-06 19:03:15,128504,@AppleSupport what is up with this new update my phone is super slow now. And I️ still got this I️ for I️,AppleSupport
1421254,2017-11-06 19:05:41,450380,@AmazonHelp There is just no system!!,AmazonHelp
1699846,2017-11-06 19:06:40,515489,@AppleSupport please fix this I️ A Box thing!!!!,AppleSupport
1520033,2017-11-06 19:07:57,472549,@TMobileHelp @115913 @115911 T-Mobile Help was able to work with me on extending the Pixel 2 promotion. I've now switched fm AT&amp;T to T-Mobile because of it. Thank You :),TMobileHelp
1688910,2017-11-06 19:11:11,512811,"@512812 @115900 Yes, but ironically, their website is having problems.",comcastcares
1701936,2017-11-06 19:11:49,516017,"@AppleSupport Phone freezes multiple times a day, some messages are typing weird, and apps crash",AppleSupport
1684723,2017-11-06 19:12:29,223349,@SouthwestAir Just sent one! 😄,SouthwestAir
1693815,2017-11-06 19:13:15,514008,First time using @115873 and I’m not impressed for the simple fact that my driver doesn’t use his blinker. Whatsoever😐,Uber_Support
1699854,2017-11-06 19:15:50,515493,Ayo fuck @115858 for this weird ass I️ Shit,AppleSupport
1693561,2017-11-06 19:17:31,513955,Does anyone know whats going on at @115830??? Friday delivery still not here. Todays delivery not here either. Whatever happened to Prime?,AmazonHelp
1699800,2017-11-06 19:17:49,515475,"@AppleSupport This is unacceptable as I have to travel out of my, paying for petrol, time off work etc. I want something done about this.",AppleSupport
2026054,2017-11-06 19:20:41,599078,@AmericanAir And these policies were not clear thro th Travelocity... and doesn't excuse the nasty gate agent from waving someone else like me!,AmericanAir
2028143,2017-11-06 19:22:10,599749,@115858 please fix the new update!!!  I’m tired of my phone acting goofy!!!,AppleSupport
1694241,2017-11-06 19:22:39,514103,@VirginTrains @120576 Any thoughts? @120576 ? Why wasn't I allowed to get the one before? Was the member of staff correct?,VirginTrains
1693559,2017-11-06 19:24:04,513955,@AmazonHelp Order due Friday. Tracker shows it moved back and forth between two depots but not to me. Separate Prime parcel due today now says tomorrow,AmazonHelp
1701015,2017-11-06 19:25:03,452879,@AppleSupport ARE YALL DOING ANYTHING TO FIX THE GLITCH BECAUSE @ THIS POINT IM READY TO BUY AN ANDROID.,AppleSupport
1694786,2017-11-06 19:25:36,221678,@comcastcares Thank u kind sir and/or madam,comcastcares
1688766,2017-11-06 19:26:13,187686,"@Delta I meant to send a shoutout on Thursday for my upgrade to Comfort, JFK-SFO. THANKS!",Delta
1693413,2017-11-06 19:29:23,513915,@AppleSupport Already did this. Didn’t work,AppleSupport
1693548,2017-11-06 19:31:38,130913,Fucking HELL. My @AmazonHelp Prime membership came out of my debit card instead of credit. So much for food til next payday :(,AmazonHelp
1700776,2017-11-06 19:33:47,515714,"@115858 can you fix this “eye” thing please? “eye” don’t want to make a shortcut, “eye” want it to work.",AppleSupport
2026290,2017-11-06 19:36:32,599204,@115877 y'all need fix yalls app 👎🏽👎🏽👎🏽👎🏽👎🏽👎🏽👎🏽👎🏽👎🏽👎🏽👎🏽👎🏽,Uber_Support
1687770,2017-11-06 19:38:58,512522,@AmazonHelp Yes I've done that but still not getting anywhere. Just want to know where my order is and a refund for the delivery at the least!,AmazonHelp
1700828,2017-11-06 19:39:44,515732,@515733 Yeah and it’s pissing me off @115858 @16234 @515734,AppleSupport
477378,2017-11-06 19:40:21,68033,"@comcastcares Does this include parts of Salem, Oregon?",comcastcares
1705683,2017-11-06 19:42:53,516982,@SpotifyCares I can’t get unidays as my institution isn’t supported - does that mean I just can’t get the discount? 😔,SpotifyCares
1700778,2017-11-06 19:44:52,515715,"@AppleSupport On new iPhone X. When I do Animoji, the image keeps freezing up and dropping frames. Even after device reboot.",AppleSupport
1702035,2017-11-06 19:48:40,516049,@115858 why is the word “I️” so messed up?,AppleSupport
1371406,2017-11-06 19:48:56,439221,@AmazonHelp Any idea?,AmazonHelp
1688841,2017-11-06 19:53:59,301586,@AmericanAir: flying to &amp; fr California is much nicer &amp; productive w Rock Star Flt attendants John Phan #055363 &amp; Dolores Ceniceros #565820!,AmericanAir
1702098,2017-11-06 19:54:24,516070,Bro wtf?!! @115858 fix I️t now!,AppleSupport
1702043,2017-11-06 19:57:46,516053,@AppleSupport please help. “I️” isn’t working on my phone! 🤦🏻‍♀️,AppleSupport
1687077,2017-11-06 19:58:15,512353,"@AmazonHelp Couldn’t get past acc verification, said my address was incorrect when I was looking at it online then they said that the system was down.",AmazonHelp
1667912,2017-11-06 20:02:05,507975,@TMobileHelp Thanks,TMobileHelp
1689528,2017-11-06 20:02:15,512973,"my @115821 Alexa is a great concept, too bad it can’t go more than one minute without turning itself off 🙄",AmazonHelp
1701998,2017-11-06 20:03:40,516037,@476330 Why though. @115858 why is this stupid thing happening,AppleSupport
1689544,2017-11-06 20:04:04,512976,@115873 why can’t I find a phone number anywhere ... I left my phone in an Uber and can’t login to your https://t.co/6FHRi0vCT0,Uber_Support
132755,2017-11-06 20:04:33,516340,"@116136 I'm a (non-combat) vet, and I couldn't make it past the third Interview for an entry-level job. Definite age-related bias in play here.",comcastcares
1693386,2017-11-06 20:09:43,513903,@AppleSupport Thanks.,AppleSupport
1673642,2017-11-06 20:10:16,509279,"@AmazonHelp Mon colis as bien ete expédié, merci :)",AmazonHelp
1689703,2017-11-06 20:12:17,513000,"@231307 @SouthwestAir Today's was (as we approached the gate): ""Not yet...wait...wait...ok hurry up, get off the plane.""",SouthwestAir
1689662,2017-11-06 20:12:37,233358,German at D13 in ATL helped me immensely!  Bravo to your staff @Delta,Delta
1688782,2017-11-06 20:13:09,512779,"@VirginTrains If I remember right it was generated directly in the app, no email.",VirginTrains
1703093,2017-11-06 20:14:23,516310,@AppleSupport fix this fucking glitch when we type “i” into our phones,AppleSupport
1689770,2017-11-06 20:16:59,513014,"@AmericanAir Attn:MattMcKannLGA Exceptional service from LGA Tix Ctnr Agent QUINN SUTTON. Professional, helpful, engaging and friendly.",AmericanAir
1703088,2017-11-06 20:17:53,516309,@115858 so are y’all going to fix this question mark boxes for letters????,AppleSupport
1705673,2017-11-06 20:18:45,516977,@115888 help me :(,SpotifyCares
1689472,2017-11-06 20:19:01,512964,Dear @115850 wana ask you the Redmi 4 (16gb) varient which sale on today 12 noon is eligible for Cash on Delivery or not.,AmazonHelp
1688571,2017-11-06 20:23:01,512739,@AppleSupport Thanks! I appreciate it 😊,AppleSupport
1687909,2017-11-06 20:23:49,512559,@512558 @512557 @comcastcares @512556 Hard to argue that point but the issue is unrelated.,comcastcares
1690828,2017-11-06 20:25:25,513308,@115821 hiya I've been charged for prime instant video but I did not authorise this transaction! I had to google it to see what it was!,AmazonHelp
185479,2017-11-06 20:26:48,159618,@115858 What the shit?!!! @115858 I’mma need this to get fixed like now! https://t.co/Ki3897NsPa,AppleSupport
1706941,2017-11-06 20:30:53,517296,"I️ &lt;— fix It now. And stop capitalizing  It for no reason. I’ll change it if I’m talking about the movie It, i promise. @115858",AppleSupport
1690872,2017-11-06 20:31:40,396349,Don’t count on @115873 to fulfill their pledge. You receive an incorrect order from @115877 and can’t get a refund. https://t.co/6xanFPlfK8,Uber_Support
1665861,2017-11-06 20:32:03,507539,@AmazonHelp Still waiting for an explaination for this: https://t.co/kL7p6ftl71,AmazonHelp
1702899,2017-11-06 20:35:53,516251,"@AppleSupport hi! I have a question about Apple Care +, care to help?",AppleSupport
2027672,2017-11-06 20:37:54,599280,@TMobileHelp @115913 And now even something happened to her account with some of the deactivated and reactivated it and now we have another problem on top,TMobileHelp
2028746,2017-11-06 20:39:17,496742,@AppleSupport just opened the box to my brand new MacBook Pro and it’s got a scratch on the top of it! Please let us know how to swap it 😩 https://t.co/Y24x0LiTfU,AppleSupport
1691108,2017-11-06 20:40:04,513376,@AmericanAir Refund me on a flight I booked for a friend who got sick and couldn't fly that day. We can provide a doctors note,AmericanAir
1700085,2017-11-06 20:41:07,515559,"@AmazonHelp I’m premium member &amp; book collector; bought tons of books, arrived in mint condition. Suddenly books arrive shabby. What gives?",AmazonHelp
1704269,2017-11-06 20:41:57,516600,@SpotifyCares I'm using Windows 10 tho the issue has been already fixed .p,SpotifyCares
1690997,2017-11-06 20:42:26,513347,@comcastcares It's fine now... I guess you guys had slow internet all over the West and East coast. Sorry for the unwarranted angry tweet.Have a nice day.,comcastcares
1703978,2017-11-06 20:43:45,470978,@516518 those question marks are “i’s” by the way. @AppleSupport is messing up 🙄,AppleSupport
1699115,2017-11-06 20:44:16,515286,Thanks @Delta for being so accommodating &amp; changing my flight for me w/ no additional charges.,Delta
1703869,2017-11-06 20:47:50,516723,@AppleSupport So how do you hard reset with no home button should the screen stop responding?,AppleSupport
1371417,2017-11-06 20:48:08,313074,@AmazonHelp gotta admit I have never seen this before but delivery by AMZL US. Prime stuff usually comes via USPS or UPS 2 different order this way,AmazonHelp
1704704,2017-11-06 20:54:19,516713,&amp; i just updated my phone &amp; the eye still don’t work @AppleSupport,AppleSupport
1701082,2017-11-06 20:56:10,238799,No https://t.co/FDfzVhfhgR,AmazonHelp
1704680,2017-11-06 20:57:33,516704,@AppleSupport I️t still didn’t work :/,AppleSupport
1700120,2017-11-06 20:59:36,510522,@515566 @Uber_Support Lmao no i was trying add it for my McDonald’s the other day and for my roommate’s food today,Uber_Support
1691918,2017-11-06 21:00:07,513574,@AmazonHelp Aim to or will do?,AmazonHelp
1674145,2017-11-06 21:00:27,509400,"@AppleSupport IOS 11.1. my keyboard is messing up, my apps close out, my battery dies 2 times a day, my phone lags. what is going on?",AppleSupport
1697372,2017-11-06 21:02:43,395006,My iPhone 7 has been trash all weekend. And Still today ... wtf @115858 https://t.co/AkcI0KFupb,AppleSupport
1699359,2017-11-06 21:04:04,515340,@TMobileHelp @115913 That's what I thought. You'd be surprised.,TMobileHelp
1688541,2017-11-06 21:07:18,512729,@AppleSupport @512728 Me too Apple I️ think these boxes messing with my I️ site please fix it holmes 🙋🏾‍♂️💯,AppleSupport
1691987,2017-11-06 21:08:01,472074,@AmazonHelp I was promised 1 day on 10/31 it has since been updated to 11/3 and it still hasn't come,AmazonHelp
2027173,2017-11-06 21:08:42,520541,@188987 @599460 @comcastcares When does @116136 not have problems?,comcastcares
1700048,2017-11-06 21:11:28,515555,@AmazonHelp No card no one else has taken delivery and I've contacted the delivery agent but no luck!,AmazonHelp
1706096,2017-11-06 21:11:36,517073,@517074 @124423 @AppleSupport Apparently I only have 8 photos in my Portugal album I took way more than that I had a 4 min memories video of it Completely disappeared,AppleSupport
1701497,2017-11-06 21:13:53,515892,@AmericanAir &amp; @116450 I'll be flying weekly for the next 15 months for work. What can you do for my status? @Delta isn't being helpful...,AmericanAir
382486,2017-11-06 21:15:04,206674,"@AppleSupport Keeps freezing and throwing me off apps or just opening them to a black screen, no notifications and doesn’t give me the option to turn on",AppleSupport
1702433,2017-11-06 21:16:43,123759,And @SouthwestAir have this totally obscure business with their card thingy ... makes out you can save a bit ... you can after you flown ...,SouthwestAir
1701510,2017-11-06 21:17:30,242333,"@SpotifyCares iPhone 6s, didn't update the iOS since that is notoriously messing up iPhones that aren't the new one. Might be my wifi tho",SpotifyCares
1701072,2017-11-06 21:17:40,515797,Amazon Associate links are not working. Anybody else having issues?,AmazonHelp
1700162,2017-11-06 21:18:38,515573,@VirginTrains I need to make the journey tomorrow and short notice.,VirginTrains
382415,2017-11-06 21:20:49,206656,Okay @115858 y’all needa fix the letter I️,AppleSupport
1701089,2017-11-06 21:21:00,337947,@AmazonHelp Amazon logistics,AmazonHelp
1701310,2017-11-06 21:22:11,515846,@Delta do you have a evening flight from GTF to LAS on February 18? I saw it at one time...,Delta
1700833,2017-11-06 21:26:13,515736,@AppleSupport Appreciate it! #TeamApple,AppleSupport
1699207,2017-11-06 21:26:14,515314,@comcastcares Thanks for the update! Keep us posted on progress and the origin of the issue,comcastcares
1702241,2017-11-06 21:28:40,500056,@Uber_Support have sent about 5 complaints to ubereats I just want my refund u kno it's been 24 hours,Uber_Support
1350565,2017-11-06 21:29:00,434916,and @AppleSupport why does my phone always autocorrect “i” to I️ ?????? #fixit,AppleSupport
1690773,2017-11-06 21:29:12,513303,@AmazonHelp Where do they show up? Aren’t showing up as available at checkout either.,AmazonHelp
1706128,2017-11-06 21:32:39,517083,Whoever decided that “it” should autocorrect to “I️t” is the LITERAL WORST and I️ am not a fan @115858 @AppleSupport,AppleSupport
343805,2017-11-06 21:34:14,197811,hey @116316 when will you begin to deliver my packages on time again? why should I continue to pay for prime membership?,AmazonHelp
1706116,2017-11-06 21:37:00,517081,".@115858, please fix the 'i' bug. I can't get over it autocorrecting into a weird symbol.",AppleSupport
1702178,2017-11-06 21:39:05,222540,@AmazonHelp Which we cannot afford to do,AmazonHelp
1702863,2017-11-06 21:40:28,516242,@AppleSupport Yes I have updated it and I have the iPhone 7+,AppleSupport
1704221,2017-11-06 21:42:29,516589,"so ready to get home. i got cannabis caps and a back massage waiting. i’m cramping. stop delaying my flight, bitch @AmericanAir",AmericanAir
1706977,2017-11-06 21:43:43,517310,@AppleSupport I️ still keep getting this error. May be best to update this on your end. Other friends are getting the error too,AppleSupport
1703201,2017-11-06 21:47:07,516331,@Delta Help! On DL129 LAX-SEA. Connecting to DL5703. I/B is late. Will I make DL5703?,Delta
1706953,2017-11-06 21:47:56,517300,"while stressing over snapchat, @115858 when will “i️” be able to type the letter i** without it coming up as symbols and numbers !!!",AppleSupport
185520,2017-11-06 21:48:20,159631,@115913 I was DM'd and then no response. SERIOUSLY? Ask for resolution and tgen deny it. Nice,TMobileHelp
1707986,2017-11-06 21:51:30,517571,Acabo de recibir el premio al mejor disfraz de Halloween en mi trabajo!! #Halloween2017 @116928 / Disfraz de sumozombie super-amortizado https://t.co/yME7ELpWOR,AmazonHelp
1647404,2017-11-06 21:51:44,503314,@AppleSupport THX. I figured a way to keep it closed. IN Preferences I chose never on OPEN PAGES IN TABS. But 2 boxes below were checked. UNCHECKED! Yes!,AppleSupport
1690474,2017-11-06 21:53:19,489386,@513208 @513209 @AppleSupport i will never forget this @115858,AppleSupport
2036417,2017-11-06 21:56:39,602074,So basically my touch screen aint working on my phone.... @115858 @AppleSupport,AppleSupport
2028712,2017-11-06 21:57:42,236870,Hello @115888 @SpotifyCares I really love Lemon by @60635 and @2231. I think it’d fit perfectly to your playlist of Today’s Top Hits🍋,SpotifyCares
355096,2017-11-06 22:00:15,516769,@comcastcares I'm sure you'll be happy to offer small refunds for everyone affected by it.,comcastcares
1707757,2017-11-06 22:00:17,517516,"@AppleSupport help, please. 🤨🧐🙃 https://t.co/JKPy8K0qNg",AppleSupport
1704084,2017-11-06 22:02:31,516554,"So my firestick has been doing this for over an hour, how do I stop it @AmazonHelp ? https://t.co/lRRsTyuyud",AmazonHelp
1704101,2017-11-06 22:04:43,516557,"Aw man, I can’t wait to give him one star. This is unacceptable @115873 I’m pissed.",Uber_Support
1707755,2017-11-06 22:05:02,517515,Why THE FUCK is this happening. I️ Switched to @115858 for the first time in my life and this happens on the first update... https://t.co/xI7vCwg5B1,AppleSupport
1704234,2017-11-06 22:06:32,516593,@AmericanAir I have zero time to have it delivered. I will not be home tonight or tomorrow. And I'm not about to pay for parking or taxis to come get it.,AmericanAir
1709265,2017-11-06 22:07:38,125513,@AppleSupport set up 3yo’s fingerprint so he could open phone/play. He spent over $150 in in app purchases unauthorized. Help! #100342191311,AppleSupport
1704056,2017-11-06 22:08:31,516548,"@115833 @23564 your integration seems to be messed up? Echo commands to ST are working fine, but echo complaining of connectivity",AmazonHelp
1707685,2017-11-06 22:11:39,517497,I️ updated my phone why these I️ question marks keep showing. Wtf @AppleSupport,AppleSupport
1704866,2017-11-06 22:14:40,516752,This weekend I took a  train journey (1st class) from preston to London and back again and literally nobody checked my ticket @VirginTrains,VirginTrains
1707666,2017-11-06 22:15:18,474361,FIX MY I️ APPLE @AppleSupport,AppleSupport
1704065,2017-11-06 22:16:28,516551,"@AmazonHelp What is also funny, is the order is destined for MK...sent from Dunstable to Northampton. Like, that truck literally went passed my house!",AmazonHelp
1707648,2017-11-06 22:19:23,517483,"@AppleSupport yo can you guys fix the update so that my i’s stop changing to weird ass characters. 
I️ am not a fan. &lt;—— 🙄",AppleSupport
1704783,2017-11-06 22:20:33,516736,@Uber_Support they have had access to account for an hour and I have not heard from you. I have tried deleting my account and it didn’t.,Uber_Support
1703209,2017-11-06 22:20:46,516333,@Delta How nice that you think I didn't already try! Kept me on hold twice for a 1/2 hour +. Guess I have plans tonight!,Delta
1705628,2017-11-06 22:22:13,516963,@comcastcares This is the 3rd workday in a row that I've had connectivity issues. I'm getting in trouble at work.,comcastcares
1698306,2017-11-06 22:24:55,515100,@115858 fix this “I️” problem and @917 fix y’all problems. Y’all slacking right now,AppleSupport
1697447,2017-11-06 22:27:11,514891,"@115858 I️ appreciate the 80 new emojis, ya know, because they’re important. But can you handle this letter “i” issue sometime soon orrrr??",AppleSupport
1697190,2017-11-06 22:27:57,514807,"@SouthwestAir @ChaseSupport What's the point of making a 1st prchse for the CP, if it won't be useful until the end of the first statement?",SouthwestAir
2259152,2017-11-06 22:31:54,657875,"Updated my IOS software and I️ still keep getting these symbols, Help @AppleSupport https://t.co/8PUxiMN6f7",AppleSupport
1697438,2017-11-06 22:35:28,514888,.@115858 fix this letter i shit,AppleSupport
46488,2017-11-06 22:36:00,126320,@AmazonHelp No not @ all! I was hung up on x2 by CS &amp; was not told why/how they tried 2 deliver. Bad service &amp; Amazon basically washed there hands of me,AmazonHelp
1700209,2017-11-06 22:36:07,515586,@comcastcares Thnx,comcastcares
1698642,2017-11-06 22:37:48,515197,@115858 provide a freaking update for the bugs. I️ should be able to type an “I️” without a box and question mark replacing I️t,AppleSupport
1705692,2017-11-06 22:41:33,346314,@115911 why does my phone keep randomly shutting off 😩😩,TMobileHelp
1700068,2017-11-06 22:41:41,515556,@AmazonHelp  https://t.co/Oqm6n35BXP,AmazonHelp
1708098,2017-11-06 22:41:55,386311,time to get back north of the border... CUN 🏖 ➡️ JFK 🌃 via @AmericanAir,AmericanAir
1697335,2017-11-06 22:42:03,514849,"@AppleSupport hi, today I recibe a mail with two games, that I don’t bought, and my ID Apple account is blocked now, How I can resolve this? https://t.co/K6uwqxFHha",AppleSupport
1707188,2017-11-06 22:43:11,517370,@115888 you working on iPhone X compatibility?,SpotifyCares
1706276,2017-11-06 22:45:23,517125,@115873 I have an emergency and I need to speak with customer service.  can you give me a number to call,Uber_Support
1698592,2017-11-06 22:45:49,515185,this i️ glitch is fuckin me up @115858,AppleSupport
1698559,2017-11-06 22:48:55,515175,My audio still isn’t fixed @115858 SORT OUT UR SHIT,AppleSupport
1380681,2017-11-06 22:50:15,441381,@115830 this is not looking good for my delivery tomorrow of Xbox one x is it? Says dispatching now but  in tracking is showing it hasn't https://t.co/SUxX5Ci90O,AmazonHelp
1698542,2017-11-06 22:54:22,515169,"Also, what is going on with the letter 👀?! @AppleSupport @115858",AppleSupport
1698505,2017-11-06 22:58:18,515155,@AppleSupport aye Snapchat tripping I don’t know if it’s on y’all end or theirs but that shit needs to be fixed NOW ❗️❗️❗️,AppleSupport
1223219,2017-11-06 22:59:15,130878,@407008 @AmazonHelp @40624 @221482 @134046 @18775 @50291 @136912 @24147 @17961 @119737 @7147 @131187 @136083 @120330 @174713 @5846,AmazonHelp
1707246,2017-11-06 23:02:07,517383,@115911 sucks!!! Got a phone in November through jump...find out they didn’t add jump back and now I’m like 🤷🏽‍♂️. @115725 here I come smh,TMobileHelp
1705625,2017-11-06 23:03:18,516962,"@comcastcares Are you still there?  I sent you the DM you requested.  So, what is the ETA for the fix??",comcastcares
1698422,2017-11-06 23:04:04,515127,@AppleSupport Thank you,AppleSupport
1380607,2017-11-06 23:06:50,441366,I love how twitch’s amazon store lets you pay extra for shipping for 2 - 3 days but then still says my order will be a week later 🙃,AmazonHelp
1681559,2017-11-06 23:07:36,511232,@AppleSupport Thanks guys. I’ll have a look 👀,AppleSupport
1707180,2017-11-06 23:09:19,517366,@SpotifyCares I live in the US,SpotifyCares
1706996,2017-11-06 23:09:59,204454,@AppleSupport That’s who is telling me nonsense about not being able to help,AppleSupport
2258205,2017-11-06 23:10:33,657624,"@115873 you people are ridiculous tbh... I'm done with your ""services""",Uber_Support
1716824,2017-11-06 23:10:46,519878,Time to hold @AmericanAir accountable. See the disaster that was my Saturday night below and share this tweet. #AmericanAirlines https://t.co/kCzI61BCZi,AmericanAir
1718352,2017-11-06 23:13:36,178563,@222917 @Delta #welovedelta,Delta
2036896,2017-11-06 23:13:52,602225,.@115858 Fix. The. Glitch.,AppleSupport
1707041,2017-11-06 23:15:52,210312,@AmazonHelp It says there’s been no order placed,AmazonHelp
1698758,2017-11-06 23:20:00,515226,"Um, @115821, not sure here, but I’m thinking that this is not the @5939 book I ordered. Looks like a label backfire. Help a sister out? https://t.co/arEQsZDSsr",AmazonHelp
1716616,2017-11-06 23:20:30,364559,@AppleSupport how come my phone can’t connect to my work WiFi? But my 7plus did. I just got the #iPhoneX,AppleSupport
1707687,2017-11-06 23:25:11,182086,@AppleSupport Y’all only said somethin cuz I️ said I️ was goin to the Pixel. Quit slowin my shit down tryna make me buy a new phone and we all gucci! ✌🏽,AppleSupport
1697750,2017-11-06 23:29:43,514959,@115911 i can see your sign from my porch at the store and i have to use my childs ATT prepaid phone to call you and complain,TMobileHelp
1707634,2017-11-06 23:32:21,517479,"@AppleSupport I tried to update my phone and it downloaded the update, but when it was time to install it ,it said it was an erro but that's all it said",AppleSupport
1724532,2017-11-06 23:32:45,521602,Worst service ever @comcastcares! I've gone round and round to try and talk to a person but everyone seems to send me to a generic voicemail,comcastcares
1698323,2017-11-06 23:36:13,515106,"@AppleSupport The app I’m in will freeze, sometimes close itself and then all I can do is restart the phone. 6s",AppleSupport
343671,2017-11-06 23:36:42,197797,@115821 My package has been arriving since 8 Fri night. Is someone walking this thing cross country? I pay for prime and this is ridiculous https://t.co/UiacWx0VFv,AmazonHelp
2036634,2017-11-06 23:40:52,602145,Flight home from #Chicago today took us right along side this natural wonder #longpoint #sandspit #ilovenorfolk @SouthwestAir @81850 https://t.co/YLNZrHYu8D,SouthwestAir
1707617,2017-11-06 23:41:30,517474,@AppleSupport Thank you!,AppleSupport
1697409,2017-11-06 23:44:01,514876,@AppleSupport Thanks!,AppleSupport
1698825,2017-11-06 23:44:26,515235,@115873 My fare to work has consistently been about $10. I look up today it's almost $20. Driver purposely took the long way to run up the $$,Uber_Support
1698752,2017-11-06 23:47:22,515225,@AmazonHelp Thanks :),AmazonHelp
1709914,2017-11-06 23:48:07,518061,@AppleSupport Have tried this(except for waiting 24 hours on iphone x’s) iphone 6s plus having issue since September,AppleSupport
1716832,2017-11-06 23:50:16,519880,"@SpotifyCares Cool, thanks for the reply. It's really more disruptive than fun though.",SpotifyCares
1682640,2017-11-06 23:52:18,511517,@AppleSupport Using the macbook air bought in 2015. Its on OS X El Capitan. My iphone 7plus which is not on ios 11 still can be found but not the iphone x,AppleSupport
1671293,2017-11-06 23:54:55,508722,@AppleSupport iPad Air 2 iOS 11.1 also iPhone 6s Plus also iOS 11.1,AppleSupport
1698900,2017-11-06 23:56:35,348356,@AmericanAir Thats what  you  stated two hours  ago,AmericanAir
1708479,2017-11-06 23:58:22,517714,"@AppleSupport like, folks... https://t.co/k78ngtYaUR",AppleSupport
1698720,2017-11-06 23:59:12,515218,"@AmazonHelp Well I hope that’s the case, it’s a high priority item but I was told on the Live Chat today it will be dispatched today.",AmazonHelp
1718175,2017-11-07 00:01:43,520237,Damn iPhone ? Box glitch keeps getting me hey @115858 you got the 11.2 update yet?,AppleSupport
1698764,2017-11-07 00:02:43,237025,@Uber_Support put my 5 quid back in my account you tax dodging sex offenders,Uber_Support
1505147,2017-11-07 00:04:41,469323,Get it together @115858 @AppleSupport “ I️ is annoying “,AppleSupport
2024906,2017-11-07 00:06:11,602215,@598822 @TMobileHelp Buy a skin from dbrand or a case from tech21,TMobileHelp
1716768,2017-11-07 00:07:31,519864,🧕🏽 @delta,Delta
1698442,2017-11-07 00:10:09,515134,@AppleSupport Thank you,AppleSupport
1708494,2017-11-07 00:12:49,517718,@115858 FIX THE BUG OR IM GOING DROID.,AppleSupport
1716707,2017-11-07 00:15:00,519852,"@AmazonHelp Hi, that was the first thing I did since I wanted to watch programs on my PC instead of my phone. Done everything listed but to no avail :(",AmazonHelp
1726421,2017-11-07 00:15:29,522129,.@116136 What's up with my service? @comcastcares https://t.co/KOha0Vjh4x,comcastcares
1709331,2017-11-07 00:18:39,517944,yo @115858 fix ya shit I’m tired of this dam question mark popping out,AppleSupport
1709222,2017-11-07 00:21:51,472928,Anybody else's call be dropping after this @115858 beta update,AppleSupport
1709508,2017-11-07 00:23:33,261111,@SouthwestAir Passengers receiving gestures of goodwill vouchers bc of delay. Where can I️ procure mine? @SouthwestAir,SouthwestAir
1675554,2017-11-07 00:24:20,509768,@AmazonHelp Just chasing this up - currently £60 out of pocket 😞,AmazonHelp
2037255,2017-11-07 00:25:19,602356,Does anyone else have to restart their iPhone every time apps are updated or added? Apps are unusable every time afterwards @115858,AppleSupport
1709571,2017-11-07 00:28:35,508940,My bags arrived at my hotel!! Thank you for delivering @AmericanAir https://t.co/294MNB4cke,AmericanAir
1718399,2017-11-07 00:30:05,520303,@SpotifyCares Thank you,SpotifyCares
1710066,2017-11-07 00:32:02,518110,@AppleSupport this whole thing going on with “I️” is stressing me out bout to switch to Android,AppleSupport
1711419,2017-11-07 00:34:01,153396,@117086 cc @AmazonHelp,AmazonHelp
1709187,2017-11-07 00:34:55,517900,@115858 tell me how to fix I️ so it goes away forever or I’m throwing away my iPhone and getting something else,AppleSupport
1710037,2017-11-07 00:38:19,518097,WHY WON’T MY @115858 IPHONE LET ME TYPE “I” ????????,AppleSupport
1709448,2017-11-07 00:40:33,508591,@115873 @Uber_Support u have all tag info; u should be able to get who’s the driver.That’s ur company’s matter &amp; definitely should take a look https://t.co/zBrGeyEfa4,Uber_Support
1710039,2017-11-07 00:41:35,518098,@115858 fix this stupid ass glitch already I️ will not tolerate this any longer!,AppleSupport
1708705,2017-11-07 00:43:03,517778,"I fly @delta because of crew members on 11/4 flight #3299  Caleina &amp; Ximena, flight #3299 Hafizah &amp; Vicky - excellent employees",Delta
1710009,2017-11-07 00:44:30,244627,I️ am irritated @AppleSupport,AppleSupport
2026173,2017-11-07 00:47:28,599172,@AppleSupport Done,AppleSupport
1698729,2017-11-07 00:48:30,515220,"@AmazonHelp Chatted and they got it taken care of. Good customer support, but orders have been pretty spotty for me delivery-wise lately!",AmazonHelp
1689379,2017-11-07 00:50:35,512934,"@AppleSupport Did that, i still see those question mark boxes &amp; i updated my phone",AppleSupport
2037153,2017-11-07 00:51:53,602314,"@115913
My family r T-Mobile customers. I left Verizon after 15+yrs. I regret that decision. We will switch carriers after the new year.",TMobileHelp
1710748,2017-11-07 00:53:42,518253,Can y’all please fix this annoying messy “I” bug thing?? @AppleSupport,AppleSupport
1710830,2017-11-07 00:55:23,381837,"@115821 Go figure, 2 items didn’t arrive today even tho they were guaranteed for today. Guaranteed delivery date or Amzl US needs to be fixed!!!",AmazonHelp
1708500,2017-11-07 00:56:56,517721,@AppleSupport The newest update listening on Apple Music. Anytime I receive a snap or open Snapchat it pauses my music or even audible when I’m on it,AppleSupport
355116,2017-11-07 00:58:03,522218,"@comcastcares It's still down in SF, turtle shit slow. Can we get this resolved asap? Zero productivity for those working from home office.",comcastcares
1706878,2017-11-07 01:02:48,517279,@AppleSupport Thanks!,AppleSupport
1709590,2017-11-07 01:03:51,518001,@SpotifyCares I’ve already paid for 1 month premium subscription today. But on the website it stated that my premium only last until 7nov17. What’s wrong?,SpotifyCares
1710189,2017-11-07 01:04:46,518131,@115873 2/2 Google map got me and driver to correct loc which was 2 blocks over. This incurred a 2nd charge yet you ref to credit me.,Uber_Support
1691941,2017-11-07 01:04:54,250495,"@AmazonHelp You guys came through, thanks for your help! https://t.co/6FSMv0MSmn",AmazonHelp
1709539,2017-11-07 01:05:10,207897,@AmericanAir Right on! I guess I’ll get to my hotel faster then. 😎,AmericanAir
1711364,2017-11-07 01:08:02,179142,@115858 need to fix the capital I️ bug,AppleSupport
1711328,2017-11-07 01:11:05,518408,@115858 can we fix this pls i’m tiredt of feeling like i’m illiterate https://t.co/u98DeUOAWp,AppleSupport
1707999,2017-11-07 01:11:08,517573,"@AmazonHelp older kindle charger, hubby works for it, but, doesn't stay charged long",AmazonHelp
1709512,2017-11-07 01:11:44,517986,@SouthwestAir Thank you. Received an email shortly after my tweet that my account may have been compromised. Just need to change my password.,SouthwestAir
1709219,2017-11-07 01:15:02,517911,@115858 11.1 and 6S. Everything is slow. Messenger locks up. Display/screen many time is tilted or different view. Worse update yet.,AppleSupport
1709363,2017-11-07 01:15:47,517956,"@AmazonHelp What will happen then? You already guaranteed delivery by today at 8pm. It’s not like delivery is really free, I pay for Prime.",AmazonHelp
1710682,2017-11-07 01:18:41,518235,@AppleSupport Looks like a network reset did it.  All good.  Whew.,AppleSupport
1709317,2017-11-07 01:21:30,517940,@AppleSupport @4150  I️ tried that and it say a phrase must contain two character. https://t.co/GnSjYEa97K,AppleSupport
1710203,2017-11-07 01:22:11,249310,@Delta I just did and it's not in there either.,Delta
1710086,2017-11-07 01:22:30,204287,Love when @115821 says 2 day delivery but my packages don't come on time #amazonfail,AmazonHelp
1727268,2017-11-07 01:23:34,522369,@comcastcares I subscribe to ESPN why can't I stream #MNF on my phone?,comcastcares
1709221,2017-11-07 01:25:53,472928,@AppleSupport yes. ok.,AppleSupport
1711930,2017-11-07 01:30:04,518548,@115858 pls fix this i️ shit already,AppleSupport
1710097,2017-11-07 01:31:10,518117,@AmazonHelp numerous shipping issues - spoke to a few agents and situation not rectified. transferred to usps and amazon supervisor hung up - no help,AmazonHelp
1710265,2017-11-07 01:32:17,518149,@AmericanAir Been trying to find the Gouda it was awesome any recommendations on where?,AmericanAir
1711309,2017-11-07 01:34:54,518401,@AppleSupport Why does my 6s Plus keep turning the word “I” into an “A” with a question mark box?!? Help!!,AppleSupport
1710842,2017-11-07 01:38:04,217801,"@Uber_Support Done, thanks. Have also sent via the app. Pls address asap thanks 🙏🏻🙏🏻",Uber_Support
1712985,2017-11-07 01:39:48,518840,My life is negatively affected with this update !!!!! I️ need this fixed. @AppleSupport https://t.co/jT4mSAJF29,AppleSupport
1380597,2017-11-07 01:40:36,441365,"@AmazonHelp I have, and i know complaining doesn’t help and people are doing their best, but i have to plan my time around big deliveries like this...",AmazonHelp
1712411,2017-11-07 01:42:00,518673,@115858 my phones geeking SOS send help,AppleSupport
1711922,2017-11-07 01:44:00,518545,I just had to fix the letter “I” on my phone ALONE (like everyone else) when @115858 could just fix their mistake! That is so frustrating!,AppleSupport
1711639,2017-11-07 01:44:40,518471,Wtf is up with Snapchat and @115911 service !!,TMobileHelp
1712422,2017-11-07 01:47:08,518678,Hi @115858 PLZ FIX THIS PROBLEM THANKS ➡️ i️,AppleSupport
1709386,2017-11-07 01:48:31,517958,@AmazonHelp Getting Atta has always been a tough job for me. Had to go to flourmill during childhood &amp; now u making me run pillar to post as primemember,AmazonHelp
1700802,2017-11-07 01:51:56,515723,@AppleSupport Yes. Is there anything else?,AppleSupport
1482915,2017-11-07 01:53:48,464338,"@AmazonHelp Hats off to you guys, a big lier you are. Your account specialist not even replied my mail from last few days, what a hell service you guys provide. Will never prefer anyone to buy from amazon because your return policy is also third class.",AmazonHelp
1714478,2017-11-07 01:55:34,519156,@SpotifyCares music. Only once I got an error that said i couldn't add a song to my queue. Now the option just doesn't exist (2/2,SpotifyCares
1712957,2017-11-07 01:57:04,518829,@AppleSupport Will there be an update to fix this? I️,AppleSupport
2030211,2017-11-07 01:59:57,600347,@comcastcares You might want to check how well your service is actually working before you tweet.  #stillnotworking,comcastcares
1713756,2017-11-07 02:00:42,518999,Hey @115858 how about y’all fix this glitch already...,AppleSupport
1714906,2017-11-07 02:03:22,159235,@Delta Pamela from your Spanish Platinum Medallion phone line is A-FREAKING-MAZING. Deserves more than a 5 after helping me fix my mistake.,Delta
1712582,2017-11-07 02:04:55,518726,@AmazonHelp Amazon Transportation Services conspiring with Seller to create Fraud. Seller not communicating. Cannot file claim. REFUND ASAP. https://t.co/rYqyMuEZBr,AmazonHelp
1711996,2017-11-07 02:05:39,518567,@AppleSupport @518568 for you,AppleSupport
1667281,2017-11-07 02:06:09,507830,@Uber_Support @507826 __email__,Uber_Support
1713017,2017-11-07 02:08:34,518850,@115858 fix the I️ on everyone’s iPhones it’s not working and I️ am really annoyed by it and I️ want it fixed!!!,AppleSupport
1712174,2017-11-07 02:10:17,518608,@AmericanAir And what about drinks?,AmericanAir
1714160,2017-11-07 02:13:12,519101,@AppleSupport facetime on the iphone x is terrible compared to my iphone 6+ 😢,AppleSupport
1311585,2017-11-07 02:16:36,426483,"@AmazonHelp It is working again on Chrome, thanks.",AmazonHelp
1714185,2017-11-07 02:19:08,519108,hey @115858 why is the ‘ I️ ‘ like fucked up haha,AppleSupport
1712165,2017-11-07 02:21:35,518607,@comcastcares No thanks. You can only DM people who follow you. I like my privacy. I'm in New Jersey if that helps.,comcastcares
1654638,2017-11-07 02:21:55,157761,@429613 @AppleSupport lol mine is fine!,AppleSupport
2037756,2017-11-07 02:26:24,602527,@602528 @AppleSupport fix this please. We are both running 11.1. I don’t understand why I’m seeing the question mark block in place of the letter “I”,AppleSupport
1713820,2017-11-07 02:28:05,519012,Amazonで頼んだライトニングケーブルが1週間近く届かないぞ🤔,AmazonHelp
1715248,2017-11-07 02:30:45,519477,"@AppleSupport my phone is fine, but when are y’all going to fix this? What is this even? I’m not into cryptography while tweeting. https://t.co/JRvGI8aLGu",AppleSupport
1714346,2017-11-07 02:32:30,519137,@uber_support Is there a way to get an approximate cost to a ride in the future? Do you charge more over holidays?,Uber_Support
2032324,2017-11-07 02:33:05,600968,@AppleSupport is it normal for the 2016 space grey MacBook paint to chip? https://t.co/6oveKciVGV,AppleSupport
1712616,2017-11-07 02:33:20,126392,"@Delta It was bad enough for me to get online at 39,000 feet and let you know about it. What is going on with @Delta it seems@it gets worse with every flight!!!",Delta
1713179,2017-11-07 02:33:42,518881,"@AmazonHelp jaja y que lo digas, mis quincenas han encontrado una razón para existir https://t.co/K6lLPzJWWo",AmazonHelp
1724823,2017-11-07 02:36:35,519704,"Seriously @AppleSupport what’s going on with my keyboard, doing this on my MacBook Pro too https://t.co/rx1L331ctO",AppleSupport
1715752,2017-11-07 02:40:17,519606,Well done @SouthwestAir - Happy 85th Ms. Cleo https://t.co/b8RBGR3b17,SouthwestAir
1716109,2017-11-07 02:41:07,519701,@115858 I’m gonna need you to fix this,AppleSupport
1714467,2017-11-07 02:42:35,519153,@AmericanAir are flights from NYC to Europe expected to change? They are $2000+ one way and my trip is in March....,AmericanAir
2038053,2017-11-07 02:43:16,602612,@AppleSupport hey I️ just got my iPhone X and suddenly my screen has become unresponsive. The touch screen has completely crapped on me,AppleSupport
1660446,2017-11-07 02:43:53,506524,@AmazonHelp And they didn't leave any notice anywhere. It just says it shipped with AMZL US.,AmazonHelp
1713324,2017-11-07 02:46:11,180466,@TMobileHelp We actually got two on the already existing account and we were told we could get the promo by activating another line,TMobileHelp
2037652,2017-11-07 02:46:17,602493,@116333 aren’t the iPhone updates suppose to be faster and newer? My iPhone is extremely slow and irritating to use. #pleasefixitnow,AppleSupport
1712661,2017-11-07 02:47:56,518740,@comcastcares I sent a DM,comcastcares
1724848,2017-11-07 02:49:20,521685,@AppleSupport - when is this infuriating “I️” issue going to be fixed?   Takes me 5x longer to email from my phone. Awful.,AppleSupport
1710013,2017-11-07 02:52:13,244627,@AppleSupport I️ suck,AppleSupport
1676593,2017-11-07 02:53:24,318046,"@SpotifyCares Closing the app out and reopening worked, thanks! Search is HUGE",SpotifyCares
1706185,2017-11-07 02:54:34,517107,@517106 @AppleSupport I thank u,AppleSupport
2029667,2017-11-07 02:57:56,600195,@115858 is fucking up.... Disappointed AF. Get your developers ON TOP of these bugs ASAP 😡 https://t.co/KaslL1LSwP,AppleSupport
1715301,2017-11-07 02:59:13,519490,Last two things I ordered off @115821 did arrive on time very disappointed I pay for #AmazonPrime for the 2 day shipping,AmazonHelp
2029698,2017-11-07 03:01:16,600203,@115858 can y’all fix this glitch NOW!! I’m annoyed!,AppleSupport
1715452,2017-11-07 03:02:15,519523,@AmericanAir My family and I won't be using your poor service any more. You don't lost a customer but a family.,AmericanAir
2029703,2017-11-07 03:05:01,600205,yea so as soon the new iphone comes out my phone coincidentally starts to bug out...u aint fucking slick ho @115858,AppleSupport
1713741,2017-11-07 03:08:19,518995,@AppleSupport Thank you I really appreciate it!,AppleSupport
1380739,2017-11-07 03:10:04,441397,@Uber_Support It’s fair to say that @115873 ‘s @Uber_Support ‘s customer support is simply utterly inept. How long can poor/inept customer service continue?,Uber_Support
1715298,2017-11-07 03:12:00,519489,"I never thought I had bad service from you @115821 
I received a computer that does not work!",AmazonHelp
2029757,2017-11-07 03:12:24,600225,@AppleSupport hi i’m trying to to sign in with my apple id but it’s saying that it can’t connect to the server help me out,AppleSupport
1184784,2017-11-07 03:13:14,398613,@824 please open global cert upgrade space Dl49 AMS JFK nov 20th for my wife and I. Thanks,Delta
1726265,2017-11-07 03:16:01,522090,"Hi guys, so the I️ thing has really got to go. Please.    @115858 @AppleSupport",AppleSupport
1726226,2017-11-07 03:18:18,522074,@AppleSupport is there a way I can stop my phone from automatically deleting apps?,AppleSupport
1726210,2017-11-07 03:20:54,522068,@AppleSupport @115858 mine too. and I just got the 8 and i’m very sad and disappointed,AppleSupport
1712452,2017-11-07 03:23:47,252872,@AppleSupport Will do,AppleSupport
1715316,2017-11-07 03:23:50,519491,"@AmazonHelp Complaint is raised on portal in my account , please act asap and ensure the delivery",AmazonHelp
1641331,2017-11-07 03:28:06,501777,@AppleSupport Just FIX IT!  I️t is an issue on everyone’s phone!!! I don’t want to have to do anything. I want my phone to work.,AppleSupport
1733052,2017-11-07 03:30:53,523472,@115858 get your shit together and fix this glitch so I️ can use my capital I’s,AppleSupport
2030633,2017-11-07 03:35:56,600468,@116136 I think I’d be better off using era appropriate 56k to stream the Sopranos tonight.,comcastcares
1713070,2017-11-07 03:36:03,390894,"@AppleSupport No, it's not there. This is strange...",AppleSupport
1716203,2017-11-07 03:38:40,519727,I'm craving orange chicken so bad and my uber eats doesn't work 😣,Uber_Support
1716190,2017-11-07 03:39:28,519722,"After using echo for a while, it feels as if I paid @115821 to help them build the product, share queries that it can't address. #UXfail 1/2",AmazonHelp
1733782,2017-11-07 03:40:21,523596,Why is my phone not recognizing the letter “I”??? What is going on @AppleSupport ?? 🤬,AppleSupport
1733828,2017-11-07 03:43:15,523610,What the sh#@ @AppleSupport fix my ability to type”I️” this I️ is not cool.,AppleSupport
1709438,2017-11-07 03:45:03,517967,"@AmazonHelp You said this isnt what you strive for,  but your customer service rep that emailed me disagrees. Extremely disappointed in amazon.",AmazonHelp
1733805,2017-11-07 03:47:21,523601,@AppleSupport HELP I’m on an iphone6,AppleSupport
2037915,2017-11-07 03:50:15,424579,Until you and @115913 have fixed this issue. You’re no stranger to this problem I’ve been having since July!! https://t.co/GQsv1BXKjV,TMobileHelp
1715759,2017-11-07 03:51:13,194745,"@AmericanAir any idea what happened? should have been plenty of time, I was there for almost three hours between flights.",AmericanAir
1734511,2017-11-07 03:52:11,183358,@115858 When are you going to fix this stupid glitch when the letter I️ is said?!😫,AppleSupport
1734448,2017-11-07 03:55:27,523769,My MacBook crashed as I was finishing my lab report. And now it won’t turn on.  @115858 must not want me to graduate. 😫👩🏽‍🎓,AppleSupport
1715335,2017-11-07 03:58:22,373962,@AmazonHelp So you also cant help me with this right ?,AmazonHelp
1725469,2017-11-07 03:58:24,521853,"Hey, @115888 can you please add back, You Belong To Me by The Duprees, please &amp; thank you.",SpotifyCares
1734398,2017-11-07 04:00:34,523750,hi @AppleSupport i️ don’t appreciate my i️ turning into i️ can u fix it thanks,AppleSupport
1714432,2017-11-07 04:00:36,519147,@SouthwestAir Thanks.  Maybe they got tossed away by accident.  30 flights this year and most travel is actually revenue. Lots of points coming up but only a single family vacay trip so far this year.,SouthwestAir
1734368,2017-11-07 04:04:12,222099,"@AppleSupport I’ve imported lots of things since those pics, but still they are stuck in there. New pics get added and removed as expected.",AppleSupport
1724529,2017-11-07 04:08:58,521601,@824 @Delta soooo how do I sign up for the final flight of the 747? Or final flight from MSP or JFK?? I missed the MSP MD-88 to ATL,Delta
2031578,2017-11-07 04:09:53,600724,@115858 @AppleSupport this new iOS update sucks. My phone freezes all the time! And it’s a iPhone 7 less than a year old 🙄.And battery life👎🏽,AppleSupport
1725396,2017-11-07 04:11:43,521835,Does uber eats have injera??!,Uber_Support
1724454,2017-11-07 04:14:53,154245,"Thank you @115821 for delaying yet another one of my “Prime” packages. Come end of the month, you and I are done. This is ridiculous.",AmazonHelp
1735066,2017-11-07 04:16:11,342533,@AppleSupport I use hey siri to turn on Bluetooth and she says it already on when it isn't. So I have to go the command center to turn it on,AppleSupport
1734979,2017-11-07 04:19:57,523908,I don’t understand this but I’m over it. Fix this now. @115858 https://t.co/pfxFlEuZVY,AppleSupport
1735068,2017-11-07 04:23:54,523940,"@AppleSupport eye bought the 8 though, can eye have my eyes back?????????",AppleSupport
1724914,2017-11-07 04:24:00,521705,@AmazonHelp what is the benefit to living next to a fulfillment center if you can't find my house 😒 https://t.co/gLbohsYxmw,AmazonHelp
1724977,2017-11-07 04:26:28,521723,"Guys, I'm sorry, @116136 has been horrible all day, can't really do much about this.  If it goes out again I'm going to end the stream.",comcastcares
1736028,2017-11-07 04:28:04,524140,Okay I've been charging my phone since I've got home and my percent keeps going down @115858 explain yourself &gt;:(,AppleSupport
1734990,2017-11-07 04:32:08,523912,@500695 Fix this @115858 https://t.co/ole23zaVme,AppleSupport
1161999,2017-11-07 04:37:44,393386,@115858  WHAT THE FUCK DID YOU TO DO TO MY PERFECTLY GOOD IPHONE 7. My battery sucks &amp; I️ can’t type I️ anymore.,AppleSupport
1700097,2017-11-07 04:37:56,515561,"@AmazonHelp Gracias, ya pude completar mi proceso de compra y ya tengo una orden.",AmazonHelp
1725008,2017-11-07 04:42:33,521734,"@115911 hello. I have awesome credit at T-Mobile.It says I have to pay $280 down for the iPhone x, if I have the iPhone jump is it $0 Down?",TMobileHelp
1726678,2017-11-07 04:43:48,522210,@Uber_Support sis... y’all just took $27 from my account please run me my koin,Uber_Support
1735921,2017-11-07 04:45:42,524107,@AppleSupport TELL ME WHY I️ TYPE THE LETTER I️ &amp; OT TURNS INTO I️,AppleSupport
1715289,2017-11-07 04:51:38,519486,"@AmazonHelp わざわざありがとうございます！
参照させていただきます😊",AmazonHelp
1736001,2017-11-07 04:52:25,472421,"Yo @AppleSupport fix this iMessage situation ASAP, you’ve always had your shit together. Don’t start now.",AppleSupport
1726754,2017-11-07 04:54:15,522229,"Dear @SpotifyCares, I don’t understand how a collection can be limited. What gives? https://t.co/lmABQNW5Af",SpotifyCares
1735961,2017-11-07 04:57:33,524120,Yes it is!!! Fix this @AppleSupport @115858 😡😡 and it’s typing super slow as well https://t.co/R7pBgxlon7,AppleSupport
1742582,2017-11-07 05:01:50,525654,But forreal @115858 fix this whole I️ mess.,AppleSupport
1727213,2017-11-07 05:04:35,522353,@117634 Hey I preordered my @169924 #Hacks book and It's still not loaded in my library. When will it be there,AmazonHelp
1725735,2017-11-07 05:05:09,224493,@AppleSupport Dm sent,AppleSupport
2031840,2017-11-07 05:14:33,600811,I feel like @115858 is purposely making my phone slow as shit so I’ll buy a new one,AppleSupport
1726417,2017-11-07 05:15:22,522128,"@comcastcares I can't activate a new mobile phone on your network for the last week, still waiting for call from level 2 tech, not happy :(",comcastcares
1726663,2017-11-07 05:15:44,522206,"@115850  support guy promised me about warrenty but still my mobile warranty voided by just one day.
Is this good @115850 ?",AmazonHelp
1726441,2017-11-07 05:18:40,522136,Another quality job by @AmericanAir baggage @126260 been waiting almost 45 minutes for bags. Pathetic.,AmericanAir
1742551,2017-11-07 05:24:53,525643,I️ can’t type I️ without it turning into I️ so @115858 fix that shit,AppleSupport
1726683,2017-11-07 05:26:43,522212,"@Uber_Support

Can you send me a receipt of the EDOL Fee you charge to my corporate credit card in order for me to liquidate the expense? https://t.co/BpTCBKefvM",Uber_Support
1742391,2017-11-07 05:30:10,525584,@115858 fix this make a new update for this or something cause this is ridiculous now,AppleSupport
1727217,2017-11-07 05:31:02,522354,@115821 Shipment charge is higher than the product price if i ship myself.,AmazonHelp
1784541,2017-11-07 05:39:52,536179,@AppleSupport It doesn’t work): Ig I’ll slide in your dms.,AppleSupport
1726591,2017-11-07 05:43:15,522184,@AppleSupport Thank you! Problem has been solved 👌🏽,AppleSupport
1718731,2017-11-07 05:45:16,444669,@AmazonHelp No one support ing for it two time i send mail and feedbak,AmazonHelp
1726700,2017-11-07 05:46:01,238811,@Delta Anytime! Thank YOU!,Delta
1784526,2017-11-07 05:46:22,536176,@SouthwestAir I don’t see that option anywhere 🙃,SouthwestAir
1744950,2017-11-07 05:52:40,526192,"Yo @115858, I️ need this fixed",AppleSupport
1718693,2017-11-07 05:58:11,520189,"@AmazonHelp I cannot make ANY direct debit purchases, only credit cards. email support provides little help. Please help me!",AmazonHelp
1727236,2017-11-07 06:02:01,522359,"@Uber_Support Have already written under the ‘Help’ section in the problem. Have a closer look, plz",Uber_Support
2031875,2017-11-07 06:02:28,525876,Ugh @AppleSupport whats going on w/you? 4yrs never an issue w/iOS. I update iOS11.1 &amp; my phone keeps rebooting. Black screen w/spinning :/,AppleSupport
1727736,2017-11-07 06:10:21,522472,@118919 very bad service my order did not receive me,AmazonHelp
1744932,2017-11-07 06:11:01,526186,@526187 @AppleSupport 7,AppleSupport
2029842,2017-11-07 06:11:25,600252,@SpotifyCares i am trying to get Spotify student But My uni aren’t on the tab But Spotify charged me dont know What to do Pleas Help,SpotifyCares
37089,2017-11-07 06:13:34,600540,@115913 @115913 I want to make the jump from @115725 but your team can’t match their offer and plan for me #ugh #frustration,TMobileHelp
1752718,2017-11-07 06:15:44,527992,"Come on @116136 @comcastcares , I lose “Cable Connection” with you more than I ever lost signal with @117830 Sort it out! #code227",comcastcares
1718663,2017-11-07 06:16:40,520356,@115830 my Xbox one x order still hasn't dispatched.  Customer services saying it's being review and not arriving!?,AmazonHelp
1184754,2017-11-07 06:25:50,398605,"パソコン側のAmazonアカウントが乗っ取られたようだ。
金銭的な被害は無いけど、
勝手にカスタマーレビューされてる。",AmazonHelp
1707018,2017-11-07 06:26:58,517323,@AppleSupport Can I get my iPhone X to backup to iCloud when I charge it on a wireless (Qi) charger and connected to WiFi?,AppleSupport
1719083,2017-11-07 06:35:12,520443,@AmazonHelp It is not getting done.. my call is getting disconnected because the system cannot find my order,AmazonHelp
2032000,2017-11-07 06:37:25,600870,"So, trying to download an app and get this UI but the double click does nothing. Anyone else having issues here?? @115858 https://t.co/gz8WnCD6Iq",AppleSupport
1718652,2017-11-07 06:46:13,520356,@AmazonHelp Today. Many other customers had their days already changed as you can see on Twitter.,AmazonHelp
1744809,2017-11-07 06:46:18,526146,@AppleSupport Imma need y’all to hurry tf up &amp; FIX this BUG! A bitch lookin’ like he don’t know to SPELL! “I️”,AppleSupport
1677105,2017-11-07 06:54:05,510141,@AppleSupport It worked great. Thank you !,AppleSupport
1719735,2017-11-07 06:55:56,520563,"@Uber_Support 
my uber account has been disabled.i need yr support in activating my account",Uber_Support
1184663,2017-11-07 06:57:40,398588,@115850 Doesn’t work. The process not the link.,AmazonHelp
1386747,2017-11-07 07:04:05,442680,@AppleSupport What do you think you can do? The update is plain awful!,AppleSupport
1720455,2017-11-07 07:07:48,481180,"@115850  I have recharged using Amazon for my jio number, when will I get cashback.",AmazonHelp
1350821,2017-11-07 07:09:49,426824,Started the morning off well - @VirginTrains delays all round 👎🏻,VirginTrains
1184695,2017-11-07 07:14:12,398595,@115821 Its missing a chapter and on top of that there are random chapters from a completely different book in here..? Wtf @123644,AmazonHelp
1386690,2017-11-07 07:19:45,442666,@AppleSupport I got the new #iPhoneX before the weekend. Is it just me or cant you close apps like before with push them up? It dosent work.,AppleSupport
1371436,2017-11-07 07:21:11,439227,@AmazonHelp @439226 Im awaiting a reply on DM 3 days.  Can you look into this for me? Thank you,AmazonHelp
2030275,2017-11-07 07:27:58,600371,"@SpotifyCares I cannot add other people to my family plan. It always says ""something went wrong, try again"". How can I fix this?",SpotifyCares
1184736,2017-11-07 07:28:08,398603,@AmazonHelp Voucher went direct from me to recipient - family member - they got already redeemed error as soon as they tried to use it,AmazonHelp
1683949,2017-11-07 07:37:19,298800,"@comcastcares @317500 @115900 -Thin scrawl at bottom of Weather Channel is completely inadequate, &amp; not Weatherscan replacement -- .",comcastcares
1386685,2017-11-07 07:41:53,442664,@AppleSupport please fix the I️ situation. *iliterallycannotanymore,AppleSupport
205943,2017-11-07 07:46:10,164788,"@158783 @AmazonHelp @115830 seeing the replies to @117331, I'm not the only one amazon uk have mucked up the pre order for - poor showing, expect better from Amazon.",AmazonHelp
1720570,2017-11-07 07:47:44,520741,@Uber_Support 8105302501,Uber_Support
205947,2017-11-07 07:52:36,164788,"@158783 @AmazonHelp @115830 @117331 its not even a ""major"" console launch, can't believe they have *that* many pre-orders compared to the original xbox one/ps4",AmazonHelp
1743650,2017-11-07 07:52:45,525921,@AppleSupport why can’t we type “I” ? Why does it come up as I️ ???,AppleSupport
1721207,2017-11-07 07:55:51,520901,@AmericanAir flew 40k miles with American and their code share Airlines screw passengers.  @AmericanAir does nothing.,AmericanAir
1722124,2017-11-07 07:58:19,452521,"ordered for one day delivery on Nov 2 by paying 150 rs , not yet delivered.
Order#402-3072395-2961166 @115850 @AmazonHelp",AmazonHelp
1703854,2017-11-07 08:04:15,516506,@516505 @AppleSupport If you do make sure you get a heavy duty case. They are the most fragile phone I have ever come across and it costs £400 to repair.,AppleSupport
1719104,2017-11-07 08:07:33,520548,"@119625 @58582 Can you also upload or add Smilf? #JustAsking😁 , bcuz I luv Shameless",AmazonHelp
1411488,2017-11-07 08:15:12,448051,@AmazonHelp Worst service..3Rd time  product returning back to me... Delivery status :DELIVERY ITEM ATTEMPTED UNCLAIMED..I want my money back https://t.co/ARlrTebUzD,AmazonHelp
1722227,2017-11-07 08:17:24,118263,Anyone want to pay for a flight on the last @Delta 747? Its only $10K. Sad to see this beaut leave the fleet. Wish I could have flown her.,Delta
1745984,2017-11-07 08:20:52,526413,I️ I️ I️ I️ I️ why isn’t this problem fixed yet??? @115858 @123765,AppleSupport
343700,2017-11-07 08:24:10,136727,"@120533 @120534 Et aller, on m'annonce déjà 1 retard. Comme la dernière fois, sauf que là c'est 1 commande à 500€, pas 1 film à 20€.",AmazonHelp
1722529,2017-11-07 08:30:19,207798,"@Uber_Support Can you sort your drivers out, pls? Only going to be 15 minutes late for work cos your driver decide to stop at fucking Narnia",Uber_Support
1722169,2017-11-07 08:31:48,317275,@AmazonHelp Yes. I am eligible to return but I didn’t want to send it if the box being damaged would be a problem,AmazonHelp
1721827,2017-11-07 08:33:35,145933,@VirginTrains Well that's three out of three lates this week,VirginTrains
2030450,2017-11-07 08:36:26,333582,@TMobileHelp I ordered the upgrade to iPhone 8 plus on Sunday but haven't really gotten any email confirmations other than EIP. Did it work?,TMobileHelp
1723447,2017-11-07 08:39:21,521348,@AmazonHelp 失礼しました。語弊を生んでしまっていました。明確な詐欺というわけではないのですが、二週間くらい前に注文確定させたものが、今日になって品切で準備できず、キャンセルとなりましたとメールが来たもので少し不安になってしまっていました。,AmazonHelp
1723516,2017-11-07 08:43:21,275304,@SpotifyCares I'm using the app.,SpotifyCares
1723326,2017-11-07 08:46:46,491543,"@115850 The delivery may be delayed by a day due to the package arriving at an incorrect courier facility!
Y does dis happen all da tym?😡😤",AmazonHelp
1723355,2017-11-07 08:55:51,124106,@AmazonHelp thanks for the warning that my kindle unlimited cheap trial was due to expire👍just been charged £7.99 for something I don’t want,AmazonHelp
1746888,2017-11-07 08:59:05,526639,Deanna is gonna be talking in the third person until @115858 fixes this I️ shit,AppleSupport
1380589,2017-11-07 09:05:52,130709,"@441364 @AmazonHelp @135806 Buenos días, sentimos oír eso. Te ponemos en contacto con @132703 para que puedan resolverte la duda. Muchas gracias",AmazonHelp
1691960,2017-11-07 09:11:26,513574,"@AmazonHelp If a parcel hasn't arrived by then, we'll ask you to wait a little longer for it to be delivered in case of 2/3",AmazonHelp
1723912,2017-11-07 09:15:34,521443,@120465 ごちうさまた観れるんですね！！！！ありがとうございます😊,AmazonHelp
1722948,2017-11-07 09:16:30,521259,"@Uber_Support And tell me some lame robotic excuse? or say it won't happen, guys this has happened, my earlier queries were dishonoured",Uber_Support
1691725,2017-11-07 09:17:34,513513,@AppleSupport Thank you,AppleSupport
1723908,2017-11-07 09:23:23,192168,"@AmazonHelp not even a porch door or anything, the actual front door, leading to my living room where a small dog and small child are. Had anything-",AmazonHelp
1737093,2017-11-07 09:26:28,483484,"The one time I use Amazon Prime because I NEED something the next day, I'm informed it's been delayed. Oh why do you hate me so, @115830 ?",AmazonHelp
1723873,2017-11-07 09:33:06,521434,@AmazonHelp En transit.,AmazonHelp
1737165,2017-11-07 09:35:13,524413,@Uber_Support I had 2 rides today n both drivers denied me 2 pay with Paytm n pay them cash. I was denied Paytm 10%cashback. @132444,Uber_Support
1681752,2017-11-07 09:38:54,511103,"@AmazonHelp Bonjour, je pense que vu l'état de ma commande, je pense que pour la livraison Jour J, c'est fichu. J'annule ma commande. https://t.co/Zs1SOfVv9X",AmazonHelp
1736858,2017-11-07 09:39:34,524336,"@VirginTrains ruining my fun, always wanted to sumo wrestle whilst waiting for my train! #badsports #boring https://t.co/LOExXT13YJ",VirginTrains
2032524,2017-11-07 09:43:11,601026,"@applesupport IOS 11.1 can't turn off live photos in my iphone 6s i am on ios 11.1 also it kills my battery,",AppleSupport
1737100,2017-11-07 09:44:30,524396,Ya llegaron. Thanks @116928 https://t.co/nYG74UEJZ4,AmazonHelp
682475,2017-11-07 09:50:34,282888,@AmazonHelp Already replied. When do I expect to get the delivery of the product which was wrongly marked as delivered on 16-Oct.,AmazonHelp
1727893,2017-11-07 09:55:55,522514,"@AmazonHelp The review was about the item listed. Supplier said book no longer available Yes, refunded but sad I can’t find original book.",AmazonHelp
1737234,2017-11-07 09:58:54,524429,@SpotifyCares It's working on mobile and online now! 😀 #gremlins,SpotifyCares
1737720,2017-11-07 10:03:33,524547,Dear @AmericanAir please stop telling me I am close to my next flight reward. I'm really not! ... Unless you want to give me some miles???,AmericanAir
1746786,2017-11-07 10:04:27,526608,"Ok this update really pissing me off now, my letters AND my emojis actin up. Get right @115858",AppleSupport
1737972,2017-11-07 10:05:01,524603,@115850 Hi I have been blacked listed for raising complain against your delivery carrier. I am amazon's loyal customer you can check that.,AmazonHelp
1737996,2017-11-07 10:07:29,524611,"@115873 @44196 @496 Hello, Saudi Captain in Uber suffers from the injustice of the company",Uber_Support
1728676,2017-11-07 10:13:17,512805,@AmazonHelp I’ve requested a cancellation but received a message to say that it might not be accepted as it’s already been dispatched which isn’t fair,AmazonHelp
1738380,2017-11-07 10:18:33,524708,"The book, ""The Midnight LIne"" by @69624 is out today and i just got it!  Thanks @115821! I won't be doing any work today.  :)",AmazonHelp
1737692,2017-11-07 10:20:51,524542,"@VirginTrains I will do thank you 
Poor form from VS on all levels then it appears",VirginTrains
1737963,2017-11-07 10:26:53,524601,@AmazonHelp Amazon by now should have known that you don't mess with console and game releases every gamer expects DAY ONE.,AmazonHelp
1738028,2017-11-07 10:27:40,333439,@Delta They said tough luck made me buy a new ticket after changing my return flight to one of my trips.,Delta
1747404,2017-11-07 10:28:38,526772,"Oh, hey @115858 ....FIX THAT. https://t.co/AlxwWbiyUC",AppleSupport
1737956,2017-11-07 10:33:49,413684,@AmazonHelp Thanks a bunch. All the foreign parts are sans subtitles.,AmazonHelp
1728670,2017-11-07 10:38:35,512805,@AmazonHelp All 3 items have just changed their status 2 being delivered today when only an hour ago did it say they’re going to be late. This is a joke,AmazonHelp
1728592,2017-11-07 10:45:11,164807,"@AmazonHelp My order for Xbox One X still says dispatching soon, but in my order I have a shipping invoice dated 6th Nov. I'm confused.",AmazonHelp
1708491,2017-11-07 10:45:58,517717,"@AppleSupport FYI: A college told me today he had the same exact problem last night, the same time like me.. around 01:00 AM Berlin time",AppleSupport
1727963,2017-11-07 10:50:26,264596,@AmazonHelp Not good enough I want my order today you took my money quick enough so I want this resolved today,AmazonHelp
1728636,2017-11-07 10:54:05,522632,@AmazonHelp ok..he delivered the order after some haggling.,AmazonHelp
1680927,2017-11-07 10:57:33,511102,@AmazonHelp Calling now,AmazonHelp
1735405,2017-11-07 10:59:15,524006,Had to use a REALLY old version of @115888 because the latest one always crashes.. Great! @SpotifyCares,SpotifyCares
1728704,2017-11-07 11:02:13,522648,been in this uber now 10 minutes and it says there's still another 15 to go i only stay 6 mins away :))) hey @115873 think i'm being kidnapped,Uber_Support
1706260,2017-11-07 11:02:56,517122,@AmazonHelp The email said - order not found. Surprise surprise - the email was sent from Amazon.in. Wow - amazon loves to goof up with people,AmazonHelp
1728734,2017-11-07 11:03:55,294677,@VirginTrains I am currently on the 10:50 Ayr to Glasgow train that arrives into Glasgow for 11:40. https://t.co/s1Bq3nNyb9,VirginTrains
1730229,2017-11-07 11:08:53,522881,"Goy a TV off #Amazon. First they send me the wrong one, then say i have to return the wrong one, now they have charged me twice for it!",AmazonHelp
1728570,2017-11-07 11:16:00,522619,@AmazonHelp its solved.,AmazonHelp
2032533,2017-11-07 11:17:02,353973,"Seems @115858 has fixed their years of cracked screen issues.  Now, the back of your phone cracks...  Great money grab in repairs.",AppleSupport
1670682,2017-11-07 11:20:26,508573,@AmazonHelp It's been over 48 hours now and I still haven't received an email or phone call about my account.,AmazonHelp
1723321,2017-11-07 11:29:41,521335,@140848 @AmazonHelp @115830 That’s just unforgivable. How they can’t set up a first come first served system is beyond me.,AmazonHelp
397325,2017-11-07 11:33:02,522965,@115850 When the winners should be revel. Time please and on which Twitter handle.,AmazonHelp
1747320,2017-11-07 11:34:22,526748,@115858 it would sure be cool if you could fix this autocorrect problem everyone is having....,AppleSupport
1730220,2017-11-07 11:36:52,522879,@AmazonHelp UNACCEPTABLE... IS THIS THE KOND OF SERVICE PRIME MEMBERS CAN EXPECT????,AmazonHelp
28399,2017-11-07 11:43:22,122219,@AmazonHelp .@115821 another week of no information,AmazonHelp
1730679,2017-11-07 11:49:49,522961,@116928 mui triste q ofrezcáis unos monitores cn unas caracteristicas q n son las reales y encima luego n devolváis el € mi ultima compra,AmazonHelp
1728778,2017-11-07 11:52:01,522657,"@522656 @AmericanAir @SouthwestAir This was the first thing I seen 😂😂💀 I ain't neither thou I ""lost"" my backpack w/ them folks like August sometime and DM ME😍😍",AmericanAir
1729615,2017-11-07 11:54:45,522741,@AmazonHelp Hasn’t read the emails obviously as this morning’s reply after I had to phone CS to beg someone to help only referred to a problem up till,AmazonHelp
355142,2017-11-07 11:55:33,601870,@comcastcares My bills over $250 a month and this happens daily! Welcome to the cable/internet jeopardy of Pa!,comcastcares
1748100,2017-11-07 11:55:51,526962,@AppleSupport you ain’t gonna make me upgrade my phone! Not even glitches will make me buy I️t. I️ don’t care. 😂 (glitch intended),AppleSupport
1730674,2017-11-07 11:58:36,522959,@AmazonHelp llegaba el transporte y a día de hoy seguimos sin el.Esta es la confianza q queréis q depositemos en vosotros?,AmazonHelp
424565,2017-11-07 12:00:10,216046,"@SpotifyCares Hi, thanks, what do you mean by ""an automatic connection""? In the support forums I found mention of ?http=1 to force http(s)-only mode.",SpotifyCares
424541,2017-11-07 12:00:42,145873,Hi @VirginTrains when is it ok to tell people to shhhh in the Quiet Zone? https://t.co/moj4KJnCqG,VirginTrains
1730871,2017-11-07 12:00:44,219652,"@TMobileHelp I already called in, thanks for ruining my sleep in time though 🤦🏽‍♀️",TMobileHelp
1730153,2017-11-07 12:07:14,522867,@AmazonHelp All I got.. https://t.co/45ftKmrKDJ,AmazonHelp
2032647,2017-11-07 12:09:34,601066,@AppleSupport just updated my iPhone 6 to iOS 11 &amp; the Touch ID stopped working. I’ve never repaired this phone. Pls how do I resolve this?,AppleSupport
28401,2017-11-07 12:11:48,122219,@AmazonHelp .@115821 I have done this many times and received nothing. Coming up on three months. First package three weeks late today,AmazonHelp
1731676,2017-11-07 12:17:38,523186,"@Uber_Support 1/3 Hi, I placed a food order on Sunday, part of the order was missing. I went on to the app which gave me an option to receiv",Uber_Support
1665289,2017-11-07 12:18:40,507420,"@AmazonHelp I went to the place, that he mentioned and  called him Sharp 5pm. He switched of the mobile",AmazonHelp
1748049,2017-11-07 12:19:09,526949,My “eye” better start working soon or I’m tossin this phone out the window @AppleSupport,AppleSupport
1724922,2017-11-07 12:22:28,521708,@AmazonHelp I just checked. The extra charge went away,AmazonHelp
1732140,2017-11-07 12:27:30,523267,@115850 what a beutiful delivery &amp; supply chain named and rated No.1 across the globe....Sic!!! https://t.co/wISr0EZ5xC,AmazonHelp
1732211,2017-11-07 12:32:02,523284,@SouthwestAir I will certainly keep that in mind for this travel in February.,SouthwestAir
142046,2017-11-07 12:33:06,148055,@AmazonHelp have mailed,AmazonHelp
1747982,2017-11-07 12:34:13,526925,I️ can’t really live without the capital I️ as I️ am someone who likes to talk about themselves a lot. I️ demand you fix this @AppleSupport,AppleSupport
1732620,2017-11-07 12:38:46,523367,Sempre vi com desconfiança... Porém agora somos ótimos amigos. @117804 https://t.co/PyedIfjLXn,AmazonHelp
1748844,2017-11-07 12:40:05,527133,@115858 @AppleSupport you need to fix this NOW!!! https://t.co/maMWEKcF22,AppleSupport
1711775,2017-11-07 12:44:20,518511,@SpotifyCares Still not working :(,SpotifyCares
1732154,2017-11-07 12:45:18,523271,"@Uber_Support My Uber &amp; UberEATS referral codes are the same? Because if not, I am looking for my UberEATS referral code, and not Uber.",Uber_Support
1732077,2017-11-07 12:46:37,523256,@AmazonHelp Thanks... https://t.co/X0hdzaTVRK,AmazonHelp
1703925,2017-11-07 12:47:27,527106,@AppleSupport 日本のソフトバンクでiphone X　256GB　SGを16時1分に予約したが、ソフトバンクでは16時より前に予約を特定のユーザーのみ予約を受け付けていた。これはappleが許可していたのか？なぜそんなことが起きるのか調査し、ソフトバンクにペナルティをしてください。,AppleSupport
1732749,2017-11-07 12:48:29,523393,"@VirginTrains On the GLC-EUS 12:00 - no name and I don't especially want specific staff in trouble, but maybe some general training...?",VirginTrains
206100,2017-11-07 12:53:36,164806,"@AmazonHelp Chatted w/ Customer Service yesterday. They said “It'll be delivered before Tuesday, November 7, 2017 12:00 AM (PST).” Still no package. :(",AmazonHelp
1710023,2017-11-07 12:55:43,189084,"@AppleSupport @518093 Dear @AppleSupport ,
Why not do a software update so everyone’s battery works...?? 🤬",AppleSupport
1733897,2017-11-07 12:57:22,523623,@115850 echo dot order is delayed by weeks now. Always shows lying in courier facility.,AmazonHelp
1733152,2017-11-07 13:00:35,388619,@115850 Customer care is equally annoying and tries to place his work on me. Asking me to again place the order and nothing can be done. Horrible,AmazonHelp
1748758,2017-11-07 13:04:37,527110,@AppleSupport you guys need to fix the auto correct glitch in your software.  Our i’s are turning into I️,AppleSupport
1734584,2017-11-07 13:08:06,523806,"@AmazonHelp I'm confused about designations of ""Guaranteed Delivery in 2 days"" with Prime. Now I get ""Sorry, delayed"" on my order.",AmazonHelp
1755550,2017-11-07 13:12:12,528664,@115900 this is unacceptable especially since I pay for 200Mbps! https://t.co/qnB7DGh1ii,comcastcares
1693650,2017-11-07 13:13:36,513971,@AmazonHelp No funciona para pedidos de Amazon ES,AmazonHelp
1733937,2017-11-07 13:17:10,523629,@Uber_Support __email__,Uber_Support
1733956,2017-11-07 13:17:34,523633,@Delta She claimed we did not have a ticket when we did.  She eventually found it but was unapologetic for her behavior 2/2,Delta
1733849,2017-11-07 13:18:41,523615,"夕方にAmazonの支払いしたのに、まだ支払い確認メールがこない…
ちょっと心配になってくるよねww",AmazonHelp
2037620,2017-11-07 13:18:59,602482,"@AppleSupport Thanks, I’ll send you the dm, I’m just really upset about this entire situation",AppleSupport
1733068,2017-11-07 13:22:47,523478,"@AmazonHelp No hay fecha de entrega prevista, en su web sólo me dejan elegir como muy pronto mañana y como punto de entrega.. SUS instalaciones... 😡😤",AmazonHelp
1734663,2017-11-07 13:26:23,523823,@AmericanAir trying to add to my Apple wallet and keep getting this. Help https://t.co/cWRC5MYR0q,AmericanAir
1733793,2017-11-07 13:26:47,487959,@AppleSupport Thank you,AppleSupport
1734516,2017-11-07 13:27:47,523794,@120540 ho chiesto più volte di essere ricontattato per violazione della #Privacy e di ottenere un risarcimento. @81620 @422761 https://t.co/yBinMVgFSj,AmazonHelp
1735302,2017-11-07 13:32:20,264067,Hey @115830 perhaps next time I order some paint from yourselves the packaging should indicate keep vertical https://t.co/wVXPX45bXx,AmazonHelp
1738875,2017-11-07 13:36:46,524835,So @AppleSupport wyd about this “i” situation? I’m bout fed up 🤬,AppleSupport
1735197,2017-11-07 13:37:19,523968,Hey @115850 any idea why am not able to use my gift card money??,AmazonHelp
2033138,2017-11-07 13:41:42,601191,"So tired of my phone malfunctioning, @AppleSupport.",AppleSupport
1734526,2017-11-07 13:43:15,297673,@AmazonHelp Thanks and yes - see your messages. Outsourced customer service causes unnecessary delays on your customers side,AmazonHelp
1162159,2017-11-07 13:48:22,393438,Anyone got a way of stopping this @115858 message popping up all day? Or is it time to buy a @1647 @AppleSupport https://t.co/NMK1dmlHv8,AppleSupport
1745142,2017-11-07 13:49:02,526223,"@SpotifyCares So i decided to continue it at home but when I got home, I was already charged but no premium yet and I cant repeat the process because..",SpotifyCares
1730696,2017-11-07 13:50:05,511103,"@AmazonHelp Désolé, mais non je ne relance plus personne. Après 20h je consulte ma précommande de l'édition limitée et je l'annule. Merci.",AmazonHelp
1162163,2017-11-07 13:52:32,393439,@393440 @AppleSupport @115858 I️ would ask you to fix this but you can’t tell what I️ am saying,AppleSupport
1733163,2017-11-07 13:57:31,141441,@AmazonHelp Still not great the fact it didn't turn up when it should have.,AmazonHelp
1738787,2017-11-07 13:59:21,524802,@115858 can ya please fix the glitch in the update already 😭😭😭😭,AppleSupport
1665296,2017-11-07 14:01:35,507420,@AmazonHelp We could not deliver Rewy Mini Rugby Wireless Portable Bluü as we could not contact you on the phone. Re-attempt on next working day. 🤔,AmazonHelp
1736095,2017-11-07 14:04:07,358962,@AppleSupport Apple correcting the iOS update sounds like a better idea.,AppleSupport
1736191,2017-11-07 14:06:20,524185,@AmazonHelp Even if it’s still not despatched? Order screen still says okay for today but being stuck in dispatching soon for last 24hrs,AmazonHelp
1736353,2017-11-07 14:08:51,524214,@Delta I’m on the flight right now fam,Delta
1735316,2017-11-07 14:09:49,523988,@Uber_Support My uber account is linked to a Facebook profile rather than an email address... what do I send you?,Uber_Support
611249,2017-11-07 14:12:07,265330,SO TIRED OF MY LETTERS BEING AUTOCORRECTED TO ARBITRARY SYMBOLS!!!!!!! @AppleSupport plz fix this. Like today. https://t.co/doG1WVLdYR,AppleSupport
1736193,2017-11-07 14:12:34,524186,@524185 @AmazonHelp Same here. It’s a joke.,AmazonHelp
355143,2017-11-07 14:13:21,486266,@comcastcares My internet still not working great downloading super slow and when I take off WiFi it downloads immediately?,comcastcares
1161961,2017-11-07 14:17:23,393377,@115858 Please fix the iPhone keyboard issues without further delay.  Sick of it. Thanks...,AppleSupport
1742664,2017-11-07 14:18:36,494503,"@AmazonHelp That would be brilliant, thank you KN!",AmazonHelp
1740907,2017-11-07 14:23:26,525248,"Dear @AppleSupport, my alarm (using the bedtime alarm) started going off late 3 days ago,  and I’m unsure how to fix it. #Help https://t.co/uEJNAvMOd9",AppleSupport
1742643,2017-11-07 14:23:42,525672,@AmazonHelp waited so long for the Xbox one x Scorpio edition just for this :( https://t.co/ABp1xbwSw2,AmazonHelp
2031911,2017-11-07 14:24:58,600839,@SouthwestAir do my golf clubs count as one of my free bags?,SouthwestAir
1742619,2017-11-07 14:27:04,525668,@123813 La transmisión pasada fue pésima!!!! Me sacaba cada 2 minutos.,AmazonHelp
1735221,2017-11-07 14:30:52,523970,@AmazonHelp I want my £79 back today,AmazonHelp
1740862,2017-11-07 14:33:44,525233,"Feeling like people are doubting my IQ &amp; literacy. I swear, it’s not me, it’s @115858. #AppleFails https://t.co/qkEyrH35Do",AppleSupport
1745138,2017-11-07 14:36:11,526222,A big thank you to @VirginTrains staff at Oxenholme Station who rescued my shoe from the track enroute to @69785 @39633,VirginTrains
1744849,2017-11-07 14:36:44,526158,Okay @115858 - enough with the I “A Question mark box” error in texts and Facebook! Fix it!,AppleSupport
1745573,2017-11-07 14:40:49,526328,@AmazonHelp Id no. 184122637174 please try calling more than once in case we miss a call...you guys cant just postpone delivery,AmazonHelp
1759006,2017-11-07 14:41:04,529480,And I️ still hate @AppleSupport for not providing any support!,AppleSupport
1741603,2017-11-07 14:45:13,351923,@115858 Y'all messed up my speaker? 😒,AppleSupport
1718666,2017-11-07 14:46:36,520357,@AmazonHelp We still have full access but we were made to pay more and no apologies given. You do not look after customers at all. You would think...,AmazonHelp
1745208,2017-11-07 14:48:30,526239,"@115913 &amp; @115911 the service in chapel hill,Nc is not the best. Calls always dropping or low signal bars. Help!",TMobileHelp
1744892,2017-11-07 14:50:03,526175,"@AppleSupport I turned off my “DND while driving,” in the control center and it still pops up",AppleSupport
1745053,2017-11-07 14:51:08,526208,@Uber_Support I m a driver i need to contact about my account what is the email o support i had that before.,Uber_Support
1734519,2017-11-07 14:51:27,523795,@AmazonHelp Yes but was promised release day delivery so not a happy customer! Customer service offered no compensation for the outage provided,AmazonHelp
1740027,2017-11-07 14:53:25,525063,Yo @Delta how does my bag go back in time after being checked in and fly all across America? Where is my bag? https://t.co/KRBLeKG45B,Delta
1744844,2017-11-07 14:55:19,526157,"@AppleSupport I️ already knew I️ could do this, just seems dumb that I️ have to do this now and you guys haven’t rolled out a new update to fix the issue",AppleSupport
815514,2017-11-07 14:58:06,314201,"@115850  I have four orders which needs to be delivered by thursday.
Check with 9643067834/7400467834",AmazonHelp
1758939,2017-11-07 14:59:22,529465,@115858 fix this update shit I’m I️ not working,AppleSupport
343799,2017-11-07 15:01:32,197810,What the fuck is going on in the wild world of the internet? Is Amazon down for anyone else?,AmazonHelp
1762486,2017-11-07 15:02:10,489881,After being w/ @116136 for 30 years we switched to @115725 due to the cost and now #comcast is refusing to cancel our account. #wtf,comcastcares
1735047,2017-11-07 15:03:28,325936,"@AppleSupport Thanks @115858, I️ kind of like the A and weird symbol.",AppleSupport
1434965,2017-11-07 15:07:39,197813,"@AmazonHelp Placed order on 15th oct, made to cancel the order on 2nd nov, reorder on 2nd delivery on 13th nov and that too from hyd to blore.",AmazonHelp
1750426,2017-11-07 15:08:11,483211,"@115858 stop fucking with my phone ! I️ just bought this little shit 5 months ago. Imma buy the new one ! Until then, don’t touch my shit! 😤",AppleSupport
8243,2017-11-07 15:11:44,526996,@117153 Hi Spotify. I made payment by atm transfer this morning (09:00AM) but I haven't got my premium account. Is there a any problem with Spotify?,SpotifyCares
1750382,2017-11-07 15:12:10,527496,@AppleSupport ima starting calling this mf an “I️” phone dammit,AppleSupport
1746113,2017-11-07 15:15:28,526451,"When you receive a ""recommendations for you"" email from @115821 and find yourself wondering just how smart their algorithm actually is... 😐 https://t.co/psgVQe7Tn2",AmazonHelp
1750377,2017-11-07 15:16:07,527495,@115858 Can you please get it together? My phone and millions of other keep getting their I's changed to an X or A with Lines. Fix it,AppleSupport
1746301,2017-11-07 15:17:42,526490,@AmericanAir So if I’m AA Advantage I should have been in a different group?,AmericanAir
1745622,2017-11-07 15:17:43,526340,@Uber_Support Ok you need my email id actuly i was realy in stressed i waste my feul and recive not any single ride request __email__,Uber_Support
1734504,2017-11-07 15:21:10,527713,@523791 @AppleSupport Omg it’s so annoying,AppleSupport
343730,2017-11-07 15:22:49,197805,"@AmazonHelp @197806 Uma dica é escolher um livro para cada lugar. Tipo, o que vc vai ler em casa e outro para ler no onibus.",AmazonHelp
1751433,2017-11-07 15:23:41,527702,😭 @AppleSupport your iPhone 8 is gonna be in the garbage by weekend if you don’t solve this issue immediately,AppleSupport
1741136,2017-11-07 15:28:23,525295,@Delta I'm flying out of Pittsburgh on November 21st.  Is a bookbag considered a personal Item?!,Delta
2295004,2017-11-07 15:28:34,666404,@116875 Buenos días... Dónde pueden informarme cómo va mi pedido por favor?,AmazonHelp
1751458,2017-11-07 15:29:02,498955,"@115858, y’all need to fix this letter “I” bug, foreal.",AppleSupport
1738971,2017-11-07 15:31:19,420471,.@12339 sends back package to @115850 while in transit saying customer refused delivery! Its still 90km away from destination city! #ridiculous @115821 @AmazonHelp https://t.co/VOLLprvLa5,AmazonHelp
1746980,2017-11-07 15:35:14,526667,"@AmazonHelp Thanks for the offer, but I'm going to pass. I've been issued a refund. Makes zero sense. Please talk to your carriers. I picked a delivery window for a reason.",AmazonHelp
1748156,2017-11-07 15:37:21,526974,dear @115821 and @135958  - why no Kindle App on Microsoft Store?,AmazonHelp
1745516,2017-11-07 15:38:11,526314,@AppleSupport Fuck you,AppleSupport
2032216,2017-11-07 15:40:59,600930,@SouthwestAir May have been coincidence but an agent came and got all of us fixed up quickly. Thank you.,SouthwestAir
1752350,2017-11-07 15:42:56,527917,@AppleSupport Just messaged you. Kindly help,AppleSupport
1730209,2017-11-07 15:43:47,151994,@AmazonHelp Doesn’t matter they should still knock the door or ring the doorbell,AmazonHelp
1747497,2017-11-07 15:46:09,526799,@115873 hi how can i get my paycheck with my name on it? I need as a prove of income,Uber_Support
2032541,2017-11-07 15:46:48,425504,@TMobileHelp check your DMs I need help,TMobileHelp
1752333,2017-11-07 15:47:01,527912,Wtf is this “I” glitch PLEASE FIX IT. ALWAYS SOMETHING WITH Y’ALL. NEVER FAILS. @AppleSupport,AppleSupport
1753292,2017-11-07 15:49:52,528132,@528133 @528134 @AppleSupport I️ phone is spelled a lot differently now... thanks apple,AppleSupport
1746952,2017-11-07 15:50:10,526660,@AmazonHelp Made my day :D,AmazonHelp
1749024,2017-11-07 15:51:06,527186,Your boss told us to show u sum luv. Have a great one!!🤗 @SpotifyCares #IntroFunDays,SpotifyCares
1753275,2017-11-07 15:54:20,528126,@115858 They can’t even fix this stupid I️ problem...,AppleSupport
343883,2017-11-07 15:54:24,197817,"@AmazonHelp ...no lo han dejado todavía y que ""ya me avisaran cuando me pueda pasar"". Es decir, que tengo que ir yo y lo voy a tener una semana después.",AmazonHelp
2035476,2017-11-07 15:55:50,601780,@AppleSupport why do songs keep needing to be downloaded even when I’ve already downloaded them? So confusing!,AppleSupport
1748148,2017-11-07 15:58:57,526972,@AmazonHelp Packages were never delivered there for I can't return them to get my money. Why doesn't @115821 have a customer service email?,AmazonHelp
1754166,2017-11-07 15:59:20,528345,Hey @115858 ! ? Fix this bullshit what a screw up,AppleSupport
1711247,2017-11-07 16:02:13,518379,"@AppleSupport No, it's all apps :-(",AppleSupport
1748143,2017-11-07 16:04:47,526971,@AmazonHelp If i order 10 items 3 will never arrive.. do not know why this is happening.,AmazonHelp
1078716,2017-11-07 16:07:29,374460,Apple needs to fix the issue with have the letter “I️”  by itself . 😐😐😒😒 I️ @AppleSupport,AppleSupport
2035327,2017-11-07 16:09:40,601731,@comcastcares it's not me it was my boyfriends acc i just wanted yall to fix your shit,comcastcares
1721025,2017-11-07 16:09:59,520848,@AmazonHelp A mudança radical para o vegetarianismo e como isso alterou a rotina do casal foi o que mais atiçou a minha leitura. Mas ela continua 😊,AmazonHelp
1755184,2017-11-07 16:12:24,528596,@115858 will y’all please fix the fucking I️ glitch,AppleSupport
2035568,2017-11-07 16:15:13,601805,@SpotifyCares My family account is not responding to invites. I'm accepting but they are not added to the account???,SpotifyCares
1736159,2017-11-07 16:16:39,131779,@AmazonHelp Order cancelled.,AmazonHelp
1754139,2017-11-07 16:16:45,528339,Hey @115858 can you PLEASE FOR THE LOVE OF GOD fix the box and the question mark thing,AppleSupport
1747350,2017-11-07 16:21:18,526755,@AppleSupport In addition to that the I issue is very inconvenient when writing emails and texts,AppleSupport
1748952,2017-11-07 16:22:36,527164,@Uber_Support Hello!  1/2 Yesterday I struggled a lot to find an Uber so I had to wait 20 minutes to find one,Uber_Support
1748221,2017-11-07 16:22:46,526677,@VirginTrains Surprised you are so flippant about the safety of your passengers!,VirginTrains
1741043,2017-11-07 16:23:05,525277,@AmazonHelp ¿Cuándo les van a llegar sus copias de Twin Peaks: The Final Dossier a México? El internet ya me spoileó medio libro. Gracias.,AmazonHelp
2032712,2017-11-07 16:25:47,601082,@AppleSupport Sure. And you don't follow me so what I wrote you is gone for the ghost.,AppleSupport
1739322,2017-11-07 16:27:10,524928,"Taking off from @150414 with @AmericanAir, next stop 🇲🇽 https://t.co/exL0AnJSRO",AmericanAir
1749058,2017-11-07 16:27:38,527194,@115911 the people at gulf gate didn’t give me a hat be,TMobileHelp
1748684,2017-11-07 16:28:55,373660,"@AppleSupport I have restarted my computer, yes.",AppleSupport
1739003,2017-11-07 16:32:08,524864,"@115830 @AmazonHelp Where is my XBOX !!! Is it even coming tomorrow ? Is it coming ever ? You ‘chat’ support was really bad, can u help ?",AmazonHelp
1751486,2017-11-07 16:32:48,527718,@AppleSupport @115858 why does the box with question mark appear when I️ write the letter I️?,AppleSupport
1706346,2017-11-07 16:35:56,516950,@Delta Any updates? Haven't heard anything,Delta
1924509,2017-11-07 16:35:59,572845,@115858 what the fuck did y’all do to my phone,AppleSupport
1666520,2017-11-07 16:37:02,161011,@AmazonHelp Is there a way I can set up some recurring reminder on Google calendar and make Alexa pick it up?,AmazonHelp
1703337,2017-11-07 16:38:32,516361,@SpotifyCares Done. There's growing discontent in the comments. You may want to get this one pushed through!,SpotifyCares
1739125,2017-11-07 16:38:43,242321,Hanks for not resolving anything @115877 https://t.co/WtdcnEZP22,Uber_Support
1756418,2017-11-07 16:40:35,528878,@AppleSupport received in my mail https://t.co/drrJ9K8nDG,AppleSupport
1739872,2017-11-07 16:41:27,525033,Bonjour @120533 . + de 10j que je bataille ac le serv clt pr avoir les codes bêta de @525034 pré commandé chez vous !! 😠😠😡,AmazonHelp
1756391,2017-11-07 16:44:09,528866,@AppleSupport why can’t I️ type the letter “I️”,AppleSupport
1162158,2017-11-07 16:46:11,393438,"@AppleSupport It’s whatever the lastest one is, and yes, iMessage is activated :)",AppleSupport
1493717,2017-11-07 16:49:34,466867,@AmazonHelp  https://t.co/wB7DrMyoiH,AmazonHelp
1738754,2017-11-07 16:49:43,257580,@AppleSupport Can’t connect phone to Bluetooth speaker when could previously &amp; can no longer connect to handsfree device in car,AppleSupport
1748705,2017-11-07 16:53:06,527091,@AppleSupport It’s since I’ve installed the software but I’ve had this issue,AppleSupport
1741186,2017-11-07 16:54:23,525309,BWI to MCO this morning on the gorgeous @SouthwestAir Max 8! That’s a sweet bird!!!! https://t.co/b0XlgqvkMZ,SouthwestAir
1739846,2017-11-07 16:55:12,294703,@AmazonHelp https://t.co/3XPqHOt1pk I can't seem to use my Twitch Prime to Sub to anyone,AmazonHelp
1740269,2017-11-07 16:55:52,406292,"where are the updates people are asking for? #tmobile

LG V30 https://t.co/VGMpdl2msD via @115911",TMobileHelp
1745487,2017-11-07 16:57:26,526303,@AppleSupport It's okay! Ima wait til the bug is fixed 🙏🏼🙏🏼,AppleSupport
1450085,2017-11-07 16:59:22,456487,@115850 the pick up was re-scheduled on 06-11-2017 but again none turned up. please ensure pick up immediately since return expires on 11-11-2017,AmazonHelp
1764062,2017-11-07 17:01:30,530681,I have never been so dissatisfied with a company like I am right now with @115900 🤦🏼‍♀️,comcastcares
2035796,2017-11-07 17:01:55,601872,Dear @115858 and @AppleSupport — Battery life *horrible* since upgrade to #iOS11 on my iPad.,AppleSupport
1742028,2017-11-07 17:03:00,525497,Thanks @AmericanAir for getting me home 30 mins early!,AmericanAir
1739916,2017-11-07 17:03:38,451485,@Uber_Support @115873  @Uber_Support  I even send a recorded video of my issue on Twitter message and told them about the bug. Still no help.,Uber_Support
1759074,2017-11-07 17:04:34,529493,"Blatant lie @115850 when no one has contacted me for the delivery. If you are unable to deliver, say that. Why lie so blatantly? https://t.co/vZWxov67Ur",AmazonHelp
1741113,2017-11-07 17:07:54,183407,Hi @VirginTrains it is 17.05pm and you’re serving lunch! Really? We’d like afternoon tea not lunch if too early for supper!,VirginTrains
1757843,2017-11-07 17:08:13,515782,"@529226 @AppleSupport @115858 , please ask engineering to offer a script in order to disable the location beacon inside the airport drivers.",AppleSupport
1736216,2017-11-07 17:09:19,135812,"@AmazonHelp Por eso dije me echaron al agua, me acusaron :)",AmazonHelp
1758659,2017-11-07 17:12:55,529399,@115858 Fix the question mark box it’s been days now this is slow for you guys,AppleSupport
1741036,2017-11-07 17:12:56,525275,"@AmazonHelp After SOOO MANY CALLS &amp; EMAILS, you want ME to ARRANGE for a call back? Why cant you call YOUR hapless customer???",AmazonHelp
1741998,2017-11-07 17:15:13,525301,@SpotifyCares I want my paypal account credited back as I never authorized any of this.,SpotifyCares
1620623,2017-11-07 17:15:20,151409,"@AmazonHelp Done. Filled one online feedback form and shared the photos.
Please do the needful.",AmazonHelp
2035961,2017-11-07 17:19:14,601927,iOS11 are you even kidding me right now? My phone is literally hanging and lagging and it wasn’t doing that before I updated @AppleSupport,AppleSupport
1741698,2017-11-07 17:21:29,525435,@115830 my package was delivered to a neighbour who denies receiving it.. what do I do? She is terrifying so I’d rather not go back!,AmazonHelp
1757765,2017-11-07 17:22:14,529202,no what the fuck i’m trying to fix it why won’t it work what the fuck is happening @115858,AppleSupport
1747370,2017-11-07 17:26:40,526762,@AppleSupport Can't send you a DM..?!,AppleSupport
1739036,2017-11-07 17:26:50,523371,@AmazonHelp https://t.co/wTsG6mpSST,AmazonHelp
1741854,2017-11-07 17:27:58,525463,@VirginTrains Is that a yes or a no?,VirginTrains
1757685,2017-11-07 17:31:18,529176,"@529177 @115858 I️’m being stubborn because for the amount of money I️ paid for this thing, there shouldn’t be a fix needed to use a singular pronoun.",AppleSupport
1741690,2017-11-07 17:34:06,525433,"@AmazonHelp 171-6846434-7808317 order no this and this
403-4187109-7773952. And for further details try to awake your customer support staff.",AmazonHelp
355008,2017-11-07 17:34:17,200380,@TMobileHelp But my card was charged this morning. So that means it should be shipping correct ?,TMobileHelp
1760465,2017-11-07 17:35:31,529852,@AppleSupport I have your apple smart battery case... what does AID UPS mean? https://t.co/UovYhXCeOm,AppleSupport
1295587,2017-11-07 17:37:58,422843,@VirginTrains sat on London bound service at Birmingham International. Any idea how long til service resumes? Going to MK,VirginTrains
1752929,2017-11-07 17:41:17,528048,Hey @AppleSupport can you fix my “I’s” ?! What the heck is up with auto correct https://t.co/3FEjJf0TZS,AppleSupport
1731649,2017-11-07 17:41:47,523181,@AmazonHelp This for 3 days. My delivery is urgent and now I don't know if it's worth getting it sorted anymore. I'm travelling and we have to go. https://t.co/pE8x0ndFGA,AmazonHelp
1750597,2017-11-07 17:45:09,527550,@Uber_Support  Can a SUV be pre-ordered days before it's needed?,Uber_Support
1749590,2017-11-07 17:45:10,527319,"On my way to @527320, stuck at Stafford and it’s looking like I’ll have to get off and go via Birmingham. @VirginTrains what’s going on?",VirginTrains
1749496,2017-11-07 17:47:07,527298,"@AmazonHelp Hi AD, from my understanding it was collection yes, but now I'm not sure when they are suppose to be collecting?",AmazonHelp
1757380,2017-11-07 17:47:14,529112,"@529113 @115858 @AppleSupport It’s a good thing to have a brain to rewrite, or change the way things are written. Shouldn’t have happened in n the first place.",AppleSupport
2035249,2017-11-07 17:47:25,601706,"@SpotifyCares No matter what i do it wont let me link with facebook,even afer deleting the app from my fb app setting?? always just get this https://t.co/Go6iiYgTjn",SpotifyCares
2300794,2017-11-07 17:47:42,667762,"@119313 on holidays,5days back travelled fr Kol/will b traveling again-I'm always careful @Delta n promise 2b careful in @69021",Delta
1710716,2017-11-07 17:50:57,518244,@AppleSupport ! ⍰ think ! ⍰ got it!,AppleSupport
1751879,2017-11-07 17:51:27,500942,It is disgusting that @AmericanAir refuses to compensate a passenger when their employees sabotage the customer &amp; threaten a mother &amp; child,AmericanAir
1751561,2017-11-07 17:53:52,527738,@115850 are you down now?,AmazonHelp
1749632,2017-11-07 17:54:31,527327,"@VirginTrains Thanks. Rough idea would be helpful and appreciated, tough to get the website to give me a plan which doesn't send me back via Euston!",VirginTrains
1751571,2017-11-07 17:57:43,526973,"@AmazonHelp hola la semana pasada realice dos compras y aún no me llegan mis compras lo peor es que soy prime,",AmazonHelp
1758719,2017-11-07 17:58:04,529416,@529417 Smh @115858 get your shit straight,AppleSupport
2034996,2017-11-07 17:59:43,601644,@Uber_Support @115873  https://t.co/TH49hRJQHQ,Uber_Support
1749845,2017-11-07 17:59:57,500436,@comcastcares No y’all aren’t i spent 2 hrs on the phone to be told there was nothing they could do. Y’all overpriced service is GARBAGE.,comcastcares
1707668,2017-11-07 18:01:29,517491,@AppleSupport It’s a 6s plus on 11.1,AppleSupport
1750716,2017-11-07 18:03:49,527564,@VirginTrains what is the chance of the 7.40pm train from Euston to Manchester being on time. Should I make alternative arrangements?,VirginTrains
1761279,2017-11-07 18:05:12,517312,Nvm it happened again fix it @AppleSupport,AppleSupport
1732631,2017-11-07 18:05:56,430841,"@AmazonHelp This was one of biggest consumer electronics launches of year and despite taking my order and trust, Amazon messed it up. Still no feedback.",AmazonHelp
1749446,2017-11-07 18:10:07,140379,@AmazonHelp Fato! 😍❤️ Pena que não dá pra tirá-los das páginas! 😂,AmazonHelp
2035215,2017-11-07 18:11:01,601702,"@southwestair Sat on hold waiting for group sales for 7 hours this week, 3 hrs today, just to place a deposit. Never got a live person.",SouthwestAir
2032532,2017-11-07 18:11:53,353973,@AppleSupport I will have never owned an iPhone now will I ever 👍  @115858 @AppleSupport  I enjoy durable/reliable phones.,AppleSupport
1750688,2017-11-07 18:13:33,233914,@VirginTrains @140497 Thanks. I’ll wait it out until 7 and see what’s happening then.,VirginTrains
1750572,2017-11-07 18:14:46,527544,@Uber_Support thats disheartening here ur saying other stuff in Dm other stuff,Uber_Support
1730785,2017-11-07 18:15:32,522980,@AmazonHelp Makes no sense thou as when i sign in on my pc it says delivery 7th-14th nov but my app says today. The item was preordered for today,AmazonHelp
1750868,2017-11-07 18:19:36,527597,@527596 @TMobileHelp @2602 @527598 Yes please @2602 in New jersey in March ❤️🙏🏼🙏🏼 for all 3 of us,TMobileHelp
1751546,2017-11-07 18:20:33,523533,".@116316 Ich bin nach Großbrittanien von Deutschland umgezogen, und mochte mich von amazon.de kündigen, wie macht man das?",AmazonHelp
1761233,2017-11-07 18:22:35,530024,I’d return all 70+ new emojis to @115858 if it meant never seeing I️ again in my life. #FirstWorldProblems,AppleSupport
1750652,2017-11-07 18:22:46,527555,@VirginTrains @133684 brilliant thank you :),VirginTrains
1736144,2017-11-07 18:24:34,176637,@AmazonHelp Letter to the UK MD incoming - this is unacceptable levels of service from amazon logistics - again!,AmazonHelp
1750575,2017-11-07 18:26:30,527544,@Uber_Support i need cab now why i will wait answer that provide solution now or tell yes or no,Uber_Support
1751409,2017-11-07 18:27:17,527696,@AppleSupport Finally... a little service around here.... Jesh,AppleSupport
1751529,2017-11-07 18:29:16,527733,@AmazonHelp Bought 2 games with a gift card and had an excess of £3 which i paid but you've took another quid out today dunno why,AmazonHelp
1754509,2017-11-07 18:31:18,528429,@spotifycares there’s an unknown device using and interrupting my account. How can I remove it from Spotify connect?,SpotifyCares
2039353,2017-11-07 18:32:07,602995,Could someone teach these FAs the law? That closet has a wheelchair on the door - it’s not for your bags. @Delta #discrimination #ableism,Delta
1743704,2017-11-07 18:33:04,525934,@AmazonHelp Hiya - delivered by 'Amazon Shipping' according to the app. Haven't opened the box to check. Not sure I want to open / accept it damaged,AmazonHelp
2039391,2017-11-07 18:34:26,603007,I keep trying to correct these fucking glitches and it’s too much. @AppleSupport you’re stressing me out.,AppleSupport
1751671,2017-11-07 18:34:53,527765,@VirginTrains Thank you,VirginTrains
2035427,2017-11-07 18:35:33,601686,"@TMobileHelp @115913 I went to DM, but you're not there",TMobileHelp
1753769,2017-11-07 18:36:01,528242,@AmericanAir fuck off learn to start with with respect instead of hatred and we wouldn't hate you all #justsawtheflightattendantsnipples #smh,AmericanAir
1465682,2017-11-07 18:36:23,460197,"@comcastcares you ain’t gotta lie. Just keep it real, y’all still struggling with everyone’s internet",comcastcares
1752443,2017-11-07 18:38:05,527937,@AmazonHelp It is supposed to be delivered today. But my tracking says it is delayed,AmazonHelp
1762915,2017-11-07 18:39:20,514656,@AppleSupport how do I see all the songs I listened to yesterday on @115948 on my phone?,AppleSupport
2039481,2017-11-07 18:44:36,603037,@AppleSupport Uh… what’s going on here? https://t.co/IOpfg9dSXf,AppleSupport
1743697,2017-11-07 18:44:58,525267,"@AmazonHelp Wasted all day waiting for it and then wasted 2 hours ""exploring this issue"" which ultimately led to no resolution. Thanks.",AmazonHelp
1753491,2017-11-07 18:45:07,528175,Hey @VirginTrains just wondering if mine and @512573 trains are gonna be cancelled tonight? I'm on the 21:07 Euston to Crewe... 1/2,VirginTrains
1755309,2017-11-07 18:49:33,528616,"Help me sort this @115850 im stuck. Send me th money back so I can order another one, this piece was defected. https://t.co/CuPpsxYqNP",AmazonHelp
1762160,2017-11-07 18:52:03,530218,Can’t even make a post until @115858 fixes this I️ stuff!!,AppleSupport
1753357,2017-11-07 18:55:01,528146,"@AmazonHelp No, uds contrataron al transportista y quieren que yo vea que pasó? Para eso pago prime? En serie tengo que levantar una denuncia?",AmazonHelp
1753388,2017-11-07 18:56:55,528154,@Uber_Support N there is no solution,Uber_Support
1752632,2017-11-07 18:57:53,483491,@221730 @VirginTrains @LondonMidland @213768 @VirginTrains @LondonMidland How can you not compensate on taxis when people are paying thousands on commuting for work already?! @221730,VirginTrains
1754513,2017-11-07 18:59:33,223543,"@SouthwestAir seriously, y’all NEED to make an easier way to add a lapchild to a reservation other than waiting on hold for 30 mins.",SouthwestAir
1764466,2017-11-07 19:00:10,367175,Can @115858 please fix this dumb glitch now pretty please? I️ I️ I️,AppleSupport
1750484,2017-11-07 19:00:37,176308,@AmazonHelp Thanks Team Amazon. Look forward to a speedy resolution. Hope you understand the moot point here - can't sell above MRP as per rules.,AmazonHelp
1754441,2017-11-07 19:03:03,528415,@Delta trying to book/plan award travel online but the site has not been responding. ETA for a fix?,Delta
2039548,2017-11-07 19:03:32,603056,"@115858 please get it together.. can’t type “I”, my car play stopped working, phone battery dies after 4hrs, phone cuts off with 30% 🤦🏾‍♂️",AppleSupport
12098,2017-11-07 19:05:15,531359,@SpotifyCares Hi! Did you remove the option to share what I'm listening to on Spotify to Facebook? Can't see my activity on facebook log anymore.,SpotifyCares
1754234,2017-11-07 19:06:44,528368,@AmazonHelp Still says attended delivery between 0900-1100,AmazonHelp
1762135,2017-11-07 19:07:40,530210,@115858 FIX I️ THIS I️ DUMB I️ SHIT I️,AppleSupport
1754642,2017-11-07 19:09:14,200200,@TMobileHelp @115913 No reason to DM ! If you wish to talk you can DM me for my cell number and call,TMobileHelp
1753414,2017-11-07 19:10:28,528159,"@VirginTrains Brill, thanks 😊",VirginTrains
1753380,2017-11-07 19:10:46,528152,"@AmazonHelp Already spoke with someone from Amazon Logistics (877-252-2701), but only so much they can do since they can't contact the local facility.",AmazonHelp
1748771,2017-11-07 19:11:16,527113,"@AppleSupport This is the update and since then my phone jams all the time, battery life is shocking as well https://t.co/ASswwXzSGv",AppleSupport
1762113,2017-11-07 19:15:08,530204,"@AppleSupport this is super effing annoying, I tried changing keyboard shortcut but I️t hasn’t worked. Can you help? https://t.co/pf7AuXvg9Z",AppleSupport
1078798,2017-11-07 19:15:44,374483,"@Uber_Support __email__ Please, I need it ASAP.",Uber_Support
2039488,2017-11-07 19:19:03,603039,Ever since the iOS 11 update my phone has been super slow as fuck...apps and all. @115858 just wants me to buy a new phone 🤬,AppleSupport
1755375,2017-11-07 19:20:35,528627,@VirginTrains are tickets for Euston - Manchester services tonight valid tomorrow???,VirginTrains
1755157,2017-11-07 19:22:08,528587,"@AppleSupport Yes, I️ have to restart my phone at least twice a day!",AppleSupport
1758030,2017-11-07 19:22:50,529278,@115850 i m add money in my account in September 23 the offer is 10% cashback but i didn't received total amunt is 5000mb no.Is 9889856866,AmazonHelp
1763098,2017-11-07 19:28:46,530455,Hey @115858 what is this. It’s annoying as hell https://t.co/bcu3YEB5KE,AppleSupport
1749562,2017-11-07 19:29:30,232035,"@VirginTrains Do you think the 1943 from Euston, when it goes, will stop at WJ extra?",VirginTrains
1766271,2017-11-07 19:30:00,531159,@115900 @comcastcares frustrated and confused why S3E4 of @181310 is still not available On Demand.,comcastcares
1753326,2017-11-07 19:31:58,528140,"@AmazonHelp non, je viens d arriver du travail.",AmazonHelp
1754162,2017-11-07 19:33:59,437403,"@AppleSupport Restarting did help, I’ve also noticed a handful of bugs i’d like to provide some feedback on. Can you please direct me to the best place?",AppleSupport
1752499,2017-11-07 19:36:41,527945,"@AmazonHelp It was a purchase fulfilled through a third-party seller, A-MONTAIN.",AmazonHelp
1758292,2017-11-07 19:39:51,529328,@AmericanAir Assistance please. #5553 DCA -BNA delayed over an hour w/ no recent updates-shows we boarded 15 min ago-still in boarding area,AmericanAir
1756666,2017-11-07 19:40:20,528939,@Delta This is seriously unacceptable. I️ expect compensation for this gross error on your part. I️m now stranded without any way home!!!!!!,Delta
1551823,2017-11-07 19:40:28,480190,@Uber_Support Haha...  He is just sending me that description...  Not solution...  I just want to know that who'll be guilty for that issue,Uber_Support
1763003,2017-11-07 19:40:43,530422,@115858 my iPhone 6 now holds a whopping 3 GBs.  Please fix your phones https://t.co/f2wyogP7bi,AppleSupport
2039538,2017-11-07 19:43:31,479455,@115888 ETA on iPhone X update? Disappointed that it wasn’t ready for release :(,SpotifyCares
1763036,2017-11-07 19:43:35,530436,"@530435 @AppleSupport no, it’s not real! lol why would they send me an email if my password was correct?",AppleSupport
1758124,2017-11-07 19:44:43,529292,@VirginTrains what’s the best way for me to get to Stoke-on-Trent tonight?,VirginTrains
1752489,2017-11-07 19:44:46,130485,@AmazonHelp I’ve tried with several different cards it’s something on y’all end. Has any other customers experienced this issue?,AmazonHelp
1762952,2017-11-07 19:48:36,530407,@115858 @AppleSupport seriously https://t.co/NkJ2ltvZMG,AppleSupport
1754280,2017-11-07 19:50:35,398836,@AmazonHelp I will! Hoping tonight!,AmazonHelp
1756358,2017-11-07 19:52:27,528853,@AppleSupport Why can’t you fix it????????,AppleSupport
1760549,2017-11-07 19:54:36,529872,@115851 very bad expriance about amazon.in amazon totly scammed to me.1st my order was cancelled from amazon.in after two days i recved .,AmazonHelp
1763771,2017-11-07 19:56:36,530620,@115858 y’all on some nut shit https://t.co/oAoCCSLq8w,AppleSupport
1747024,2017-11-07 19:58:33,526675,"@Delta Ur Corp office sup, Patty, sttd not Delta fault for mistransferring cust and taking 6 hours of cust time. Then she hung up on cust",Delta
1763718,2017-11-07 20:00:00,530606,"@115858 fix the I️ shit?!
Sincerely, all Apple users",AppleSupport
1758132,2017-11-07 20:00:42,150071,"@VirginTrains Ok thank you. Also, if I get an open return for Dec5th, can I return on Jan 5th or would it have to be Jan 4th?",VirginTrains
1757982,2017-11-07 20:01:51,529268,@AmazonHelp yeah I've tried that. Still not working :(,AmazonHelp
2035998,2017-11-07 20:02:17,601934,@TMobileHelp @115913 Hello @TMobileHelp I'm waiting on DM for more than 13 m without response https://t.co/J11tQDDwtN,TMobileHelp
1741598,2017-11-07 20:03:57,525415,@AppleSupport Just update this trash ass iOS 11 so I can use my phone. Who comes out with an update that doesn’t even work properly,AppleSupport
2039343,2017-11-07 20:06:20,602992,@SouthwestAir any chance you'd add a RIC to BDL direct? Insurance folks back &amp; forth all the time having to connect or drive to DC or Boston,SouthwestAir
1372496,2017-11-07 20:08:20,439419,@115858 FUCKING. WHY. DO. YOU. DO. THIS. TO. US?!?!?!?!?! https://t.co/o30WGkfoQU,AppleSupport
1761388,2017-11-07 20:10:08,312363,Happens every time @115851 I get a message saying out for delivery and the package doesn't arrive... @115850 improve ur service https://t.co/OFQphYFLIt,AmazonHelp
1748890,2017-11-07 20:15:00,527149,@527148 @AppleSupport Can I ask how you managed to change the time?,AppleSupport
1761447,2017-11-07 20:17:04,530061,Hi @VirginTrains - Any idea on when my train will finally arrive in London Euston? I am on on the 17:55 from Manchester Piccadilly.,VirginTrains
1763248,2017-11-07 20:19:38,530485,@AmazonHelp Why am I being ignored??? 4 days on the trot I've asked for help!!! Even Amazon themselves asked you to help me! #hello,AmazonHelp
1762067,2017-11-07 20:19:39,530195,@AppleSupport Thank you,AppleSupport
1761501,2017-11-07 20:20:25,530074,@Uber_Support I was charged more than half of my original fee and my receipt shows a different destination address and longer time driven.,Uber_Support
1762555,2017-11-07 20:20:33,530313,@115913 @115911 this is the 2nd and final week I’m going to try resolving my 7 Plus staying on Edge before I jump ship to @119511 75231,TMobileHelp
1767003,2017-11-07 20:22:49,531344,"@comcastcares area code 32210 is experiencing outage right now for Wi-Fi, cable, and phone. Is this still a nationwide problem?",comcastcares
1761265,2017-11-07 20:24:02,530034,@AppleSupport 11.1 on a 6S,AppleSupport
1761362,2017-11-07 20:24:41,530051,"@AmazonHelp Hi, it’s showing as despatched, due today 😕 https://t.co/Ns9LURwqPJ",AmazonHelp
2611179,2017-11-07 20:25:47,570961,@115888 for the 3rd time in a week my downloads have once again vanished. More of my bandwidth being used again.,SpotifyCares
1762330,2017-11-07 20:29:03,530261,"@AmazonHelp I ordered a parcel with PRIME Delivery, it was supposed to be delivered on Friday but it STILL hasn’t arrived....🙄",AmazonHelp
1372452,2017-11-07 20:29:14,439408,What's going wrong with #itunesconnect ? New apps do not appear in My Apps. #apple #AppleSupport @AppleSupport,AppleSupport
1761396,2017-11-07 20:30:45,376224,@VirginTrains Thank you!,VirginTrains
1762545,2017-11-07 20:31:17,455472,"Hey @AmericanAir, huge thanks to the crew at A22 Check-in this morning. Got me and the bags to YVR even with a last minute check in.",AmericanAir
1752314,2017-11-07 20:32:30,527906,"@AppleSupport I try them all for the last 2 hours , still the Same !!!",AppleSupport
1763821,2017-11-07 20:34:22,530633,@132976 Ma la stagione 1 si può vedere visto me la sono persa? @120540,AmazonHelp
1765070,2017-11-07 20:38:18,530920,@115858 why does my phone keep glitching in the middle of me typing a message? Literally erases everything and it’s annoying.,AppleSupport
1762333,2017-11-07 20:40:07,530262,"@AmazonHelp Hi, no, just one order. First payment was taken on 4th &amp; second payment today?",AmazonHelp
1765956,2017-11-07 20:46:57,531092,@AppleSupport so where’s the update to fix the “I” bug,AppleSupport
1423069,2017-11-07 20:48:04,161035,"@AmazonHelp Hi I requested a cancellation before the product arrived, why hasn't the request been accepted",AmazonHelp
1763291,2017-11-07 20:48:14,530490,@VirginTrains Will there be any trains from Euston to Stoke On Trent tonight?,VirginTrains
1763355,2017-11-07 20:48:18,530507,@115873 your driver left my friends phone on the side of the street without us knowing instead of returning it face to face. Please help,Uber_Support
2039979,2017-11-07 20:49:32,603181,"@AppleSupport IPhone 7 still randomly going back to homescreen while using apps even apps that come from Apple. Happens a lot,Safari &amp;FB",AppleSupport
1761598,2017-11-07 20:53:11,530095,@comcastcares https://t.co/Hbfck45VAs,comcastcares
1764202,2017-11-07 20:54:46,530718,@TMobileHelp @115911 yo 🤨 https://t.co/uqVynYlsv5,TMobileHelp
1762336,2017-11-07 20:54:56,530263,@AmazonHelp It’s been updated and will be delivered tomorrow now. Thank you for your help. 😊,AmazonHelp
1763379,2017-11-07 20:54:59,530515,@Delta I dmed the flight number. I need answers.,Delta
1762162,2017-11-07 20:55:01,332057,@AppleSupport Opening apps especially horrible these days. Apple camera app &amp; Camera+ app. Both crash or hang usually when starting up. Most all sluggish,AppleSupport
1762983,2017-11-07 20:59:04,273592,@AppleSupport message app. The screenshot is what you see from their phone. From my phone it shows up in a whole paragraph form,AppleSupport
1760530,2017-11-07 21:01:06,347143,"@AmazonHelp Come on @AmazonHelp, I'm still waiting for a reply. I'd remind you that you are legally in breach of contract at this point.",AmazonHelp
2034399,2017-11-07 21:04:03,601521,"@AppleSupport since software update, no carrier service, gps issues, errors with emails &amp; txts. Rely on my phone for business, need to fix!",AppleSupport
2039804,2017-11-07 21:04:44,307178,@SpotifyCares Hey! I'm trying to change my billing details for Premium but it's asking for an NUS Card which I no longer have.... https://t.co/NlUrsfSON2,SpotifyCares
1764129,2017-11-07 21:04:52,530700,"@SouthwestAir If I have a flight where I didn't get Rapid Rewards credit, how do I get this fixed?  I can't seem to find out how online.",SouthwestAir
1763888,2017-11-07 21:05:38,530648,"First train cancelled, second one delayed with no ETD at Crewe. I suppose there’s nothing I can do but I just wanna sleep ☹️ @VirginTrains",VirginTrains
1748121,2017-11-07 21:07:51,526968,"@AmazonHelp I don't think you do understand. What are you going to do? You don't nothing this time other say let me know, why let you know?",AmazonHelp
1766790,2017-11-07 21:08:01,531301,"OKAY @115858 ! 
We never appreciated the letter ‘i’ like we should have. We have learned our lesson. 
Fix this now please.",AppleSupport
1761660,2017-11-07 21:09:52,530116,@AmericanAir Taxiing now. Thx,AmericanAir
1766736,2017-11-07 21:11:38,531284,@AppleSupport how so I️ get rid of this symbol I️,AppleSupport
931848,2017-11-07 21:13:19,341044,@Uber_Support This is the response I've gotten in all. It's ridiculous. Two major Uber screw ups in a week. https://t.co/3wojMAqPoM,Uber_Support
1766667,2017-11-07 21:14:27,531262,@115858 iOS 11.1 drains battery on my iPhone 7 - FIX IT,AppleSupport
1763810,2017-11-07 21:15:00,530630,@AmazonHelp é impossível largar esse livro! Eu realmente superestimei Stephen King 😂💓,AmazonHelp
1763885,2017-11-07 21:17:00,530648,@VirginTrains thanks guys x,VirginTrains
1761091,2017-11-07 21:17:17,529986,@AppleSupport I only have this one,AppleSupport
2678160,2017-11-07 21:17:27,583119,@TMobileHelp @115913 How can we resolve this issue?,TMobileHelp
1748709,2017-11-07 21:21:21,527091,"@AppleSupport This only happens with WhatsApp, I originally deleted it and redownloaded it. My device backs up at midnight, every night.",AppleSupport
1760501,2017-11-07 21:22:27,529866,"@AmazonHelp That’s not really going to help , I’ve looked around and nowhere to be seen and no card posted to say where it is",AmazonHelp
1763682,2017-11-07 21:24:11,530595,@AppleSupport Would it be better if I message you?,AppleSupport
1767442,2017-11-07 21:26:00,531461,i’m switching to an android if y’all don’t fix this “ i️ “ situation @115858 😡,AppleSupport
1295511,2017-11-07 21:26:42,530812,@VirginTrains Going to Crewe was told to go via derby even tho no connection this late suggest staff read timetables,VirginTrains
1766036,2017-11-07 21:29:21,531116,Llegar a casa y encontrarte con que te ha llegado esto @70433 @30911 #marvelespanini @116928 https://t.co/DVsOSYq4oG,AmazonHelp
1372456,2017-11-07 21:29:41,241751,@AppleSupport I had plenty of issues but finally got it resolved,AppleSupport
1764738,2017-11-07 21:32:54,530833,@TMobileHelp What DM?,TMobileHelp
1768196,2017-11-07 21:33:52,531640,@AppleSupport why is it when i type “i“ it comes out to I️,AppleSupport
1767668,2017-11-07 21:35:01,333899,@comcastcares @174118 @531506 @116136 @81724 @81725 .@116136 customers have been getting dismissed and screwed for too long. Zero accountability.,comcastcares
1765185,2017-11-07 21:35:04,530948,Thanks for delivering my item @115830. Came home after God knows how long to find it hanging out the front door. Lucky for both of us no-one stole it ey?! https://t.co/y2rnPj6nUq,AmazonHelp
1768191,2017-11-07 21:38:42,531638,@325211 now i’m triggered by all these mother fuckin a question marks @115858,AppleSupport
1766034,2017-11-07 21:39:40,531115,"@115830 Did the delivery driver get lost, or something? 😏 Do I get something for not being pissy about my item? 😂 https://t.co/yLtcj7ubQw",AmazonHelp
1765324,2017-11-07 21:41:42,411415,@Delta 😂 and you guys can’t even get my first name right. Come on,Delta
1766155,2017-11-07 21:42:56,531142,@115873 app wont let me add payment information- go to login on their main  site to do so- click add payment- site tells me to use uber. So far I'm  not happy with uber and I haven't even gotten started.,Uber_Support
2040302,2017-11-07 21:43:00,603283,Apple decided to delete ALL my @115948 with this software update 😿 @115858 @115858 @115858,AppleSupport
2034386,2017-11-07 21:43:25,601516,Thank for the @239217 @115911. To bad their website has like crashed so you can’t even order anything. #toogoodtobetrue,TMobileHelp
1766067,2017-11-07 21:47:36,531120,@AmazonHelp Got 2 packages delivered and both packages smell like bleach. My hands now smell like bleach. Called customer service. NO HELP,AmazonHelp
1768837,2017-11-07 21:47:58,531803,This @115858 iOS 11 update has been nothing but bugs. Please fix before I️ switch to @117159,AppleSupport
1765257,2017-11-07 21:48:11,530956,@530961 @VirginTrains Yep - so much for taking it easy. Sat down though and I’ll get home tonight.,VirginTrains
1768873,2017-11-07 21:53:20,140275,@AppleSupport do you purposely make people’s phones turn to shit right when new ones come out? 2nd time today phone randomly reset itself,AppleSupport
1767060,2017-11-07 21:57:14,531358,@SpotifyCares It works again.,SpotifyCares
1768909,2017-11-07 21:57:25,531825,@AppleSupport this new update is terrible! My phone keeps shutting off for no reason. It’s happened 3 times today. Please hurry &amp; fix 😡📲,AppleSupport
1767090,2017-11-07 21:58:29,531366,"If @AmericanAir promises you a plane has wifi, even when it doesn't, and you have work to get done, they won't do anything to say sorry.",AmericanAir
1763222,2017-11-07 21:58:49,530477,@AmazonHelp I have been on chat for 3 and a half hours. What can I do to get a refund?,AmazonHelp
2020221,2017-11-07 22:00:18,245229,"@115911 Geeze @239217 Next time, stick to in-store promo. https://t.co/aqnirh5Kyy",TMobileHelp
1769369,2017-11-07 22:02:33,531967,@AppleSupport bruh you guys need to fix this ASAP Rocky none of my posts are making sense thanks https://t.co/lV7gYgNqBK,AppleSupport
1763225,2017-11-07 22:03:05,530477,"@AmazonHelp Yes, I appealed it. Nothing happened.  They said I would get a refund when I returned lamp but refuse to give return address.",AmazonHelp
2040261,2017-11-07 22:06:16,603268,"[4] @comcastcares @TMobileHelp, ... whose ass do I need to kiss in order to make this work properly? :)",comcastcares
1768805,2017-11-07 22:06:37,531791,@AppleSupport the App Store won’t let me download or update apps can you please help?,AppleSupport
1768795,2017-11-07 22:09:52,531787,Has anybody reported to @AppleSupport the annoying spell check error when you try to use I️,AppleSupport
2020193,2017-11-07 22:11:43,597414,@115911 @239217 the panda express website and can't use the coupon help please been trying to get lunch.,TMobileHelp
1769350,2017-11-07 22:12:20,531960,I am connected... how can I tweet if I’m not connected to the internet 🤔 dammit @AppleSupport don’t let me down! Don’t make me become a hater 😂 https://t.co/xegMa3isTQ,AppleSupport
1767536,2017-11-07 22:15:01,118235,"Jeezus fucking christ, Amazon. My package is most definitely NOT on my front porch. OMFGAWD.",AmazonHelp
1950344,2017-11-07 22:15:06,579217,Thank you @VirginTrains driver/train mngr/staff @LondonMidland @120893 @115793 for your professionalism today in difficult circumstances.,VirginTrains
1770132,2017-11-07 22:15:57,532160,@AppleSupport I need help updating the ios11 for some reason it just keeps saying I have no WiFi I literally re booted and reset everything.,AppleSupport
1767599,2017-11-07 22:16:30,531491,@115873 sad too see your UK taxi drivers refusing #guidedogs,Uber_Support
1767687,2017-11-07 22:18:16,531685,@115888 so will Taylor's #reputation be on Spotify this Friday???,SpotifyCares
1753278,2017-11-07 22:19:29,157618,@AppleSupport Less than half an hour on the phone. I'll have to observe and report back to see if it continues. Thanks.,AppleSupport
1768479,2017-11-07 22:21:11,531709,@TMobileHelp when will Pixel 2 XL November OTA update be available? Other carriers have gotten it. Not T-Mobile yet.,TMobileHelp
1767508,2017-11-07 22:21:47,531477,Awhh man @115830 why are you late with my #SonicForces I pre ordered it for today! Now I gotta wait till tomorrow :(,AmazonHelp
1089011,2017-11-07 22:23:27,376901,This is why I don't fly @Delta - 30 minute #delay turns into another TWO HOURS after getting on the plane. Plane checks should have been done before boarding! And where is your #customerservice ?! #delta #airlines,Delta
1769310,2017-11-07 22:24:46,531944,I️ need you to fix this bs @115858,AppleSupport
1767713,2017-11-07 22:25:43,160551,@SouthwestAir I usually ask for two because they’re my favorite snack,SouthwestAir
1766673,2017-11-07 22:27:39,531265,@AppleSupport Thanks!,AppleSupport
1768231,2017-11-07 22:29:06,531650,@AmazonHelp your amzl us delivery person claims they tried to deliver our package but nobody was home. Please just go back to usps/ups.,AmazonHelp
1770146,2017-11-07 22:31:50,532166,@115858 @AppleSupport CAN YALL FIX THAT “I️” issue already omggggggggg. Y’all gonna make me switch to galaxy for real.,AppleSupport
1088963,2017-11-07 22:33:41,376888,@Uber_Support I️ don’t see any space to provide a note. So how would I️ be able to communicate?,Uber_Support
1769993,2017-11-07 22:35:00,532122,@115858 @AppleSupport why is spell check replacing “I” &amp; “it” with “A (and a symbol with 3 lines)”when I’m using my outlook email #annoyed https://t.co/g24LhIW8zm,AppleSupport
1768450,2017-11-07 22:35:48,531699,@117540 @115911 @344970 @17323 Frustrated that TMO revoked the Astros MLB World Series Champions hat to Houstionians by forcing an app update even before store opening!,TMobileHelp
1768223,2017-11-07 22:36:03,531646,"@AmazonHelp verging on the 2nd straight order where it doesnt arrive on time, and this one hasn’t even shipped https://t.co/G9FdFREeVA",AmazonHelp
1754487,2017-11-07 22:36:15,528426,@comcastcares All's well.  Thanks,comcastcares
1762930,2017-11-07 22:37:43,530398,@AppleSupport Appreciate y’all help! It worked,AppleSupport
1768245,2017-11-07 22:41:23,531653,@AmazonHelp Est t'il possible de renvoyer dans ce cas ?,AmazonHelp
1760290,2017-11-07 22:43:37,529805,@AppleSupport I️ updated but I️ still see this mess https://t.co/gqzB8oTkmx,AppleSupport
1768387,2017-11-07 22:43:48,531683,"@SpotifyCares Not entirely sure what version at the moment.. Using an iPhone, T-Mobile",SpotifyCares
1769028,2017-11-07 22:44:33,511327,30 minutes to reach the 72hr mark @115911 said it would take (max) for them to send me the unlock code. Tic toc... @TMobileHelp,TMobileHelp
1762311,2017-11-07 22:47:16,326485,@AmazonHelp Can you call me 352-274-8313,AmazonHelp
2003708,2017-11-07 22:47:50,494724,"@VirginTrains Already been, where I paid for my mini cheddars 👍🏻 no freebees for me!",VirginTrains
1760256,2017-11-07 22:48:50,529797,@AppleSupport 11.1 (15B93),AppleSupport
2040618,2017-11-07 22:52:08,603371,"These damn question marks in my messages are pissing me off!!!
How do I️ Fix this @115858  ?!
What’s going on?",AppleSupport
1088962,2017-11-07 22:55:34,376888,@Uber_Support Well it has not been available to me for 2 months now and these rides are not getting any cheaper.,Uber_Support
1769018,2017-11-07 22:55:39,531859,@AmericanAir Do you give discounts for travelling to family funerals?,AmericanAir
1767498,2017-11-07 22:56:32,531475,@531474 @AmazonHelp Well you learn something new every day.,AmazonHelp
1760229,2017-11-07 22:57:06,529787,"It’s fine @115858 , me guess me will never use The Letter Who Must Not Be Named again. 👍🏻",AppleSupport
1769618,2017-11-07 23:01:57,532030,"@239217 Hi! Seems like the site's been down for over an hour, so we couldn't use the @115911 Tuesday promo. Any help? Thank you!🐼",TMobileHelp
1762988,2017-11-07 23:02:29,273592,"@AppleSupport DM, you all never respond to DMs",AppleSupport
1877965,2017-11-07 23:03:04,560561,Man! I freaking love @SouthwestAir. That's all for now.,SouthwestAir
1723914,2017-11-07 23:03:25,532186,@120465 ひぐらしのなく頃に解をどうか配信お願いします😭,AmazonHelp
1776263,2017-11-07 23:05:20,533775,@115858 @AppleSupport you have to fix this I️ problem!,AppleSupport
2040614,2017-11-07 23:08:24,603369,@116130 @SpotifyCares when will Alexa be able to play Spotify on the One and via Echo Dot? It’s linked but when I try it says not enabled,SpotifyCares
1776290,2017-11-07 23:09:35,533782,@AppleSupport when is his I️ issue getting fixed?,AppleSupport
1759854,2017-11-07 23:09:43,206775,@TMobileHelp I sent you a dm,TMobileHelp
1772041,2017-11-07 23:13:16,532615,"Dam..... Mussing HOV! @AmericanAir  #444TourDallas 
#GOAT  #BestRapperAlive    #RealHipHop  #JayZ",AmericanAir
1776304,2017-11-07 23:13:26,533786,"@115858 @AppleSupport I am having a problem and find others with the same. Typing ""I"" on my iphone changes to A and a symbol. Started with latest iOS upgrade. #HELP!",AppleSupport
1776847,2017-11-07 23:16:33,388046,@AppleSupport what's with my Bluetooth turning on every time I turn my phone on? My wife's does it too.,AppleSupport
1770234,2017-11-07 23:16:34,532181,@115821 thanks for a broken tablet and only 15% off something that may not work. Super disappointed just wanted it fixed #wasloyal,AmazonHelp
1759724,2017-11-07 23:18:09,529656,@Uber_Support I already have. And that’s where I got the response basically saying “sorry but oh well better luck next time”. If I ate the food and died from an allergic reaction what would have happened? Instead I have to pay for what I couldn’t eat?,Uber_Support
2040678,2017-11-07 23:21:02,603391,Hey @TMobileHelp my wife and I can't get the @239217 site to work for T-Mobile Tuesday! Help!! We both have codes we want to use!,TMobileHelp
1776806,2017-11-07 23:21:14,533917,Hi @AppleSupport ! Can you help me ? I just can’t update to IOS 11.1 . It is already downloaded but when it goes to verify to instal it says there is no connection with the internet (and there is). Ps: already rebooted,AppleSupport
1775956,2017-11-07 23:22:01,533677,"@Delta I have an international flight this week, operated by delta but also using klm planes. First bag is free on my itinerary, I also booked using my delta Amex, so do I get one more with card free? One for international travel one for the card?",Delta
898637,2017-11-07 23:24:24,333383,@AppleSupport That’s what it continues to do https://t.co/k9RLa8k5jf,AppleSupport
1772137,2017-11-07 23:27:40,532637,@115858 fix this stupid I️ bug,AppleSupport
1776079,2017-11-07 23:28:05,533717,@115911 @239217 Unable to redeem my #TMobileTuesdays Panda Express discount. Website won’t load...,TMobileHelp
1770014,2017-11-07 23:29:04,532129,@AppleSupport @532128  https://t.co/c8d4Q182c2,AppleSupport
1770166,2017-11-07 23:29:16,532170,@AmazonHelp See attached screenshots; Amazon tracking vs USPS tracking - same number https://t.co/xOFGBFkV7h,AmazonHelp
1433349,2017-11-07 23:33:54,452805,@123765 gave us 280 characters while I’m still waiting on @115858 to fix 1 letter 🙄,AppleSupport
1776000,2017-11-07 23:35:39,533692,"@115911 The death of Panda’s website occurred on Tuesday, 11/7/2017... Sad! https://t.co/TJzfyqBk24",TMobileHelp
1777231,2017-11-07 23:37:17,231630,@115858 you can push that green message button a dozen times: nothing will happen until you cancel and try again. That’s iOS 11.1.0. https://t.co/uLHtzWWpUs,AppleSupport
1760380,2017-11-07 23:37:53,529830,@AmazonHelp .com - thank you!,AmazonHelp
1777241,2017-11-07 23:41:22,534031,Why hasn’t @115858 fixed the dang keyboard thing yet. I’m starting to sound like I’m questioning everything i say,AppleSupport
1777045,2017-11-07 23:43:06,425504,@TMobileHelp sent you a DM check it out when you are available,TMobileHelp
2017622,2017-11-07 23:43:15,494724,@379788 @VirginTrains @76112 If he gets the same treatment as the rest of the VIPs of course he loves your trains 🤦🏼‍♀️🙄,VirginTrains
1771234,2017-11-07 23:43:24,532423,@Americanair now treats u like shit if u don’t pay enough! If I wanted to travel like cattle I would go Spirit or Allegiant!  Why I luv SW!,AmericanAir
2040918,2017-11-07 23:45:02,603459,iOS 11. 100% to 53% after 30 minutes. 😡😡😡 @115858 @AppleSupport,AppleSupport
2049134,2017-11-07 23:47:07,606001,Heard the best way to help from @116136 is on here...they have basical stolen $400 and i can't get any help!!! @comcastcares want to help?,comcastcares
1776461,2017-11-07 23:47:27,533823,honestly there’s nothing sadder than tracking your @115877 and watching the driver go the wrong way...,Uber_Support
898696,2017-11-07 23:50:06,119800,@AppleSupport I already did that and it didn’t make a difference.....,AppleSupport
1776998,2017-11-07 23:51:33,181230,@239217 Your Online ordering website is a mess. Does not open even in 2017. Cannot even Redeem my free Bowl offer from @115911  @TMobileHelp Tuesday offer. Care to help?,TMobileHelp
1777390,2017-11-07 23:54:57,534075,All @Delta flight attendants seem to be in their 50’s. They should be retiring soon🤔 Are you all considering bringing on younger personable individuals to fill those shoes? #AskingForMyself,Delta
1760401,2017-11-07 23:56:02,529835,@AmazonHelp /. Now what? https://t.co/vSxBb5nZAA,AmazonHelp
1770023,2017-11-07 23:56:53,532130,@AppleSupport never mind. It’s working now.,AppleSupport
1777059,2017-11-07 23:58:42,533986,Gotta love when @115911 hooks it up with free @239217 ....cept pandas site is 💩 so never mind 🙄,TMobileHelp
1773245,2017-11-08 00:00:09,532948,Idk what this shit going on with the “I️” on keyboard but I’m about to smash my fucking iPhone if it’s not fixed by tomorrow @115858,AppleSupport
2040927,2017-11-08 00:03:57,603461,@115858 and @AppleSupport how can you return your #iPhoneX I️ guess “X” doesn’t mark the spot. Very disappointed.,AppleSupport
1734586,2017-11-08 00:08:41,523806,@AmazonHelp USPS.  Received this evening!  Thanks.,AmazonHelp
1777009,2017-11-08 00:09:25,181230,@TMobileHelp I can be extremely patient. How do you convince my hungry stomach?,TMobileHelp
1773196,2017-11-08 00:10:10,532934,.@115858 fix this I️ glitch NOW!!,AppleSupport
1777402,2017-11-08 00:13:03,208658,@SpotifyCares my account seems to have dissapeared. Can you help?,SpotifyCares
1770016,2017-11-08 00:15:49,532128,@AppleSupport Attempted restart prior to tweeting. No luck.,AppleSupport
1777560,2017-11-08 00:16:36,534116,@115911 Panda Express website is still down. Thanks for the useless offer.,TMobileHelp
1987054,2017-11-08 00:17:41,409253,This is bullshit im in pittsburgh game not available @117406 @699 @115900 #kissmyass #stupid https://t.co/OZA6b4YIab,comcastcares
1777289,2017-11-08 00:18:28,534049,@115821 @AmazonHelp 2-day shopping with Amazon Prime is becoming a misnomer. Are u growing 2 big 2 fast?  Prime items now taking a week 👎🏾,AmazonHelp
1777363,2017-11-08 00:18:49,534066,@115873 really needs to work on their costumer service. I have NEVER felt so disrespected by a company I have been loyal to. Smh #HeyyyLyft,Uber_Support
1770417,2017-11-08 00:20:28,532233,I️ know same😂 @115858 get ur shit together https://t.co/y3tegW1ZCo,AppleSupport
1770740,2017-11-08 00:22:51,532313,"@AmericanAir Can you please explain, or show me where, I can find clear answers on how EQM's are calculated? ""To calculate final EQMs earned, the multiplier for airline &amp; booking code flown is applied to this base."" Doesn't answer that ? when you don't know the multiplier?",AmericanAir
1777464,2017-11-08 00:24:17,395463,Does @115911 really thimk I'm going to pay $25 extra just to stream properly? Heck no. I'll just find another internet provider.,TMobileHelp
1773444,2017-11-08 00:25:05,533005,So like @115858 when the actual fuck are you going to fix this glitch ?,AppleSupport
1869849,2017-11-08 00:27:57,558472,@SouthwestAir my sister is 14 &amp; flying with my mother to see me. What does she need for identification to get on the plane??,SouthwestAir
2041122,2017-11-08 00:28:25,149760,@AppleSupport I Have a quick question please DM me,AppleSupport
1777451,2017-11-08 00:31:32,534093,"@TMobileHelp I sent one, currently waiting reply",TMobileHelp
1773655,2017-11-08 00:32:04,331502,Never realized how often I type the word I until now... 🤦🏽‍♀️ @115858,AppleSupport
1771856,2017-11-08 00:36:10,303368,"@532576 It’s a looker like, unfortunately just doesn’t want to turn on. @115830 have royally screwed me over. https://t.co/hAd2xjjE55",AmazonHelp
1773917,2017-11-08 00:36:11,533130,For the love of God @115858 fix this stupid glitch,AppleSupport
1778107,2017-11-08 00:37:45,346364,"@115911 Yes, I did. I didn't mind that I couldn't get one myself, but my brother lives in Humble and wanted to get one but never got the email. I was trying to help him out. 😕",TMobileHelp
1778073,2017-11-08 00:42:03,534233,Hey @115911 I would have really liked to have my free bowl date night tonight but looks like the website is down. Any word on this? #PandaExpress,TMobileHelp
1769969,2017-11-08 00:43:08,532117,@AppleSupport I did it! Did it work?? 🙈🙈,AppleSupport
997390,2017-11-08 00:46:09,356177,"@AmericanAir flight attendants seemingly overly embarrassed by the lack of service, and other customers talking about the disappointing service.",AmericanAir
1734382,2017-11-08 00:46:18,523743,@AppleSupport 7s,AppleSupport
1778564,2017-11-08 00:46:32,534382,"I’ve just been sent twenty sms verification codes from Uber. Anything you’d like to share, @Uber_Support ?",Uber_Support
1774808,2017-11-08 00:46:45,533366,@AmazonHelp You calimed my order would arrive the day after I ordered it and you lied. I ordered it on the sixth and its coming on the 8th. I'm pissed.,AmazonHelp
1778608,2017-11-08 00:49:12,534400,@115911 #tmobiletuesday coupon for @239217 doesn’t work since site is down. Last week @343 said the gift cards were empty from Tmobile Tuesday. I see a pattern. #wtf 😭😭😭😭😭,TMobileHelp
1771179,2017-11-08 00:50:21,532413,"@AppleSupport 

hows everything over there? https://t.co/jhi2K1tc2n",AppleSupport
1770979,2017-11-08 00:57:10,532375,@115858 first “i” now you’re coming for “o” ? When does the suffering end ?? https://t.co/8EIvy8c6e2,AppleSupport
1770584,2017-11-08 00:57:51,529675,@comcastcares You don't apologize. Customer service is bottom on list of priorities screwing customer on the top  #scumcastsucks,comcastcares
2569439,2017-11-08 00:58:51,728754,"OMG Amazon Prime really just tried to get me for $99 after I signed up for that free trial 😂 My bank said ""ya thought.""",AmazonHelp
1770667,2017-11-08 00:59:09,532291,"I tried to redeem my @239217 bowl from @115911 but the 🐼 website wasn't working, so the restaurant wouldn't honor the code. 😡",TMobileHelp
1771540,2017-11-08 01:01:14,532506,Can you fix my phone @115858,AppleSupport
1869832,2017-11-08 01:02:45,558467,@Delta flight to Memphis 2 hours delay and 2 gate changes.... fl3519 come on get it together,Delta
1770489,2017-11-08 01:04:36,207848,@115821 my prime package was expected today and now it's saying it may not be here until Friday! What the heck,AmazonHelp
2041668,2017-11-08 01:06:44,603687,@603688 @70785 @70786 @70787 @115858 hasn’t found a fix for the autocorrect so I’m still showing the exclamation/question mark! 😠,AppleSupport
1428692,2017-11-08 01:09:35,451866,@115888 please put the lyrics back in the desktop app i need it,SpotifyCares
1770539,2017-11-08 01:09:56,532257,@Uber_Support already did that. currently caught in a support thread of doom that is sending me to an article on how to request data for Third Party use 😤,Uber_Support
2041659,2017-11-08 01:10:41,603684,I️ think it would be just swell if @115858 fixed the weird issue iOS 11.1 is having with the letter “I️”. I️ never thought I️ would complain about not having autocorrect. But it sucks.,AppleSupport
1770604,2017-11-08 01:12:46,201154,"@TMobileHelp Thanks, It just looks like my Panda Express dinner is not going to happen. Simply I cannot website in my PC,mobile or anywhere else.And d coupon dies tonight.",TMobileHelp
1772289,2017-11-08 01:14:15,169063,"Preordered my @115786 scorpio from @115821, but won't be getting it today. Bummer. Why is it coming late? Why bother pre-ordering?",AmazonHelp
1777246,2017-11-08 01:17:55,534034,@AppleSupport Actually it just installed. Not sure what was going on but it’s all good now. Thanks!,AppleSupport
677234,2017-11-08 01:20:24,427519,@115911 I pre-ordered mine &amp; @115817 lost it. I’m upset I have to wait for mine until you guys investigate it. &amp; I get nothing to compensate the wait.,TMobileHelp
1762933,2017-11-08 01:23:12,530398,"@AppleSupport I need help lol, can y’all shout me out on twitter and IG so I can get some more followers 🙏🏾😊 thanks I’ll be an even happier customer",AppleSupport
1771851,2017-11-08 01:23:59,532574,So it is disappointing when you do two day shipping and your package is late and now 3-4 days #Amazon,AmazonHelp
2041186,2017-11-08 01:26:37,603526,@115911 @239217 not happy your website is down. Walked out of your store with no food today 🐼☹️,TMobileHelp
1772164,2017-11-08 01:28:27,532644,My phone is just vibrating  on it’s own and making a weird noise 🤷🏾‍♂️ @AppleSupport,AppleSupport
1772994,2017-11-08 01:34:38,532875,@115821 2nd delivery today. There r notes on my acct too. Can your logistics people read? https://t.co/d9VaJhHqMa,AmazonHelp
1772132,2017-11-08 01:35:28,532636,Anyone else having issues with Apples App Store? I’ve tried signing out and in but still not updating any apps they just keep loading 😭 @AppleSupport,AppleSupport
1771913,2017-11-08 01:36:36,532590,"@TMobileHelp I send you guys a DM regarding the Panda Express promo, please respond!",TMobileHelp
1772140,2017-11-08 01:41:26,532638,Seriously I can’t stop crying I don’t know why this has happened I’ve lost literally HALF of your donations to @AppleSupport this has ruined my chances at my career before they even started. https://t.co/qvy3wWKQWS,AppleSupport
1773008,2017-11-08 01:43:08,532879,@AmazonHelp Why can’t AMZL ever driver anything on time? Preordered Xbox One X in August and for months delivery was for today yet at 7:30 (said by 8 prior) now it says if it’s not here by the 10th come back for more options. Ridiculous.,AmazonHelp
1772341,2017-11-08 01:44:29,532698,@115873 ripped $6 off of me when the driver stopped a block away from pick up spot and I couldn’t walk over. Switching to @115879 #Uberstories,Uber_Support
2107946,2017-11-08 01:45:04,621991,@SouthwestAir Customer service at its finest ⚡️,SouthwestAir
2041648,2017-11-08 01:45:22,603680,Yo @AppleSupport when are you gonna fix this buggy ass iOS we got running? Shit is so trash I️ might convert to android,AppleSupport
1774740,2017-11-08 01:48:09,533348,Gonna need Apple to fix whatever this glitch is with the letter “I️” on iPhone. Get it together @115858,AppleSupport
1428671,2017-11-08 01:50:41,451860,.@115911 you're really testing me right now 😡😠😡,TMobileHelp
1774469,2017-11-08 01:53:39,533270,I️ have never regretted an @115858 iOS update more than I️ do right now. #ificouldturnbacktime #iphone #glitch,AppleSupport
1772264,2017-11-08 01:55:46,211840,@amazonhelp I would inform your delivery folks that this is NOT “handed directly to a resident.” #Lazy #UpPrivateDriveway https://t.co/7yDXGF08hm,AmazonHelp
1832216,2017-11-08 01:56:37,549732,"Landing gear wouldn’t retract &amp; steering issue. @AmericanAir crew total pros. Turned around, landed, Fireman visit! Rebooked and on way. https://t.co/Sa6UKvwmzC",AmericanAir
1772189,2017-11-08 01:58:07,532652,"@AppleSupport Thanks for responding! Since updating I can’t connect to wifi at all. The toggle is greyed out. Tried the sleep/ side button, also the various resets etc, all to no avail. Really frustrating.",AppleSupport
2094740,2017-11-08 02:00:19,618878,2 years @126768 no problems. @115900 5 days 3 tech agents later still no cable n u wana charge me to fix it? Cancelling service!,comcastcares
1774699,2017-11-08 02:01:39,533333,also why does ios make all my “i’s” ! and a question mark @AppleSupport answers plz 😤 https://t.co/hRFM8J6XIQ,AppleSupport
1772655,2017-11-08 02:03:37,158374,"@AmazonHelp @115850 have prime membership. booked #samsungnote8 . should be delivered today but recieved message it will be late. it can,t happen as will be out of town n can nt recieve after today. @115851 @1840",AmazonHelp
1465664,2017-11-08 02:09:55,460193,@TMobileHelp Yo,TMobileHelp
1773257,2017-11-08 02:10:26,532953,@532954 i️ just tried doing this and it literally won’t save it and won’t work for me i️ hate my iphone @115858,AppleSupport
1773318,2017-11-08 02:12:54,532967,It would happen to me when I order @70693 through @115877 that my pizza gets here w/ everything on it except the meat...,Uber_Support
1773519,2017-11-08 02:14:15,533025,Do you know I ordered a phone case &amp; a note book from @115821 &amp; the package that was delivered was empty????,AmazonHelp
2041597,2017-11-08 02:14:38,439390,Yooo @115858 fix your bullshit glitch in the iPhone where if you type “I️” some dumb question mark emoji pops up...,AppleSupport
1774409,2017-11-08 02:18:46,533249,@AppleSupport please fix the glitch that is changing the letter “l” into weird symbols. Thanks,AppleSupport
1465758,2017-11-08 02:20:05,460212,@115888 how long until you’re updated for the iPhone X screen? why is it taking so long,SpotifyCares
1772893,2017-11-08 02:22:19,532845,"@AppleSupport Thanks but my issue is that a backup won't actually backup the Apple Music files because they're encrypted, it'll only back up my library",AppleSupport
1772954,2017-11-08 02:24:02,532865,@AmazonHelp Sure did,AmazonHelp
1549953,2017-11-08 02:29:23,479728,@479729 That question mark gonna drive me crazy if @115858 doesn’t fix that bug by the time my phone shows up.,AppleSupport
1773553,2017-11-08 02:29:35,533035,@Uber_Support I’m having a hard time getting into my account bc the number I used when I registered it is no longer my number sos I’m trying to use Uber eats 😭,Uber_Support
2108378,2017-11-08 02:32:08,124032,"@AmericanAir I know, your crew (and your social media team) always takes fantastic care of me. It's doubtful I'll be able to squeeze in 20k miles in the next 54 days.",AmericanAir
1773717,2017-11-08 02:32:48,533084,"I never believed the “previous iPhones no longer working when a new iPhone comes out” bc it just looked like a coincidence or whatever y’know, but I’ve literally had to reset my phone 18 times in the last 24 hours bc apps stop working and it just keeps freezing so fuck u @115858",AppleSupport
2094997,2017-11-08 02:34:56,618936,"Dear @Delta Airlines, what according to you is a reasonable time to address broken baggage claims?",Delta
1773719,2017-11-08 02:36:23,533085,See what I️ did there ? @AppleSupport,AppleSupport
397329,2017-11-08 02:37:55,522965,@115850 Winner u fake peolple,AmazonHelp
1774892,2017-11-08 02:40:07,156991,Why the fuck do I️ keep seeing these fucking boxes with question marks on my timeline!? This shit is pissing me off. Y’all better fix this shit @115858,AppleSupport
1773621,2017-11-08 02:43:20,533054,My headphones just shocked me and I’m pretty sure that’s not supposed to happen... @115858,AppleSupport
1773507,2017-11-08 02:45:49,533023,"@AmazonHelp I ordered some stuff,and it offered me prime shipping which I gladly accepted it.I check my bank statement today and they charge me almost $12.so I called and they say because I use the free one months ago,but when I was checking out it never told me I was ineligible for it",AmazonHelp
2041556,2017-11-08 02:47:35,329366,@AppleSupport I keep getting this message when attempting to update my #applewatch on both WiFi and cellular data https://t.co/p4nOZzl5JX,AppleSupport
37131,2017-11-08 02:48:34,549716,@115913 Maybe if we actually got the free stuff it would be cool. These panda express ones don't actually work when their online site isn't running properly. So I miss out on my free thing and my discount. Where's the free stuff?,TMobileHelp
2093867,2017-11-08 02:52:01,618684,like it’s a bunch of boxes and shit??? @115858 i need answers,AppleSupport
997395,2017-11-08 02:53:33,356177,@AmericanAir Thank you.  Look forward to hearing from you.,AmericanAir
1774062,2017-11-08 02:56:38,533169,@AppleSupport fix the 👁 shit,AppleSupport
1773757,2017-11-08 02:58:52,336284,@115850 @115890 @6340 I didn't receive the free games as per #amazon pre launch offer for Xbox one S in india.,AmazonHelp
2094679,2017-11-08 02:58:58,618861,@comcastcares I'm still having internet issues. Anyone else?,comcastcares
1775084,2017-11-08 02:59:42,533444,"@Uber_Support we sent one of our players a $100 Uber gift card. He added it to his account but he gets a ""Not available in your region"" message when trying to use it as payment. How do we get our $100 back?",Uber_Support
2093840,2017-11-08 03:00:16,599872,@115858 when are you guys gonna fix the fucking glitch that changes the text? #Appledontcare,AppleSupport
1774474,2017-11-08 03:07:06,533272,Dammit @115858 I️ don’t have time for your bullshit.  Get your shit together. # ❓,AppleSupport
1774000,2017-11-08 03:09:17,533153,Ok apparently with Amazon Flex they have the driver take a picture of my house to let me know my package was delivered. NO THANKS. Go back to using UPS so my shit will arrive at 5 instead of 9 at fuckin night,AmazonHelp
2093836,2017-11-08 03:10:14,618674,@115858 I️ would like to be able to type I️ please help,AppleSupport
1773712,2017-11-08 03:12:24,279780,"@AppleSupport Not yet, I'll give it at. Thanks!",AppleSupport
1774917,2017-11-08 03:15:51,533398,Omg I️ fucking hate you apple !!!  @115858 why the fuck is I️t after every update you gotta fuck everyone else up with your dumb update I️ can’t even use the letter ℹ️ without I️t having an explaination mark and question mark showing !!,AppleSupport
1773227,2017-11-08 03:21:22,532943,@AppleSupport DM??,AppleSupport
953913,2017-11-08 03:24:41,346345,"@115911 , updated to CSet 28.4, NO LTE, call drops, terrible experiences since a week, thought of changing other carrier but i don't want to do, since a year there is no issue but now facing huge issues.",TMobileHelp
2041720,2017-11-08 03:24:59,603705,@115858 @AppleSupport 🙃 https://t.co/Q7J5qyfJKi,AppleSupport
1774081,2017-11-08 03:25:30,533173,@115850 #AmazonPrime yours service in india is worst I hv very bad experience,AmazonHelp
2093796,2017-11-08 03:29:17,618657,So Ive had an iPhone since the series 3. Never had a cracked screen. Have had the X for four days and CRACK. Wtf @115858 I want my $ back,AppleSupport
1774094,2017-11-08 03:32:18,533175,@115821 you locked my acct bc we had a cc hacked. Please contact me. I’ve updated my acct cc but still locked!,AmazonHelp
1465687,2017-11-08 03:32:47,426091,@comcastcares I’ll wait on pins and needles for a timely resolution 🙄,comcastcares
1844535,2017-11-08 03:33:15,552599,@Uber_Support Ok so now what,Uber_Support
2093747,2017-11-08 03:34:19,618641,I️ AM GOING TO HURL MY PHONE BECAUSE OF THIS GLITCH. @AppleSupport !!! PLEASE. FOR THE LOVE,AppleSupport
2105235,2017-11-08 03:40:18,621410,@621409 Funny. I was just talking about that with co-workers tonight. iOS 11 has totally fricked up my iphone. @AppleSupport,AppleSupport
1769640,2017-11-08 03:43:24,532037,@SouthwestAir That didn’t answer my ??.  I’m asking why the flight offerings keep changing? Is it seasonal?,SouthwestAir
2106008,2017-11-08 03:44:40,621576,@AppleSupport @115858 I’ve been an Apple user for years. But with this latest update I’m going to be switching to Android.  :(,AppleSupport
1776501,2017-11-08 03:46:13,376905,@Delta @824 Thank you!,Delta
2105982,2017-11-08 03:48:05,621569,Hi @AppleSupport! Can you please fix the iOS 11 bugs on messages of 6s? Thank you!,AppleSupport
1774568,2017-11-08 03:48:12,533295,"https://t.co/ho9nUxGv9t
Without delivering, my order status updated to delivered.upon complaining delivery boy talked in rude way and threatened me,after that got text msg that I refused to accept the order.No action yet taken.
I suggest not to purchase anything from Amazon. https://t.co/0BsMjrvMZc",AmazonHelp
1774215,2017-11-08 03:53:27,533203,@AppleSupport Thanks😌 lol,AppleSupport
2105921,2017-11-08 03:59:42,621548,"@115858 my iPhone 7 keeps freezing , I’m having typing issues , it won’t update even when it’s connected to WiFi",AppleSupport
126245,2017-11-08 04:00:35,144330,Landed early at LAX AND have a gate?! @AmericanAir - are we in love again?!,AmericanAir
1881191,2017-11-08 04:01:36,561418,@115873 why won't my credits apply to the ride?,Uber_Support
1925747,2017-11-08 04:03:53,573180,@115888 we want iPhone X compatibility pleeeeeaaaaaaase I’m begging you ahhhhhhhhhhhh,SpotifyCares
682012,2017-11-08 04:05:55,282759,"@115858 “I️” showing up as “A ?”Also, trying to install IOS 11.2 beta 2 &amp; keeps saying I’m not connected to wifi when I️ definitely am. #fix",AppleSupport
1774358,2017-11-08 04:09:07,533237,"@AmazonHelp I did, waiting for the email I need within 24-48 hours. I wish I knew why it was only one payment that got recharged. I'll find out soon I guess.",AmazonHelp
2116343,2017-11-08 04:13:13,623854,Come on @AppleSupport  this I️ thing is ridiculous.    I️ would have thought you would figure this out by now.,AppleSupport
2106393,2017-11-08 04:17:29,621682,&amp; f*** @115858 for this stupid “I️” thing. Wtf man I’m over it,AppleSupport
2105968,2017-11-08 04:21:41,621565,"@13081 im kind of over the glitch, @AppleSupport. please help.",AppleSupport
1832100,2017-11-08 04:23:43,549696,"Amazon is 0 for 2 today. One package hucked over my fence into a puddle, the other marked delivered 10 minutes ago and nowhere to be found.",AmazonHelp
1774368,2017-11-08 04:24:20,513477,@Uber_Support Check your DMs,Uber_Support
2105979,2017-11-08 04:24:54,621568,.@AppleSupport @115858 WHAT IS TAKING YOU SO LONG TO FIX THE TEXT I️ BUG!!!!!,AppleSupport
1464494,2017-11-08 04:28:16,225816,@115888 i cancelled your subscription but y’all still charged me $10???? i want a refund https://t.co/Q1MoDyJIbc,SpotifyCares
682105,2017-11-08 04:29:03,282793,"For the record, the iPhone bug changed from being an “A” and then the question mark box to now an “!” and the question mark box. I’m prepared to whine about this until it gets fixed kthxbye @115858",AppleSupport
1775060,2017-11-08 04:31:15,533438,That moment when @115821 claims they delivered your preordered @115786 One X &amp; it's nowhere to be found 😔serious disappointment #thanksAmazon,AmazonHelp
2117326,2017-11-08 04:32:42,624065,"Sooo about this ""this accessory may not be supported"" message I've been getting over the last 2-3 days no matter which charger I use @AppleSupport",AppleSupport
953902,2017-11-08 04:34:49,346342,I’m tired of @115911 giving people who join free shit but people who been loyal costumers the same old crap.,TMobileHelp
2106422,2017-11-08 04:37:14,621690,@AppleSupport it’s unbelievable you can’t fix a fundamental keyboard bug in a timely manner. You’d rather everyone look like illiterate assholes and use a lower case ‘i’ #apple #applebug #lame #amateurhour #qa101 #fail 😡,AppleSupport
2117274,2017-11-08 04:39:59,624046,"@AppleSupport I used to have an iPhone 6 that was a pleasure to use until the latest iOS updates , now it’s slower than a sleeping sloth",AppleSupport
2117312,2017-11-08 04:43:44,624060,Oh and @AppleSupport this whole I️ nonsense is some bullshit.,AppleSupport
1832107,2017-11-08 04:45:41,549698,@115850 charging different price for same product from same seller.Then what is the advantage of having prime membership if you add the delivery charges to the product . Suggest me from which seller i should buy. @115821 @AmazonHelp https://t.co/daHNwxn1bb,AmazonHelp
2114545,2017-11-08 04:47:46,623425,"#comcast where is #weather scan, why did you shut it down #idiots",comcastcares
1772619,2017-11-08 04:49:41,532771,@AppleSupport See previous tweet for example. iMessage works though.,AppleSupport
1832104,2017-11-08 04:54:35,549697,@115850 @115821 14 fraudulent transactions on my card. Seems like a major data breach. Very concerning. Have closed my account @115851 https://t.co/u4QBOGGzHD,AmazonHelp
2117159,2017-11-08 04:59:29,624011,Really annoyed with this autocorrect from turning the personal pronoun into I️ @115858,AppleSupport
1968421,2017-11-08 04:59:46,583231,@Uber_Support Was Rider Zero when uber launched in my city. This habit of drivers accepting rides well beyond their current location is something that should be checked,Uber_Support
2107783,2017-11-08 05:00:55,621949,"You know it’s bad enough that my 89yrold Grandma had to bury her last sibling. It’s even worse that a @SouthwestAir staff member stole the obituaries out of her suitcase by breaking the zipper, on her checked luggage .",SouthwestAir
1869792,2017-11-08 05:01:11,558457,"@115821 One of my favorite things to do is walk from apartment to apartment looking at the packages on my neighbor's doorsteps, seeing my name, then snatching it up feeling like a criminal stealing someone's mail😂",AmazonHelp
2116316,2017-11-08 05:06:42,623845,"@115858 I’m too lazy to continually make sure my I️ is actually showing up as I. And I️ keep forgetting to put EYE instead of I. And I️ tried that text replacement thing through the settings, but that’s not working. I️ don’t wanna buy the X man 😭",AppleSupport
2089398,2017-11-08 05:10:08,617625,@617626 @VirginTrains maybe 😛,VirginTrains
2093800,2017-11-08 05:14:28,618659,@AppleSupport Okay but that’s not proper grammar,AppleSupport
2335484,2017-11-08 05:15:26,675774,身に覚えなさすぎだから、ちょっと黙っとれ#アマゾンジャパン https://t.co/RKZ0bLm3rI,AmazonHelp
2084675,2017-11-08 05:15:33,616507,"@SpotifyCares 
Hello, I just sent a private message about a problem in my artist profile.",SpotifyCares
2093758,2017-11-08 05:19:16,326139,@AppleSupport thank you I think I got it,AppleSupport
1881153,2017-11-08 05:22:41,561412,"@AmazonHelp geting calls from this number 7481900260 for bank details and UID
Its a con plz chek and stop itor else many people will get dupped.",AmazonHelp
2117133,2017-11-08 05:27:33,624001,Hey @AppleSupport can y’all please fix the glitch,AppleSupport
1765941,2017-11-08 05:31:51,154498,"@AppleSupport I know what it is, it just looks a bit misplaced to me.",AppleSupport
1754287,2017-11-08 05:33:41,528376,@AmazonHelp Please reply on this..and provide winners announcement link also,AmazonHelp
1844530,2017-11-08 05:34:09,552598,@Uber_Support @552597 Had the same kind of experience. @Uber_Support has auto bots for replies which are mundane.,Uber_Support
2108190,2017-11-08 05:36:58,622043,@AmericanAir I’ll be patient in my main cabin seat while someone who flies less than I do sits up front because the system has to play “catch  up!”,AmericanAir
2118428,2017-11-08 05:42:47,531288,@AppleSupport when you gonna fix the I,AppleSupport
2106000,2017-11-08 05:48:14,597568,@AppleSupport  My phone auto updated in middle of night on WiFi. And Eye hate 11.3 on my 6s. Almost a month my phone has been unusable! Considering abandoning my iPhone altogether. Bring back iOS 10!,AppleSupport
1910354,2017-11-08 05:49:53,569104,@116618 Any chance of releasing @132976 on #Bluray?,AmazonHelp
2086440,2017-11-08 05:50:36,616924,@Uber_Support so i get a driver that starts the trip without me in the vehicle makes no contact and then ends the trip and I'm charged for it????,Uber_Support
2117901,2017-11-08 05:57:46,624198,Why do capitals i’s show as question mark boxes @AppleSupport,AppleSupport
1910367,2017-11-08 05:59:18,569108,So amazon charge me $42 for Sonic Forces even though I canceled it before it shipped lmao,AmazonHelp
2117876,2017-11-08 06:05:11,624188,Dear @AppleSupport y’all real talk mad buggin ever since that iPhone X came out ya boy can’t type the letter eye without this bull “I️” You got 72 hours to fix it B or it’s finna get real funny up in this joint AND THATS FACTS SON!!!!! 💯,AppleSupport
1917104,2017-11-08 06:10:09,571007,"@115821 
I have requested for refund and return of mobile Moto g5s plus 6 days ago and also called customer support 4 times the same ans I got that it will be pick up soon.
Yesterday , customer service told it will be pick in morning till 7 but there was no mail from Amazon..",AmazonHelp
2135352,2017-11-08 06:12:11,345630,@628232 @345629 Comcast cut out again randomly my router just shut down,comcastcares
1917081,2017-11-08 06:14:56,571004,@115850 @115821 never fails to disappoint! Now they can deliver the item but cannot pick up return from the same place. Because who cares once the product is delivered right! And we talk about hassle free returns! :/ #keepitup @115821 @115850,AmazonHelp
2119434,2017-11-08 06:17:06,624586,Yo wtf IS THIS @AppleSupport https://t.co/5hAJosduzW,AppleSupport
1205475,2017-11-08 06:18:38,403134,@Uber_Support Today's uber reciept https://t.co/bnj8FZloii,Uber_Support
1772329,2017-11-08 06:22:18,532694,@AmazonHelp Thank you!!!,AmazonHelp
2119402,2017-11-08 06:27:38,624575,@AppleSupport,AppleSupport
1925657,2017-11-08 06:34:15,573159,Thought I'd be easy and order something with no rush delivery. First it's late then package and item damaged. Burden on me to return. @115830,AmazonHelp
2094840,2017-11-08 06:37:35,618902,"@Delta Hi, how can I add a BlueBiz number to an existing booking? Thanks",Delta
2119382,2017-11-08 06:39:49,624568,Also... @115858 you really gotta fix this I️ thing... it’s making me look like an idiot... I️ don’t understand why it’s not fixed yet. I️ don’t. I️ don’t get it. I️ wonder how much longer I️ have to wait. I’m gonna go nuts. #BringBackTheI #Justice4I,AppleSupport
2094503,2017-11-08 06:42:53,337222,"@117543 I'm waiting for the 600MHZ in Southern California. We really need the better service.  Need rural areas when I travel in the  Northwest 
Thanks  Tmobile  and Samsung",TMobileHelp
2135299,2017-11-08 06:44:04,628214,@628215 @115900 😭😭 I want to speak to the manager,comcastcares
1949900,2017-11-08 06:45:34,579204,"マジで！？
プライムミュージック全然活用してないから帰ったら入れよう！",AmazonHelp
2119458,2017-11-08 06:52:33,624595,"If @115858 does not fix this weird iOS bug soon, I️ am going to freak.",AppleSupport
2094300,2017-11-08 06:52:49,524876,"I have been fighting @115873 and @Uber_Support all day long. I purchased a ride pass. The flat fares portion of it is not working. I have tried to explain that to them. They do not seem to understand, no matter how clearly I explain the issue. I’m done. https://t.co/uzqphiqfoE",Uber_Support
2095111,2017-11-08 06:59:23,618963,@SpotifyCares it's not doing it now. i will try if it starts up again. it was the bottom bar and it was flashing sort of irregularly.,SpotifyCares
1968368,2017-11-08 07:00:08,583219,"@115850 Order showin Arrivng Today n ""Not shipped yet"" simultaneously.Ur help section is Helpless.#1 day guaranteed delivery a #joke.403-1439841-1901116",AmazonHelp
2120208,2017-11-08 07:01:43,624758,@115858 tf is this shit ? https://t.co/PPUYyx1TUK,AppleSupport
2120236,2017-11-08 07:11:22,624767,@AppleSupport i’m going to refer to myself in the third person until i’m able to use I️’s without getting the emojis,AppleSupport
2529627,2017-11-08 07:15:24,720167,"Vraiment pas cool @AmazonHelp livraison garantie aujourd'hui, on paye pour le Premium, et là bim je me retrouve encore une semaine sans pouvoir bosser correctement👎:( https://t.co/wVtHRi17l9",AmazonHelp
2119385,2017-11-08 07:21:58,624569,"@115858 This current glitch that is changing “I️” is affecting my career due to changing for passwords and important messages, please help.",AppleSupport
1644488,2017-11-08 07:26:46,502544,@comcastcares How good is your promise on good internet because ive never been impressed by you,comcastcares
1372482,2017-11-08 07:28:38,439416,@AppleSupport Correct Apple ID is used. Still not showing,AppleSupport
2094350,2017-11-08 07:28:59,147928,@Uber_Support It should really be available on the app. I can't always come to twitter then redirect to a link and put in my concerns.,Uber_Support
1986960,2017-11-08 07:29:03,588160,ついでにAmazonで注文してたスマホカバーのスライドパーツも届いてた、嬉しい,AmazonHelp
1986938,2017-11-08 07:39:49,588153,@AmazonHelp ありがとうございます。車内で横画面にして使うことが多いので、対応していただけるとうれしいです。,AmazonHelp
2017575,2017-11-08 07:49:02,596666,アマゾンでメイクブラシ買って、さっき届けてもらったんだけど、一つしか買ってないのにヤマトの人２つも袋持ってて「ん？」って感じだったけど、まあ名前書いて受け取って、注文履歴確認してもブラシだけで、袋の問合せ伝票番号も同じで、開けてみたら片方はバイクのパーツ入っててもうワケわからん,AmazonHelp
2106759,2017-11-08 07:49:41,621748,"@VirginTrains Enroute doesn't help the travellers stuck on the platform looking at a train over packed with customers thinking ""is this my train? Where's my carriage?""....",VirginTrains
2170714,2017-11-08 07:53:13,636767,@115858 you guys need to fix this letter I glitch! It makes me mad😡 really about to switch to Android,AppleSupport
1968350,2017-11-08 07:57:07,583218,"@AmazonHelp no I just got a promt to get the transcript e-mailed and the window auto-closed after I clicked. Reason was not given but claim to carrier was sent and it was re-rescheduled for Monday but never arrived and was told guaranteed tuesday (today) but again, never arrived.",AmazonHelp
2121766,2017-11-08 08:03:29,309031,@AppleSupport could you help me and let me know as of why am I not seeing the new colourized notifications for your @115948 app on my Android device? #help,AppleSupport
1987005,2017-11-08 08:07:24,588167,@AmazonHelp Got an email saying my “next day delivery” is now due between Nov 7-9. Yet it was supposedly on a truck in my town this afternoon. Was that a lie too?,AmazonHelp
898711,2017-11-08 08:14:32,333403,@AppleSupport Thanks,AppleSupport
815491,2017-11-08 08:15:19,314201,@AmazonHelp @115851 think u should jump in to get a happy customer your team is not even giving me a call neither want to resolve the query @115850,AmazonHelp
2017524,2017-11-08 08:21:08,596654,"@AmazonHelp thanks for the reply, but I'm more interested in other products such as computer components from Amazon and actually heard that Amazon will be fully launching in the coming weeks in Australia. So if you could give an approximate for that it would appreciated :)",AmazonHelp
2095105,2017-11-08 08:26:02,618962,"@SpotifyCares I was verified as student by SheerID, but I still get charged the full subscription amount. Any ideas why my discount isn’t applied?",SpotifyCares
2033173,2017-11-08 08:28:45,447822,@AmazonHelp everybody should see it. how you cheat.,AmazonHelp
2128128,2017-11-08 08:33:25,243693,@AppleSupport help!! I have no notifications or messages coming through to my Apple Watch!!,AppleSupport
2049080,2017-11-08 08:40:18,605991,"@605992 @116313 わあああいありがとう!!!(*´∀｀*)
みんなやさしぃーーー!!!!!",AmazonHelp
2094226,2017-11-08 08:40:46,618754,"@115877 hey, one of your delivery drivers just 'delivered' a $60 dollar meal into the void. Why is there no feedback system and no efficient way to fix this when it happens? I'm hungry! 😓",Uber_Support
2033230,2017-11-08 08:47:01,601217,@601204 @AmazonHelp This is why I don't pre order with them there service is shocking I ordered something for my son's birthday it was in stock yet I never got it took 3 weeks to arrive and when it did it was the wrong item,AmazonHelp
2121687,2017-11-08 08:48:26,625093,"@AppleSupport When I'm making phone calls, something weird will happen and it cuts the other person off but just plays-back their side of the conversation to me on a loop which is very frustrating, as I have to end the call and restart my phone to call them back. Help.",AppleSupport
2073885,2017-11-08 08:53:18,613384,.@115821 thank you ruining my gifting experience! Not only that but also for not returning my money! #neveragain #amazon #horriblecustomerservice,AmazonHelp
2033200,2017-11-08 09:05:46,601204,@AmazonHelp Out of stock apparently. And you won’t get new stock because it was a pre-order ltd edition Xbox,AmazonHelp
2121734,2017-11-08 09:07:52,625109,"@AppleSupport hi Apple, how can I check my iPhone's battery health without visiting Apple Store because there is none in my country? Thank you.",AppleSupport
2106667,2017-11-08 09:10:44,621734,@VirginTrains Yesterdays 14.30 from Kings Cross to Newcastle was amazing. Great service with everything but the WIFI. Staff were wonderful.,VirginTrains
2125592,2017-11-08 09:15:38,625964,"@ComcastCares
#mobile_CareXI yo my internet isnt working",comcastcares
264443,2017-11-08 09:17:21,179014,@AmazonHelp @82977 Dear @82978 I believe our family needs a new Internet Service Provider. I love @82979 but the 4G reception is bad in Penzing and @82977 is unreliable. Can you help?,AmazonHelp
2121610,2017-11-08 09:26:06,391056,One major issue reported by me regarding fingerprint authentication in apple developers login &amp; on forum. Still no revert :-( @AppleSupport,AppleSupport
1772956,2017-11-08 09:26:30,532865,@AmazonHelp Thanks for nothing,AmazonHelp
2084541,2017-11-08 09:31:41,311508,@115850 I am fed up of explaining my address for every order to the delivery boy. Y cant you guys assign a single person like @4167 P.S : kudos to myntra for this,AmazonHelp
21910,2017-11-08 09:38:00,120774,@120773 @AmazonHelp Lmao🤣🤣,AmazonHelp
2094193,2017-11-08 09:38:12,618737,@Uber_Support Thats fine I filled out ur survey but I'm still 5 miles from home in the freezing cold with no public transport,Uber_Support
2083488,2017-11-08 09:39:29,518608,"@AmericanAir LAX to Miami first class, no amenity kits, flight attendants pretending to not know why, minimal catering. You're better than this. When are you getting your LAX operations back to 100%?",AmericanAir
2122603,2017-11-08 09:44:09,195694,Updated my phone still typing that dumb shit 😑 @115858 FIX THE SHIT !,AppleSupport
2083436,2017-11-08 09:44:55,616174,"@AmazonHelp Thanks, will do!",AmazonHelp
2095027,2017-11-08 09:45:33,618945,@115888 and social media apps should make it possible to attach a song to a photo you want to post. Have a 15 second snip of the song.. hmm?? #ideas #makeithappen #please,SpotifyCares
1759039,2017-11-08 09:50:52,529487,@AmazonHelp Want to buy #motoG5Splus availing exchange offer which is not permissible on my location.. so i want to avail the order on any third party location or establishment where @115850 can deliver and exchange the product,AmazonHelp
2089306,2017-11-08 09:54:24,179020,"@428606 @AmazonHelp Supposedly dispatched, but I don't understand how there is a potential 7 day delay if that's the case, but it does mean too late to cancel.",AmazonHelp
468770,2017-11-08 09:58:34,226619,@AmazonHelp What understanding? Answer me why should I suffer loss of Rs 5500 due to your mistake?,AmazonHelp
2121566,2017-11-08 10:02:16,625061,@625062 @AppleSupport Me!!,AppleSupport
2086352,2017-11-08 10:08:11,616909,"@AmazonHelp I don't understand why not... every other courier does it, it's far more efficient - must waste so much time/money for you. No safe place, it's a gated complex.",AmazonHelp
2086464,2017-11-08 10:19:50,616929,"@VirginTrains can ""connect"" easily but not a speed issue. Actual connectvity is virtually zero for the entire route (glasgow- euston)",VirginTrains
2094060,2017-11-08 10:20:10,618720,@AmazonHelp I did not get any call from the delivery guy but got this message https://t.co/ZLmcDYW7cw,AmazonHelp
1594660,2017-11-08 10:23:58,490013,"@AmazonHelp At this rate, I feel that I should be compensated for the repeated errors, which include being falsely accused of refusing the delivery. #badservice",AmazonHelp
2093981,2017-11-08 10:30:39,618707,@AmazonHelp It was a packet of hula hoops that I wanted to send as a gift to a friend,AmazonHelp
170155,2017-11-08 10:34:11,618817,@TMobileHelp  https://t.co/7b2ldQyYGT,TMobileHelp
2109824,2017-11-08 10:36:22,389501,@AppleSupport my AppStore application is going berserk. What’s happening here? https://t.co/2igxgmR3hA,AppleSupport
2094027,2017-11-08 10:36:23,618715,さっそくAmazon Music Unlimited登録してみたけど、ゆゆ式やけものフレンズとかのキャラソンも聞けてすごーい！ https://t.co/KK6IHXqNE8,AmazonHelp
2089254,2017-11-08 10:41:49,228149,@AmazonHelp They seem to be not redeemable on different sites either.. So pointless getting a voucher when I can't buy in my own country. The postage will be more than the voucher #pointlessvoucher,AmazonHelp
1766842,2017-11-08 10:46:23,531312,@AmazonHelp Why is it now an estimate when last night it was an assurance? Do you mean today or “by Saturday”? #PoorService #NotGoodEnough @115851,AmazonHelp
2102497,2017-11-08 10:53:25,227701,"@620877 @129009 @120533 Ho yes, @120533 en avait 😍",AmazonHelp
1986982,2017-11-08 10:58:28,588164,@AmazonHelp Still waiting for a response..... 5 months later #angry #badexperience #nocustomerservice,AmazonHelp
2094140,2017-11-08 11:05:46,618737,"@Uber_Support No you told me what your driver told.me when I said this wasn't my house ""sorry I can't help you you forgot the [W] in ur address",Uber_Support
2102473,2017-11-08 11:06:41,620871,@115830 do you have a UK head office number?,AmazonHelp
2109886,2017-11-08 11:10:26,461227,@AppleSupport Tried to get a recipe on my iPhone...got these virus messages. Cleared Safari history &amp; still got them. Help? https://t.co/FDUolihEM3,AppleSupport
2103006,2017-11-08 11:13:05,559518,"@AmazonHelp @115830 my order, that was supposed to be here today, is literally 10 mins down the road in your Maidstone depot but the delivery estimate is up to the 13th!? Can I collect?",AmazonHelp
2102592,2017-11-08 11:13:49,620896,Early @VirginTrains down to London for @26985 @84088 membership committee meeting. Being able to work on the go awesome 👍 https://t.co/S5bdu6lVob,VirginTrains
2102571,2017-11-08 11:18:35,620892,@Delta super disappointed in your service and I’m not even on the plane yet...,Delta
2102620,2017-11-08 11:20:10,267722,@115850 @115851   Order  # 406-9047234-6277910 plz check mail and help for the same..tnx,AmazonHelp
2093994,2017-11-08 11:24:59,618708,@AmazonHelp There is no shipping restrictions given that delivery was scheduled for today as you can check it !,AmazonHelp
2093961,2017-11-08 11:29:42,618703,@AmazonHelp Thank you,AmazonHelp
2122467,2017-11-08 11:31:51,625286,"I can’t update anything anymore on the AppStore @AppleSupport , can you help me please?",AppleSupport
2094104,2017-11-08 11:36:15,618727,"@AmazonHelp its saying i'll get a replacement, i need to return it!",AmazonHelp
2103075,2017-11-08 11:41:10,620977,"@115873 my first über cab experience in London ""I am not taking you, my seats are for people not your bags"". 😴👎🏽",Uber_Support
2102994,2017-11-08 11:41:25,620960,"É normal os pedidos da @117086 atrasarem? Faz quase um mês q comprei um livro e até hj nada dele, não consigo nem rastrear o pedido.",AmazonHelp
2116864,2017-11-08 11:46:26,623929,@SpotifyCares could you please DM me thanks.,SpotifyCares
2109786,2017-11-08 11:47:37,622419,"Hey @115858 your latest iOS update has wiped out my phone - the battery goes not long after breakfast! From full day plus, down to lucky to make it to lunchtime. Sort it out will you!",AppleSupport
2103431,2017-11-08 11:48:25,621059,"@120533 bonjour, impossible de rappeler un livreur qui tente de nous appeler mais l'appel coupe ?",AmazonHelp
2102570,2017-11-08 11:56:33,620892,@Delta My TSA precheck didn’t print on my boarding pass and the woman who was not helping anyone and had no line refused to help me because she only assisted first class - she told me to go to the long general line I was just in to get it reprinted,Delta
2104322,2017-11-08 11:57:13,621234,"amazonの荷物が届かない…
再配達依頼しても来ないのはどうしようもない",AmazonHelp
2109802,2017-11-08 12:02:13,622425,"Hey @115858, how’s it going? I️. Fix it.",AppleSupport
1410380,2017-11-08 12:04:05,447824,"@AmazonHelp いつもお世話になっております！
ありがとうございましたo(^-^)o",AmazonHelp
2102619,2017-11-08 12:07:00,267722,@AmazonHelp dear team since 4th Nov I am waiting for my resolution and ur team ask me to wait every time. I want proper solution,AmazonHelp
2109749,2017-11-08 12:14:38,622404,How has @115858 not fixed the I️ glitch yet?,AppleSupport
2125526,2017-11-08 12:16:09,281598,#Xfinity why no work?!,comcastcares
1410295,2017-11-08 12:18:07,447812,@AmericanAir This delay will cause me to miss my connection at DFW,AmericanAir
2104404,2017-11-08 12:18:24,621239,"@136301 @120533 ce n'est décidément plus ce qu'il était. Un simple papier pour protéger ma Scorpio, boîtier (on parle d'un collector à 500€ quand même...) présentant plusieurs chocs, livraison un jour en retard sur la date de sortie. Dernier achat chez eux. Très déçu. https://t.co/Zytyxkdl2a",AmazonHelp
2104709,2017-11-08 12:20:18,621296,Is uber eats here yet ?,Uber_Support
2103401,2017-11-08 12:23:06,621051,@AmazonHelp So it comes as a default when I place the order right? Only thing would be I will have to register when I receive the phone?,AmazonHelp
2109762,2017-11-08 12:25:27,622410,@AppleSupport pls check ur dm asap,AppleSupport
2104242,2017-11-08 12:28:17,621222,Grazie @120540 ordine arrivato 📘 https://t.co/HmGc5irDy1,AmazonHelp
2104238,2017-11-08 12:35:36,621221,"@116928 @137605 Hola, me gustaría poner una reclamación para correos porque desde lunes que me tienía que llegar un pedido estamos a miércoles y nadie sabe nada! Desde lunes lleva en reparto y aquí no aparece nadie y esto es el colmo, es una vergüenza!!!",AmazonHelp
2111505,2017-11-08 12:38:04,622812,"Am I️ the only person that’s having huge issues with the new iOS 11.1 update?! Every time I️ type in “I️”, it’s appears with an A and a square with a question mark in it?! @AppleSupport @115858 FIX THIS.",AppleSupport
1764534,2017-11-08 12:42:05,530800,"@AmazonHelp Si, ya tengo restablecida la cuenta, pero el pedido que tenia se ha cancelado y no me aparece nada. Debería de hacer el pedido desde 0?? Se puede reactivar?? Gracias!!",AmazonHelp
2111474,2017-11-08 12:46:15,355339,Wow .@AppleSupport I love the clarity your update gives to my messages and calls. Really cool improvement on your software. Love it https://t.co/T05B5dPhEH,AppleSupport
2103071,2017-11-08 12:50:29,136095,@AmazonHelp All right,AmazonHelp
2104653,2017-11-08 12:54:25,621285,@Uber_Support  Reason for deactivating my account is not known to me. Sent various emails but yet to receive satisfactory reply  for such absurd act.,Uber_Support
2104955,2017-11-08 12:55:51,511103,"@AmazonHelp D'ailleurs comme je n'ai pas été livré au Jour J, quelle est le moyen de se faire rembourser les frais de ports payés à cette occasion ?",AmazonHelp
2105419,2017-11-08 12:56:37,621461,"After a decade in travel journalism, I finally made status on @Delta #silver where were the balloons?",Delta
2109664,2017-11-08 13:00:09,622380,"“Ducking” was already annoying enough, but I️ promise no one has ever meant to use “I️” @115858",AppleSupport
2105904,2017-11-08 13:04:51,621544,Amazonで頼んだCD郵便局配達のやつケース割れてる……最悪………,AmazonHelp
2113970,2017-11-08 13:10:04,623275,"Look, I’m not experiencing any other bugs but can my apps stop disappearing please. @115858 https://t.co/zpbArBUrCM",AppleSupport
2105880,2017-11-08 13:10:18,178206,"@AmazonHelp @116090 3 of my orders STILL haven't arrived after 3 days &amp; go figure, shipping via #Intelcom. I may as well cancel my Prime service!",AmazonHelp
2116861,2017-11-08 13:11:07,623928,"@115888 hi i live in the USA and theres a song on Seventeen’s new album that is listed but wont play. i, along with everyone else, is unable to listen to the song. please advise.",SpotifyCares
2106359,2017-11-08 13:13:27,192607,@Uber_Support Everything good now got picked up the App was running slow for him,Uber_Support
2105834,2017-11-08 13:13:38,621528,"@AmazonHelp I'm not going to do any more formalities like fill form or shit like that, I have already done that! If can't deliver it by today then just let me know, shall report the consumer court",AmazonHelp
2112870,2017-11-08 13:19:48,623051,"Also, I️ really need @115858 to figure wth going on with this typo shit. I️ paid too much money for this damn phone &amp; all the expensive ass accessories for it to be a damn typo or glitch in the system. In fact, wtf taking y’all so long to figure it out?! #QTNA",AppleSupport
2122299,2017-11-08 13:21:11,625253,"@AmazonHelp Hey, can i use https://t.co/7tLOQL6UI1 to pay for amazon prime? Cant seem to get the option to show up.  i can use it for orders",AmazonHelp
2116384,2017-11-08 13:26:51,623865,@TMobileHelp @115913 I know ;( I been with tmobile for years too,TMobileHelp
2035657,2017-11-08 13:28:00,601833,@SouthwestAir Yes Richard emp#96. Ttl 3 calls 1hr+. He said definitely was problem &amp; tech people fixed it. I asked for some comp for effort &amp; time. He Said could not offer anything. Suggested I email Corp. I did twice no response so decided to tweet.,SouthwestAir
1774565,2017-11-08 13:29:31,533296,@AmazonHelp @533295 @533295 do one thing. Go to yr Amazon app and take screenshot which should have order no. and not yr mobile no. or email ID. Then attach the same to this tweet so that @AmazonHelp may assist you if they are willing to do it.,AmazonHelp
2111360,2017-11-08 13:30:49,622764,I️ I️ I️ I️ I️ get your shit together @115858,AppleSupport
2116446,2017-11-08 13:33:13,623878,@AmericanAir  Can anyone help me verify my TSAPre status?,AmericanAir
2089285,2017-11-08 13:34:00,617608,@AmazonHelp Have a google at how many people you as a company have let down. It’s being carried on a lot of tech blogs.,AmazonHelp
2116928,2017-11-08 13:34:56,505327,Thank you @delta for another great flight from #SouthAfrica. Service on board last night was #1. Waiting to head to H-town later.,Delta
2113909,2017-11-08 13:38:41,379765,"My software is up to date but hey @AppleSupport any idea when we will all get our letter ""i"" back??? #glitch #updateplease",AppleSupport
2116185,2017-11-08 13:39:02,623800,"Hey, @116618: would it ever be possible to enable a feature that allows a user to create tags/folders within a Watchlist? Would love to group, say, ""Horror"" together without scrolling through 200+ titles. Thanks!",AmazonHelp
2117083,2017-11-08 13:39:46,623987,"@VirginTrains @LondonMidland Thanks - just thought you should know. I drove home and got a taxi back in. Missed my meeting, but now have time for lunch @148951",VirginTrains
1741773,2017-11-08 13:43:18,525445,"@AmazonHelp Lost for almost a week now, and I should get a refund in another week, but this kind of disappointment makes me leery of buying gifts for the holidays that I NEED in by a certain date. I'm VERY disappointed in Amazon's customer service, and you need to shape up or lose sales.",AmazonHelp
2116463,2017-11-08 13:44:25,623884,Please come out to West Nashville @127012 🙏 haven't had internet going on the third day now with @115900 @comcastcares #NashvilleOutage,comcastcares
2111397,2017-11-08 13:47:19,622778,"@AppleSupport dopo aver effettuato tutti e tre gli aggiornamenti di iOS 11, continuo a non riuscire ad effettuare chiamate. Soluzioni ?",AppleSupport
2116158,2017-11-08 13:47:33,623794,@AmazonHelp I have been having an issue every time i purchase with the order is processed then after a while my acc is blocked. After providing billing info the acc is reinstated.. i got a virtual card loaded it same issue..,AmazonHelp
2106308,2017-11-08 13:47:36,621659,@Uber_Support Received my credit! Thanks :),Uber_Support
2116156,2017-11-08 13:53:00,623793,"@115850 
#RedTapeAppQuiz
Done https://t.co/Fakbv2qpJR",AmazonHelp
2113836,2017-11-08 13:58:42,417284,@AppleSupport Why doesn’t the weight field on the medical ID screen auto populate with new data from the Health app?,AppleSupport
2144500,2017-11-08 14:03:03,630491,"Amazonプライム無料体験した覚えないんだけどな。。
自動引き落としが発動されてる。。",AmazonHelp
2112775,2017-11-08 14:05:23,623029,Come on @AppleSupport those that use iPhones for actual work need this A I situation corrected stat! The “fix” does not work anymore! #fail,AppleSupport
2105185,2017-11-08 14:05:48,624636,@371173 @AmericanAir What happened,AmericanAir
2112762,2017-11-08 14:09:36,623025,@115858 you’re really pissing me off with this fucking spelling,AppleSupport
1832142,2017-11-08 14:10:12,549706,"@AmazonHelp are you out of mind you sold me used phone, why I will wait for 10 days. Please do not remove @115851. Please let him see that @115850 is not enough mature to doing business in India. 
@118341 @549707 @115821 Leave India. @118702 @122951 rocks @115850 sucks",AmazonHelp
2118533,2017-11-08 14:11:23,380740,@115911 Still not enough characters #UnCarrier,TMobileHelp
2118690,2017-11-08 14:13:38,624391,Thanks @115888 for scaring the shit out of me by suggesting a horror movie soundtrack while I was sleeping and i woke up having a heart attack,SpotifyCares
1731206,2017-11-08 14:16:54,119446,@AmazonHelp Have you released it ? @AmazonHelp,AmazonHelp
2117247,2017-11-08 14:18:02,204829,@AppleSupport Hire more programmers and designers before you release another half baked update like iOS. So many details you didn’t scrutinize. Steve would be ashamed.,AppleSupport
2105854,2017-11-08 14:22:04,532550,@AmazonHelp Can you please confirm whether i am the winner of this offer. As no information is available in email.,AmazonHelp
2112739,2017-11-08 14:23:26,623015,@AppleSupport my iphone 6s won't update anymore help,AppleSupport
2117955,2017-11-08 14:25:28,624215,"@Uber_Support I have a pending, rather large, charge on my credit card for a ride for an amount that I did not authorize. It doesn't show up on my @115873 account side at all. I've reached out for help on your side but would like to speak over the phone.",Uber_Support
343844,2017-11-08 14:28:38,197813,@AmazonHelp Don't see any developments taken from @115850 @AmazonHelp from past one month and asking customer to be patience.,AmazonHelp
2112744,2017-11-08 14:33:23,623017,"@AppleSupport how have you guys still not provided a software update to fix ""i"" and ""I"" on the iphone?",AppleSupport
1722475,2017-11-08 14:37:31,521154,"@AmazonHelp Yes, have also 'reset password' option on that form and had no email. I get the email using the 'forgot password' on the main website, but after resetting the password, the account still doesn't work.",AmazonHelp
2120672,2017-11-08 14:42:39,181564,@SouthwestAir Robert F. On flight 1170 this morning was amazing. Definitely made my early morning flight. :) Kudos!,SouthwestAir
2123246,2017-11-08 14:43:08,625469,But FR.. how long will it take @115858 to fix the freaking I️ glitch?!?!! 🤦🏼‍♀️ #getyoshittogetherapple #frustrated,AppleSupport
953417,2017-11-08 14:45:57,176675,@AmericanAir I hope you're measuring results on facts and not bogus system updates. Bags coming 17 mins after your computers said is quite different.,AmericanAir
2113939,2017-11-08 14:47:17,623268,#apple #iphone is taking all my #profoundness out of my words. It’s destroying my business!!!!!! @115858 please fix this issue!!!!!,AppleSupport
2104118,2017-11-08 14:47:27,531127,"@VirginTrains @nationalrailenq They don’t seem to be assisting, can you help further?",VirginTrains
1108340,2017-11-08 14:48:25,120853,"@AmazonHelp hell of an experience shopping at amazon,u guys are either masters in stupidity or making same out of customers,missing deadlines one after another,waiting for my refund from last 5 days. #Ridiculous #beggers",AmazonHelp
19687,2017-11-08 14:51:34,624798,"@Uber_Support in Lviv, Ukraine 
I lost my iPhone in Uber, I know all information about the car , but No body wants to help me. Uber offices say , they cant give me the driver phone No. 
I have sent an email to Uber support , and there is no response
I just need his Number, I have all car info.",Uber_Support
2116106,2017-11-08 14:52:42,623785,@AmazonHelp I have already cancelled my cards. That was the first thing I did. But amazon hasn't even gotten back to me at the very least to tell me they will investigate.,AmazonHelp
2116848,2017-11-08 14:53:24,293222,"@SpotifyCares Tried to listen to music, #spotify keeps saying to check my connection. I'm on house Wi-Fi. Groove opens fine &amp; plays.",SpotifyCares
2121472,2017-11-08 14:54:03,625036,"@Delta @523383 Delta lied I did the survey, I shared with my 20 friends on what's up and I could move to claim the tickets __email__",Delta
2113934,2017-11-08 14:54:18,623267,@AppleSupport Porque!?,AppleSupport
2119317,2017-11-08 14:57:48,253346,"@AmazonHelp Thanks, but I've already reverted the shipping to my regular Amazon Prime free two day shipping. That seemed the best and least stressful option for me.",AmazonHelp
2123169,2017-11-08 15:01:53,625448,@AppleSupport how do i fix my I️ key from doing a question mark?,AppleSupport
1881133,2017-11-08 15:02:52,206716,@AmazonHelp your app thinks all these bald guys are the same person. pretty useless. https://t.co/avcmK2eF57,AmazonHelp
2113854,2017-11-08 15:05:57,623249,"#iPhoneX has been charging on airplane mode for an hour connected to my computer through apple USB cord, 10% charge. Is it a lemon, a software flaw, or just bad at charging @AppleSupport?",AppleSupport
2123834,2017-11-08 15:12:35,625601,@115858 thanks for giving me a bunch of stupid emojis but now the letter I️ doesnt work. That’s not an important one. 👁 guess this is how 👁 type now,AppleSupport
1108305,2017-11-08 15:12:59,381563,@AmazonHelp I am unable to access the tool bar. When I tap the tool bar I get the below: https://t.co/AQ05u6AmjV,AmazonHelp
2110170,2017-11-08 15:14:22,622518,@SpotifyCares T-Mobile LG G5 (LG-H830) on Android 7.0. The issue just started yesterday. I don't currently have a different SD card with me.,SpotifyCares
2122701,2017-11-08 15:15:23,467699,"Missed connecting flight due to weather- we won't give any accommodation or food ..lost baggage - will deliver in 5 days but won't give anything till then.
I'm frustrated and in the same dress since Monday on a business trip.
@AmericanAir serving really well.",AmericanAir
2114750,2017-11-08 15:16:08,623478,@AppleSupport so there is a piece of hair under the glass for the camera on my #iPhoneX 😭,AppleSupport
2121234,2017-11-08 15:17:10,196099,@TMobileHelp Done!,TMobileHelp
1108261,2017-11-08 15:17:40,381556,Hay empresas que se hay robado mi corazón y después esta @115821,AmazonHelp
2122648,2017-11-08 15:18:14,624796,"@115873 tell me toll is hidden charge, That you inform at the end of trip? If it is,  thn its my last Uber trip, Thnks alot fr the exprnce.",Uber_Support
2126032,2017-11-08 15:20:57,626082,As of 11.03 iOS I hate my @115858 iPhone. Chock full of bugs,AppleSupport
2114734,2017-11-08 15:24:36,623474,@AppleSupport Please help!,AppleSupport
2110347,2017-11-08 15:24:44,622552,@116136 Worst customer service call ever.  Tried to call to get signed up and couldn't hear or understand the person.,comcastcares
2113593,2017-11-08 15:27:19,433764,"@115850 406-1169269-9269922, premium delivery, delivery guy phone switched off, twice escalated, assured later refused, asked to raise complain refused, Fake Promises!",AmazonHelp
2114723,2017-11-08 15:29:56,623473,@AppleSupport Thanks!,AppleSupport
2110217,2017-11-08 15:31:26,622527,@SpotifyCares Its working now. :D,SpotifyCares
2111162,2017-11-08 15:34:07,622718,"Oye @116928 a qué hora se supone que me vais a entregar mi pedido que está ""en proceso de entrega""? https://t.co/pAmnChGWDv",AmazonHelp
2105888,2017-11-08 15:39:35,621237,@AmazonHelp Ok se domani non mi arriva guardo sul link. Thanks,AmazonHelp
2134927,2017-11-08 15:40:55,628105,"@AppleSupport I signed up for the three month free trial of Apple Music, but I got charged for it. WHAT THE HELL?!",AppleSupport
2113714,2017-11-08 15:43:53,623216,India is the place where everyone tries to take advantage of any situation. Amazon giving N90 mask charging Rs 60 delivery charges where as phones r delivered free of cost @115850. Chemist selling mask at a premium. Very sad.,AmazonHelp
2132153,2017-11-08 15:47:28,530248,Hey @AppleSupport your stupid text replacement work around no longer works (when it turns uppercase the problem returns) so now i have to type lowercase i’s and I’m really pissed off about it. So unprofessional. FIX IT.  #apple #wtf,AppleSupport
1672581,2017-11-08 15:49:50,509049,@115850 Thank you .. My issue has been addressed and got cashback...,AmazonHelp
2112163,2017-11-08 15:51:45,588866,"@622889 @Delta I️ was charged for checking a bag when I️ never ended up checking a bag , are you able to process that return for me ?",Delta
2146614,2017-11-08 15:52:16,631019,@AppleSupport please fix the iOS bugs thank you,AppleSupport
2026611,2017-11-08 15:57:05,599297,@SpotifyCares I dont know where to send it thats why i send it to you,SpotifyCares
2109972,2017-11-08 15:58:19,622471,@232937 Bruhhhh Tmobile always have some new shit to tell me. They had the nerve to tell me that all the payments I’ve been making haven’t been adding to the leasing agreement. Leasing is definitely a set up. First and last time. @115911 I’m sorry but not sorry. Your service is TRASH,TMobileHelp
2134838,2017-11-08 15:59:22,628081,"@AppleSupport Two bugs with the stocks app. If I load a chart in portrait and then flip to landscape it messes up if it wasn’t already loaded in landscape. Also, changing stocks doesn’t change the date period previously selected at the top to correspond with the chart. https://t.co/yfVKs0Jmdf",AppleSupport
2703091,2017-11-08 16:01:14,759251,Hey @115873 maybe don’t employee bad drivers in school zones with a sticker repping your company in their window LP:7tsz286,Uber_Support
2064380,2017-11-08 16:01:38,404003,"@AmazonHelp I don't have any problem giving me personal details
What important is you resolve my problem ASAP",AmazonHelp
1410293,2017-11-08 16:03:19,447812,@AmericanAir It's resolved.,AmericanAir
2131149,2017-11-08 16:04:25,627217,"@115858 this “I️” thing is really annoying, please fix it https://t.co/vvEtwTYkjy",AppleSupport
2111177,2017-11-08 16:04:49,622722,@116090 hey. Purchased a product from your site. Arrived today. However it does not work.  How can I get in contact with the person/s who sell it? Or can you contact them for me?,AmazonHelp
2117228,2017-11-08 16:07:43,624032,@AppleSupport Ok. How about the phones running slow and sometimes internet acts up although signal bars are full. I️ tried power cycling it and still an issue at times.,AppleSupport
2113491,2017-11-08 16:08:25,623180,"@VirginTrains 15.33 from Newcastle but accidentally got on the 1500 which arrived at Newcastle 15.20. Due to delay thought it was my train, Now standing in Darlington",VirginTrains
2122488,2017-11-08 16:11:53,625292,@AppleSupport Waiting for IOS12! Hopefully you’ll fix that thing. If the user says « I don’t want WiFi » there’s no logical reason to say « it’s 5am it’s time to go against what the user want »,AppleSupport
2110496,2017-11-08 16:14:55,622578,@SouthwestAir is your website down? https://t.co/jpSXDvhv55,SouthwestAir
2123252,2017-11-08 16:17:25,397919,"Ight @115858 @applesupport, fix this I️ shit or I’m buying galaxy fuck",AppleSupport
2113563,2017-11-08 16:18:31,583219,"@115851 @1840 @115850 @AmazonHelp Today,Amazon people did a big big fraud with me.Kindly take time to read this.Will shortly share link of youtube. https://t.co/rZ1gX0z06n",AmazonHelp
2123195,2017-11-08 16:21:43,625455,"Ever since I upgraded to iOS 11.1, my phone battery has SUCKED @115858",AppleSupport
2110126,2017-11-08 16:24:45,278542,"@SpotifyCares That works. I just miss the functionality to select ""shuffle"" when first opening a playlist, the way it used to be.",SpotifyCares
2111033,2017-11-08 16:25:02,622705,@AmazonHelp Thanks for addressing my concern very quickly. Hope to see some resolution soon.,AmazonHelp
2136655,2017-11-08 16:25:32,628541,Shit im sicka @115858 and these goddamn boxes!,AppleSupport
2115485,2017-11-08 16:27:08,623642,Leave it to @Delta to swear your flight is leaving on time and your still on the ground 1 hour after the flight was supposed to leave. 🤔,Delta
2113006,2017-11-08 16:28:59,576360,@115873 still haven't heard back why I was turned down to drive. When a lot of your local drivers here in NJ get lost all the time. Just saying..............,Uber_Support
2111019,2017-11-08 16:30:07,521438,@AmazonHelp What's the point of Amazon Prime??,AmazonHelp
2123882,2017-11-08 16:32:05,586967,@AppleSupport my iPhone SE is unresponsive to my touch. What should I do?,AppleSupport
1710121,2017-11-08 16:35:21,518120,@AmazonHelp Put your internal team on high alert,AmazonHelp
2114541,2017-11-08 16:35:39,623423,"@623424 nah no caps, and unlike xfinity I wont be throttled either I'm told",comcastcares
2123837,2017-11-08 16:37:16,159980,Why does my iPhone die in like &lt;4 hours since this most recent @115858 software update?! What the hell?! @AppleSupport @2310,AppleSupport
2123859,2017-11-08 16:40:10,625608,"@AppleSupport bruh if shits not broke, don’t fix it. Now fix this",AppleSupport
2113609,2017-11-08 16:41:51,623195,@115830 Prime is an absolute god send when christmas is concerned ! I suggest everyone signs up ! #AmazonPrime,AmazonHelp
2125107,2017-11-08 16:44:41,625836,Gonna go ahead and charge my phone again since its not the X and dies at 67% now @115858,AppleSupport
2134254,2017-11-08 16:47:06,627924,@Uber_Support why don’t I get to use a sign up code I’ve never used Uber eats before. Only Uber.,Uber_Support
2113570,2017-11-08 16:47:52,425533,"@115830 - I have a problem with a merchant, claim resolution is not suitable and no return email address provided for additional help.",AmazonHelp
2125028,2017-11-08 16:48:47,186934,"@AppleSupport Hey, guys. I was just wondering: is it just me or is there an issue with 3D Touch and the Messages app? When I do the shortcut and go to new message, it just opens in the main messages window. Sometimes it works, sometimes it doesn’t. 🤔",AppleSupport
2114306,2017-11-08 16:49:48,241162,"@241163 Ok, I'm on my way! #AA188 @AmericanAir https://t.co/WEovCBAxnC",AmericanAir
2125061,2017-11-08 16:52:45,625822,Second MacBook changed but it sucks @AppleSupport https://t.co/6zpATTvgOQ,AppleSupport
2114046,2017-11-08 16:53:26,623290,"@623291 @115911 @TMobileHelp Blij dat ik geen klant ben, want dit zegt wel iets over belangrijk ze de klant vinden @115911 @121678",TMobileHelp
2104913,2017-11-08 16:55:15,136727,@AmazonHelp Voilà c'est fait.,AmazonHelp
2134909,2017-11-08 16:55:59,628102,@115858 I really hate the 11.1 release on iPhone and iPad. So many bugs. This is the worse release to come out of Cupertino. Please fix ASAP,AppleSupport
2112738,2017-11-08 17:00:37,623015,@AppleSupport none of these are the problem,AppleSupport
2111002,2017-11-08 17:01:09,521438,@AmazonHelp Just that its 'on the way'. The live chat agent said until it said 'out for delivery' it was not actually going to be delivered.,AmazonHelp
2128530,2017-11-08 17:01:46,626611,"@SpotifyCares, when will I be receiving an email with the code for @84365's presale happening in an hour? I already follow him on your platform. Thanks much!",SpotifyCares
2134760,2017-11-08 17:03:36,626935,@VirginTrains hiya the plug sockets are not working on my train?,VirginTrains
2109774,2017-11-08 17:08:23,622414,@AppleSupport After the update,AppleSupport
2115544,2017-11-08 17:08:40,123161,@AmazonHelp @115821 @115787 @15913 First my console was left outside and now (from a collector's POV) my box is Damaged. Who do you guys hire to handle our packages? Ridiculous https://t.co/AU8zGFvVoX,AmazonHelp
2123583,2017-11-08 17:13:07,625543,youre the b0mb @Delta,Delta
1138512,2017-11-08 17:13:18,388171,@Uber_Support So by when can I get the invoice as your team is not willing to share this detail.,Uber_Support
2112731,2017-11-08 17:14:14,623013,@AppleSupport  https://t.co/fOLaZAfJDu,AppleSupport
2111101,2017-11-08 17:15:08,171829,@AmazonHelp Here: https://t.co/J747uOd3fW,AmazonHelp
2115688,2017-11-08 17:17:04,623688,@SouthwestAir That's true. I do get to go home and see the hubby and puppy! https://t.co/N91K98zf26,SouthwestAir
2114714,2017-11-08 17:19:01,623469,"@AppleSupport Yes, I am not able to install the app from the Google Play Store. It gives the following error. https://t.co/BvXolpuIMb",AppleSupport
1749452,2017-11-08 17:19:40,527291,@AmazonHelp Is there a phone number to speak with someone in the Amazon communities department? That's who I need to speak with 🙂,AmazonHelp
2116435,2017-11-08 17:21:25,418156,"@AmericanAir Again, archaic. Innovate! Do you think that would be Jeff Bezos response?? @115851",AmericanAir
2135033,2017-11-08 17:23:53,402300,@115888 Still waiting on an answer,SpotifyCares
2041013,2017-11-08 17:24:43,532203,"@TMobileHelp @115913 @AppleSupport FYI- I’m being advised to change to VZW, ATT or Sprint as the only way to order a IPhone X. I’ve talked to Apple support and been to an Apple store. They say problem is with TMobile upgrades and owned phones.",TMobileHelp
2136667,2017-11-08 17:25:26,628546,Hey @AppleSupport the new capital I️ displays as “A ?” on my 11.0.1 device. Your PMs should know better than to release that horrid bug into the wild.,AppleSupport
2113707,2017-11-08 17:25:44,296140,@AmazonHelp Jepp! Sogar 'nen anderen Rechner! Irgendwie ist gerade der Wurm drin. Vielleicht klappt es morgen wieder?,AmazonHelp
2147706,2017-11-08 17:28:42,631284,wth is with the i️ glitch @AppleSupport and my phone keeps freezing and it will randomly shut down certain apps. Why should i️ buy a phone if it only works for a couple months! 7Plus purchased in May should be working like a charm esp 4 the $$$ it cost.,AppleSupport
2115534,2017-11-08 17:31:07,623653,@AmazonHelp Amazon shipping! I need this for today!!!!!!! Hence why I made sure I ordered wit Prime!!! I go to Portugal for 2 weeks tomorrow!!!!,AmazonHelp
2123792,2017-11-08 17:35:47,119225,@115873 @Uber_Support You’re contributing to the delinquency of your riders they can’t give directions to save their  life! your Marker is in the middle of the road and they have no idea where they are ! just like  tipping cause They  think they don’t have to. https://t.co/BGZSgzP9C2,Uber_Support
2123358,2017-11-08 17:36:09,625500,"Sitting @15715 for 2+ hours waiting for @AmericanAir flight 4344 delayed more than 2 hours - why!
Thank goodness @4672 reminds me #PatienceIsAVirtue #WednesdayWisdom",AmericanAir
2064386,2017-11-08 17:38:18,404003,"@AmazonHelp HahahahAhahah
Joke of the Century
Appreciate your understanding
😂😂😂😂😂😂😂😂😂😂😂😂😂😂😂😂😂😂😂😂😂😂😂😂😂😂😂😂",AmazonHelp
2136687,2017-11-08 17:38:34,628553,ok seriously @115858 fix this question mark issue it’s driving me insane k thx love yall😘😘,AppleSupport
2134900,2017-11-08 17:43:01,628099,@AppleSupport Plz check dm and respond,AppleSupport
2104917,2017-11-08 17:45:20,136727,"@AmazonHelp Voilà, affaire réglée. Une personne super sympa et hyper compétente m'a remboursé de suite.",AmazonHelp
2128629,2017-11-08 17:46:58,626641,@comcastcares Are there internet outages in Sacramento? My ping is all over the place today and my connections are in and out.,comcastcares
2113724,2017-11-08 17:49:11,520555,@AmazonHelp Are you guys sick such a copy paste reply in all my Twittes seriously you need to review your SOP,AmazonHelp
2115402,2017-11-08 17:49:30,623623,"@Delta If I don't get my bag in time how can u deliver my personal items. Pls. check my itinerary staying 1 night at MCI, back to Montreal next day",Delta
2137257,2017-11-08 17:50:01,395667,Anyone else seeing weird text renders in iOS? Looks like the word “I️” is trying to trigger an unknown character. @115858 @AppleSupport https://t.co/vE4qZhHOiV,AppleSupport
2135550,2017-11-08 17:54:01,448436,"I was literally so surprised that I had to check to see if I had forgotten what day it was.  @115821, a week from today isn't Free Two Day Shipping. https://t.co/wH9BqwJOeh",AmazonHelp
2138214,2017-11-08 17:56:49,628908,"Terrible battery life, the letter I turning into weird characters, constant freezing, unresponsive screens.... @115858 why is iOS 11 so bad??",AppleSupport
2127316,2017-11-08 18:01:08,626351,@123765 &amp; can @115858 fix the dumb I️ shit,AppleSupport
2124805,2017-11-08 18:03:57,625774,@AmazonHelp .@116324 don’t leave courier contact details in this area and early reply to any messages - really do t know why anyone uses the company only read complaints,AmazonHelp
2128169,2017-11-08 18:05:16,626526,@115858 HOW did autocorrect get to be this bad.... it was great before iOS 11,AppleSupport
2125221,2017-11-08 18:06:35,625872,@TMobileHelp Thanks for quick response.,TMobileHelp
2125243,2017-11-08 18:08:06,625879,"@SpotifyCares I have a Spotify account with a certain name, premium, now it has taken my facebook account name !!! I cannot connect with my real spotify name !!! how do you dare to change such vital informations?? I cannot log in now",SpotifyCares
2124884,2017-11-08 18:09:30,156910,@AmazonHelp https://t.co/1C04IrlvTN,AmazonHelp
829111,2017-11-08 18:11:21,317437,@AppleSupport From what i notice my messages and snapchat,AppleSupport
2124825,2017-11-08 18:13:40,582277,@116618 care to explain why your app no longer works for no apparent reason?,AmazonHelp
2127070,2017-11-08 18:14:37,583772,@Uber_Support I lost my keys on a ride recently and we have been unable to get in contact with the driver. Can you please help?,Uber_Support
2128205,2017-11-08 18:15:20,626534,. @AppleSupport Hahaha. It even did it in that tweet even though it didn’t display that way before before I️ sent the tweet. https://t.co/0RPlD2ivIu,AppleSupport
2134676,2017-11-08 18:18:27,120721,"@628028 @120576 @VirginTrains Well they’re completely separate from each other, so it’s like asking Arriva Trains Wales for help with a Scotrail service, they have no control whatsoever over each other",VirginTrains
2124744,2017-11-08 18:18:46,625768,@115850  is there any laptop on bajajfinserv emi??,AmazonHelp
2129224,2017-11-08 18:21:08,626789,@115858 get your shit together so I️ can write an I️,AppleSupport
26675,2017-11-08 18:24:10,121838,Sooooooo is @115858 ever going to fix this annoying glitch for when I type the letter I️ it does that annoying box with the ? Thing! This is stupid. I️m just going to switch over to Android soon.,AppleSupport
2129044,2017-11-08 18:24:57,626732,"So my package that was “delivered” Sunday was “delivered” today. Thanks, Amazon",AmazonHelp
2129175,2017-11-08 18:28:30,626770,@115858 fix this shit please I️,AppleSupport
1567450,2017-11-08 18:29:36,182619,@AmazonHelp Why am I being asked the same questions and being told the same responses again and again!,AmazonHelp
2127717,2017-11-08 18:30:18,513974,"Arrive at gate precisely at boarding time. @AmericanAir - ""now boarding group 4, all overhead bins are probably full.""",AmericanAir
2113897,2017-11-08 18:33:26,483739,@AppleSupport I’ve tried all of these already and it doesn’t work,AppleSupport
2124819,2017-11-08 18:33:49,521343,@AmazonHelp It was meant to come yesterday and has been delayed twice now :(,AmazonHelp
2140988,2017-11-08 18:36:53,629591,Fix the ugly glitch @115858,AppleSupport
2126752,2017-11-08 18:38:18,626229,@AmazonHelp I want to know why you make fool and stupid to costmer is it your company policy or you guys like it..,AmazonHelp
2126841,2017-11-08 18:38:49,322394,@Delta Even if my bag was put on a plane I️ am not physically flying aboard??,Delta
2125252,2017-11-08 18:40:54,625882,@SpotifyCares Thanks. So helpfull for me.,SpotifyCares
2127034,2017-11-08 18:41:18,626282,@Uber_Support https://t.co/FTlKBpVhfS,Uber_Support
2125779,2017-11-08 18:42:27,626013,Why does @SouthwestAir show future destinations on the monitors? *Every* time I fly I see the wrong city and freak out thinking I'm in the wrong line. Who is that information helping?,SouthwestAir
2126762,2017-11-08 18:42:36,626230,@AmazonHelp Apparently its been delivered to the post office but when went there its not there???,AmazonHelp
2130360,2017-11-08 18:43:05,627044,@115858 why is the new iPhone update fuckin up make it stop,AppleSupport
2131648,2017-11-08 18:45:52,599611,"@ComcastCares: #mobile_Care
Been on hold 48 minutes now:  asked for supervisor now being punished",comcastcares
2105223,2017-11-08 18:48:22,621405,@AppleSupport I found a workaround by just manually selecting it in the predictive text. Is it going to be fixed soon?,AppleSupport
2124843,2017-11-08 18:48:35,310572,@AmazonHelp You’ve given me a link for something I/we have already done repeatedly. Can you please tell me what the point of this would be to fall on deaf ears again . I really want to escalate our complaint higher and speak to someone in high authority.,AmazonHelp
2123255,2017-11-08 18:52:27,625472,@AppleSupport Ok let’s see: I works. A b c d e f g h I j k l m n o p q r s t u v w x y z. I think it’s fixed. Thanks!,AppleSupport
2127722,2017-11-08 18:52:40,626418,@AmericanAir can you help me standby for an earlier flight? DMing you the details,AmericanAir
2113524,2017-11-08 18:53:57,121762,"@382445 @623183 @120576 @VirginTrains @623182 Nationalised rail works well in other countries so much so they come and bid for our franchises too (Abellio - Dutch, Arriva - now part of Deutsche Bahn). If the government invests in rail it can work.",VirginTrains
2128324,2017-11-08 18:54:42,626563,@TMobileHelp is this promotion still available if I sign up for tmo next week? i purchased my pixel before 11/3 via Project Fi,TMobileHelp
2124797,2017-11-08 18:55:35,273384,"@AmazonHelp Non je n’ai pas suivi à vrai dire 😅, qu’est-ce que c’est ?",AmazonHelp
2130301,2017-11-08 18:56:14,627026,"Yo @AppleSupport, how come every time a new iPhone comes out my old one starts freezing? Literally the last 3 iPhones I've had this has happened to????? I don't want your overpriced glass box!!",AppleSupport
2126653,2017-11-08 18:58:36,626206,@AmazonHelp Amazon,AmazonHelp
2129120,2017-11-08 19:01:04,626753,@115858 when will this be fixed? https://t.co/9DCf13EYtx,AppleSupport
2130252,2017-11-08 19:05:09,627009,Sorry Whitney. Fix it @115858 https://t.co/smXGo6USVF,AppleSupport
2126690,2017-11-08 19:05:55,626215,@AmazonHelp Yes. I've logging in twice. Still shows unavailable.,AmazonHelp
2121079,2017-11-08 19:10:41,624943,@AppleSupport Yes I do,AppleSupport
2130963,2017-11-08 19:12:25,627173,"@115850 Issuing  the same product I returned in a new pack as replacement. What bullshit is this?Are we fools? We can tolerate poor customer service to some extent but not this cheating. Explanation needed from legal team
#amazoncheats",AmazonHelp
2130219,2017-11-08 19:12:45,627000,. @115873 Drivers that refuse destinations should be given stiff penalties or fines @Uber_Support this is BAD business,Uber_Support
2130264,2017-11-08 19:13:17,627012,@115858 y’all getting too much money for all the fuck ups y’all have.. I️ can’t even use “i” without it looking like I’m in fucking music class smh,AppleSupport
829140,2017-11-08 19:16:59,317443,@115858 @AppleSupport,AppleSupport
2128944,2017-11-08 19:19:38,626712,@AmazonHelp Be sure that I will! The problem is that I dont want a refund and another sending to have the same bad surprise... do you have empty boxes? @438 @626713,AmazonHelp
1206499,2017-11-08 19:19:49,403328,"@Delta I can see the upgrade list, but how do I register for an upgrade thru the app??",Delta
2132171,2017-11-08 19:21:20,135485,Is anyone else’s’ iPhones trippin and deleting when you’re trying to type a text out?! What’s going on @115858 @AppleSupport !?!?!,AppleSupport
2131389,2017-11-08 19:23:08,627273,"Since @115888 doesn’t allow you to change your username, I’m stuck with emmaswan24 forever",SpotifyCares
2128991,2017-11-08 19:24:42,626697,"@AmazonHelp Not talking about emails I've sent, it's  internal emails sent by your CS staff to other depts. No excuse. No, the delivery date hasn't changed and neither has the status - still says arriving today and preparing for dispatch.",AmazonHelp
2131705,2017-11-08 19:25:26,627354,"@comcastcares 24 hour customer 7hours total on phone, 7 reps tell me my problem is an easy fix but they can’t fix it, 3 supervisors tell me those 7 reps don’t know their job an want more $$ from me I give up!",comcastcares
2131896,2017-11-08 19:27:18,162605,@627391 @AmericanAir Thanks - really just trying to see if I can save space in my bag by not bringing “plane pants” - not looking for a souvenir,AmericanAir
2137190,2017-11-08 19:27:24,628668,Hey @AppleSupport what the actual fuck? The I️ issue is still an issue and now texts just disappear while texting...,AppleSupport
2128896,2017-11-08 19:30:14,626704,@AmazonHelp Yes they were supposed to get here yesterday with prime ☹,AmazonHelp
2132091,2017-11-08 19:31:33,627435,"@AppleSupport an app has taken money off me but not delivered the service and is now not answering my emails, how can I get my money back?",AppleSupport
2132169,2017-11-08 19:36:55,627459,"@115858 

Your update broke my “I.” 

Fix it.",AppleSupport
2129833,2017-11-08 19:39:27,626930,"@VirginTrains Thanks for the sympathy. Found another seat, albeit without power and a window (motivation for reserving that particular seat). FYI, if possible on comments, note none of the reservations are showing for the service (headcode  9G40).",VirginTrains
1739896,2017-11-08 19:40:09,525037,@AmazonHelp You call me service is unavailable and im unable to call the number. #Help,AmazonHelp
2132117,2017-11-08 19:41:03,627441,@115858 can you please get this i️* thing fixed no one knows what i’m saying 🙄,AppleSupport
2130154,2017-11-08 19:42:06,533957,Has anyone ever had their @115873 charge changed from #uberpool to #uberx AFTER the ride was completed? I've tried going through @Uber_Support and they are insistent that I accidentally pushed uberx in my request. My reciepts show uberx. This has happened two mornings in a row... ?,Uber_Support
1728151,2017-11-08 19:42:29,522560,@TMobileHelp @115913 I cleared cache on the app and now it works,TMobileHelp
2130313,2017-11-08 19:44:24,627030,@AppleSupport i have the newest version of iOS on my phone right now and i believe so. i opened my camera app last night and that’s when i noticed it wasn’t working,AppleSupport
2143268,2017-11-08 19:47:37,630134,@115858 y’all really gotta fix this keyboard glitch,AppleSupport
2130899,2017-11-08 19:47:59,469403,"@AmazonHelp Boa Tarde! Eu comprei dois CDs pela Amazon Itália, no site consta que eles chegarão hoje. Mas gostaria de saber se o pedido irá atrasar.",AmazonHelp
2132052,2017-11-08 19:51:13,627426,@115858 waiting on the iOS update because all my messages are coming out I️ like I️ this https://t.co/6xCzcINeY4,AppleSupport
2133598,2017-11-08 19:53:43,627771,I stupidly updated my software to High Sierra and now my menu bar won't stop disappearing. fix this shit @115858,AppleSupport
2128859,2017-11-08 19:54:55,626698,"@AmazonHelp You're so called ""chat,"" isn't helpful at all. I've been trying to track an order which your ""employee,"" couldn't even manage to find which resulted in me having to take a refund(I didnt' even get a confirmation for this). If this refund doesn't come in, I'm reporting this.",AmazonHelp
2133577,2017-11-08 19:57:12,627764,@115858 my phone hasn't worked properly since the update,AppleSupport
2128890,2017-11-08 20:01:00,626702,@AmazonHelp I’m confused?  The link just takes me to my orders. I have two items in the 1 order but if I just cancel the one item that has dropped in price and keep the other item will a delivery charge be added on as it would be under the £20 free delivery limit for the remaining item?,AmazonHelp
2121532,2017-11-08 20:02:05,125990,"@AppleSupport Both are always on, I tried turning it on airplane mode but it still didnt make a difference. Is it possible its a bug that needs to be fixed in the ios? Just cause it happened after 11.01",AppleSupport
2147935,2017-11-08 20:02:22,631340,@SouthwestAir Not happy with two B10+ seats with EarlyBird. Why offer it if we are behind 10+ family board and A list?,SouthwestAir
2146410,2017-11-08 20:03:25,630967,"Had a horrible experience with @delta staff at @122828 baggage drop off, security, and the gate. #losingmyloyalty #deltalackscustomerservice",Delta
2130912,2017-11-08 20:05:42,469403,"@AmazonHelp Então se ele não chegar até hoje, amanhã deixo outra mensagem?",AmazonHelp
2131393,2017-11-08 20:06:15,627274,@SpotifyCares yay thanks! i really miss it!,SpotifyCares
2133483,2017-11-08 20:07:02,627743,My MBP got a new High Sierra update under cover of darkness. It has crashed and restarted 3 times this morning. @AppleSupport is that to be expected?,AppleSupport
2134009,2017-11-08 20:08:06,140078,@VirginTrains How do I save a favourite route in the WC app?  Can’t see where to save one....,VirginTrains
2133322,2017-11-08 20:09:44,627697,"@Uber_Support I am waiting for my profile to be reviewed, but I mistakenly added an extra vehicle and am having trouble deleting it from my profile.  How can I delete a vehicle that does not exist?  Thank you! https://t.co/P9KTxxmBpL",Uber_Support
2119601,2017-11-08 20:11:41,624626,"@AmericanAir Somehow my flight to DSM from PHX left this morning despite a security incident which supposedly left AA flights grounded (per crew in FAT). Instead I️ get bumped and have to sit at PHX for 9 hours, missing mtgs etc., (1/2)",AmericanAir
2133478,2017-11-08 20:12:50,627741,#iPhoneX @AppleSupport @115858 I️ love iPhoneX but so many bugs.  Can’t close apps when you are on a call.  Can’t tap on top of screen to auto scroll to top on apps.  Can’t click on blue or green banner on top left to return to phone call or GPS app unless on home screen,AppleSupport
2132836,2017-11-08 20:14:55,627583,Thanks @115821 for charging me overnight shipping on something and then sending it Escargot Express Neglected Class.  (Delayed - Estimated arrival Friday by 8 PM).,AmazonHelp
2139998,2017-11-08 20:16:34,629353,@115900 why would you charge your customers to use the @127972 app? Not even going to do your beta if that’s going to be your game,comcastcares
2146780,2017-11-08 20:19:34,631068,@119038 @115821 cancelled auto-renew of prime which expires December 19 but my Twitch prime is no longer being accepted. Can't get rewards even though my account is technically active.,AmazonHelp
1718184,2017-11-08 20:19:52,520240,@520239 @AppleSupport @520241 Wooo okay now it works,AppleSupport
1772386,2017-11-08 20:23:57,580635,@115913 @115911 You look at it. I have been arguing with you guys for month. You know that. You were one of them. You look at it. I am tired to go through this all the time for months.,TMobileHelp
2128263,2017-11-08 20:25:04,277033,@AppleSupport 👍🏾,AppleSupport
2132778,2017-11-08 20:27:14,627569,@115821 im sick of my packages being left anywhere opened and destroyed,AmazonHelp
2132077,2017-11-08 20:31:15,627432,"@AppleSupport doesn't happen with wi-fi. it's the first time that happens. I did not have ""on"" the wifi nor the cellular data, when i turned on the data, it froze for at least 30 mins. (the reset function did not work)",AppleSupport
2135860,2017-11-08 20:33:54,379052,@Uber_Support is there a contact number. I’ve been booted out the app and it says my account needs attention.,Uber_Support
2132825,2017-11-08 20:35:51,627580,@AmazonHelp I’m really not impressed at all. When I purchased this item it stated that they were in stock so what is the delay?,AmazonHelp
2142370,2017-11-08 20:36:17,629916,Umm @115858 are y’all going to fix this glitch?,AppleSupport
2135945,2017-11-08 20:37:50,175014,"Who needs overspeed training when you can sprint on a down hill terminal bridge to make a flight thanks to @AmericanAir taking &gt;90mins to print paperwork? 

Whew.

See you soon (well actually in like 21hrs but I'll sleep thru it), Australia!!

#280characters",AmericanAir
2145969,2017-11-08 20:39:16,630862,@SpotifyCares I was told to go to that last time and it still doesn't mean anything to me.. it still doesn't make sense that two songs would be missing off an album,SpotifyCares
2146589,2017-11-08 20:41:08,631010,@AppleSupport iOS 11.1 is killing my battery. It’s incredible. 10% dran per hour. While using v10 it was more then acceptable. I also had the 6s dramas back then too. #nofaith #ios111 ☹️,AppleSupport
2130959,2017-11-08 20:44:34,256981,@AmazonHelp Your office address in the uk would be nice,AmazonHelp
2129232,2017-11-08 20:47:00,626791,@AppleSupport No just my phone,AppleSupport
2136987,2017-11-08 20:48:14,628623,Flight delayed an hour in the air. Land get another delay! @delta what’s up?!,Delta
2134073,2017-11-08 20:48:51,430746,@TMobileHelp Not dm’ing anythng. I went back and forth for almost 6 hours last week w ur dm crap and got nowhere. Im having my attorney get me out of this piece of shit contract. U guys suck,TMobileHelp
2111061,2017-11-08 20:49:56,622708,@AmazonHelp Send me a PM and I’ll provide contact info,AmazonHelp
2140159,2017-11-08 20:50:13,629384,"@SouthwestAir We buy it so my very tall husband has a better chance at exit row seating. When a bunch of people in B and C are let in before us, it renders the extra fee pointless.",SouthwestAir
2135812,2017-11-08 20:50:35,237461,@115873 is such a scam “Here’s a 5 dollar credit” (original fare 11$) add the credit price go up to 20 and you pay 13 lmao wtf,Uber_Support
2146487,2017-11-08 20:51:44,630984,@AppleSupport I️ need answers https://t.co/GJVpFtLAaF,AppleSupport
2147784,2017-11-08 20:55:02,631307,@AppleSupport Uh- What? Trying to combat narcissism? 😂 https://t.co/nCfDSfb4zB,AppleSupport
2131209,2017-11-08 20:57:55,557290,@AppleSupport Thanks! I’ll try it out,AppleSupport
2128946,2017-11-08 20:58:14,626712,@626713 @AmazonHelp Done! thanks a lot!!!,AmazonHelp
2137054,2017-11-08 21:01:21,159443,@VirginTrains Yes😊,VirginTrains
2136674,2017-11-08 21:04:35,628548,Apple could easily fix the I️ problem within hours if not minutes... this has to be a prank. @115858 what’s your end game here,AppleSupport
2137402,2017-11-08 21:07:21,628721,@comcastcares @136958 Recently ordered Blast &amp; X1 140 Chan. Was not given xtra options for HD at sign up. The 140 lists HD channels but the HD channels are not avail. I was told by reps that I would need to pay more for HD. False advertising for listing Hd in package.Not happy,comcastcares
2136676,2017-11-08 21:07:21,628549,Welp I️ tried lmao @115858 fix this please,AppleSupport
2136234,2017-11-08 21:08:13,628426,@AmazonHelp I am sure the other day I signed up for a free £10 voucher on my fire stick but how do I know if it is still valid?!,AmazonHelp
2136613,2017-11-08 21:12:19,628525,"@AppleSupport hi I wonder if you could tell me why when I have my iPad in charge it seems to charge to 10% and then rapidly decreases to like 2% even though it’s still in the charger charging, and I haven’t been using it while it’s been charging.",AppleSupport
2135799,2017-11-08 21:15:02,628334,@Uber_Support  https://t.co/HFYk6KXw4r,Uber_Support
2136249,2017-11-08 21:15:40,156966,@117795 I️ ordered house slippers and got two left footed ones. What’s the cust service email?,AmazonHelp
2138925,2017-11-08 21:16:24,629077,"@115858: update ready to install for MacOs
Me: Probably a good idea
Macbook after updates: I forgot what a capital i looks like. Ok if I just show something else instead?

@115858 thanks for breaking a month old computer this AM with the same bug that got my phone this weekend... https://t.co/JM1P01Nz6V",AppleSupport
2135885,2017-11-08 21:19:20,628358,"@AmericanAir Also if thats the case the agents should just be transparent instead of saying to the passengers asking ""oh the others didnt respond""",AmericanAir
2137207,2017-11-08 21:20:53,628674,this update really keeps freezing and messing up my phone! @115858 GET IT TOGETHER🙄,AppleSupport
1668317,2017-11-08 21:21:18,508078,@AmazonHelp  https://t.co/GyGmlQYjjB,AmazonHelp
2102686,2017-11-08 21:25:39,620911,@AmazonHelp @620910 Franchement vous abusez @AmazonHelp ... il faudrait penser à inscrire @120535 a une formation ... genre comment se servir d'une bal :),AmazonHelp
2137239,2017-11-08 21:26:36,628682,@115858 I️ need you to fix this,AppleSupport
2136962,2017-11-08 21:28:01,207764,Thanks @Delta for the upgrade!  Maybe we’ll salvage this day yet?,Delta
2139060,2017-11-08 21:30:42,629115,"@SpotifyCares Hi @SpotifyCares , you’ve been double charging me for 6 months and I just noticed now. I’ve filed a dispute with my bank. Can a rep please contact me ASAP to resolve this?",SpotifyCares
2140999,2017-11-08 21:32:34,618630,@AppleSupport question regarding the bands for iwatch 3. Will the Nike bands work on any of the series 3 watches? Or do you need to have the ‘Nike’ iwatch itself?,AppleSupport
2129013,2017-11-08 21:36:11,626726,@AmazonHelp Delivery not arrived which is a real hassle as i needed one of the items for tomorrow.,AmazonHelp
2138187,2017-11-08 21:38:04,628900,does anyone else’s phone die extremely fast since the update? this update is trash af @115858,AppleSupport
2146898,2017-11-08 21:38:28,200390,@200391 @comcastcares She is correct and YOU'RE incorrect sir. My internet is still wack.,comcastcares
2134149,2017-11-08 21:40:51,627241,@TMobileHelp @115913 The answer is NO! So in order for me to get help you guys need access to my Twitter account 🤔🤔🤔 help is what I need not u guys asking to gain access to my Twitter account 😡 https://t.co/1K7S61HTFs,TMobileHelp
2144035,2017-11-08 21:43:36,630368,"@AppleSupport What is up with this weird character thing changing the letter I️ to this symbol? Known issue for days. Friend, then me n pic. https://t.co/UGxcAzT1li",AppleSupport
2104350,2017-11-08 21:45:45,532172,@AmazonHelp is there a kdp amazon on twitter?,AmazonHelp
2138835,2017-11-08 21:47:12,629058,@AppleSupport I've tried everything I can to update my phone but it still won't work..... What shall I do?,AppleSupport
2138144,2017-11-08 21:49:02,628886,@Uber_Support my uber eats keeps saying it cannot find created order and won't let me place it,Uber_Support
2139022,2017-11-08 21:51:05,629104,@SpotifyCares I'm trying to close an account and it won't allow me as it says my Premium ends on 11/10/17. Could you help please?,SpotifyCares
2146678,2017-11-08 21:52:15,631042,"@AppleSupport I sent my feedbacks one minute ago, hope we can use our @16380 cards on the app! #apple 🍏",AppleSupport
2111371,2017-11-08 21:54:36,622767,@AppleSupport Thanks @AppleSupport I’ve taken a look at the support page and now know where I was going wrong. Best regards,AppleSupport
2139132,2017-11-08 21:54:39,629129,@AmericanAir  Never take up this airline's request to check in your hand luggage if they have a full flight. They will happily leave you stranded if anything goes wrong. You have been warned...,AmericanAir
2137860,2017-11-08 21:56:39,628835,"@115828 Where are the deals?
I'm not going to order anything if have to pay full price.",AmazonHelp
2720357,2017-11-08 21:58:50,763329,I left my beloved iPad mini on my @SouthwestAir flight this weekend. They just emailed me they found it &amp; can ship it to me. This is why SW always has been and will be my FAVE AIRLINE. Love them!,SouthwestAir
2138800,2017-11-08 21:59:12,629047,I️ hate this thing. I️ also hate that I’m getting used it. @115858 I️ need you to fix this.,AppleSupport
2140610,2017-11-08 22:01:27,629490,Thanks a lot @Delta !! 😰😓😩😤 #NeverAgain https://t.co/0qdtZjHrcj,Delta
2142965,2017-11-08 22:03:55,629679,"@117086 Olá, vocês têm oferecido vagas temporárias para o final de ano?",AmazonHelp
2141010,2017-11-08 22:04:44,629598,Update: chatting to Albert from @AppleSupport 😎 #prayforleah,AppleSupport
2139836,2017-11-08 22:10:24,629303,Anybody else having trouble moving the FaceTime Audio window on 10.13.1? Ignoring mouse clicks. @AppleSupport,AppleSupport
2141385,2017-11-08 22:12:25,121468,@115821 @amazonhelp thanks for saying my package will be here today then switching it to tomorrow?,AmazonHelp
2141695,2017-11-08 22:14:32,625010,@SpotifyCares I’m greeted with this: https://t.co/DASDysviIh,SpotifyCares
2141101,2017-11-08 22:16:18,307116,@115873 my driver called me fake stan and spat on me while taking me to a bts concert. this was him ! https://t.co/LGITkTl5DI,Uber_Support
2141024,2017-11-08 22:16:57,629603,Fix this I️ I️ I️ I️ I️ I️ I️ I️ I️ I️ I️ I️ I️ I️ I️ I️ I️ I️ I️ I️ I️ I️ I️ I️ I️ I️ I️ I️ I️ I️ I️ I️ I️ I️ I️ I️ I️ I️ I️ @AppleSupport,AppleSupport
2143161,2017-11-08 22:18:00,630104,"The in-flight entertainment preview going over @AmericanAir's PA includes House Of Cards S5, with a clip of Kevin Spacey bellowing, ""How much more proof do you people need?!"" Timely!",AmericanAir
2139755,2017-11-08 22:20:01,426796,@AmazonHelp I cant check as my neighbour ordered it for me as she has Amazon prime and shes fallen asleep as got to be up for the babu,AmazonHelp
2142485,2017-11-08 22:24:25,629951,@comcastcares why is discovery channel always so glitchy? I’ve restarted the box multiple times and it’s crap,comcastcares
2139937,2017-11-08 22:24:30,629338,@AppleSupport It’s my iPhone X test it’s on 11.1. Only started happening today &amp; only when it’s connected to WiFi,AppleSupport
2139732,2017-11-08 22:26:50,629281,@AmazonHelp @115821 why is my one-day prime delivery on day two now?,AmazonHelp
2139869,2017-11-08 22:30:59,134128,"@applesupport since I can made the backup as “read only”, that will do. (the  “compressed” .dmg and .dmgpart files were same size as r/o.",AppleSupport
2138231,2017-11-08 22:35:41,377491,"@AppleSupport Yes, they are being mirrored",AppleSupport
2141052,2017-11-08 22:39:35,629613,@Uber_Support @115873  I have a question about insurance. How do I speak to a live person ?,Uber_Support
2141667,2017-11-08 22:39:54,629752,Yoo @115858 my phones been running on dialup since the update ??,AppleSupport
2138998,2017-11-08 22:40:16,629098,@SpotifyCares Version 8.4.25.906,SpotifyCares
2141546,2017-11-08 22:40:43,629717,@115911 @TMobileHelp frustrated that you cheat customers on your buy one get one offers,TMobileHelp
2141306,2017-11-08 22:41:16,629677,@AmazonHelp I’ve got tickets london 02 the killers. Amazon Deck. Block 109? What does it include. Where is it exactly,AmazonHelp
751321,2017-11-08 22:42:39,299575,@Delta Flight crew issue. One that clearly could have been prevented because they cancelled the flight 13 hours before it was scheduled to depart,Delta
2143407,2017-11-08 22:45:20,267432,@AppleSupport hey I just got this is this a real one or fake ? https://t.co/9kjxXGs8HZ,AppleSupport
2122728,2017-11-08 22:47:12,299575,@AmericanAir IGONSN,AmericanAir
2145681,2017-11-08 22:49:07,630786,Man why do this “ I️  “keep popping up when we type the letter that comes after H in the alphabet @AppleSupport ??????????????,AppleSupport
2139785,2017-11-08 22:52:46,629289,"@AmazonHelp Aren't the ALL 3rd party vendors?  I mean, it's virtually impossible for one company to manufacture such a wide variety of items.  How do I tell if they are truly 3rd party?",AmazonHelp
2142376,2017-11-08 22:53:48,629918,"How my phone die, I turn it back on and it’s at 31%? 

 @AppleSupport",AppleSupport
2125852,2017-11-08 22:55:45,626032,@VirginTrains @120576 Thanks... Looks like WC are more prompt at replying than EC... Arm wrestle for who's best?,VirginTrains
2144612,2017-11-08 22:59:17,550449,Dear @115858 @applesupport this update is trash. This one right here. It’s horrible. So many bugs. Did you guys not do regression testing? https://t.co/3koNDr5X7v,AppleSupport
2139768,2017-11-08 23:00:05,629286,"@AmazonHelp Is the movie listing by language exhaustive? Currently browsing movies under English language, @119625  shows about 200 titles. Are there currently only 200 English movies available on @119625 ???",AmazonHelp
26672,2017-11-08 23:02:47,121838,@AppleSupport Oh and would you look at that..... hope you can decipher what that says. It’s like reading hieroglyphics. 👏🏼,AppleSupport
2142938,2017-11-08 23:07:59,630056,"@AmazonHelp Latest update: Monday, 6 Nov
2:58 PM Shipment has left seller facility and is in transit",AmazonHelp
2144101,2017-11-08 23:08:23,630391,@AppleSupport when do you think ios will have a function to delete cache apps? It is very useful to save memory in devices with low memory capacity,AppleSupport
2148681,2017-11-08 23:08:59,631532,Puerto Rico isn't just a livable place right now. No human deserves to live like that it's no way of good and healthy life. Get out asap. Airlines need to get us more flights &amp; tickets @AmericanAir @JetBlue @Delta @116450 https://t.co/M3yVaCbtvl,AmericanAir
2132084,2017-11-08 23:13:10,627432,@AppleSupport Thank you!,AppleSupport
2144235,2017-11-08 23:17:47,630428,@SpotifyCares I need to put my new card info in and my account only wants me to switch my plan. I want to keep my plan but switch my card,SpotifyCares
2141308,2017-11-08 23:19:17,629677,@AmazonHelp can you send me a seat plan  of amazon deck 109 please,AmazonHelp
2144107,2017-11-08 23:20:08,630392,Hey @AppleSupport Why is everyone’s iphone auto correcting ‘I’ to I️,AppleSupport
2138128,2017-11-08 23:20:55,628883,@Uber_Support (206) 471-2517 there's his number.,Uber_Support
2144319,2017-11-08 23:22:04,630451,Don't ever pay for another family member to fly @SouthwestAir  if there is a chance they have to cancel. Southwest Airlines will not give the funds to the person who paid for the flight. Basically they just stole $240 from me. Never again will I fly with SWA.,SouthwestAir
2145064,2017-11-08 23:24:03,630614,@comcastcares worst voice system ever - assumes why u r calling &amp; says will fix in 2 dys &amp; no way to get out of it to tell real reason 4 cal,comcastcares
2143356,2017-11-08 23:25:33,351485,"@AppleSupport I think I found the issue, the “I” in some tweets is getting replaced by a # followed by the missing emoji symbol",AppleSupport
2142908,2017-11-08 23:26:56,630047,@AmazonHelp Thank you for the link,AmazonHelp
2144045,2017-11-08 23:31:02,630372,"Why is the I️ issue fixed yet, @115858?",AppleSupport
2144134,2017-11-08 23:31:04,630399,"Hey @TMobileHelp I'm in Canada, and have been having all sorts of issues and now my phone won't send any text messages. Can you please assist!!",TMobileHelp
2143806,2017-11-08 23:31:45,630309,Fly @delta the airline of entitled business douches. I think this experiment of Delta loyalty is coming to and end.,Delta
2141375,2017-11-08 23:36:04,629691,@AmazonHelp still dont find my answer. i have drive (now) and have prime photos from now on. but the drive pictures are in photo. strange search way i need to redo all. but is there no other way?,AmazonHelp
2148082,2017-11-08 23:36:26,146709,ok @115858 explain to me why everything is coming up as an A and a question mark in a box i have updated my phone I AM CONFUSEDDDDDDDD,AppleSupport
2148629,2017-11-08 23:37:46,631518,"@AmericanAir Nina at the customer service desk at terminal F at PHL is a rockstar!! Super helpful, knowledgeable and great attitude. She is a great example for superior service for #AA",AmericanAir
2143950,2017-11-08 23:40:06,630346,@AppleSupport Thank you tons!,AppleSupport
2145870,2017-11-08 23:40:22,630835,"@Uber_Support i tried that. The driver of the uber took pictures of dirt on the floormat and claimed it as vomit

Uber told me no refund",Uber_Support
2104363,2017-11-08 23:42:43,532172,@AmazonHelp thanks i will call :) i will update when finished,AmazonHelp
26707,2017-11-08 23:45:38,121850,@AppleSupport For free and downloaded onto the device I'm currently using,AppleSupport
2144426,2017-11-08 23:51:45,630476,@115821 you have some major problems with your delivery service.  Repeated mistakes and lost packages.,AmazonHelp
2145839,2017-11-08 23:51:58,630826,"@115873 you need to have a ""0"" star option! I would give it to the driver whose car I was in #worstuberdriverever",Uber_Support
2149139,2017-11-08 23:52:23,631636,Dammit @115858 fix this problem where i can’t type the letter i by itself unless it is lower case!!!!! https://t.co/a4WtzmL7Zv,AppleSupport
2143287,2017-11-08 23:58:06,630140,@AppleSupport tried but didnt know how to on the 7 thanks for the link and your help guys fist bumps alround whoop whoop,AppleSupport
2145810,2017-11-09 00:01:38,147951,@115873 @Uber_Support This too much to type but just know i will make a video on this as soon as the police n my bank are done investigating the whole situation.,Uber_Support
2141590,2017-11-09 00:02:44,629727,@AppleSupport I’m getting this now https://t.co/YCsO8Cg9Gf,AppleSupport
2144420,2017-11-09 00:05:26,630475,@AmazonHelp Right the it said delivery by Friday Nov 10th! It’s why I️ ordered.. than email says 17th!,AmazonHelp
2144734,2017-11-09 00:10:08,630558,@AppleSupport Yes still does the same even after rebooting https://t.co/dmAY58nESV,AppleSupport
2149986,2017-11-09 00:14:07,631880,@AppleSupport 🗣🗣🗣WILL YOU GUYS FIX THIS BLOODY BUG THAT IS MAKING ME TYPE HIEROGLYPHICS INSTEAD OF I?,AppleSupport
2143153,2017-11-09 00:15:56,306664,"@AmericanAir You are my favorite airline, your staff rocks especially the ground crew who has to deal with all of the hardships when things go wrong with weather and aricrafts",AmericanAir
2149533,2017-11-09 00:18:53,631758,"@AmazonHelp @115821 Why do u say guaranteed delivery date, when it never happens. #Fraud",AmazonHelp
2149458,2017-11-09 00:19:04,631737,@SouthwestAir I’m not patient. You have ruined my meeting plans. @AmericanAir got me from London early. You can’t get me to SFO on time. You’re a shambles,SouthwestAir
2148125,2017-11-09 00:21:47,631386,I️ I️ I️ I️ I️ I️ I️ I️ I️ I️ I️ I️ I️ I️ I️ I️ I️ I️ I️ I️ I️ I️ I️ I️ I️ I️ I️ I️ I️ I️ I️ I️ I️ I️ I️ I️ I️ I️ I️ I️ I️ I️ I️ I️ I️ I️ I️ I️ I️ I️ I️ I️ I️ I️ I️ I️ I️ I️ I️ I️ I️ I️ I️ I️ I️ I️ FIX IT @115858.,AppleSupport
1761606,2017-11-09 00:22:53,631662,@115900 @70309 How come my internet doesn’t work when I try to play?????,comcastcares
2149135,2017-11-09 00:23:55,631634,@115858 HEY my shiny new #iPhoneX will not let me get apps from the App Store? What the heck? https://t.co/C3566kXJXH,AppleSupport
2148221,2017-11-09 00:25:45,631410,"@SpotifyCares Hey man, when did you add him? Why wasn't I the first one you told????",SpotifyCares
2149582,2017-11-09 00:27:12,631766,@115850 Is that how you guys function there!!!! No customer service ethics...,AmazonHelp
2122511,2017-11-09 00:28:45,625296,@AppleSupport Oh I just restarted my phone and everything went back to normal,AppleSupport
2148062,2017-11-09 00:32:56,631367,@AppleSupport nah come to me when that shits fixed fam,AppleSupport
2150422,2017-11-09 00:35:43,632015,Just want to thank @115913 @115911 for the photos of people in caskets and parole information of the last person to have my son's warranty replacement phone.  Just wondering if this is what we get after nearly 20 years.,TMobileHelp
2149185,2017-11-09 00:36:32,631653,@AppleSupport I did that I️t still messes up. But hopefully this will do fine until the next update,AppleSupport
2151082,2017-11-09 00:38:21,632178,"そういやamazonプライム登録してるけど、配達時間以外なんのサービスも利用してないな
曲も無料でDLできるの？",AmazonHelp
2150047,2017-11-09 00:39:47,631896,"This my friends, is why you don't give your number to your @115873 driver https://t.co/X3kaPYVrv7",Uber_Support
2148901,2017-11-09 00:41:04,631573,"This @Delta safety spokesman gal, is way to chipper....but sexy af. Well done delta https://t.co/71wxrJhXWi",Delta
2149940,2017-11-09 00:42:31,533146,But like on the real doe... when’s @115858 gonna fix that i glitch?,AppleSupport
2149515,2017-11-09 00:49:06,631753,Hey @115821 I tried to pick up this box and nearly threw it to the roof 😂😂 https://t.co/J6CxQee7sE,AmazonHelp
2149891,2017-11-09 00:49:35,631844,A[?] like to use 1st person when texting. Please fix this problem.  @115858,AppleSupport
2150301,2017-11-09 00:52:48,631968,@AppleSupport how do we get rid of this autocorrect bug,AppleSupport
2151256,2017-11-09 00:57:39,587392,ok @115858 you’ve taken long enough. When the HELL are you fixing this I️ shit?¿ EYE literally can’t deal w this.,AppleSupport
2152632,2017-11-09 00:58:08,632544,You guys suck at being an airline lol @AmericanAir,AmericanAir
2151046,2017-11-09 01:03:17,632167,@117086 qual o twitter do Amazon Prime Video?,AmazonHelp
2150303,2017-11-09 01:04:39,631969,@115858 can we get a update for this A? Situation and a update for this spinning circle on my phone all day! Sheesh!!,AppleSupport
2150241,2017-11-09 01:09:20,631948,@115858 my battery exploded. I want the iPhone X or i will sue https://t.co/nMMrnB6f8i,AppleSupport
2149512,2017-11-09 01:11:48,631752,"@AmazonHelp Not yet, and I talked to the local AMZL carrier, who is helpfully looking for the package. But fulfilling launch day orders 2+ days late doesn't inspire confidence. And slipping delivery dates is becoming a theme recently.",AmazonHelp
2150277,2017-11-09 01:14:41,631961,@AppleSupport @631960 Hi I did this and now random letters are turning into the symbol too and the shortcut stopped working,AppleSupport
2153123,2017-11-09 01:15:49,632671,@115888  why isn’t your app letting me sign in 😡,SpotifyCares
2152667,2017-11-09 01:16:41,632548,"Ooh, my @AmericanAir flight was delayed because the toilet broke. Now I’m gonna miss my connection, which is the last flight out. What happens now? Do I sleep pon de floor?",AmericanAir
2153779,2017-11-09 01:18:03,310822,@116136 @comcastcares so y’all gonna fix these random outages or what.,comcastcares
2151185,2017-11-09 01:19:26,632200,"How is @AppleSupport going to release a update for my Mac and say it’s compatible and it updated for a whole day in a half, restarts and now I️ have a fucking problem",AppleSupport
2151024,2017-11-09 01:19:44,632161,@AmazonHelp 3rd day in a row delivery failed - continuous after biz hours attempts. Customer service won't cancel my order. I don't have my items. What am I supposed to do here.,AmazonHelp
2151253,2017-11-09 01:25:13,632221,"@632220 @632219 @AppleSupport I just decided that when my friend see that, they should know what it means. Is that bad? Haha.",AppleSupport
2152630,2017-11-09 01:26:08,632544,@AmericanAir You won’t do anything to help so I’m not wasting my time explaining all the problems that occurred today. Thanks though.,AmericanAir
2150986,2017-11-09 01:27:23,125355,I wonder if my package from @115821 was stepped on before or after my item was placed in it... https://t.co/ZmQ75m5tOn,AmazonHelp
1845033,2017-11-09 01:28:56,418476,@Uber_Support the last several times in Miami after a cruise your drivers have dumped our trips when they realize they can make more on another fare. This has to stop. These two are examples. Please take care of this ASAP. I’m sure I’m not alone. https://t.co/CjMg0XoxFg,Uber_Support
2151192,2017-11-09 01:29:19,632202,@AppleSupport damn this is good customer service ngl,AppleSupport
2152181,2017-11-09 01:34:06,632422,@AppleSupport,AppleSupport
2152536,2017-11-09 01:35:34,461780,@115821 I️ wish you guys would deliver my packages on time! Especially when it’s going to an Amazon Locker. Like how hard can it be to deliver to YOUR machine in a public place?! 😡😡,AmazonHelp
2152921,2017-11-09 01:38:29,431505,@AppleSupport does iPhone 7 has international warranty now ??,AppleSupport
2153070,2017-11-09 01:39:00,632656,@TMobileHelp having issues with a recent phone upgrade the wife and I did. Mixed messages from people.,TMobileHelp
2152949,2017-11-09 01:42:42,363924,@AppleSupport MY PHONE WASNT FREEZING TILL THIS UPDATE 🙄🙄🙄,AppleSupport
1410331,2017-11-09 01:45:35,447818,@AmazonHelp Ask your team first,AmazonHelp
2153468,2017-11-09 01:48:17,632752,@115858 GET YOUR SHIT TOGETHER AND FIX THIS I SHIT,AppleSupport
2158630,2017-11-09 01:51:00,634068,Has one else updated Spotify and can’t find the search or home buttons that are at the bottom normally?!?!? @115888,SpotifyCares
2154624,2017-11-09 01:52:31,633021,@AppleSupport 3-Month-Old iPhone 7 Phone is getting treated as an old phone by your support. And the color fading issue of the phone is termed as COSMETIC DAMAGE. At least you guys have used nicer term though your quality is pathetic. https://t.co/LbYAnVKmEu,AppleSupport
1756849,2017-11-09 01:52:57,528982,@SouthwestAir Perhaps @137434 will honor this 🙏🏼🍸,SouthwestAir
2153440,2017-11-09 01:58:12,632742,Seriously  @115858 can you hurry up n fix these ? Signs  I️ keep seeing 🤔,AppleSupport
2154450,2017-11-09 01:59:14,632979,Amazonミュージックにペルソナあるやーーーん https://t.co/l73q5cDhDR,AmazonHelp
2154851,2017-11-09 02:00:13,633093,"First order on @115877 was a fail. 90 minutes no food, had to cancel.. going to class hungry ahhh @1582 #Seattle",Uber_Support
1764057,2017-11-09 02:05:04,530680,@comcastcares Within what two: three weeks of the last issue,comcastcares
2154618,2017-11-09 02:05:22,633019,@123765 Way to go @115858 update for changing my letter “i”.,AppleSupport
2154593,2017-11-09 02:11:01,633009,@115858 soooo what’s going on with the lowercase I’s man?? Fix that shit,AppleSupport
2157854,2017-11-09 02:13:59,558313,Hey @Delta I love your app but suddenly I can’t check in with it. Halp!,Delta
2152609,2017-11-09 02:16:58,632543,@AmericanAir And total travel time doesn't help when you are landing in a different time zone. Just fix it.,AmericanAir
2153409,2017-11-09 02:18:15,632730,@AppleSupport Did that already. When’s the next update?,AppleSupport
2154435,2017-11-09 02:19:41,268671,@AmazonHelp No sirve de nada... nadie me resuelve nada desde ayer,AmazonHelp
2158505,2017-11-09 02:26:39,339809,"@TMobileHelp @TMobileHelp Your agent started a 3-way call with SimpleMobile, who has the number now, and then your agent dropped from the call without telling us they were dropping.  This is awful service.  Just awful.  Almost 2 hours on the phone now and unresolved.",TMobileHelp
2171628,2017-11-09 02:31:09,313826,I️ also think we have a problem with this iPhone autocorrect bug. Fix this @115858,AppleSupport
2104267,2017-11-09 02:31:41,197814,"@AmazonHelp I have already sent the info over the link, but haven’t received any response.",AmazonHelp
2158563,2017-11-09 02:46:11,634050,How can I stop someone who isn’t me from using my   @115888              student discount ??,SpotifyCares
2170224,2017-11-09 02:51:57,446112,"Hey @Uber_Support, no SUVs in Honolulu???",Uber_Support
2137525,2017-11-09 02:57:16,443780,@628747 @116021 This is literally my problem with @116136! My internet is trash at times. I just give up and might switch.,comcastcares
2157789,2017-11-09 03:07:19,633845,@Delta This is absolutely unacceptable and I’m a Medallion member...,Delta
2158457,2017-11-09 03:09:43,180733,@TMobileHelp fuck. I need a better wireless provider whose LTE signal actually works unlike these scam artist assholes known as T-Mobile,TMobileHelp
2158117,2017-11-09 03:10:56,162605,"@627391 @AmericanAir Yeah, wasn’t sure since I didn’t think the 773 normally flew EZE routes. But there you have it. Thanks!",AmericanAir
2159465,2017-11-09 03:11:27,246634,@SouthwestAir trying to get to best friends wedding last minute - trying to figure out airport options. Can you help me locate options within a certain radius? Have to be back in LAX one day later,SouthwestAir
1681855,2017-11-09 03:22:04,511314,"@Uber_Support The problem is, it's been three days and I've still just been asked to wait with a very similar message. It seems pointless beyond a limit.",Uber_Support
2169896,2017-11-09 03:25:46,636550,I got this 7 plus like a month ago and this hoe already tripping. @115858 y’all got me fucked up.,AppleSupport
2169847,2017-11-09 03:31:36,636529,"If @115858 could fix their bugs before releasing new phones next time, that’d be great bc this one is glitching just as much as my old one did 🙃",AppleSupport
2169787,2017-11-09 03:37:58,636504,@115858 Fix This Damn Auto Correct For “ I️” Tired Of This Damn Question Mark Popping up ❗️,AppleSupport
2158552,2017-11-09 03:41:17,634046,"@115888 hey I just upgraded my phone, and now the Spotify app won’t work. Went from iPhone 6s to iPhone 8 Plus. Is this an OS compatibility issue?",SpotifyCares
2159348,2017-11-09 03:42:29,634256,You guys...my Amazon Echo won’t connect to the internet...but it’s still on and working...is this the first sign of the AI takeover?!,AmazonHelp
2169776,2017-11-09 03:45:56,636501,@445522 @AppleSupport Lol it’s fixed already,AppleSupport
2125963,2017-11-09 03:51:57,626059,"@AppleSupport Was able to boot into safe mode but when i restart the mac, it freezes on the apple logo with almost complete loading bar. I waited for 5 hrs but it didnt work. 😥",AppleSupport
2166260,2017-11-09 03:53:41,561880,I can't believe that CMT is part of a sports package with @115900. A package that I definitely don't need.,comcastcares
2169739,2017-11-09 04:00:44,636486,"Seriously, @115858 needs to fix the “I” bug ASAP.",AppleSupport
2159380,2017-11-09 04:02:03,634264,"なんか変なメッセージ来てたんだけどwwww
無視するwwww

てかAmazon使ったことないしwwww https://t.co/WfrozERhUZ",AmazonHelp
2157773,2017-11-09 04:03:44,633840,"@Delta Yes, I sent you a message. Still no response. Still on hold. Fantastic work tonight.",Delta
677243,2017-11-09 04:04:37,634005,@115911 When are y’all shipping me my pre-order? 🤔,TMobileHelp
2169733,2017-11-09 04:07:01,636484,"@115858 fix this glitch, thanks",AppleSupport
2170127,2017-11-09 04:07:08,636620,I love it how @115873 says it will take 8 min for your driver to arrive and it ends up taking 23 min. If you try to cancel and call another they charge you $2. #wow #dissapointed,Uber_Support
2158143,2017-11-09 04:14:13,407698,@AmericanAir @633932 don't argue with a profile with one follower and four tweets in their entire account about their hatred for American Airlines. Clearly a troll....haha,AmericanAir
2159224,2017-11-09 04:17:29,529827,"You can't tell me something is out for delivery then decide not to deliver it. Yesterday's package was covered in oil, today's just isn't here. You REALLY need a new delivery guy for this area @115821. I have 6 packages coming tomorrow. Please don't screw those up too, ok?",AmazonHelp
2159430,2017-11-09 04:22:21,634272,@SouthwestAir Then why doesn’t your website update to the correct amount?,SouthwestAir
2159311,2017-11-09 04:24:46,634251,一人暮らしとともにAmazonプライム会員になりました,AmazonHelp
1138468,2017-11-09 04:31:04,388163,@Uber_Support I can be contacted at __email__,Uber_Support
2159235,2017-11-09 04:35:53,634239,"@AmazonHelp コンビニから発送の場合はコンビニで買った受け取る紙に宛先を記載すればいいのでしょうか？
それともコピーを貼り付けるのでしょうか？",AmazonHelp
2151842,2017-11-09 04:43:40,632349,@Delta Any way I can get IT help or something? They can call me if that’s better?,Delta
2159304,2017-11-09 04:43:54,634250,@AmazonHelp I tried talking to your chatbot. It wasn't very helpful.,AmazonHelp
2170046,2017-11-09 04:52:52,636599,@Uber_Support I have reached out to your customer support on several occasions who showed me zero customer empathy and repeatedly gave me a template response. This clearly shows that you have not trained your customer support or your drivers well on how to handle your customers. Pathetic!,Uber_Support
2169695,2017-11-09 04:55:59,636471,@AppleSupport @636469 Why y’all can’t fix it now... since y’all broke it.... https://t.co/36ZVMVfhs8,AppleSupport
2161306,2017-11-09 05:02:02,634705,"@SpotifyCares I lost my hulu sub when the second month of pay kicked in, is there a fix for it? Pay went through and everything, still have my hulu account it doesn't have a sub though",SpotifyCares
2166326,2017-11-09 05:03:23,132783,@115900 is literally the worst internet/cable provider on the plant. fucking garbage.,comcastcares
2161217,2017-11-09 05:07:19,634677,This replacement phone that @115911 sent me is doing what it wants to do &amp; it’s annoying! 🤦🏾‍♂️,TMobileHelp
2478830,2017-11-09 05:13:56,708436,@AmazonHelp I’ve not received any satisfactory response from your side and i want a solution dor this ASAP,AmazonHelp
2162771,2017-11-09 05:17:28,635036,@Uber_Support This doesn’t solve anything. You don’t give enough power to the consumers. Seems like you value shady drivers more than consumers,Uber_Support
2162744,2017-11-09 05:42:27,635032,@Uber_Support Please be in touch with your drivers gentlemen.,Uber_Support
2160847,2017-11-09 05:51:48,634595,@AmericanAir The crew is great. I just would have grabbed dinner had I known :),AmericanAir
2161245,2017-11-09 06:14:10,634687,@SpotifyCares Thank you♥️,SpotifyCares
2166244,2017-11-09 06:14:23,635777,Why why why is talking to @comcastcares on the phone  worse than any pain I have endured! I cannot wait for a real alternative! Same stuff everytime... Listen!,comcastcares
2161901,2017-11-09 06:15:50,433764,"@115850, @115851 : I have been trying to reach for proper resolution for issues in which some are serious, No ownership https://t.co/atoax2pllB",AmazonHelp
2177304,2017-11-09 06:19:12,638179,"Get your shit together @115858 , why can’t we type “ I️ “",AppleSupport
2162695,2017-11-09 06:23:43,635015,"@115877 I’m seriously frustrated with Uber Eats in the Keller, TX area. Food is late, missing items, etc. consistently. For example, ordered Taco Bueno tonight at 11:58. They close at 12:30. I️t now says order won’t be here until 12:52? It’s 2 miles away!",Uber_Support
2160561,2017-11-09 06:36:31,634538,Called @delta and asked to move the date of my flight. No hesitation. Changed it for free. I’m seriously impressed. 39 hours. 🇨🇳🇰🇭 🇮🇩,Delta
2161883,2017-11-09 06:38:01,634826,Ok. Why is amazon being like this. Last night I paid for my order and today. 3 times I get emails saying my payment was declined. The money has literally been taken from my account. What in the heck r u on bros I swear if it doesn’t come on time,AmazonHelp
2162853,2017-11-09 06:52:19,635053,@635052 @AmazonHelp Promo code share karna jo 😂😂,AmazonHelp
2161948,2017-11-09 06:57:26,634839,@AmazonHelp Your helpcentre can't track my order,AmazonHelp
2162637,2017-11-09 06:58:31,462226,@Uber_Support canceled my uber pool cuz that fool passed me twice and kept going after 10 mins. Need my 2 bucks back bruh,Uber_Support
2161820,2017-11-09 07:04:17,634819,"@AmazonHelp But my order was confirmed and amount was deducted from bank, also it was expected to be delivered today.",AmazonHelp
2160621,2017-11-09 07:07:04,120723,By the tone of his voice I thought The Queen had taken a turn for the worst - but it’s worse! It seems there is no chef onboard the train #hellinfirstclass @VirginTrains - and starvation can only be avoided by changing at New St. Not so this plucky Brit! #dilemma https://t.co/ixugRQmOCR,VirginTrains
2139754,2017-11-09 07:10:13,426796,@AmazonHelp Its now aayiny due for delivery between the 8th - 10th Nov and if its not arrived by the 11th to come back for more options. Shocking considering it was ordered via one day delivery as an Amazon prime member,AmazonHelp
2741285,2017-11-09 07:21:14,767927,@115850 I am still struggling with last order and it's 10th day of trouble https://t.co/Z8EIqcv6uW,AmazonHelp
1763213,2017-11-09 07:31:50,530477,@AmazonHelp Additionally I’ve had 8 hours of ‘chat’ over the last 2 days and got nowhere except told to claim through @530478 which I think is unacceptable when you took my money and sent me broken stuff,AmazonHelp
2162010,2017-11-09 07:34:24,634850,#ThankYou @southwestair! Here’s to the 9th #AJLiveAt35! #Baltimore to #SanDiego #liveat35… https://t.co/VGkR9t7l5F,SouthwestAir
2162569,2017-11-09 07:37:00,634989,@Uber_Support Mail is __email__ the trip is 9.49AM IST trip,Uber_Support
2165554,2017-11-09 07:48:50,635613,"@SpotifyCares The contact forms don’t have a category for being hacked. I have sent an email to support via Paypal and have deleted the people from it, changed my Facebook password and cancelled the subscription.",SpotifyCares
2149098,2017-11-09 07:54:21,631620,"@AppleSupport literally nothing is working, it keeps crashing apps. i tried to restart it and now i cant even turn it back on. I'm not actually sure what iOS its on, but i cant even update it because my phone wont turn on without crashing",AppleSupport
2166180,2017-11-09 08:02:13,230187,@115900 I really wish you would bring create tv to the line up. I have a huge group of friends that do handcrafts of all kinds and we would love to be able to spend time together watching and learning to do something new.,comcastcares
1710122,2017-11-09 08:07:15,518120,@AmazonHelp My problem is yet not resolved. Kindly do needful urgently. I have received marble in place of mobile that I have ordered.,AmazonHelp
2163962,2017-11-09 08:26:33,635293,@VirginTrains @85795 @137069 0708 LTV to Euston. But it's the same sticker on all your cutlery. Oops. Marketing gaffe.,VirginTrains
2167349,2017-11-09 08:32:03,636004,"Hey @115877 Melbourne, do you have olympic cyclists in your midst? It does not take 8 mins from Collingwood to East Richmond... Cold food here we go. https://t.co/dNkIYH8IFP",Uber_Support
2164814,2017-11-09 08:47:53,635450,Anyone know if @AmericanAir serves booze on international flights? Cause I could sure use some.,AmericanAir
2166659,2017-11-09 09:01:20,172479,"Thanks for the surprise @115850 🤗
Our little one is thrilled!!! https://t.co/qNjNc72ehj",AmazonHelp
2165413,2017-11-09 09:04:32,635583,@115911 I’m paying $279/Month for three lines with Verizon and am getting some of the worst customer service imaginable and they’re refusing to send me replacement devices. Can you offer me more?,TMobileHelp
2163942,2017-11-09 09:06:05,635290,@VirginTrains London any :),VirginTrains
2166661,2017-11-09 09:21:58,635883,@AmazonHelp problem solved . Thank u for kind co operation.,AmazonHelp
2167295,2017-11-09 09:24:53,635985,"Payment shows up via web, but not in the app, so I can't ride.  Help! @115873",Uber_Support
6548,2017-11-09 09:35:30,635595,@117153 @SpotifyCares Im having issues... I'm in a band called Foxygen and I get paid .006 cents a song because my label handed over the rights to my music when you offered them and every other label stock in your company,SpotifyCares
1240534,2017-11-09 09:39:11,410970,@AmazonHelp I already had word with them still waiting for resolution,AmazonHelp
2163809,2017-11-09 09:39:55,635272,@VirginTrains A neighbour has an African hedgehog called Coconut but Mabel or biscuit seems quite fitting for a local one. https://t.co/jPVntpIM9k,VirginTrains
2163739,2017-11-09 09:46:34,420669,@Delta does silver elite status give me access to the prioty check in counter ?,Delta
1710128,2017-11-09 09:48:40,518120,@AmazonHelp  https://t.co/G6FREQU9hZ,AmazonHelp
1776327,2017-11-09 09:49:07,533794,@AppleSupport Updated my iTunes. Same result. 😒,AppleSupport
2166460,2017-11-09 09:57:04,635841,@115821 yesterday I had the worst experience with Amazon.fr! I️ ordered my nephews PS4 PRO plus some games and since amazon accepted my ...,AmazonHelp
2166639,2017-11-09 10:01:31,635876,@AmazonHelp Now i want the justice inough is enough,AmazonHelp
2167086,2017-11-09 10:08:17,630069,@AmazonHelp I don't need standard responses what u mentioned. Give me time line when I will be getting my money refunded. Howmuch time do you need more.,AmazonHelp
2167251,2017-11-09 10:10:00,140697,They use a customer service app to pretend to care and respond for each rider yet I️ feel so uncomfortable in this car with my driver on his phone but I️ don’t want to get out bc it will charge me and their drivers will take 20 min to get me @115873,Uber_Support
2182194,2017-11-09 10:14:22,639292,What if @115888 made a dedicated #Podcast app? - Prototype here: https://t.co/HNun5yAFJn,SpotifyCares
2166608,2017-11-09 10:17:50,635841,@AmazonHelp Yes yesterday and even spoke with supervisor and all he said was...,AmazonHelp
2177381,2017-11-09 10:29:36,638205,@AppleSupport so my alarm don’t work with or without the ringer on vibrate what the heck https://t.co/9L01Gs4NG2,AppleSupport
2167220,2017-11-09 10:41:15,635965,@Uber_Support my account has been blocked with no reasons,Uber_Support
2105006,2017-11-09 10:43:49,621346,"@AmazonHelp But this ""order"" does not show in her history, that's what makes it look fraudulent. Amazon were meant to track the transaction to an order placed via Amazon Local that we did not authorise.",AmazonHelp
2168697,2017-11-09 11:04:53,636287,@VirginTrains never experienced such bad customer service before by Jonnie on a train from Newcastle to Kings Cross - total disgrace,VirginTrains
2169410,2017-11-09 11:15:49,636402,@AmericanAir pretty cool to celebrate a hallmark flight with Bette Nash  60 years as a Flight Attendant!   #epic,AmericanAir
2177227,2017-11-09 11:19:29,638150,Another issue the different shade of colour on the right @175597 @115858 so much shortcomings https://t.co/9tfasMaQez,AppleSupport
2171839,2017-11-09 11:26:20,636976,@Uber_Support __email__,Uber_Support
2397232,2017-11-09 11:28:46,689941,@AmazonHelp Marketplace Seller - I've messaged them but have been quoted two business days for a reply. Ordered a week ago.,AmazonHelp
2139048,2017-11-09 11:30:31,124332,@SpotifyCares No. It happened again. Taking ages to load and finally my computer seized up. I am removing your win 10 app. There is something wrong with it.,SpotifyCares
2177272,2017-11-09 11:46:52,638164,Dear @115858 I️ I️ I️ I️ I️ I️ I️ m tired of this shit,AppleSupport
2184397,2017-11-09 12:02:47,639814,"@ComcastCares
#mobile_Care
Have talked to at least 4 different agents in 6 mos to make my internet work, no luck. Why does it cost $120/mo if it DOESN'T EVER WORK!? We are constantly relying on our cellphone wifi instead, wtf Comcast! $720 down the drain!!",comcastcares
2343973,2017-11-09 12:03:22,677885,"@AmazonHelp Nothing inside package's, have attached pics of outside info https://t.co/Z45G9XEwr4",AmazonHelp
2168624,2017-11-09 12:08:03,636273,Waiting for my @VirginTrains to take me to LDN. For some #ebp #training #eatingdisorders #pmh #pimh #imh #iHVPIMHForums,VirginTrains
2185466,2017-11-09 12:10:51,276152,@AppleSupport why is this “A followed by a little box w a ?” Coming up on autocorrect???,AppleSupport
2171771,2017-11-09 12:15:28,196903,@Uber_Support Your twitter automation is terrible. Idk why I even bothered - knew I’d get a response like that. Use human beings who can read and think.,Uber_Support
2171110,2017-11-09 12:17:37,121898,"@AmazonHelp From last time 2nd nov and today , I am trying to book but couldn't 😢",AmazonHelp
2171213,2017-11-09 12:21:37,636844,I️ usually love flying @SouthwestAir but yesterday was possibly the second worst flying experience of my life. #Delay #LostBag #NeverAgain,SouthwestAir
1680082,2017-11-09 12:26:10,510902,"@AmazonHelp Still issue not resolved . It’s so humiliating, coupon is not working .",AmazonHelp
48319,2017-11-09 12:33:40,126770,@AmericanAir Yeah you charged me twice and were supposed to refund me be that hasn’t happened yet.,AmericanAir
2171008,2017-11-09 12:36:05,636809,"@115830 hi, can you send me the link to enable me to query this delivery further? As the location doesn’t exist. Thanks https://t.co/feTDlswLMR",AmazonHelp
2173779,2017-11-09 12:38:53,637418,"Hey @Delta , who thought It was a good idea to put horror movies on the plane televisions, I just had a 6 hour flight and my dumb ass watched Annabelle and I was tweakin for 6 fu*king hours. How bout you put some Christmas movies or some shit damn",Delta
2175481,2017-11-09 12:40:30,637787,"@115888 I can’t Longing my account, I can’t password resert and my email don’t founded my account no Facebook What HappensSs?!???",SpotifyCares
2170869,2017-11-09 12:41:40,267723,@AmazonHelp I have to dispatch it to a village in HP with my brother as he was having a flight on 5th night and I got assured by customer service,AmazonHelp
2111124,2017-11-09 12:46:48,147566,"@AmazonHelp La plupart du temps je regarde fiche produit +evals et c'est bon (mais je suis souvent sur Logitech, MSI, Be quiet, Razer...) Je vogue au grès de mes besoins ^^",AmazonHelp
2170945,2017-11-09 12:53:01,636804,"@AmazonHelp i dont have the item, @116324 have it",AmazonHelp
2171730,2017-11-09 12:57:13,636945,"@Uber_Support 
HI, yesterday I had a problem trying to request a car. The app said my card was no longer valid.
My card says valid dates 11/2014 -11/2017 so it´s valid until de last day of november. I´ve used it in other shops without problems. And also my bank confirmed this.",Uber_Support
2170772,2017-11-09 13:00:39,636781,"@AmazonHelp Yeah but i'm in kilmarnock nearest depot is Greenock i'm sure, can they deliver the real deal for tomorrow or not??",AmazonHelp
2173936,2017-11-09 13:11:37,637451,@VirginTrains From London to Newcastle,VirginTrains
2170776,2017-11-09 13:12:26,396117,"@AmazonHelp Livraison rapide (15-16 novembre) . Malheureusement hier cela était possible de le recevoir le jour de la sortie. J'attendais mon bon cadeau et voila, c'est vraiment triste https://t.co/JJTC7SC5hL",AmazonHelp
2175263,2017-11-09 13:20:44,637724,@TMobileHelp @115913 Ok,TMobileHelp
2174485,2017-11-09 13:22:22,637557,@AmericanAir We need to get on flight 3284 but only 1 seat available when I called. Any way to stay on top of this &amp; find out if 2nd seat becomes available?,AmericanAir
2177801,2017-11-09 13:28:08,638326,"@Uber_Support You want to reach me, call me. I am totally frustrated with uber. I just cancelled a trip now as we speak. The driver has kept me waiting for more than 35 minutes and I am sure I will be charged. Why will an Uber driver ask a client to cancel the trip? Does hat sound right?",Uber_Support
2173719,2017-11-09 13:40:01,637403,"So, despite @Delta indicating I am on Standby on their app, I *am* confirmed for my flight and will get assigned a seat in an hour.",Delta
2175330,2017-11-09 13:55:14,637744,@115888 I best be getting a whole week of ad free music with the size of this ad what https://t.co/Eod2mOEMbW,SpotifyCares
2158175,2017-11-09 13:59:25,633940,@AmericanAir Finding my delayed bag would be a great start.,AmericanAir
2176820,2017-11-09 14:03:01,638056,@SouthwestAir are you all having a Black Friday/ Cyber Monday sale?,SouthwestAir
2185373,2017-11-09 14:03:25,640021,Hey @AppleSupport how can I do a 245 calorie workout but only have 226 calories in my move ring?? This has been the case since updating the watch last week.  😤 https://t.co/EGQFUu7dpK,AppleSupport
1505503,2017-11-09 14:03:33,469402,@115821 #wrong delivery of product #have to pay for shipping the product back to the seller #amazon agreed to pay the shipping charges first but gave reasons later # cannot get through them # waiting from 4 months for the payment #provided the details#no reply,AmazonHelp
2744801,2017-11-09 14:03:48,768726,Hey @VirginTrains any idea when this train is going to start moving? Been stuck outside Doncaster for hours &amp; supposed to be @637433 by now! https://t.co/kdfvSF1TYb,VirginTrains
2166317,2017-11-09 14:06:48,296664,@comcastcares Dm sent. Thanks for helping,comcastcares
2177752,2017-11-09 14:17:22,638310,"@115873 so discouraging working for this company, sat in airport q 1 1/2 hours get a request ! States take this SHORT ride and we will put you in q at number 1 when you return ! Guess what , 138 ! Call support , they tell me not to leave airport property ! WTH",Uber_Support
2182993,2017-11-09 14:27:28,639458,"@SpotifyCares Moreover, why can _anyone_ I have not authorized play music on a Spotify Connect enabled speaker when they are just in the same network? There should be a security layer _inside_ the network.",SpotifyCares
2176715,2017-11-09 14:30:21,242497,@AmazonHelp This is what it says on the cancelled screen https://t.co/CXyRFVuJ7g,AmazonHelp
2174396,2017-11-09 14:40:39,637543,"@AmericanAir Why do i have to be at the airport two hours early, when your crew isn’t here and departure time is now.",AmericanAir
2178044,2017-11-09 14:46:03,638380,@AmazonHelp Even I have talked one of the senior official one time. Conditions got better for next 2-3 order but again same problem :) what else to do? @AmazonHelp,AmazonHelp
2173597,2017-11-09 14:51:20,429638,@Delta Probably gonna miss my connection DL3790 to CHA ... Help? Status? Stuck on DL1080...,Delta
2207443,2017-11-09 14:57:29,645379,Also @AppleSupport fix your shit please I️ &lt;— this is dumb.,AppleSupport
1656744,2017-11-09 14:59:08,505547,@Uber_Support fantastic. one improvement would be a phone number for support. that would seem like you actually care about customer support.,Uber_Support
2175203,2017-11-09 14:59:50,346370,Look at my 2 pound chihuahua rescue dog. There's something wrong with her. Choosing to take her to the vet over my #TMobile #iphone6splus that gave me an EMERGENCY VOICE MAIL 2O HOURS LATER! #donttrusttmobile @TMobileHelp @115913 #cantaffordboth #chihuahuarescue https://t.co/uL3xUL0ImS,TMobileHelp
2176697,2017-11-09 15:00:45,638029,@AmazonHelp Are taxes high in India ??,AmazonHelp
2173807,2017-11-09 15:02:32,637423,@120576 @VirginTrains (2) now the isles are full of people sat on the floor so no way to get through - hearded onto trains - multiple changes - miss info,VirginTrains
2174334,2017-11-09 15:06:01,637532,@AmericanAir Hopefully this doesn’t happen again on the flight home,AmericanAir
2183176,2017-11-09 15:09:25,639509,Hey @115888 it would be great if my app didn’t pause my song as soon as I start using another app,SpotifyCares
2176728,2017-11-09 15:12:26,638032,"@AmazonHelp No to all the above. Kindle team say software is ok. Audible keep talking about Kindle Fire, seem to know nothing about Oasis. /1",AmazonHelp
2176677,2017-11-09 15:21:57,636787,"@115850 @AmazonHelp Do you know the difference between ""Return"" &amp; ""Replace"" #RealAmazonStoriess #MakeConsumerFool",AmazonHelp
2174409,2017-11-09 15:28:03,637546,"@AmericanAir Over 2-1/2 delay with minimal info or rebooking offers is just wrong.

The attendants in the back of the plane, however, were very accommodating and polite. Kudos to them.",AmericanAir
2147598,2017-11-09 15:28:26,116136,"@605569 This isn't how we want to make you feel! Let our @comcastcares team make sure you're getting the best service possible. If you send a DM with your account number and more info, an agent will reach out to help get this fixed. -Liz",comcastcares
2177631,2017-11-09 15:32:34,638273,@Uber_Support @638283 Will this company is a scam...boycott them...they wont resolve my issue,Uber_Support
2176637,2017-11-09 15:32:39,638017,"@AmazonHelp I've restarted, airplane mode on &amp; off, and wireless option on and off (i don't have any wireless to connect to, but turned it on/off anyway.)  I keep getting the same error: https://t.co/AQpQANcs8Y",AmazonHelp
2176758,2017-11-09 15:35:41,638037,I️ need a vacay like right now.,SouthwestAir
2176551,2017-11-09 15:40:33,502846,@AmazonHelp Where do I find information on the carrier? I don’t see that section,AmazonHelp
2176582,2017-11-09 15:45:28,187112,"@AmazonHelp By seller, i have emailed them",AmazonHelp
2178010,2017-11-09 15:46:56,638372,@AppleSupport Using the one that I got during iPhone 7,AppleSupport
64261,2017-11-09 15:47:19,266335,@TMobileHelp @130740 @115913 I sent you a DM.,TMobileHelp
2177604,2017-11-09 15:47:51,638275,"@Uber_Support Yes, I just did. Please check.",Uber_Support
2180928,2017-11-09 15:52:09,639049,Time to fly @Delta home. It’s been fun exploring NYC &amp; running in the @11115 !! @20371 @86757,Delta
2175415,2017-11-09 15:53:30,637766,@SpotifyCares I'm in Madrid,SpotifyCares
2176450,2017-11-09 15:55:17,638001,"Definitely not what I would class as ""Delivered"" @115830 https://t.co/QNmwPQK345",AmazonHelp
2176564,2017-11-09 16:01:34,638008,@AmazonHelp Per ordered the #XboxOneX Scorpio back on 20th Aug &amp; it still not been delivered although been promised it will be here yesterday &amp; today. It's just got good enough. I had a failed delivery today to a work address even though it's a manned reception and Otter parcels made it,AmazonHelp
207647,2017-11-09 16:02:19,165103,@AppleSupport Aww thank you I was being pretty rude. It helps! Thank you for being so accommodating😊,AppleSupport
2181184,2017-11-09 16:06:28,639097,@VirginTrains Have just been told to contact your Client Relations team and given a phone number but the team don’t have a phone line? I’m confused and this is getting ridiculous,VirginTrains
2193371,2017-11-09 16:21:51,641916,@AppleSupport the update didn’t fix the “I” bug for me. Is there an update on that ?,AppleSupport
2183103,2017-11-09 16:22:23,639485,@SpotifyCares Hey is there any way I can reverse my payment on spotify to make me have the student discount. When I went to change the payment last time the website crashed and now I am being charged extra when I should have the student discount. Please help me thank you,SpotifyCares
2262769,2017-11-09 16:24:54,658758,@southwestair It’s disappointing to note that one has to wait over an hour at the baggage service counter when bags don’t arrive,SouthwestAir
2182851,2017-11-09 16:26:22,292530,"@TMobileHelp Good morning!! On my account I have auto pay and it scheduled for payment on the 16th, if I want to pay now could I and stop the 16th withdrawal?",TMobileHelp
2105413,2017-11-09 16:26:33,621460,@Delta so you all won't help either - great,Delta
2184701,2017-11-09 16:31:53,639873,@116316 @639874 Würdet ihr mal bitte aufklären wann die Reputation Deluxe Versionen ankommen? 🙏,AmazonHelp
2184882,2017-11-09 16:33:35,639910,"@AmericanAir Called to adjust a departure date from Fri - Sat now being charged $1200 in fees and ""new calculations"" hard to be on board with that.",AmericanAir
2186094,2017-11-09 16:34:37,640216,DO NOT use @115877! They never delivered my food and refuse to refund the order. Worst Customer Service Experience EVER!,Uber_Support
2185557,2017-11-09 16:39:43,640074,ok @115858 you need to fix this I️ thing,AppleSupport
2135726,2017-11-09 16:47:25,318853,".@AmazonHelp omg- one of my orders is late &amp; now I can't contact the seller, what do I do?!",AmazonHelp
2152993,2017-11-09 16:47:25,632640,@AppleSupport I️,AppleSupport
2186059,2017-11-09 16:50:44,640206,@Uber_Support I sent you a dm,Uber_Support
2184399,2017-11-09 16:51:39,307877,@375611 @116136 @115900 They're sending me a tech tomorrow to see if they can figure out if it's my hardware or something else. I'll let you know.,comcastcares
2753033,2017-11-09 16:54:02,287304,"@AppleSupport Music app is lagging and crashes...am totally updated...I️ hate being experimented on...busy body coders, don’t fix what’s not broken PLEASE @115948 @115858",AppleSupport
2180834,2017-11-09 16:55:07,639021,"@Delta twitter always says they will help but never do. How can you call a ""Elite"" line elite when answer time 2 hours! Delta was choice AL https://t.co/KwX4E0sskl",Delta
2194817,2017-11-09 16:57:42,642213,Happy @AmericanAir Exec Platinum qualification to me! (88 flights and counting... think I'll hit 100 total this year 😶) https://t.co/1ir58haHMr,AmericanAir
2203788,2017-11-09 17:01:55,644388,"Hey @115888, how do you  not have Wango Tango on Billys playlist from @118134 ?  It’s in the show!! #pleasefix",SpotifyCares
2182739,2017-11-09 17:04:32,639417,@115911 I don't see that option but it doesn't matter anyways. IDK how you can help me.,TMobileHelp
2184746,2017-11-09 17:05:45,639886,@AmazonHelp No its not,AmazonHelp
2185377,2017-11-09 17:05:53,142826,@AppleSupport I have already sent DM but no response from 3-4 days,AppleSupport
2135717,2017-11-09 17:14:25,318853,@AmazonHelp  https://t.co/urPYgG6LZa,AmazonHelp
2181083,2017-11-09 17:16:38,639080,@VirginTrains this is worrying as I’m on this train despite its delay and it’s moving now..... no announcement?? https://t.co/7SDDMZ7OrD,VirginTrains
2194727,2017-11-09 17:17:19,642191,Thank goodness for @AmericanAir and their great customer service - as I thought I would have been on the phone several hours and my problem was fixed in 5 minutes. 😇,AmericanAir
2262705,2017-11-09 17:18:50,474422,@SouthwestAir Can I refer somebody to get the Southwest credit card and they still get the companion pass deal?,SouthwestAir
2458750,2017-11-09 17:19:50,704169,Also @115858 needs to fix this ridiculous keyboard bug,AppleSupport
2184723,2017-11-09 17:26:11,639881,@AmazonHelp Tout est ok mais c est pas la 1ere fois que sa arrive,AmazonHelp
2184761,2017-11-09 17:35:28,124471,hey @115850 does the Echo Plus in India come with a Hue bulb included?,AmazonHelp
2106335,2017-11-09 17:37:30,621666,"@Uber_Support 24 hours and no reply, I wonder if this is what you call keeping communications open",Uber_Support
2205914,2017-11-09 17:38:33,644973,@115858 PLEASE fix the A? glitch!! 😫,AppleSupport
2180649,2017-11-09 17:39:52,638976,"Hey @Delta it’s less than 24 hours since I book my flight to PDX. If I want to change from basic economy to premium, what would be the price difference?",Delta
2194721,2017-11-09 17:42:05,181865,@AmericanAir DCA to BOS,AmericanAir
2161864,2017-11-09 17:43:18,634823,@AmazonHelp Thank you it has now been resolved,AmazonHelp
2184602,2017-11-09 17:50:52,156236,"@115830 could you help, whenever I try to launch the amazon music software on my computer (windows) it crashes immediately (as in the windows not responding dialogue comes up) I have tried rebooting my computer in between and still no luck",AmazonHelp
2182704,2017-11-09 17:52:37,189054,"Quite a disconnected day in London today. Lost my @117159 Note 8 on a Black Cab in front of Buckingham Palace. @115911 can't get me a new SIM. 😬

And I'm now contemplating the iPhone X thanks to @33151 and @434518.",TMobileHelp
2205954,2017-11-09 17:55:55,644987,@115858 @AppleSupport  41 min to install High Sierra ? 😮 #Pig https://t.co/B6ViSfCV4Y,AppleSupport
2184504,2017-11-09 17:59:37,639847,"Il #maltempo era arrivato da un pezzo,
dovevo tornare a casa sotto il #temporale. 
Le ricerche su #Amazon erano durate mesi
ora le nuove #Clarks andavano portate in salvo… 
sembrava impossibile, ma ce l'ho fatta✅

Buste della mondezza, PROTEZIONE VERA! 
#twitter280 https://t.co/TyxeIFZwmR",AmazonHelp
2147916,2017-11-09 18:00:35,631334,@SouthwestAir You're welcome! They were great!,SouthwestAir
2190814,2017-11-09 18:04:06,641306,@115888 I've been getting notifications that songs are playing via Spotiamb 0.2.1 - seems like a hack - could you please advise on how to prevent this from happening?,SpotifyCares
2184551,2017-11-09 18:07:42,495238,@AmazonHelp That means it is not a strange that Amazon showing article delivered without it reached my place. Should I complaint to @118341 and @115851 about your credibility to provide customer service. Refund my money,AmazonHelp
2206084,2017-11-09 18:15:51,645018,"Amazon lost my package with 600 needles. I feel bad when I lose just 1 needle, but 600? 😳",AmazonHelp
2190688,2017-11-09 18:18:11,626052,@115911 How is your service in FLORIDA. Especially SOUTH FL ?,TMobileHelp
2184267,2017-11-09 18:18:54,599730,@comcastcares No issues so far,comcastcares
2143554,2017-11-09 18:20:41,630215,@Uber_Support Again you’ve done nothing and are not serving this situation. I suggest getting a supervising manager involved right now to call me and my family.,Uber_Support
2188762,2017-11-09 18:21:03,146193,@VirginTrains big fan of West Coast but only 1 cup of tea between Lnd and Pre tonight #1 cup of tea,VirginTrains
2189816,2017-11-09 18:21:25,641081,@AmericanAir what are your planes on upgrading your internet service to reach half of what your competitors offer? Slowest most unreliable service. Doesn't work First 40minutes or the last. Bad,AmericanAir
2176617,2017-11-09 18:24:47,638013,"@AmazonHelp Yeah, I received a response via email with an apology and such. I appreciate that, but I am not looking for compensation. I just want my product delivered.",AmazonHelp
2190905,2017-11-09 18:35:21,641333,@115888 why is jay z's songs all gone??,SpotifyCares
2185423,2017-11-09 18:35:39,524407,@AppleSupport Done,AppleSupport
2192788,2017-11-09 18:56:53,251020,"""Looking forward"" to flying today... @southwestair @129464 on time as usual! ❤️⏱ https://t.co/iF2y0wgSRw https://t.co/XseN3Uw8KG",SouthwestAir
2189737,2017-11-09 18:58:01,363185,"@AmericanAir Business trips - have to stick my dates, but I did find one direct flight from DCA to XNA. So that's a win at least.",AmericanAir
2190661,2017-11-09 18:58:55,342559,"@115911 Why are you people telling me it doesn't require a special code to unlock my phone, but now telling me that it actually will take 24 hours now that I've restored my phone and have no service. I hate you guys!",TMobileHelp
2193211,2017-11-09 18:59:50,641876,@AmazonHelp It happens when I click here (see pic) is that where I see the student offers? https://t.co/5glhO1OpwT,AmazonHelp
2188591,2017-11-09 19:04:20,640837,@Delta Booked a flight from AUK to OAK last week. Flights were ticketed and confirmed. I get a call today - 8 days later stating you will not honor the trip due to human error &amp; then you cancel my flight with no compensation? You lost my loyalty and will file DOT complaint.,Delta
2190852,2017-11-09 19:07:39,641318,Jeez man Spotify SUCKS,SpotifyCares
2193322,2017-11-09 19:18:16,641899,@AppleSupport how do I get my top rated playlist to show what I have played the most. It’s listing it by artists and there songs,AppleSupport
2192735,2017-11-09 19:28:20,641782,"@SouthwestAir thank you for another great flight.  Ok Vegas, here I come",SouthwestAir
2189663,2017-11-09 19:28:53,201541,@AmericanAir Cmon guys I’m joking. The mid air solicitations are a bit ridiculous. We all have the internet. Nobody gets to 30k feet and it dawns on them that they all of a sudden need a new piece of plastic in their wallets.,AmericanAir
2186841,2017-11-09 19:34:23,507744,@VirginTrains Why @LondonMidland am I stuck under a tunnel. Help!!,VirginTrains
2111091,2017-11-09 19:35:31,622712,@AmazonHelp Still not out for delivery...,AmazonHelp
2188548,2017-11-09 19:39:54,639034,"Dear @Delta,

#CoenAsh &amp; I are grateful for the upgrades on all of our flights!! 
As a #SingleMom &amp; a #Veteran, I truly feel appreciated on today's ventures!! 

#Medallion #CoenAndMommyTour https://t.co/L0sKOJDVlP",Delta
2192046,2017-11-09 19:40:00,641615,@comcastcares Hi friends,comcastcares
2194290,2017-11-09 19:40:55,642106,@Uber_Support Thank you! It’s arriving now actually.,Uber_Support
2128571,2017-11-09 19:54:39,626627,@SpotifyCares That seems to have worked! Thanks,SpotifyCares
2192587,2017-11-09 19:57:48,452589,"@AmazonHelp car il ne me convient pas, c'était un écran pour mon téléphone mais il n'est pas conforme à la description. 
Je peux demander le remboursement même si j'ai ouvert l'emballage des écrans? Car c'était scellé donc j'ai du le découper",AmazonHelp
2193480,2017-11-09 20:02:04,641950,If @115858 doesn’t get off this bullshit with “I” autocorrecting to the “I️” then ima switch to Samsung.,AppleSupport
2756522,2017-11-09 20:08:44,771477,"@TMobileHelp Just switched from Verizon.  The coverage map shows I have service to and from work, but 50% of my hour drive shows no service.  Contacted support and no dice.  Not making a good first impressions :(",TMobileHelp
2189820,2017-11-09 20:11:38,142807,"@AmericanAir I'm verrry happy to say that I've secured a status match with @AlaskaAir valid through the end of 2018, and am also extremely pleased to let you know that I've already booked several trips. /2",AmericanAir
2192482,2017-11-09 20:11:39,641729,@AmazonHelp  https://t.co/0b5sphEmRk,AmazonHelp
2194235,2017-11-09 20:12:44,642089,@Uber_Support is there any way to make sure i never get this driver again? (Blacklist him from my personal acc not from everyone),Uber_Support
2193491,2017-11-09 20:12:44,641954,"When I got to work at 7 am today my phone was fully charged, I haven't used it once at work and I'm at 41% thanks @115858",AppleSupport
2131202,2017-11-09 20:19:14,627232,@AppleSupport That worked! Thank you!,AppleSupport
1223139,2017-11-09 20:20:22,407001,"@AmazonHelp Hi I also wanted to purchase an air purifier and that’s extremely important in India right now, as u must know the biometrics of pollution",AmazonHelp
2188428,2017-11-09 20:23:22,353024,@350630 @Delta Oh no!! Do you want @86627 to stash some @195620 for you? Though you can’t have our MQMs. Sharing only goes so far...,Delta
2193294,2017-11-09 20:24:28,641890,To: @115858 @AppleSupport : The iPhone 6+ needs a fix &amp; repair on the battery—🔋life—on #iOS11 please. 🍎🔋,AppleSupport
2192669,2017-11-09 20:25:24,230160,"Thanks, Herb Kelleher, for founding my favorite airline, @SouthwestAir!! https://t.co/bbbRYhpCDy",SouthwestAir
2192510,2017-11-09 20:26:51,641735,"@117634 Hello, I have an amazon touch from 2012 and in need of a replacement cable. Are all kindle chargers the same or is there a specific charger for a kindle that is 3rd or 4th gen thanks, appreciate any help",AmazonHelp
2194255,2017-11-09 20:28:45,642096,"@Uber_Support @Uber_Support , in the DM, you recommended that I log in via the desktop app, which I can't do due to two factor authentication. Got really lucky and the driver picked up when I called my phone from Google Voice, so should be set for now. What would happen if they didn't answer?",Uber_Support
2192464,2017-11-09 20:31:25,641724,@115821 one day shipping just came in clutch for me! 👏🏽,AmazonHelp
2188652,2017-11-09 20:32:18,640846,@VirginTrains @120576 @20716,VirginTrains
2192353,2017-11-09 20:36:55,381224,@115821 I’ve been visually waiting for your “delivery” driver after your failed attempt yesterday now for 30 minutes. Been doing god knows what while I stand waiting,AmazonHelp
2191021,2017-11-09 20:41:04,533885,@115714 @AppleSupport my phone won't let me call or text or receive anything even when I'm connected to wifi and switches between no service. help I need my phone 😫,AppleSupport
2192370,2017-11-09 20:43:14,140242,@AmazonHelp If not arriving and I leave tomorrow what happens?,AmazonHelp
2761133,2017-11-09 20:43:53,772535,Connected to @116462 on @AmericanAir for free with @115911 I love my company! #TMobileWingman #WeWontStop #ThanksTMobile,AmericanAir
2190750,2017-11-09 20:45:46,641288,@SpotifyCares Tried my son's phone w/ Sony headphones. Worked like a charm!,SpotifyCares
2191931,2017-11-09 20:48:41,641597,"@ComcastCares
#mobile_Care  my #Comcast is horrible right now!  Our shows are pixelated and skipping. I️ did the “troubleshoot”. #pleasefix",comcastcares
2073951,2017-11-09 20:52:06,613390,@AmazonHelp Showing out for delivery but the driver couldn’t find our address earlier. I spoke to customer services who said the driver would redeliver this evening before 9,AmazonHelp
2194121,2017-11-09 20:52:43,518437,@Uber_Support Nowhere on your website does it state that ride pass cannot be used for scheduled rides; nor on the ride pass terms &amp; conditions. So how come I am being told I can't use my ride pass for scheduled rides by your support team?,Uber_Support
37160,2017-11-09 20:53:17,641229,@115913 @115911 @TMobileHelp @135517 @115913 T-Mobile is hands down the worst service provider. Their custormer service is the WORST I have seen. They don't keep their word or EVER CALL BACK. I am considering @115725,TMobileHelp
2201842,2017-11-09 21:00:44,543003,@Delta It is not true... please check before twitting... https://t.co/PrEb7v2zLI for GOL does not work on ANY date and ANY route....!!!! on the phone it works but is super troublesome! @delta @328620,Delta
2757583,2017-11-09 21:02:56,441232,Sorry @115850 had a bad shooping experience with you and no resolution given. @118702  will be my preferred shopping site from now.,AmazonHelp
2194118,2017-11-09 21:09:54,518437,"@Uber_Support Your support team has been utterly useless, copying and pasting the same templated response without any actual answers.",Uber_Support
2192516,2017-11-09 21:11:54,463790,@AmazonHelp It hasn't arrived and online customer service is no help,AmazonHelp
2188645,2017-11-09 21:18:58,640845,@VirginTrains Speed....nothing is loading at all even after waiting 10 mins. I had to switch back to my 3G!,VirginTrains
2199276,2017-11-09 21:26:39,643247,@AppleSupport Thanks. Looking forward to the new software update.,AppleSupport
2190532,2017-11-09 21:28:57,641234,"@TMobileHelp @115913 Fantastic Job @TMobileHelp , @115913 should be very proud of your quick service in this to me very important matter",TMobileHelp
1722250,2017-11-09 21:30:06,147836,@521106 @SpotifyCares @115888 @14035 I've asked the team to follow-up on this. Expect to hear back shortly. Thanks for making me aware.,SpotifyCares
2202876,2017-11-09 21:32:38,644136,Guess where we are? Thanks @AmericanAir for a smooth flight!! @644136 Worlds Largest Traveling #ComicCon #FilmFest thanks you! https://t.co/xdEjbtngHC,AmericanAir
2205271,2017-11-09 21:34:49,644798,@AmazonHelp ?,AmazonHelp
2205588,2017-11-09 21:38:15,644876,@southwestair you guys are definitely off your game today - flight delayed - early bird check not applied and no refund offered - what gives,SouthwestAir
904449,2017-11-09 21:51:10,643907,@Delta Some serious emoji game you've going there Delta team!,Delta
2205978,2017-11-09 22:01:21,644993,Omg the last 2 nights now around 10pm it pops up asking me to sign into my iCloud and just won't let me sign in @AppleSupport sort it out Hun ???,AppleSupport
2184534,2017-11-09 22:07:12,639851,@AmazonHelp This is NOT what I wanted! Undeliverable!! I'm looking for compensation now. There's no way you can get this back to me on a new order. Your site says unavailable stock. You really let me down this down 😣😥😭😡 @115830 #wtf #XboxOneX #failbigtime https://t.co/s9q9be8GYo,AmazonHelp
2205798,2017-11-09 22:08:35,644933,@115858 #iPhoneX just shocked me wtf y’all getting y’all phones from teriost bout to sell this shit,AppleSupport
2762017,2017-11-09 22:10:14,366592,@comcastcares my weatherscan channel says go to the weather channel or local news for local weather info. Why?,comcastcares
2203725,2017-11-09 22:11:20,644366,"@SpotifyCares Hey.
I've tried what you suggested and still the same thing is happening. It just doesn't want to go trough with transaction and I use my PayPal very often.",SpotifyCares
2205864,2017-11-09 22:16:30,296856,@AppleSupport Y tho? I want it to turn off when I press it,AppleSupport
2203562,2017-11-09 22:18:02,550465,@TMobileHelp having some timezone problems in our area.,TMobileHelp
2202810,2017-11-09 22:18:12,460889,Always fun when @AmericanAir says “there’s no more overhead space” before boarding my priority group and you get on the plane only to see all bins near your seat still empty 🙃. Now I get to wait for my carry-on at 12:30am. 👍🏽 way to go!,AmericanAir
2208188,2017-11-09 22:19:29,645551,So I cancel - $ if @115873 driver cancels - no problem. How does that work?,Uber_Support
2205735,2017-11-09 22:27:08,572019,@AppleSupport Thank you ❤️,AppleSupport
2201697,2017-11-09 22:30:29,643886,@Delta you’re pretending like we are on time yet you’re boarding 40 minutes late. TYPICAL,Delta
2205209,2017-11-09 22:31:40,161019,@AmazonHelp November 16th when the deluxe which I preordered releases on the 14th.,AmazonHelp
2205296,2017-11-09 22:42:33,644804,"@AmazonHelp Yes. I'm a Prime member.  For 2 days my order hasn't been rec'd due to the lack of notification that it was here. Such as, ringing the buzzer.",AmazonHelp
2203686,2017-11-09 22:42:51,644354,@SpotifyCares hulu spotify student bundle isn't working. Hulu support said the issue is on your end,SpotifyCares
2205500,2017-11-09 22:47:29,644844,Not booking @SouthwestAir ever again. Just charged 75 bucks for being a pound over. When same bag was under before. They have let it go b4,SouthwestAir
2205276,2017-11-09 22:50:37,620974,@AmazonHelp Changed address yesterday morning to an address that's 20 minutes down the road yet 2 days later it's still not here. https://t.co/scNZLdreLa,AmazonHelp
2277638,2017-11-09 22:52:08,662336,@AppleSupport I have way bigger issues https://t.co/mbo4sUHWjS,AppleSupport
2203517,2017-11-09 22:59:45,644308,Calling @115911 customer service is worse than pulling my own teeth I swear. Train your fucking agents.,TMobileHelp
2205137,2017-11-09 23:05:18,644767,Great job losing my $500 #XboxOneX Project Scorpio Edition @115821 your in-house delivery system Sucks. Just use @115817 @81 or the @118706 next. https://t.co/CDSvtahnP2,AmazonHelp
2188640,2017-11-09 23:07:15,640844,@VirginTrains 19.07 from Euston to Lime Street. The person on the lounge reception at approx 18.10 was so polite and welcoming. Staff on board were...,VirginTrains
2196771,2017-11-09 23:07:46,642679,@Delta we've been waiting for flight DL2450 (SEA-LAX) to depart for over an hour. What's going on? Captain keeps saying 15 minutes of paperwork.,Delta
2195882,2017-11-09 23:08:20,642463,"@comcastcares Verizon fios and google fiber is 70 dollars and YouTube tv/direct TV now /VUE/ Hulu Live are all between $30-45. It’s insane to pay $271 in 2017, offer me an insane deal and I’ll come back. Do it publicly  not DM - no time for run-arounds",comcastcares
2197461,2017-11-09 23:09:35,175757,@AmericanAir This is not really a reply. Explaining why the flight is nearly an hour late due to missing pilots would be a novel yet vastly more appreciated reply vs the canned response you provided,AmericanAir
2205173,2017-11-09 23:15:48,644773,"@116928 Los envíos cada vez peor, retrasos, deteriorados... Como sea verdad el aumento del Prime paso de renovar. https://t.co/MIMD0mczZ7",AmazonHelp
2206483,2017-11-09 23:16:55,645145,When you order @115877 and they give you the completely wrong order. I️ asked for a 10 piece chicken nuggets with a vanilla shake and I️ got a double quarter pounder with cheese and a chocolate shake. 😭😭😭 https://t.co/Q5LCTW837x,Uber_Support
2198179,2017-11-09 23:25:59,642979,@SpotifyCares my sister lives in nyc can she still use our family plan?,SpotifyCares
2205111,2017-11-09 23:30:38,644759,@AmazonHelp Via mail from the site.,AmazonHelp
2206445,2017-11-09 23:34:37,645132,@115873 @Uber_Support service isn’t working at the PHL airport. 🤯 https://t.co/hBmko53fxx,Uber_Support
2302491,2017-11-09 23:34:37,566668,"@AppleSupport Both have issues. On both sometimes nothing shows up. On control center, music/pdcast playing, but doesn't show. Can't pause,stop. Sometimes the name will be there but function is wrong. Play button when should pause",AppleSupport
2206384,2017-11-09 23:44:14,645115,@Uber_Support SERIOUSLY? Sending me to some self help link? Is that how you deal with problems?????? Before you told people of price hikes. Now you hide it.,Uber_Support
2205117,2017-11-09 23:45:51,644760,"@AmazonHelp Hola AmazonHelp, por DEPOTMANIA, PEDIDO N.º 405-4344125-0822728. pero vamos me rebajareis los gastos de envio no? porque lo necesitaba hoy, mis niños se han ido a dormir en la casa nueva a OSCURAS",AmazonHelp
2205351,2017-11-09 23:47:55,644817,@SouthwestAir first MAX flight. Nice!!!!,SouthwestAir
2206334,2017-11-09 23:52:07,645101,Seriously @115873 there are no cars at Pittsburgh Airport?  Time to take @115879.,Uber_Support
2304671,2017-11-09 23:53:30,340115,"@AppleSupport 
With the latest iOS 11.1.1 in Italy 🇮🇹 the Keyboard autocorrector bug “L.A” instead of “la” has come back 
Fix it, please!!!",AppleSupport
2198120,2017-11-09 23:55:41,642961,I wish @115888 would stop adding random songs in between every song in my playlist 🤷🏻‍♀️😑,SpotifyCares
2198776,2017-11-10 00:00:41,643139,Word @116136 had my cable fucked Up last night too. I ain’t have the energy to call n deal with them tho. I just watched Netflix,comcastcares
1735292,2017-11-10 00:03:03,352553,@AmazonHelp Any update??,AmazonHelp
2197992,2017-11-10 00:07:37,642930,@TMobileHelp I've been told we can get all of $27/phone. Worthless.,TMobileHelp
2197420,2017-11-10 00:08:19,642804,@AmericanAir Is this your version of Throwback Thursdays. BWI to CLY. https://t.co/GtLQXIw4XJ,AmericanAir
2218650,2017-11-10 00:14:42,648124,"If you travel a lot with family, the @SouthwestAir Companion Pass is 💯 - we've saved at least $1000 after only five trips 💸💸💸",SouthwestAir
2208142,2017-11-10 00:20:37,642488,"Also, dear @115873 explain to me how there's 99 cars on the map and I can't get a ride? Fix that shit. Please and thank you.",Uber_Support
2207472,2017-11-10 00:28:40,645388,@AppleSupport help https://t.co/AqQc6quPQZ,AppleSupport
949398,2017-11-10 00:33:23,345161,@Delta you should seriously rethink 30 minute connection times before one of your passengers has a heart attack trying to make flight,Delta
2197953,2017-11-10 00:33:37,168989,@642921 @134202 @TMobileHelp @172439 True,TMobileHelp
2211072,2017-11-10 00:45:48,646270,@SpotifyCares I can't make a spotify account using my email due to the fact my current email is already linked to a account which is linked to a Facebook which i deleted a long time ago. So i can't sign in at all or get access to the account. What can i do?,SpotifyCares
2197337,2017-11-10 00:54:24,224693,"My bro is going to @126403, prices are deceptive and 20 mins in and it’s been a bad experience, that’s why I travel with @AmericanAir",AmericanAir
2197900,2017-11-10 00:55:54,642908,@TMobileHelp No thank you. You already wasted two hours of my time to do no troubleshooting and tell me there’s nothing to be done.,TMobileHelp
2768921,2017-11-10 00:56:20,774190,"@116136 in #Scranton has been horrendous lately. I guess today’s rain is just too much. The bill will make it here though. Thanks to postmen who deliver in rain, sleet, snow, yadda...",comcastcares
612893,2017-11-10 01:03:52,355605,@AppleSupport What about seeing that in messages on my MacBook Air?,AppleSupport
2199062,2017-11-10 01:04:54,643198,"@117634 The new interface on the Android app is great. Any plans to upgrade the interface in the Manage My Content zone of the Amazon website? Tagging, mark as read, easier organization, more graphical interface, drag and drop would be wonderful.",AmazonHelp
949318,2017-11-10 01:05:24,345141,"@Delta It says I need a claim number from baggage claim, but no one was there. What do I do?",Delta
2208036,2017-11-10 01:08:01,645515,@115873 @Uber_Support stop cheating your customers with offers you don't provide. You charge almost ₹100 more than the offer you brag about.,Uber_Support
2197789,2017-11-10 01:14:41,642890,@TMobileHelp The answer is that the nearest T-Mobile tower is out of ranger and your tech said “we have no roaming agreement in that areas”.  You did last year,TMobileHelp
2207708,2017-11-10 01:15:07,645456,"@AppleSupport Yes, I’ve done both. It’s been saying about 1 hour remaining for the past 2 hours.",AppleSupport
2207640,2017-11-10 01:18:49,481619,"@645437 @115911 @115858 @115913 @20600 @115858 don’t know what the issue is, they have to replace the phone. I️ have to wait on a new phone.",AppleSupport
2218586,2017-11-10 01:19:43,648108,"@SouthwestAir But if your previous flight is running late, like mine did swinging by the kiosk causes a delay and makes someone with an A boarding pass a C boarding pass. This is not good. #JustFixTheBug",SouthwestAir
2199057,2017-11-10 01:24:59,643195,"@115821 nfl doesn’t steam on my fire 4K tv :( I️ have prime, great internet :(",AmazonHelp
2207571,2017-11-10 01:27:03,645415,Sooo. @115858 fixes the i problem. But now Bluetooth connectivity is a no go. Get it together 😤 #apple #iPhone #fixit #dammit,AppleSupport
2198680,2017-11-10 01:30:25,478379,My cable keeps cutting out. Damnit @115900...not today. Not during #Greys300.,comcastcares
2197248,2017-11-10 01:31:37,642768,@120279 Dallas. Dallas. This time LAX. All connecting from AA flights. All 2+ hours layover. Maybe it's on @AmericanAir,AmericanAir
2208001,2017-11-10 01:31:59,645503,"@Uber_Support Sorry, that page does not allow me to change the rating.  It for reporting problems, not for mistaken ratings.",Uber_Support
2207460,2017-11-10 01:32:42,645384,@645385 @AppleSupport yeah what letter cuz all I see is a question mark lol,AppleSupport
2207420,2017-11-10 01:39:32,173367,For the love of all things holy @AppleSupport quit trying to force me into buying a new phone!! My phone has never been so fucking glitchy,AppleSupport
2196711,2017-11-10 01:40:02,214166,@Delta please push real time updates to the app. Flight is delayed but updates are not reflecting. We keep running to chase the flight. Also please include incoming flight tracker like United on the app. https://t.co/9lU0ALae2W,Delta
2198997,2017-11-10 01:44:13,504488,I love #AmazonPrime @117795 @115821 free 2day shipping! ❤️,AmazonHelp
2197775,2017-11-10 01:52:48,642888,@TMobileHelp  https://t.co/CKzapIQlwP,TMobileHelp
2207932,2017-11-10 01:54:39,645487,@Uber_Support Got offered a “route pass”. Can I buy more than one route?,Uber_Support
1603097,2017-11-10 01:54:57,491999,@115850 I have there is no satisfactory answer... someone even promised to chk and get back.,AmazonHelp
2197208,2017-11-10 01:58:22,642759,@AmericanAir flight attendant just announced that she was unlocking the bathroom as they had no idea when we would pull up to a terminal #notagoodsign,AmericanAir
2210957,2017-11-10 02:01:51,646230,@115888  Hi i was wondering if someone could help me. I signed up for a 30 day trial and i was charged the  9.99 i wanted to know why,SpotifyCares
2198937,2017-11-10 02:04:47,643173,Hola @116875 por qué estás haciendo dos cargos a mi cuenta por un mismo producto. 1 al finalizar pedido 1 cuando se envía el pedido.,AmazonHelp
2207802,2017-11-10 02:09:28,613457,"@115877 One of your drivers refused to deliver to my door and makes me go outside in the street to get my food. That's not what I paid for and I will never use this ""delivery"" service again.",Uber_Support
2198649,2017-11-10 02:12:44,643103,@116136 my service call went from Texas to Mexico to Florida and NOTHING,comcastcares
2209766,2017-11-10 02:16:11,645945,@Delta my wife missed a flight because it left EARLY! https://t.co/tAF1fW1qIN,Delta
2218504,2017-11-10 02:16:37,118133,"@SouthwestAir I just got drink coupons from Rapid Rewards, can I have internet passes or text messaging passes in the future? #ThursdayThoughts",SouthwestAir
2198880,2017-11-10 02:18:37,643160,@115821 my package was out for delivery today. Now it’s set for tomorrow. Being Prime doesn’t seem to matter,AmazonHelp
2198841,2017-11-10 02:32:48,643152,"@AmazonHelp In which your company bragged about your being able to get it there for release day. If these were the only two times anything like this ever happened I would have chalked it up to coincidence but this is 2  of about 10 in the last year, it’s getting comical.",AmazonHelp
2207483,2017-11-10 02:38:08,645392,@AppleSupport I did! Was still like that. Had to restart the fone,AppleSupport
2210912,2017-11-10 02:41:25,646214,"If there's any service/website/app I've used recently that need some serious #UI help, it's @115888. I can't believe how few features and functions it has, and how inaccessible they are, for being as big of a company as they are.",SpotifyCares
2197809,2017-11-10 02:43:57,642893,@TMobileHelp Nothing T-Mobile can do. I can only complaint until its fixed hurry up @115913 https://t.co/WOesjTn79y,TMobileHelp
2213756,2017-11-10 02:45:34,133526,@Uber_Support my account has been disabled and I can’t login. I need to request a ride ASAP but email says I have to wait for a rep.. help!,Uber_Support
2209708,2017-11-10 02:47:12,226524,@Delta I'm only 20mins into my 2 hour hold time. Hold time is ALWAYS long. Why is automated call back no longer an option????,Delta
2210157,2017-11-10 02:56:33,646023,@AmericanAir thanks for keeping our team headed in the right direction tonight despite #PGV weather! We’re #RDU bound! #Oliverholiday,AmericanAir
651475,2017-11-10 03:05:36,274942,@AmazonHelp @274943 @78555 look at their tactics. I see a headline in TOI today. Irony,AmazonHelp
2213581,2017-11-10 03:16:07,646907,@115873 guys I've been charged £82 for a Liverpool to Wirral journey when I didn't accept a surcharge????? Crazy price.,Uber_Support
2210549,2017-11-10 03:19:23,646115,T-Mobile takes forever to reply back like always @115913 @115911,TMobileHelp
2209668,2017-11-10 03:30:47,645922,@Delta at your baggage claim in JFK and your Agent Christina has refused to go get an item we left on the plane. Despite the fact the they com idea it was there.,Delta
2207547,2017-11-10 03:31:53,509867,@AppleSupport TY,AppleSupport
2213505,2017-11-10 03:33:29,646888,"@Uber_Support Ordered a ride early before a show ended. Driver never showed, but logged as completed. 2nd driver bailed, 3rd driver lost. Been here a WHILE. Charged twice so far. WTF?",Uber_Support
1381857,2017-11-10 03:34:20,132485,@AmazonHelp i was never worried about delivery time. I am worried i will get the actual delivery! what are you doing to make sure that BOTH of m orders arrive?,AmazonHelp
2212945,2017-11-10 03:39:53,646743,Also.. @115858.  I need to talk to you about every time I️ use the letter I️ in this new update. I️ can’t fully express myself without looking like a dunce.  I️ really need you guys to get your crap together and fix this thing.,AppleSupport
2216338,2017-11-10 03:42:24,647556,"Oh yeah, can't watch the @273811 game tonight cause cable company screwed up my service and won't fix until tomorrow.  So.  yaaayyy.... @comcastcares",comcastcares
2207531,2017-11-10 03:46:39,645406,"@AppleSupport Well, I canceled the “restore” by mistake then the update installed properly. I guess the question I have now is, was there a “restore” in the download of 11.1.1? If so, is this necessary?",AppleSupport
2216043,2017-11-10 03:48:59,647488,@115888 ONLY ONE SONG BY ROMANCE ON A ROCKETSHIP? THIS IS A DAMN CRIME,SpotifyCares
2210085,2017-11-10 03:50:23,646006,@AmericanAir I'm gone now but if I think it was near Carousel 23 behind the agent between 23 and 24 I think.,AmericanAir
2212858,2017-11-10 03:52:17,646713,I️ I️ I️ I️ I️ I️ I️ I️ I️ I️ I️ I️ I️ I️ I️ I️ I️. @115858  Wtf?,AppleSupport
2212789,2017-11-10 03:56:27,646693,@115858 @AppleSupport excuse me hi why don’t my live FaceTime photos save I’m very frustrated I️ need answers for this 700 dollar phone glitch,AppleSupport
2212188,2017-11-10 03:57:06,282337,"@AmazonHelp Already a day late, and you LITERALLY FAILED TO DELIVER AGAIN. BUT YOU SURE CHARGED MY CARD! How f’n stupid are your DELIVERY DONKEYS? How f’n STUPID are those losers you employ who pick up phones for a living!!????",AmazonHelp
2210482,2017-11-10 03:58:46,646105,@TMobileHelp o ok thank u for help be cuz at 1 I thot I wood of need a new battery  for my phone thenor not,TMobileHelp
2212736,2017-11-10 03:59:48,646674,what the HECK @AppleSupport I GOT THE UPDATE AND I’S STILL LOOK LIKE THIS https://t.co/sfC0GmLWTm,AppleSupport
2212302,2017-11-10 04:01:32,646571,So @SouthwestAir is just gonna charge to my husbands credit card after they hang up on us without us authorizing that payment? 😠,SouthwestAir
2220828,2017-11-10 04:05:39,648644,"Hey, nutsack, @115858, maybe it’s time to fix your iOS so I️ can type “I” normally again?",AppleSupport
2210036,2017-11-10 04:10:27,645993,@AmericanAir An angry mob is starting to form. Please send help to Baggage Claim B30. These ladies don’t get paid enough for this.,AmericanAir
2213449,2017-11-10 04:14:30,646875,@Uber_Support Meaning it’s frantic dash time.,Uber_Support
2212240,2017-11-10 04:17:55,646554,"Amazonプライム登録してみた
ゆゆゆとか見てみるか",AmazonHelp
2213790,2017-11-10 04:28:27,646945,@AmazonHelp Hey looks like it's back ! Thanks ! 😀,AmazonHelp
200590,2017-11-10 04:29:07,163338,@Delta @Delta Even though my bag did not arrive in time you stepped up and took great care of me. Thank you making it right.,Delta
2226277,2017-11-10 04:32:26,649884,@115900 fixing your fucking internet!!!,comcastcares
2146730,2017-11-10 04:37:04,631055,@AmazonHelp @532572 Wow!!! So impersonal and unprofessional @115821. The customer service and guarantees are going down the tube. I️ personally ordered 1 day shipping on presents for the boys bday 2 days ago. So@e just shipped today. Ridiculous.,AmazonHelp
2256249,2017-11-10 04:38:14,657136,"@AppleSupport, my phone has been “restoring media” for a week. Is this normal?",AppleSupport
2213381,2017-11-10 04:44:51,646859,@115873 @Uber_Support I had a horrible ride.. and now when i am trying to contact UBER.. all your email ids are unsupported!!! Please can someone act on my request.. atleast acknowledge the issue from #UBER #SHAME #Unexpected https://t.co/JraDDDgcoI,Uber_Support
2212162,2017-11-10 04:45:42,646537,@AmazonHelp Done!,AmazonHelp
2212109,2017-11-10 04:52:37,201489,@119625 please add Fidaa Telugu movie which fits right into ur great collection,AmazonHelp
2215952,2017-11-10 04:54:33,647453,@115888 where's #reputation @SpotifyCares @118266,SpotifyCares
2213725,2017-11-10 05:00:29,646521,@AmazonHelp Uploaded details onto that link. Please help ASAP,AmazonHelp
2176472,2017-11-10 05:11:51,139232,@AmazonHelp Still haven't got the product,AmazonHelp
2216841,2017-11-10 05:12:48,647664,Major kudos to the flight attendant on my @SouthwestAir flight. Totally made my night.,SouthwestAir
2213317,2017-11-10 05:18:39,265761,"New @115873 racket: pick up passenger at normal pricing, cancel ride 15 min in, drop them off at location where an event is just ending and stick them with surge pricing. @Uber_Support remains complete garbage. https://t.co/KVnYcrFUPk",Uber_Support
2212035,2017-11-10 05:21:21,646519,"@AmazonHelp Please, I just want reliable @115817 delivery again!",AmazonHelp
2215046,2017-11-10 05:22:08,647249,"not sure why my @Delta flight required half the plane to check bags when there is space. I️ am worried about my brand new checked bag, he wouldn’t wrap it and said file a claim as he tossed it down. https://t.co/SJCXBWtc5W",Delta
2210584,2017-11-10 05:22:27,646122,@TMobileHelp @168989 I am having the same issue. Can t-mobile help me out?,TMobileHelp
2213758,2017-11-10 05:24:41,646940,@AppleSupport 11.1.0,AppleSupport
2215934,2017-11-10 05:44:39,647445,"okay I’ve read that reputation might not be on spotify for at least three days, one week, or possibly never. I’m going to scream",SpotifyCares
2104700,2017-11-10 05:48:36,618752,@Uber_Support But they are not understanding. They are always talking about a particular trip. This is how they treat I am following this since very long time. I hope uber recruit some people with brain. They are useless. Please help to resolve here.,Uber_Support
2215756,2017-11-10 06:04:48,647406,So @115911 @TMobileHelp says to DM but doesn't answer... excessively rude continued lack of customer service after last agent shouted over Lim on the phone...,TMobileHelp
2211989,2017-11-10 06:05:15,524607,@AmazonHelp Your second link requires me to sign in to contact you...that's like not possible. 😩,AmazonHelp
2226225,2017-11-10 06:09:12,222304,@comcastcares my tv keeps glitching.,comcastcares
2215443,2017-11-10 06:13:11,647330,You up @AmericanAir ?,AmericanAir
2217555,2017-11-10 06:15:21,647876,@115873 I'm applying for a job with a health care company. What number do they call to verify that I work for Uber?,Uber_Support
2214988,2017-11-10 06:22:28,647238,@Delta couldn’t be working any harder at losing my domestic and international busy of 12 years.,Delta
2215864,2017-11-10 06:31:09,647427,@117153 My Hulu won't reactivate after my payment submission for the month.,SpotifyCares
2216771,2017-11-10 06:40:23,647643,"@AmazonHelp Ordered product delivery date was 09-11-2017, still I’m awaiting for it..",AmazonHelp
2216730,2017-11-10 06:59:52,647639,"4日に到着予定の荷物が全然届かない・・・
アマゾンさん😅",AmazonHelp
2215866,2017-11-10 07:07:18,633721,"@SpotifyCares I have a Samsung Galaxy S8+,
Spotify version 8.4.26.770,
Android version 7.0,
Samsung experience version 8.1

This also happened periodically with my Samsung Galaxy S6 S6 Edge+ as well before",SpotifyCares
2084555,2017-11-10 07:08:32,616482,@AmazonHelp  https://t.co/eZM0iu6Sg0,AmazonHelp
2217505,2017-11-10 07:09:44,647860,@Uber_Support Someone hacked my account and ordered food in UK. You charged to my second card after primary card declined it. Nice work,Uber_Support
2216723,2017-11-10 07:17:07,534221,amzl us sucks lol no point in having prime any more,AmazonHelp
2193317,2017-11-10 07:23:17,641899,@AppleSupport Brilliant thank you,AppleSupport
2216623,2017-11-10 07:25:21,447696,@AmazonHelp I presume this is spam? Worrying that it has my full address on?! https://t.co/RDnwH8cDtm,AmazonHelp
2216558,2017-11-10 07:36:47,191315,@AmazonHelp Had to buy the audio bit again. Weird. Also very confused by the audible v kindle options. Kindle audio SO much cheaper!,AmazonHelp
2216779,2017-11-10 07:37:00,647646,@116450 can someone explain to me why I pay so much money for a plane ticket to go from Hawaii to LA and the arm rests won't even go up and the flight attendants have no idea why. How many days till @SouthwestAir serves Hawaii?,SouthwestAir
2212980,2017-11-10 07:39:59,646755,@AppleSupport you're right there! I was on a huawei mobile using Wi-Fi at the time.,AppleSupport
2224699,2017-11-10 07:43:17,649516,Welcome to this @virgintrains service to Euston. We only have half a train today as the other half decided it didn’t want to go to Wrexham. An unusual problem..,VirginTrains
2207784,2017-11-10 07:44:02,147043,@Uber_Support Once more if it can be of some help to get my stuff back,Uber_Support
2216607,2017-11-10 07:52:45,383095,"@AmazonHelp Je suis poisseux alors ? Car tous ce qui passe par la case liste augmente. Tout le reste, juste à regarder, non.... 🤔",AmazonHelp
2225727,2017-11-10 07:56:21,649735,So is #reputation not coming to Spotify or 🙁💔,SpotifyCares
2225617,2017-11-10 08:18:34,649703,Fuming I pay for @115888 I refuse to pay more money to hear @118062 new album it should be on there!,SpotifyCares
2224521,2017-11-10 08:25:02,649477,@Delta NO im worried about missing my FIRST flight not a connection. I’m worried that u guys open at 9am &amp; we will not get through customs for HOURS! So then my colleagues &amp; I may miss our flights all together,Delta
996571,2017-11-10 08:28:25,355979,"Hey @AppleSupport - I’m running latest Mac software, none of my 4K 60fps #IphoneX video files are readable or editable in my computer 😭😭😭",AppleSupport
2226973,2017-11-10 08:29:06,128333,@Uber_Support I’m tired of sending y’all notes...,Uber_Support
1205641,2017-11-10 08:31:08,649513,"@VirginTrains I’d retweet 10,000 times if I could",VirginTrains
1089229,2017-11-10 08:42:20,376968,"@AmazonHelp Any update on this feedback? Will this be built into your search? @amazonhelp, @115821",AmazonHelp
996600,2017-11-10 08:44:30,355986,Fix the mail app @115858 @AppleSupport it has a lot of bugs!!,AppleSupport
2226564,2017-11-10 08:58:21,649953,@AmazonHelp I made a special request for the delivery today since being the gift order......but i'm surprised the goods is still @ haryana,AmazonHelp
2229470,2017-11-10 08:58:50,650623,MacOS 10.13.1 is full of bluetooth problems? any solutions? @115858 @AppleSupport,AppleSupport
2225185,2017-11-10 09:12:54,468061,"Chandon and...no, I think that covers it. Makes the 4:30 am alarm a little more bearable. Thanks @AmericanAir your LHR Inatl 1st class lounge puts all your US clubs to shame. #ExecutivePlatinum #GlobeTrotter #ThatsHowYouPourChandon https://t.co/5Z5ZmXZEZT",AmericanAir
2226120,2017-11-10 09:18:09,649831,@116136 why do you like to throttle my internet so much?,comcastcares
2193242,2017-11-10 09:20:09,169989,@AmazonHelp I would request a call back for the same,AmazonHelp
2224616,2017-11-10 09:21:18,649499,@VirginTrains @127472 Heres a picture to show the police trying to calm Spalding passengers who are left in the cold while our train is delayed. #StuckAtSpalding #CaseReference #VTN-171106CTVQ https://t.co/PHkLuHOQZK,VirginTrains
2226582,2017-11-10 09:30:20,649955,@AmazonHelp Now expected 9 Nov - 13 Nov given I chose the more expensive TV for prime I should've had it yesterday as my email stated. ^MO,AmazonHelp
2218918,2017-11-10 09:31:08,648193,@116130 when are you putting Taylor’s new album on your new releases??,SpotifyCares
2225572,2017-11-10 09:36:25,649695,@Tmobilehelp @20324  I am a long time Tmobile customer. I've upgraded to a new phone &amp; trying to get my old device unlocked. Customer service keeps telling me that they're unable to get it unlocked. Please help.,TMobileHelp
2229404,2017-11-10 09:40:59,650600,Dear @115858 it’s still buggy the Appstore in #iOS11.1.1 🐞🐛 https://t.co/NmJXWtebH8,AppleSupport
2227064,2017-11-10 09:44:21,650081,"@AmazonHelp One says shipping today, arriving today.",AmazonHelp
2226910,2017-11-10 09:46:55,650038,@Uber_Support How quick will that be I have spent £25 on food and its all inedible so what am I meant to do? Is there a contact number this is awful,Uber_Support
2163865,2017-11-10 09:52:14,286924,@VirginTrains hell yes!,VirginTrains
2226399,2017-11-10 09:54:11,402405,"@AmazonHelp Hi ihr. Gibt es eigentlich eine Art an Gamification bei euren Rezensionen oder Produktbewertungen? Quasi so 100 Stück: Bronzemedaille, 1000 ein Jahr Amazon Prime Music Unlimited? ^^ Frage nur mal so aus Neugierde. ^^",AmazonHelp
1476418,2017-11-10 10:02:31,446982,"@AmazonHelp What does this page have to do with anything? My German isn't that good, but this seems like a page on ""how to recognize if an email is from Amazon""",AmazonHelp
612899,2017-11-10 10:07:10,650581,"@AppleSupport Any idea when the Bluetooth bug will be addressed? It disconnects constantly from speakers, handsfree kits etc! IPhone7+ on iOS11.1 (was fine on iOS10!)",AppleSupport
2218863,2017-11-10 10:07:40,648181,@115888 another update and you still haven’t sorted the screen to fit the iPhone X. Bit ridiculous this.,SpotifyCares
2226498,2017-11-10 10:11:26,649939,"@AmazonHelp Ya lo ""resolví"" con un agente: me hicieron devolución del dinero inmediata y pedí otros cascos. No necesito ayuda ya, pero tomad nota, por favor. El 100% de los paquetes tienen que venir con factura a Canarias si vienen de península, siempre.",AmazonHelp
2226476,2017-11-10 10:24:59,649933,@AmazonHelp Lol... I'll bear that in mind,AmazonHelp
1330227,2017-11-10 10:35:33,270757,@AmazonHelp Ms Hanan from executive customer relations was handling this case. For me she was most illogical and senseless officers however now I see she is not as she has been trained to behave in a particular manner by fraud company like Amazon.,AmazonHelp
1555496,2017-11-10 10:45:45,481022,@AmazonHelp Please contact again,AmazonHelp
612896,2017-11-10 10:50:09,706818,"@AppleSupport Sign back the ios 10 latest version. I hate the ios 11 on my iphone 6. Turned it into a slow, buggy, almost useless phone. Seriously, I am one of many people whp have this unnesecery issue here.",AppleSupport
2228259,2017-11-10 10:57:26,639099,"@VirginTrains Hello, we are doing a raffle to raise funds for @452479, @25418 and @140787 this Christmas at work, would you be able to provide anything to assist? @749 are matching £4£ what’s raised. We can provide evidence. Kind Regards, Jon",VirginTrains
2190920,2017-11-10 11:01:36,641337,@SpotifyCares Hi there. I have an iPhone SE and it appears to be iOS version 11.0.3,SpotifyCares
2217511,2017-11-10 11:03:59,647862,"@Uber_Support Can you answer why my mailbox is flooded with your promotions, and new offers, I get constant messages, This is not done!!! When you cant remove the FLAg you have added !!#AnnoyingUber #KeepYourPromotionsWithYou #Arrogant #Uber #Cab #PrivateCab #PrivateCabUber",Uber_Support
2196737,2017-11-10 11:26:31,189441,@Delta How about some goodwill!?,Delta
2228719,2017-11-10 11:30:28,443792,Thanks for the upgrade today on #aa0090 much appreciated after a long week @AmericanAir,AmericanAir
1505495,2017-11-10 11:31:36,468403,@AmazonHelp Absolutely no reason given on any of the occasions that I have rung this week and last week,AmazonHelp
2221353,2017-11-10 11:49:19,648788,"@Uber_Support hello, on a ride this morning in Miami we lost a cell phone, but your servers seem to be down and can’t login online to request assistance.",Uber_Support
2228181,2017-11-10 12:01:09,650338,Dear @VirginTrains  congratulations on serving the worst cup of coffee known to man. Your dedication is impressive https://t.co/hYuqlcQh0q,VirginTrains
2220022,2017-11-10 12:08:18,648454,@115830 why does my prime membership no longer give me next day delivery on prime items?,AmazonHelp
2239838,2017-11-10 12:08:38,653074,@SpotifyCares I have a question about your internships. Can I DM?,SpotifyCares
2221374,2017-11-10 12:15:29,648792,"Dear @Uber_Support. You suck. Been waiting and waiting like a hooker on the side of the road and been given the runaround by two drivers. I have a high rider rating you know. 😡

Okay, 280 characters seems useful now.",Uber_Support
2228050,2017-11-10 12:31:58,650309,"Man, rude ass @Delta employees at JFK.  You try to ask a question and they just rush you along and are snotty. You'd think with all the bad publicity theyve had lately they would treat customers a little better",Delta
2220143,2017-11-10 12:34:11,648476,"@120533  experience horrible! La livraison est arrivee avec un livreur, j'ai du porte les cartons avec lui, me suis fait mal au dos. C'est inacceptable!!",AmazonHelp
2228640,2017-11-10 12:34:42,650427,why does @AmericanAir allow expressjet to ruin their service. first flight delayed got on earlier flight. manual tickets. computers down. flybtr poor service.,AmericanAir
2218709,2017-11-10 12:40:28,196685,@TMobileHelp I have a question regarding my bill,TMobileHelp
2221360,2017-11-10 12:40:41,648790,@Uber_Support I understand. I just need to pay better attention in the future.,Uber_Support
2220037,2017-11-10 12:44:46,648457,@AmazonHelp hi! I have amazon prime but the Dutch amazon.de site does not recognice this. How can I solve this?,AmazonHelp
2220343,2017-11-10 12:51:41,648520,@SouthwestAir @648519 They follow up?,SouthwestAir
2220169,2017-11-10 12:52:27,175392,@AmazonHelp @87593.. My wife and I received a baby brezza formula pro off of our registry. We're having issues with it since it is making the bottles 1oz bigger than the selection we choose. Any help would be greatly appreciated.We have triplets so this is a big issue for us,AmazonHelp
2228106,2017-11-10 12:53:24,639170,Thanks @VirginTrains for messing up my seat reservation. Double booked it. Cheers 👍🏽,VirginTrains
2220083,2017-11-10 12:56:36,648467,"@119625 please upload 
#Rajathegreat Telugu movie as soon as possible :)",AmazonHelp
2219943,2017-11-10 13:01:03,648441,@AmazonHelp Solventarme mis problemas! Q no son pocos! Algún vendedor calavera externo a vosotros y algún producto rarete. Pero rápido fácil y beneficioso para mi. No se q sería de mi vida sin amazon jajaja 😍😍😍,AmazonHelp
2239760,2017-11-10 13:07:25,653053,@115888 when will #reputation be added?? Really want to listen to it and I can't find it anywhere 😣,SpotifyCares
2221288,2017-11-10 13:07:25,648770,"@Uber_Support Hi, I have shared an issue over DM. Please check",Uber_Support
2184508,2017-11-10 13:08:53,238477,"@AmazonHelp Okay just revisiting this. Do you think this is okay? I shouldn't need to specify delivery preferences, this is more about laziness and a complete lack of common sense from your delivery team. @115830  have a word.",AmazonHelp
2220191,2017-11-10 13:14:10,648482,@210098 @AmazonHelp It is enough  for form filling  and call back.,AmazonHelp
2252637,2017-11-10 13:18:32,579143,Preparing to go to the @118156 to report Comcast,comcastcares
2220974,2017-11-10 13:20:32,164442,@AppleSupport @648671 😂,AppleSupport
2219911,2017-11-10 13:23:22,648434,@115821 &amp; @AmazonHelp - Thanks for the quick resolution of my earlier delivery issue! Much appreciated. :),AmazonHelp
2221227,2017-11-10 13:28:05,648756,I swear there was a time when it didn't take @115873 three years to show up while you stare at the little car icon going a nonsensical route...,Uber_Support
2239140,2017-11-10 13:30:16,652898,@AmericanAir And now you have passengers crying. Great job @AmericanAir,AmericanAir
2223560,2017-11-10 13:37:38,126392,"@Delta what is the average wait time for customer care to issue refund credit vouchers, and bonus miles? Thanks a lot. 😃💯😃",Delta
2239755,2017-11-10 13:47:11,653052,Anybody know when @115888 is hitting South African shores?,SpotifyCares
2230308,2017-11-10 13:47:25,650854,"What a joke @115830. How can you send a PC Download 🤷🏻‍♀️. If I had known, I would of got it from somewhere else 😔.",AmazonHelp
2223727,2017-11-10 13:58:59,649333,@VirginTrains a number of us have been given reservations in coaches F&amp; U on 1400 Eus-Man! You may want to alter the TM to this!,VirginTrains
2240815,2017-11-10 14:00:58,653330,Thanks to @southwestair and the new MAX 8 we made it to Florida to visit #Mickey. Missing our travel companions @54897 @385058 @54898 @54899 #twitterlessNoah and #twitterlessCaleb 🎡😎🎢🏰☀️,SouthwestAir
2223515,2017-11-10 14:11:45,649297,I want to spend all my life in a plane @delta PARIS TO NYC 🎉🥂😘❤️😍,Delta
2229940,2017-11-10 14:14:30,650774,@Uber_Support Unable to connect to your server https://t.co/XCTRaBgYPT,Uber_Support
2230318,2017-11-10 14:21:15,650856,"@AmazonHelp Hi my account has been blocked and the phone number I have been given doesnt take calls anymore, what should I do? Thanks",AmazonHelp
2239071,2017-11-10 14:23:39,651586,"@AmericanAir Yes but it won't let me add my boarding pass to my apple wallet like I always do, not sure why https://t.co/UsOC9zB9zo",AmericanAir
2276379,2017-11-10 14:30:45,662073,@AppleSupport Purchased via iTunes,AppleSupport
2239792,2017-11-10 14:36:41,653065,"@SpotifyCares Hey, thanks for the tip! Incognito window + VPN worked! Now happily listening to @88224's Autumn Songs playlist!",SpotifyCares
2229878,2017-11-10 14:37:32,650755,@Uber_Support Thanks. Sent in details.,Uber_Support
2223441,2017-11-10 14:43:11,649277,@Delta,Delta
1744112,2017-11-10 14:45:04,526004,5 jours après la date limite toujours no news du livreur #Amazon. Top crédibilité cette boite,AmazonHelp
2239659,2017-11-10 14:50:09,291910,"Question of the day:

Why is Taylor Swifts album not on @115888 #NewMusicFriYAY",SpotifyCares
2239533,2017-11-10 14:54:08,128154,"Hey @115911 its day 36 Where is my $850 refund ?
@115911 &amp; @117157 https://t.co/2tcRsqq1ap",TMobileHelp
2239029,2017-11-10 15:01:10,499358,@AmericanAir I thought we were cool after that review I gave you. Why did you do this to me. 😒 https://t.co/3xF7ilWtBc,AmericanAir
2223694,2017-11-10 15:04:09,649325,@120576 @VirginTrains And we're in coach C! #iamCA - Sophie,VirginTrains
2229844,2017-11-10 15:04:14,650746,"@Uber_Support I sent you a DM, I am a new driver, have been trying to go online for 2 hours, will not let me go online. PLEASE HELP",Uber_Support
2240672,2017-11-10 15:06:03,653289,@AmazonHelp do you not respond to messages ? Wasn't customer services supposed to be a strength ?,AmazonHelp
2218908,2017-11-10 15:12:05,648191,@SpotifyCares This will do. But I just want to know how come it’s showing so many tracks for two songs?,SpotifyCares
2223395,2017-11-10 15:19:56,649269,@Delta y’all don’t have any deals on flights help ya girl out I just wanna go home for Christmas 😩😔,Delta
130864,2017-11-10 15:22:06,145540,@AmazonHelp  https://t.co/8TfxFw1Q2j,AmazonHelp
2229817,2017-11-10 15:24:59,441183,"@Uber_Support just ignores problems that partners need solved. Uber refused to explain why I haven't been paid the bonus I did the work for. Instead I get ""thank you for your patience"" placations  for 2 weeks. #UberEATS #uberfraud https://t.co/dn4s0Zl1XZ",Uber_Support
2238984,2017-11-10 15:27:32,652852,#Tucson bound for a wedding! Thx @AmericanAir 4 helping my brother with his missed flight so he can join us! #AmericanAirlines #arizona #Culinaryplaygrounds #thatwasstressful,AmericanAir
2240582,2017-11-10 15:28:19,653267,@AmazonHelp recu sms et mail pour donner des precisions sur mon adresse pour une livraison aujourd'hui et impossible de laisser des infos sur le site.. help !! Ma rue n'existe pad encore dans les gps,AmazonHelp
2237347,2017-11-10 15:30:25,652427,@AppleSupport Macbook pro late 2011 w/ an SSD and 16gb RAM.,AppleSupport
2237263,2017-11-10 15:36:25,652399,Only @115858 would send me to a verified Apple tech only for the tech to tell me he can’t do shit! My warranty expires in 5 days. Apple explain yourself,AppleSupport
2236037,2017-11-10 15:37:18,652123,"@ComcastCares
#mobile_CareXI my wireless connection is terrible I’m getting nothing as far as WiFi goes. https://t.co/aPwjV2DnUz",comcastcares
2219969,2017-11-10 15:40:45,648445,@AmazonHelp .......?,AmazonHelp
2237244,2017-11-10 15:40:56,652393,@AppleSupport Why can’t I️ sat I️,AppleSupport
2229929,2017-11-10 15:42:38,650771,"@Uber_Support Ok. The reason being, it took us few emails to make the uber support understand the inconsistency in driver’s claim. While they sided with him bcos of random picture. Taking uber again in 30 min. Hope all ll b well.",Uber_Support
2229971,2017-11-10 15:45:50,119624,@AmazonHelp Jaya janaki nayaka full movie upload bro iam waiting for that movie bro please upload bro,AmazonHelp
2237215,2017-11-10 15:47:48,652382,Me type on social media like this cause the iPhone glitch has yet to be fixed. Me is mad. Me thinks @115858 should fix glitch so me can say “I” again,AppleSupport
1503115,2017-11-10 15:50:32,612791,"@115911 “unlimited” my ass, fuck you and this slow ass service i hate you",TMobileHelp
2230284,2017-11-10 15:51:24,327457,"@AmazonHelp Thank you, that link has taken me to the e-mail or telephone page, and I've e-mailed and called previously. So I've just e-mailed again...",AmazonHelp
2240720,2017-11-10 15:52:52,140240,@SouthwestAir Do you still serve peanuts on your planes? We are flying SWA today and my son has a peanut allergy.,SouthwestAir
2229725,2017-11-10 15:54:46,650719,Thanks @115873 I need you to send me an email with a ride pass in it. https://t.co/TpTYxHnOa2,Uber_Support
2234473,2017-11-10 15:55:03,405051,@AppleSupport I only noticed this when I was taking photos. I’ve always had regular background please respond and assist @AppleSupport @115858 @TMobileHelp @115911 @115913 #customerneedshelp,AppleSupport
2234724,2017-11-10 15:57:37,651828,how do you release an update today that STILL does not support iPhone X?? @115888 @SpotifyCares 😤,SpotifyCares
2116135,2017-11-10 15:59:42,131826,"@AmazonHelp I did. No-one called. How can I get our own label CDs back on? Stuck in FBA warehouses, lots of previously sales. Pls authorise us to sell in popular music! Our CDs are (c) and (p) by us. So much proof of ownership, but no #help",AmazonHelp
2230025,2017-11-10 16:01:40,650793,@AppleSupport This happens when Music is being played off the speakers or I’m on a phone call.. while volume is set above 70%.. please have a look at the link I shared to the forum thread.. my iPhone X isn’t the only one!,AppleSupport
2230310,2017-11-10 16:06:47,650854,@AmazonHelp Thank you!,AmazonHelp
904475,2017-11-10 16:18:03,334722,@Delta I have been on hold for over an hour looking to unlock my Skymiles account.  How the heck does one of the biggest airlines in the world estimate 2 hours for customer service on the phone? #SMH,Delta
1162397,2017-11-10 16:27:58,393501,.@117168 How do I disable censored tracks from appearing?,SpotifyCares
2234613,2017-11-10 16:33:19,651801,@TMobileHelp Your online bill pay isn't working! Any clues? I am using Firefox!,TMobileHelp
2229757,2017-11-10 16:34:01,213801,@115873 @Uber_Support So let me get this straight. A driver assaults my gf and you guys suspend my account? Great customer care you all have there. I guess the cops are really our only recourse here.,Uber_Support
2233719,2017-11-10 16:35:08,357817,@AmericanAir Very nice tweet! Why this customer service can't be seen while talking to an agent!? This last one was rude and not very helpful. I need to know about a refund,AmericanAir
2241971,2017-11-10 16:35:53,653645,@AmazonHelp Yes. Today but as it's not yet arrived I'd hazard a guess the person who got the re-deliverys this morning also cannot find it or it would be here already.,AmazonHelp
157044,2017-11-10 16:42:05,152073,@VirginTrains Any updates pls ?,VirginTrains
2229374,2017-11-10 16:43:34,650588,@AppleSupport I already stated that I’m on the latest update....,AppleSupport
2236619,2017-11-10 16:54:12,652242,"Check in, check the weather, everything ready, then the airline will change whatever you planned😭 @SouthwestAir #delayedflight almost 6hrs",SouthwestAir
1162416,2017-11-10 16:56:27,393507,"@SpotifyCares thanks, I've just checked &amp; it has righted itself",SpotifyCares
2232659,2017-11-10 17:00:15,151615,@VirginTrains My birthday is just before Christmas so I don't want to be putting it up then always better to be early - SSJ,VirginTrains
2235932,2017-11-10 17:01:59,652087,"@comcastcares Is Webmail going to work at all today? Ever? 

This upgrade is an epic fail. I am sure I am not the first person to tell you that.",comcastcares
2233671,2017-11-10 17:11:19,434119,@AmericanAir what’s going on with AA4426 LGA to RDU. No plane and no announcements.,AmericanAir
904403,2017-11-10 17:15:20,334670,"Hey @Delta when you purposely overbook a flight 🙄 please teach your agents how to handle the high stress situation with patience, accuracy, and follow-thru!",Delta
2278505,2017-11-10 17:21:16,662499,That new @122986 pixel 2 looks real good right about now the way my iPhone is tripping. @AppleSupport #FixTheGlitch,AppleSupport
2237952,2017-11-10 17:23:00,652605,@Uber_Support my spot in the airport driver queue just jumped from 10-20 to 70-80. Uncool.,Uber_Support
1162341,2017-11-10 17:26:48,393484,@SpotifyCares It’s back! Nevermind!,SpotifyCares
2234549,2017-11-10 17:28:25,651783,@130643 I got @115911 so.....,TMobileHelp
1162210,2017-11-10 17:31:11,635287,@VirginTrains Christmas eve... Or better yet not at all. #humbug,VirginTrains
2236262,2017-11-10 17:40:13,652176,@115830 my mobile app has been like this 4 days! Can you help because I'm losing the will to live! 🙏🏼 https://t.co/PA3nlINCe7,AmazonHelp
2237884,2017-11-10 17:40:57,652588,@Uber_Support your new pass service isn’t working for my frequently used route. Last months pass worked just fine. Not happy,Uber_Support
2233590,2017-11-10 17:41:11,336355,"@AmericanAir Fortunately you guys found another plane but unfortunately, you’ve wasted an entire day for me in NY.",AmericanAir
904313,2017-11-10 17:43:14,334683,Okay @Delta it’s me again. I know I keep saying thanks. And here’s another one:  Susan M in the F lounge ATL. Best customer service from y’all!,Delta
2232494,2017-11-10 17:57:17,651372,@VirginTrains what's going on?your 4.40pm train from Glasgow to London is like a sauna!!! Not impressed,VirginTrains
1162242,2017-11-10 18:02:06,393449,Hey @SpotifyCares!  My desktop app won't let me play a new song when I click on it - it just pauses/plays the one I'm currently listening to.  Any fix for this?,SpotifyCares
2207974,2017-11-10 18:03:24,635001,@Uber_Support Follow ups are automated and not helpful.,Uber_Support
2236490,2017-11-10 18:04:41,152723,@AmazonHelp amazon photos app set to upload on Wi-Fi &amp; while charging(not mobile) . It uploaded 4 gbs of data over mobile...,AmazonHelp
2236318,2017-11-10 18:12:42,652184,Yo @115821 you've been bad lately with deliveries but this one takes the biscuit. Order a hepa Air filter and you sent me an empty box -.- https://t.co/8tIYxy7ExG,AmazonHelp
2234496,2017-11-10 18:12:56,651770,My life is ready for this phone. https://t.co/KGlFGFUWu8,TMobileHelp
184432,2017-11-10 18:15:53,159409,"@AppleSupport either i can’t do maths or my iphone is seriously messed up! 

why is a 1 minute 44 seconds voice recording not sending on messenger? 

it is not longer than 180 seconds long and it’s nowhere near 180 seconds!! https://t.co/z7o07GSQif",AppleSupport
2237803,2017-11-10 18:16:52,652564,Why don't Uber drivers ever know where they're going?? Watching my Uber Eats drive ride around in circles on the map 😒,Uber_Support
2233509,2017-11-10 18:17:23,651554,Flying sucks thanks to @americanair,AmericanAir
2235790,2017-11-10 18:18:20,652053,@comcastcares why won’t my extreme delux package won’t work,comcastcares
2236467,2017-11-10 18:23:01,652207,"Amazon, delivery gone awry. Someone nicked off with my order. Melvin sorted it. Boom. Job done. Give that man a pay rise. #customerservice #amazon",AmazonHelp
2236311,2017-11-10 18:27:54,652182,@AmazonHelp I already did this,AmazonHelp
2236566,2017-11-10 18:32:19,652231,"@SouthwestAir Understood, it's just unfortunate the credit will go to waste when it could go to her honeymoon.",SouthwestAir
2236401,2017-11-10 18:32:52,467065,@AmazonHelp I just talked to ur customer service and he told me that it was my bad luck that I got wrong product and not ur service And he also told me that he will give me refunds and told ME TO BUY IT FROM SOMEWHERE ELSE.,AmazonHelp
2236201,2017-11-10 18:36:29,652165,Dear @15958 @115821 I placed an intl order on the 4th and it still has not shipped... what's up with that?,AmazonHelp
2220837,2017-11-10 18:43:07,648647,@AppleSupport Done. Thanks.,AppleSupport
2249185,2017-11-10 18:46:31,655396,@Delta if you’re gonna make us sit literally all the way in the back of the plane. at least let us board in the first zone.,Delta
2213490,2017-11-10 18:47:42,646883,@Uber_Support The app says update ur billing settings and doesn’t allow the existing payment methods and ur customer care says I can’t add new payment methods. Effectively r u saying I can’t use #uber any more ? R u not capable of resolving this issue? https://t.co/Zg6NrE2FFP,Uber_Support
2203494,2017-11-10 18:47:57,503361,"@TMobileHelp I’ve done that already, y’all are no HELP what’s so ever !! You keep repeating what y’all say WHEN I️ CALL no one knows what I’m talk about https://t.co/HG9D3dYUix",TMobileHelp
2236223,2017-11-10 18:48:09,652170,"Someone stole my #Amazon package 📦and all I have to say is they BETTER utilize my ""How to Start a Business"" book!!!📖 #Chicago #Thief #KnowledgeIsPower",AmazonHelp
2241246,2017-11-10 18:51:39,653457,So @115858 are we all living with the I️ bug forever orrrr nah?,AppleSupport
2236242,2017-11-10 18:53:08,652174,@AmazonHelp UPS,AmazonHelp
2251502,2017-11-10 18:55:36,655900,@SpotifyCares can you check your DM. I've emailed you. Thanks.,SpotifyCares
2241192,2017-11-10 19:00:05,653436,@AppleSupport Hi! I have some question about placing an order. How can I (from the Netherlands) best get in contact with an Apple employee in the US?,AppleSupport
2294193,2017-11-10 19:04:20,511623,@AmazonHelp I gave you the order number. I can't imagine you don't have more information and historical information available to you than I do. It's UPS 1Z9763FA0203582109 and the delivery date had been Yesterday 11/10 It is marked as 2nd day air.,AmazonHelp
2241198,2017-11-10 19:05:55,653438,"Ok I️ am super over this stupid I glitch. It’s starting to affect my professional life. 

@115858 get your shit together.",AppleSupport
612906,2017-11-10 19:12:57,779927,"@AppleSupport I've done the update but I still have an issue where if I'm reading something on my phone (eg, a tweet), ""I"" will be replaced with ""!  [?]"". This only happens on my phon, the same tweet looks normal on a computer.",AppleSupport
2249133,2017-11-10 19:14:29,655384,@Delta 2nd straight trip of poor Delta service and support for a Platinum Medallion member. Platinum customer support gave no help either. I'm getting tired of Delta screwing me over. You're getting back on par with the other horrible US air carriers and you don't seem to care.,Delta
2250463,2017-11-10 19:15:25,625508,@AmericanAir It was AA 3544. It’s since been cancelled.,AmericanAir
2240481,2017-11-10 19:16:44,150108,@comcastcares Well that was stupid,comcastcares
2253452,2017-11-10 19:19:14,656449,@115858 kinda annoying with this “I️” thing,AppleSupport
1892441,2017-11-10 19:20:15,287381,"@VirginTrains Hi there, 

Are you aware of any booking issues on the website? trying to book a ticket for Mid Jan and it gave me some prices earlier now I just get a customer error.",VirginTrains
2251350,2017-11-10 19:26:57,655861,@115888 how do I download Spotify premium ?😂 I’m having trouble finding what to do 😂,SpotifyCares
2253446,2017-11-10 19:28:29,656447,Soo that update was supposed to fix my keyboard with the little question mark emoji and i didn’t .... @115858,AppleSupport
2241751,2017-11-10 19:33:45,653607,"@Uber_Support I have an email, but when I click on the banner to go to the site, nothing happens.  Have tried 3 different browsers and my phone.  The email link is broken or non-existent.  I've had it every month for the past 3 months.",Uber_Support
2241964,2017-11-10 19:46:50,653643,Cuando pides algo a @116928 para hoy y te lo envían mañana... https://t.co/GPEM2yFWi7,AmazonHelp
2249419,2017-11-10 19:49:04,655444,Please turn the heating down in coach B on the 18:47 from Lime Street to Euston 🔥🔥 @VirginTrains,VirginTrains
2250445,2017-11-10 19:51:48,655648,@AmericanAir thanks for a smooth flight from ORD- NOLA!,AmericanAir
2293232,2017-11-10 19:54:03,587032,@AppleSupport I call Your support and your automated system said you’re too busy to take my call and it hangs up on me. Lol 😂,AppleSupport
2241711,2017-11-10 19:54:36,415020,As if my @Uber_Support rang me to check my address then cancelled my trip without telling me! Had to go fully common and get a street taxi!,Uber_Support
2182834,2017-11-10 19:56:06,639435,@TMobileHelp @639433 @115913 I know u going to won't a arm an a leg fro. That tip of phone,TMobileHelp
2249066,2017-11-10 19:56:39,655367,@Delta Any special festivities at the ATL airport tomorrow morning?,Delta
2253096,2017-11-10 20:00:57,656363,"Turks and Caicos, we're coming for ya thanks to @SouthwestAir ✈️ #wanderlust @3089 https://t.co/CHVdieh8V1",SouthwestAir
2252915,2017-11-10 20:04:05,569125,"Lovely bug trying to log into a different account on @115821 in Safari.... entering the different email address, and when I try and login it says password is incorrect for the *OLD* email address (Which was autofilled by safari &amp; replaced by me)!",AmazonHelp
2241705,2017-11-10 20:12:42,653591,How long does @115873 usually take to respond to complaints when someone steals your ride? Because I️ am not paying for that person! #peeved,Uber_Support
2246436,2017-11-10 20:13:26,382234,"@SpotifyCares same problem. music still plays when i unplug headphones.  listening to music, switched to play a video in twitter, switched back to spotify, music is still “playing” but no sound.  checked volume and that i’m listening on this phone, have to force quit app https://t.co/zMAedsVJYK",SpotifyCares
2252566,2017-11-10 20:17:47,400777,See and none of that was mentioned when I was on the phone with @116136 @115900 https://t.co/pGZv3lzZin,comcastcares
2242081,2017-11-10 20:21:32,137142,"@AmazonHelp @653666 Same issue, app and website both aren't working, saying theres an error.",AmazonHelp
2250523,2017-11-10 20:22:22,655668,"@654402 Boarding a plane outlines how sub par most ppl are as well as fat and sloppy, It’s my opinion back to front boarding takes longer which is how @AmericanAir and @Delta do it",AmericanAir
2249334,2017-11-10 20:23:41,310283,"@VirginTrains hi I’m getting the 20:30 euston to Preston and supposed to be changing to go to Lancaster. The delay means I won’t make my connection to the last train to Lancaster, what should I do?",VirginTrains
2241638,2017-11-10 20:30:45,653574,"@Uber_Support 
I was blocked without even giving me the right of defense",Uber_Support
2252842,2017-11-10 20:30:49,656297,"@AmazonHelp hi, have tried to cancel an order which hasn't been delivered but return hasn't been confirmed? What can I do?",AmazonHelp
2251149,2017-11-10 20:32:49,489413,"@TMobileHelp @115913 lip service at it's finest, @655822 is speaking with @115714 currently, we're NOT staying with this company",TMobileHelp
2250323,2017-11-10 20:45:48,655621,Hey @AmericanAir why does flight 2238 from LGA to DFW have no pilot? Nearly Every time we fly aa there are ridiculous crew issues,AmericanAir
2249287,2017-11-10 20:45:52,655417,@VirginTrains THIS👇🏿just THIS! Good work comms team!👏🏿👍🏿👌🏿#loveit ♥️#virgintrains #communication #pr https://t.co/VrLMX4N2eG,VirginTrains
2252813,2017-11-10 20:46:09,656293,"@AmazonHelp placed an order on the basis it would be delivered today. Order tracker on app says still getting delivered today but it’s now quarter to 9, what’s going on??",AmazonHelp
2252521,2017-11-10 20:47:10,656208,"@comcastcares Sure. It’s worth noting that after speaking to customer service, my speed actually dropped to 0.94Mbps. #0.63istherecord https://t.co/xIcScixtAL",comcastcares
2244255,2017-11-10 20:48:40,654221,"@Delta Yes. I don't love that arbitrary policy but that's not my question. Having not sold the seats you don't leave them empty, you filled them with standby passengers. I'm asking in that situation, why wouldn't you then put your loyal customers in the empty first class seats instead.",Delta
2241651,2017-11-10 20:54:29,653578,@Uber_Support I already sent it 2 weeks back but you guys did nothing.,Uber_Support
2176478,2017-11-10 20:56:09,139232,"@AmazonHelp Guys ur service has gone worse.
Just wasted 30mins talking to an cc exec
1at u delay items in prime del
Then u provide 1 f them &amp; that too a fake one
And can't even provide a hand 2 hand replacement..",AmazonHelp
2252860,2017-11-10 21:00:23,656302,@115821 absolutely useless!!!   Customer service no help at all.,AmazonHelp
940623,2017-11-10 21:01:02,342984,@AppleSupport @342983 use your privilege to get them to go faster,AppleSupport
2252883,2017-11-10 21:05:16,656309,@AmazonHelp And when logging into the link above it's saying I don't have an order at all.. https://t.co/94pmpeecIR,AmazonHelp
2245245,2017-11-10 21:06:41,654407,@AmericanAir Can you clarify how flight 3158 from ORD to Omaha just got delayed for nearly four hours due to weather? The plane is here and there looks to be nothing on the radar.,AmericanAir
2252887,2017-11-10 21:17:42,443315,"@AmazonHelp Did an order for tonight, marked delivered but isn’t here, in a safe place or anywhere.
Spoke to CS, placed enquiry and arranged for new delivery which he said would be Sunday, confirmed in email.
Checked my account and the order says it’ll be here Monday :/",AmazonHelp
2246168,2017-11-10 21:18:17,654637,@SpotifyCares having problems seeing new episode of some podcasts. had this problem previously. can you clear my cache from behind the scenes? I did it it and still no luck,SpotifyCares
1404390,2017-11-10 21:21:06,446503,I love @115911,TMobileHelp
2241953,2017-11-10 21:29:42,183942,@AppleSupport Everything is up to date,AppleSupport
2244218,2017-11-10 21:30:07,540435,@Delta Mariam our gate agent provided great customer service helping us get seats together for our anniversary trip. DTW-A57,Delta
2244324,2017-11-10 21:32:38,479770,@115793 @VirginTrains disappointing journey tonight. Missing my connection atm by an est 2 minutes meaning I get back an hour later. Will be quicker/more convenient for me to get a taxi home from the interchange and claim back using delay repay?,VirginTrains
2241533,2017-11-10 21:36:59,653548,"@115873 I have recently reinstalled iOS on my iphone, and now my Uber account has been deactivated! I tried to reactivate it and it's taking a very long time. Please reactivate my account __email__ tx",Uber_Support
2245154,2017-11-10 21:37:33,654388,"@474061 @AmericanAir They’re out there, just no options, flexibility and it’s cost prohibitive. If I didn’t fly internationally so much I’d be back on SWA so fast",AmericanAir
2255525,2017-11-10 21:42:53,367922,"@656946 @115858 shit is stupid! bc when i typed it, it was fine. when i sent it, it was question marks. i have to do lowercase i’s on twitter lol 🙄",AppleSupport
4283,2017-11-10 21:46:08,656786,"@SouthwestAir After many bad experiences with other airlines, I had booked a $49 flight to SF braced for a bad trip. But instead was surprised with a smooth trip and was able to focus on the vacation instead. https://t.co/alf2S7hE2T",SouthwestAir
1493228,2017-11-10 21:46:10,466753,"Amazon prime more like Amazon sub-prime, promise delivery for 8pm and then lie about an attempted delivery at 9.05pm  #nothappy @115821",AmazonHelp
2245167,2017-11-10 21:51:40,169765,@AmericanAir Please keep replying robot... I️ would love to hear more of this repair?? New plane... #notarepair,AmericanAir
2255359,2017-11-10 21:51:43,656909,"Hey @115858, can we maybe fix the whole I️ glitch thing? It’s kinda hard to text without using it. Ok cool thanks for the quick chat 🤙🏼🤙🏼",AppleSupport
2244172,2017-11-10 21:52:45,654204,@Delta Disregard. I switched to DL2229,Delta
2246450,2017-11-10 21:56:50,646222,@SpotifyCares Thanks!,SpotifyCares
2799694,2017-11-10 22:04:01,781092,It’s been like two weeks and we still got this problem with the question mark and box y’all not on y’all shit @115858 get I️t together.,AppleSupport
2255322,2017-11-10 22:09:44,656902,"Ok @AppleSupport look, I️ tried to be patient but I️ need you to remove these unwanted characters!",AppleSupport
2255313,2017-11-10 22:15:04,332078,Dear @115858 please fix my account so that it’s not disabled. I miss my music and updates and textbooks. P. S. Don’t ever disable it again🙃😑,AppleSupport
1404480,2017-11-10 22:17:36,446531,@115911 why are your refurbished phones so crappy and scratched this is seriously the 4th time it has happened.,TMobileHelp
2246103,2017-11-10 22:18:57,654622,"@SpotifyCares Sugestion, whenever I visit somebody's profile, I should be able to see the public playlist's folder organization.",SpotifyCares
2254227,2017-11-10 22:21:42,656637,30 minutes on the phone with @116136 @comcastcares literally getting transferred to the 4th person bc previous 3 couldn’t help me,comcastcares
2244930,2017-11-10 22:26:36,654349,@AmericanAir slow clap... slow clap. I really love how you treat customers these days. Knowing that a customer is in the airport and as a rep sees you walking toward them they close the gate.,AmericanAir
2255296,2017-11-10 22:28:01,656894,@115858 get ur shit together with this I️ thing,AppleSupport
2244113,2017-11-10 22:28:30,654188,@Delta greetings from CDMX @199555 https://t.co/a6v4e1ZJcI,Delta
2254627,2017-11-10 22:34:54,530477,@AmazonHelp Order placed 75 days ago. Claim rejected because I missed the 90 day deadline,AmazonHelp
2246000,2017-11-10 22:36:01,129288,@SpotifyCares What made you think I would like this song https://t.co/fqujcuUiDf,SpotifyCares
2256091,2017-11-10 22:36:26,652560,@Uber_Support I’ve been back and forth with y’all all day. You keep feeding me the same line but not actually helping or answering my question. I’m happy to continue to the conversation but only if it’s productive.,Uber_Support
1404435,2017-11-10 22:48:14,446514,@115911 or @AppleSupport how can i block a blocked number from calling 🤔,AppleSupport
2254478,2017-11-10 22:48:32,656702,@115830 it has now been 2 weeks and 1 day since my account was put on hold. 4 phone calls and no response from you as to why or when I can access it again. I have Prime membership and an Audible account that I cannot use...Please help me out!,AmazonHelp
2243996,2017-11-10 22:54:08,654163,"Hey @Delta I have a flight from the 14th 'til 23' and I'd love to changed it until 25, can i? Im flying from Quito to NY stopping in Atlanta",Delta
2254646,2017-11-10 23:01:41,656725,"My @32611 pre-order of the 3CD/Blu-Ray Deluxe ""Automatic…"" re-issue was not delivered by @115821 and they aren't sure when it will arrive. :(",AmazonHelp
2254171,2017-11-10 23:03:44,656621,@115900 45 mins to reset pswrd 4 a camera we can't use. Explained to 3 diff people put on hold 4 xs. No resolve. Way to help the vets. -10,comcastcares
2255888,2017-11-10 23:08:06,657042,@Uber_Support I’m just trying to login so I can get a ride and I’m going in circles on the app,Uber_Support
2254886,2017-11-10 23:09:50,363050,Stranded in Orlando #MCO @SouthwestAir Terminals evacuated - a few thousand need to be re-screened. 3-hour line &amp; #SWA delays flight 1 hour https://t.co/ggpdRcEcjO,SouthwestAir
2245969,2017-11-10 23:12:39,654591,@SpotifyCares I'll look out for a tweet in future then. 👍,SpotifyCares
2254607,2017-11-10 23:13:01,634319,"@AmazonHelp I shouldn't have to look into anything, it's your mess. It got here contents were amazingly ok, so lesson learned. When it looks like it's screwed up it probably is regardless of Amazon customer service telling me everything is fine. #JOKE",AmazonHelp
2258854,2017-11-10 23:16:26,657792,@AmericanAir holding true and late as usual 😒,AmericanAir
2254596,2017-11-10 23:21:16,656719,"@AmazonHelp Grazie, buonanotte 😊",AmazonHelp
1404346,2017-11-10 23:24:22,138043,@TMobileHelp @446497 Like I said T-Mobile is starting to suck they're not that good like everybody telling me that all I can say is I would leave them soon as possible and go right back to Sprint,TMobileHelp
2254563,2017-11-10 23:29:46,656708,@AmazonHelp That it would be delivered today,AmazonHelp
2255916,2017-11-10 23:34:02,657049,@Uber_Support please check DM's.,Uber_Support
2245259,2017-11-10 23:39:32,654410,@654409 @654408 @AmericanAir @654395 Dodger Mojo...your World Series championship will come soon. 😉,AmericanAir
2259698,2017-11-10 23:41:31,657996,@115888 @SpotifyCares Blah... moved to Apple music for now since you’re taking your sweet time to update app for IPhone X...,SpotifyCares
1515467,2017-11-10 23:43:04,471610,@Delta @471609 I just read it! Excited to see what you do @471609 and thank you @Delta for giving her a spotlight!,Delta
2254818,2017-11-10 23:44:22,656766,@SouthwestAir can we get some free WiFi for our flight. We are stranded on the plane waiting for #mco to open back up. #please,SouthwestAir
109942,2017-11-10 23:45:06,140404,@115821 @AmazonHelp was promised next day delivery and it has been changed to later,AmazonHelp
2284969,2017-11-10 23:49:43,663982,Hey @115858 I'm really enjoying my phone stopping working every time you launch a software update. What can I do to prevent? @AppleSupport,AppleSupport
2255923,2017-11-10 23:50:54,618419,@115873 when ur driver is making us wait SO LONG because he's at McDonald's 🙄🙄 and has been for 10 minutes https://t.co/T3AnH2PQ59,Uber_Support
2254381,2017-11-11 00:02:31,656684,@AmazonHelp Dizem que o ZIP (codigo postal) não corresponde ao ''State'',AmazonHelp
2246462,2017-11-11 00:08:40,393468,@SpotifyCares I'll try that and let you know.,SpotifyCares
2255886,2017-11-11 00:10:00,657042,@Uber_Support __email__ I get a email to reset password but because I do not have the same number anymore I keep going in circles,Uber_Support
2260259,2017-11-11 00:12:46,138477,@comcastcares my internet keeps dropping in and out and TV signal is spotty/jittery at times. Any known outages in Boston area?,comcastcares
2261143,2017-11-11 00:14:43,317260,@SouthwestAir I wish my flight was headed to Hawaii! https://t.co/juJiZ7P7Mk,SouthwestAir
2258790,2017-11-11 00:16:25,657771,"You stink @AmericanAir . Sitting on flight 164 at the gate, 46 minutes late for departure with no explanation",AmericanAir
2255315,2017-11-11 00:23:51,656899,@AppleSupport where other people type. nothing’s changed for me.,AppleSupport
2258258,2017-11-11 00:29:55,657648,Thank you @Delta #VeteransDay2017 flight home @386651 @28635 1980-1983 https://t.co/35yqmAKKXK,Delta
2259450,2017-11-11 00:30:43,648894,So yesterday my phone completly stop taking a charge. @115911 said they were overnighting me another phone to St Louis. Still no phone hopefully tomorrow. #prayforme,TMobileHelp
2261567,2017-11-11 00:32:49,658459,@AppleSupport voicemail transcription not working on @ATT unlimited plus plan with iOS 11.1.1 is it gone?!,AppleSupport
2259585,2017-11-11 00:44:52,657966,@115888 Where the hell are my buttons to access library and so on? #UIDisaster On th verge of switching if you don’t stop messing with the UI. https://t.co/NfDF1SH5pK,SpotifyCares
2582460,2017-11-11 00:51:01,731870,@AmazonHelp あ、お手間をお掛けしてすいません。支払い完了した後、先月の26日から今月の11日までに届くとのことだったんですが発送準備中のまま音沙汰が無く。取り敢えず出品者にﾌｫｰﾏｯﾄから連絡は致しましたので回答待ちです。,AmazonHelp
2261504,2017-11-11 00:51:02,658440,"@AppleSupport Running on iOS 11.1.1 on an iPhone 6s. There was a carrier update. 

I can tell when the phone won’t place a call as my volume control buttons on the side stop responding. 

A hard reset fixes it until it happens randomly again. Phone will get extremely warm. 
No damage/water",AppleSupport
2262069,2017-11-11 00:57:58,658587,@Uber_Support PLEASE SOMEBODY CAN ANSWER ME !? The deliveryman took my command and nobody can help me! What a bad experience. Next Time I will use @38956 !!!!!!,Uber_Support
2260178,2017-11-11 00:58:29,658132,@115900 wow worst customer experience ever #rude to my 87 year old dad unacceptable,comcastcares
2256854,2017-11-11 00:59:49,119245,Flew to #DFW w/ @AmericanAir so thought my Seattle flight was leaving out of Gate A13 when in fact it is an @AlaskaAir flight out of Terminal E. Had to run to SkyTrain and run some more to Gate E11. 🙀 Seated. Buckled up. See you in a few hours Seattle! #MariaPR https://t.co/YBM3qpH5TF,AmericanAir
2253479,2017-11-11 01:00:28,272241,@656458 @AppleSupport I haven’t installed the 11.1.1 yet because turns out my iPhone stopped sending me notifications about new updates.,AppleSupport
2261039,2017-11-11 01:06:53,658331,"When you have a 3 hour delay to Orlando, thank goodness @SouthwestAir is dog friendly! 🐶♥️ https://t.co/wReF88W5Wj",SouthwestAir
2261491,2017-11-11 01:07:28,658436,@AppleSupport Others and my phone has had all updates,AppleSupport
2258170,2017-11-11 01:08:47,657611,@Delta Thank you Demarquez R for the friendly n helpful service at the self service kiosk for our flight from BOS to BDA this morning.,Delta
2194136,2017-11-11 01:15:46,642056,@Uber_Support I just sent the dm,Uber_Support
316131,2017-11-11 01:22:32,191483,Seems like only on twitter my “i’s” are changing to those question boxes. Help me understand @115858,AppleSupport
2260820,2017-11-11 01:23:26,575605,@115821 Flex might be the worst thing in the history of online shopping. #FAIL,AmazonHelp
2259644,2017-11-11 01:27:21,647489,@SpotifyCares an app update but still no support for iPhone X ?!?!,SpotifyCares
316179,2017-11-11 01:31:04,191494,I️ I️ I️ I️ I️ I️ I️ I️ I️ fix it  @115858,AppleSupport
2258739,2017-11-11 01:32:51,657754,@AmericanAir  got this a few minutes ago. Perhaps a more realistic update is possible? Gate agents predict 4-5 hours to get thru security. Not 30 mins. https://t.co/aL81h1yo32,AmericanAir
2259397,2017-11-11 01:37:56,160010,@657928 @115911 Mine dropped the call on me today!,TMobileHelp
2260681,2017-11-11 01:38:15,216401,@AmazonHelp I already contacted many times through emails and the above provided link but no luck. They are just give formal replies nothing else.,AmazonHelp
997501,2017-11-11 01:46:07,356202,@Delta I don’t understand how I️ can pay the money for 1st class but can’t enjoy dinner on my flight.,Delta
2262010,2017-11-11 01:47:38,658569,"@115873 some guy just cancelled on me when he didn’t even come anywhere near where the pickup was, I hope I don’t get charged for this...",Uber_Support
2265176,2017-11-11 01:50:10,659358,@116136 hi can my internet work please,comcastcares
2260671,2017-11-11 01:55:05,658249,"これどうすればいいと思う？
Amazonなんか開いたこともないんだけど。 https://t.co/SxORTMQ25H",AmazonHelp
2265842,2017-11-11 02:04:14,659534,There's only two flights left tomorrow. And they've been being booked up rapidly. So who knows what'll be left when we get there. I AM getting home tomorrow @SouthwestAir . 😠😠😢😢😢😭😭😖🙄,SouthwestAir
2260659,2017-11-11 02:07:28,287478,@AmazonHelp Ordered an Uber gift card over three hours ago needed it now was suppose to be emailed within 5 mins of ordering never came. And your customer service rep was no help besides saying our system is down.,AmazonHelp
2261924,2017-11-11 02:09:36,304745,"Dear @115873, I’m having trouble with your app right now! 😡😡😡😡😡 https://t.co/lG2stfLkyF",Uber_Support
2264796,2017-11-11 02:13:39,659258,"@115888 Why can't you let us premium users change playlists' order on mobile, oh why?
#Spotify #spotifybrasil #spotifypremium #spotifyfamily",SpotifyCares
2250345,2017-11-11 02:20:00,655628,"@AmericanAir Warning to American Airlines customers if their reservations team makes a mistake they will blame it on you, even when you call back immediately to fix their miscommunication, I’m out $150 beacuse they changed my reservation back and forth in a 20 minute period! No one is helping",AmericanAir
2274292,2017-11-11 02:25:46,661518,@AppleSupport whyyyyyyy is my phone still doing that annoying “I️” glitch 😠,AppleSupport
2260572,2017-11-11 02:26:50,658227,"@9131 Received the new Fire TV Stick yesterday. Watched American Gods Ep1 yesterday and Ep2 today, both streamed with many sound drops and shuddering video. Netflix 4K &amp; YouTube on Roku work perfectly. Is it defective? Should I make arrangement to get it replaced?",AmazonHelp
2265791,2017-11-11 02:28:34,659519,@SouthwestAir Looking forward to flying to Hawaii...when?  I’m ready to book my flight!,SouthwestAir
1733906,2017-11-11 02:38:19,523623,@AmazonHelp Till not echo dot not received. Many escalations. Now on call with a very rude executive from Amazon. Seems Amazon is getting bad to worse.,AmazonHelp
2264316,2017-11-11 02:40:31,278784,@AmericanAir $75 fee to do what? Expedite an online reservation that’s instantaneously booked without any overhead cost? Paper tickets are obsolete...,AmericanAir
2261583,2017-11-11 02:42:58,658463,@AppleSupport 11.1 - yep that’s the only app. Turning on/off didn’t help.,AppleSupport
2260108,2017-11-11 02:44:58,527990,@116136 @136958 how come you haven’t fixed this!!! https://t.co/O4EAJ9zBHl,comcastcares
2263954,2017-11-11 02:47:10,659045,@delta please hold flight DL61 destination Rio de Janeiro. There are at least 12 passagens trying to make this connection from Orlando. The flight from Orlando to Atlanta is about to depart,Delta
2264723,2017-11-11 02:48:04,384597,@TMobileHelp @117543 How do I DM @117543,TMobileHelp
2194100,2017-11-11 02:53:44,404198,"@Uber_Support Uber loses appeal in UK employment rights case
 U deactivated so many drivers and told what to do!!",Uber_Support
2260500,2017-11-11 02:56:13,658212,"@AmazonHelp Fiz um pedido, finalizei e depois percebi um frete pra cada produto? Tem que detalhar no carrinho. Ou não percebi? #qrodesconto",AmazonHelp
2253563,2017-11-11 03:00:17,294777,Since I upgraded to IOS 11 my iPhone battery sucks..my iPhone is getting crash every now and den.. feels like upgrading to @125607..@115858 @AppleSupport..,AppleSupport
2264744,2017-11-11 03:11:41,659241,But why can't I listen to the new @118062 album on @115888 #reputation #realquestions,SpotifyCares
2254049,2017-11-11 03:11:58,656587,@Uber_Support I’m already a driver.  My referrals are getting the run around in Honolulu.,Uber_Support
2265839,2017-11-11 03:18:21,659533,As my plane which was originally scheduled for a 5:15 departure finally gets onto the runway for take off I’d like to take this moment to say FUCK @126260 and @SouthwestAir 🖕🏽,SouthwestAir
316183,2017-11-11 03:19:27,191496,@AppleSupport 11.0.1,AppleSupport
2263927,2017-11-11 03:22:29,659039,@Delta Yes,Delta
2253502,2017-11-11 03:25:35,656464,Updated my phone and now my battery life is shitty. Y’all ain’t slick @115858,AppleSupport
2264233,2017-11-11 03:35:51,659109,@AmericanAir thanks for a great flight. The entire crew was excellent from boarding to arrival in Miami. #Fl2193 ORD-MIA. #Loyal2AA #serviceMatters #25A #rewardgoodemployees,AmericanAir
2266162,2017-11-11 03:39:00,659622,@AppleSupport both,AppleSupport
2259640,2017-11-11 03:44:48,657981,@SpotifyCares Taylor is just trying to spill the good tea and you guys aren’t allowing me to listen,SpotifyCares
2266130,2017-11-11 03:45:43,659614,@AppleSupport apps are not responding my reminder app is not working. I have updated but the issue exists. Pls help. https://t.co/cIj3BW7tOC,AppleSupport
2253983,2017-11-11 03:47:20,656571,@115877 You guys are the worst. My order was just completely wrong. 1 burger and 2 fries missing. Seriously? Never using you again,Uber_Support
2275736,2017-11-11 03:52:41,654214,It's official. Tired of all the outages! Xfinity / Comcast sucks in Erie CO. Time to shop. @115900 @116136 #xfinitysucks,comcastcares
2266068,2017-11-11 03:57:21,659596,"@115858 @AppleSupport just got iPhone X, dead on arrival.  Won't charge, start up, completely dead.  Come on guys, what happened to ""it just works""?  Especially after 3AM EST preorder...",AppleSupport
2263863,2017-11-11 04:02:51,659022,"Flight attendant on @Delta: “Please let those people with connecting flights off first. As always, Santa is watching.” 😂😂",Delta
991127,2017-11-11 04:07:58,354774,@AppleSupport This is the exact problem. I can not edit / download photos which are stored on #iCloud paid subscription https://t.co/uGxXGLeY8g,AppleSupport
2265555,2017-11-11 04:08:35,659465,@142 How to transfer money from Amazon Balance to My Bank Account?,AmazonHelp
2253544,2017-11-11 04:13:35,656474,@AppleSupport The keyboard used to take up the whole display before iOS 11.,AppleSupport
2264262,2017-11-11 04:15:20,629127,@AmericanAir The phone supervisor I spoke to transferred me to a hotel phone tree without warning.,AmericanAir
2273930,2017-11-11 04:19:30,661404,@115858 please fix iOS 11.1.1 my phone is throwing a tantrum and will not stop,AppleSupport
2253963,2017-11-11 04:21:09,303752,@Uber_Support cannot summon an Uber to my address in Flemington. Apparently I am required to go to a pickup destination. I’m not at the races! This is unacceptable.,Uber_Support
2275689,2017-11-11 04:22:36,661887,My hotspot on my phone on @115911 can video stream on my laptop but @116136 @115900 home internet won’t even load the Netflix home page.,comcastcares
2260956,2017-11-11 04:25:00,658313,@SouthwestAir We lost a day of vacation. Just lost our rental car and had to pay for a hotel. We were rebooked for tomorrow night.,SouthwestAir
2283819,2017-11-11 04:29:57,663697,Yo @AppleSupport @115858 fix the podcast app for iPad ios11. It’s almost unusable since the 11 update on an Air 2. Many people saying the same.,AppleSupport
2265439,2017-11-11 04:35:02,659445,never use @115821 for gadget buying. Same for @218245 as both cheated my son by giving defaulted mobile set coolpad cool1.,AmazonHelp
2264648,2017-11-11 04:41:29,421982,@TMobileHelp I’m thinking about leaving T-Mobile because you all cut my phone off and told me I️ could do payment arrangement and told me after the fact that my account wasn’t eligible,TMobileHelp
2253883,2017-11-11 04:41:45,656540,"@Uber_Support I appreciate the more human response, but asking your customer to basically play pin the tail on the donkey in hopes that they manage to accidentally, randomly arrive upon a route selection that is remotely close to what they are hoping for is a terrible User Experience.",Uber_Support
2283918,2017-11-11 04:48:29,438946,@AppleSupport how does one report a discrepancy on #applemaps? #Navigation,AppleSupport
2275442,2017-11-11 04:53:44,661822,@115888 noticed you guys removed the blue stones. Any chance of adding that back anytime soon,SpotifyCares
2284080,2017-11-11 04:55:56,663763,why the fuck do my tweets have ? marks in a square. fix dis please @115858,AppleSupport
2265601,2017-11-11 04:58:30,215206,@AmazonHelp today is 5th day and still the same chutiyapa,AmazonHelp
2263827,2017-11-11 04:58:48,235607,"@Delta Appreciate the follow up as I️ already paid for the delta comfort upgrade and it is just frustration as the delta lounge price didn’t  match the delta premium sales when I️ called. After being loyal for 10 years, I️ thought we could’ve came to a solution",Delta
2275168,2017-11-11 05:06:15,661747,"@AmericanAir I was just hung up on by an American Airlines supervisor. I was polite,  but I expressed my frustration that American changed my seat assignment without notifying me, and I am now separated from my wonderful 2 year old son. Last time AA.",AmericanAir
2265429,2017-11-11 05:07:24,659443,@115850 What is your customer care toll free number?,AmazonHelp
19697,2017-11-11 05:13:32,656536,@Uber_Support I need support contact me asap,Uber_Support
2284306,2017-11-11 05:15:05,663819,@115858  FIX THIS I️ bullshit,AppleSupport
2265625,2017-11-11 05:19:51,659481,"@AmazonHelp Thanks, I have sent the email",AmazonHelp
2284470,2017-11-11 05:30:47,663860,"@115858 this whole glitch with the “I” is absurd. You’re a multi billion, billion with a B- company and you can’t fix this ?",AppleSupport
2253822,2017-11-11 05:35:59,656524,"@115873 We booked the cab at 5.17 p.m. yesterday and the cab reached our location around 5.30 p.m. Though the trip started only on 5.39 p.m., he charged us from 5.17 p.m. (even before reaching our location) Why should we pay for his ride? https://t.co/uK5bIWQGvA",Uber_Support
2814541,2017-11-11 05:38:58,784685,This has been happening to my phone for some reason. It isn’t text replacement either. @AppleSupport https://t.co/BOrss42ZMT,AppleSupport
2219955,2017-11-11 05:40:25,648443,@AmazonHelp This is after more than 13hrs...! @115851 they are still fighting to rectify a title lol https://t.co/Uh1bKwVLU0,AmazonHelp
2814803,2017-11-11 05:52:44,157609,"6+ now useless after IOS 11. No fix after many fresh installs.  Crashing apps, painfully slow processing.  Very disappointed @115858.",AppleSupport
2276084,2017-11-11 05:59:03,661999,@SouthwestAir thanks for damaging my bags you assholes,SouthwestAir
2275430,2017-11-11 06:02:04,661816,@SpotifyCares plan on adding support for iPhone X anytime soon??,SpotifyCares
2266637,2017-11-11 06:03:59,425612,@Uber_Support you charged me a fee for putting me at a different pick up spot? Why? Can someone fix this please?,Uber_Support
2284427,2017-11-11 06:13:49,663850,@AppleSupport how come my software keeps glitching after iOS 11.1 update,AppleSupport
2253840,2017-11-11 06:27:16,656528,"@Uber_Support After a confirmed trip, your driver cancelled it on his own but why I had been charged cancellations charges and you are refunding it after writing you series of mails? Why it us like that? Why are you blocking my trip estimated amount, when trip was cancelled by your driver?",Uber_Support
2266766,2017-11-11 06:33:29,352422,"@115850 hey guys,
Do you have any upcoming sale? In looking forward to buy the Moto g5s+ and I'm short of little money. Can you help me out?",AmazonHelp
2241130,2017-11-11 06:34:04,653420,@AppleSupport I have the MacOS high Sierra Version 10.13.1. I have a MacBook Pro air 13inch-Early 2015,AppleSupport
2284617,2017-11-11 06:45:33,663902,@663903 @115858 @AppleSupport Dude it’s playin me too sometimes it works sometimes it doesn’t 😂,AppleSupport
184441,2017-11-11 07:01:44,159413,@AppleSupport y’all need to fix this I️ thing,AppleSupport
2276038,2017-11-11 07:02:18,661985,"@115850 Order# 406-0866441-8842738
Paid for One Day Delivery, but now it's showing delay in product delivery.
Kindly resolve the issue. I'm sharing screenshot of tracking page. https://t.co/NWR1t4Wz42",AmazonHelp
2188458,2017-11-11 07:11:37,212167,"@452085 @Delta @640806 Oh?  There next time I stop by one of your Crown Rooms to do a competitive inspection, I'll make a point of bringing a hot Chicken Park hero with me and have it for lunch.  Let's see how your staff reacts.",Delta
2266525,2017-11-11 07:13:25,659721,@Uber_Support The trip wasn't through my account and I don't have the account information of the person who paid for the trip,Uber_Support
2254128,2017-11-11 07:14:35,656607,@comcastcares I knew you all couldn’t/wouldn’t do anything. I don’t even know why @116136 has a social media department. It’s useless to try and cover up your company’s mistakes via reply’s and DM’s,comcastcares
1744054,2017-11-11 07:16:08,526001,@AmazonHelp Got a call from  @115821  now they are saying this product is not defective . One more misleading information . @AmazonHelp @115821 @23773,AmazonHelp
2268673,2017-11-11 07:22:33,660197,@TMobileHelp is there any way I can buy an iPhone X on the Upgrade Program if I’m on vacation outside the US?,TMobileHelp
184455,2017-11-11 07:24:48,159417,@159418 @AppleSupport My Iphone X when you watched videos it's getting overheated and the battery doesn't last. OLED display  it doesn't impressed me at all. https://t.co/G9UphRs6Ot,AppleSupport
2245047,2017-11-11 07:25:54,654376,"@AmericanAir @654353 Airlines are getting more rude and arrogant by the day. @119313 staff in India beat up a Customer just recently. Just because flying is still a novelty and has all these rules, airlines think they can command things like loyalty, patronage and behaviour.",AmericanAir
2276007,2017-11-11 07:32:20,661975,"Io quando suona il campanello di casa e sto aspettando il corriere di #Amazon. 
#GFvip #CristianoMalgioglio https://t.co/ySNrnuJ9mj",AmazonHelp
2259756,2017-11-11 07:42:58,140450,@SpotifyCares Thank youuu!,SpotifyCares
2266504,2017-11-11 07:43:24,659718,@Uber_Support My email ID is __email__..... I've made the full payment in cash.,Uber_Support
2226535,2017-11-11 07:43:34,649947,"@AmazonHelp Oui ils m'indiquent que je vais bien être remboursé. Étrange que j'aie reçu un mail indiquant le contraire, une mauvaise blague du logiciel",AmazonHelp
2284992,2017-11-11 07:44:42,663989,@AppleSupport My twitter app had to force quit due to the keyboard blocking the location prompt:( #deadmau5 https://t.co/pBQa8VUDgz,AppleSupport
2267969,2017-11-11 07:47:35,660045,"@VirginTrains Yes, it is not in my junk mail",VirginTrains
2266703,2017-11-11 07:57:06,659770,"@AmazonHelp I have sent the mail. I hope for early resolution from you guys as @118343 team seems to have adopted policy ignorance/indifference after multiple mail exchange. Last thing you expect a customer care to say ""no such scheme exist and we don't know where you get these photos""",AmazonHelp
2275891,2017-11-11 08:11:57,661950,"Why @115850 is making chutiya showing reduced price and after completing payment,  @115850 cancel that orders. Happened two time with me. Making fools by holding the payments. Worst from Amazon",AmazonHelp
2275923,2017-11-11 08:19:01,661958,"@AmazonHelp A message that you sent could not be delivered to one or more of
its recipients. This is a permanent error. The following address(es)
failed:

__email__:
reason: https://t.co/yJWqHblwmm
554 SBRS score too low: https://t.co/Z9unsnEsyL",AmazonHelp
2815852,2017-11-11 08:23:05,427333,@AppleSupport There us huge drain in battery while using Youtube on iphone X for everyone.. Any ideas of solving it? @4268 @126972 @140374 @161472 @7846 Didn’t you notice it? @130713 @156470 @135834 @457912,AppleSupport
2269849,2017-11-11 08:25:19,660489,How does Uber eats work if the Uber driver gets in a wreck ??,Uber_Support
1100417,2017-11-11 08:37:28,468618,"@115850 Amazon , despite being Prime Member, order is scheduled for delivery after one week . What is the meaning of subscribing to prime then ? Even customer care doesn't connect to someone we can speak to . Really Frustrating.",AmazonHelp
2284954,2017-11-11 08:37:36,623852,@AppleSupport I CAN'T UPDATE OR DOWNLOAD APPS.  I'M RUNNING IOS 11.1 wtf,AppleSupport
2285448,2017-11-11 08:58:32,468618,@AmazonHelp My product was on prime !!,AmazonHelp
2285179,2017-11-11 08:59:19,664048,hey @115858 FUCKING OPTIMIZE IOS 11 ON IPHONE 6S’ I HAD TO RESET MY PHONE 4 TIMES IN THE LAST 6 MINUTES BECAUSE MY SCREEN WOULD FREEZE BUT I COULD GO TO MY CONTROL CENTER JUST FINE. FIX YOUR SHIT. I’M PRETTY SURE THE 6 SERIES ISN’T OUTDATED YET YOU ASSWIPES.,AppleSupport
2261989,2017-11-11 09:08:26,657044,@Uber_Support @116276 I've been trying to get someone to talk to me for the past 12 hours after leaving my new phone in one of your uber cars and have had nothing but a run around. Amazed at the lack of customer service and lack of transparent or accessible complaints procedure,Uber_Support
2268219,2017-11-11 09:24:20,660093,"A flight my family of 8 booked 6 months ago, was cancelled 2 days before departure stranding us away from out home. What's up @AmericanAir?",AmericanAir
2285370,2017-11-11 09:28:00,664108,Seriously @AppleSupport why can I not get through to you on the phone?!. Your courier has lost my order.,AppleSupport
1330182,2017-11-11 09:29:08,430348,@AmazonHelp where is the form which i am supposed to fill and submit?,AmazonHelp
2272786,2017-11-11 09:34:39,661152,@115888 @SpotifyCares Nvm was a bug it's gone.,SpotifyCares
2269786,2017-11-11 09:39:44,660467,@660466 @Uber_Support @660465 I gota ride aichhshcjsush vamosss now i just hve to wait 15 mins longer tho 😔😔😔,Uber_Support
2267751,2017-11-11 09:40:16,503447,Hi @Delta Chantal and Bronwyn on Thursday’s LAS-JFK flight were amazing. Chantal even went out of her way to make sure my pesky Affrin bottle opened. I️ have the worst cold. I owe her my life. https://t.co/PU7I46K40W,Delta
1330256,2017-11-11 09:54:10,186975,"@AmazonHelp If it was left with a neighbour, I would expect the card your driver left - and the website status - to say so. And for only one delivery attempt to be recorded.",AmazonHelp
2267852,2017-11-11 09:56:13,660020,"@VirginTrains when the train you were ON  is delayed by 40 mins, to be told by an email - nah it was only 16 🤔 https://t.co/W7WgyO5JJ9",VirginTrains
2285356,2017-11-11 09:57:00,664104,"does anybody know how to actually download this onto my computer? I got it on my phone, but on iTunes on laptop says they're all purchased, but when I play it is only the 1:30 preview. and if I click 'check for downloads' it says there is nothing D: @AppleSupport @118721 #rep https://t.co/2ZWubBSNuZ",AppleSupport
1330290,2017-11-11 10:04:56,430357,@AmazonHelp I have canceled... how do i get a refund? Granted its only £7.99 but i have never even authorised this to come out of my bank,AmazonHelp
2269697,2017-11-11 10:14:01,660441,@Uber_Support why your app charges 377 as a distance charge and why put MCD tax on and your app deducted 1381.88 on my today trip So your app theft my money from PAYTM account.. so ridiculous.. https://t.co/oXfo6D5Znj,Uber_Support
2269256,2017-11-11 10:16:21,660342,@115830 awful service from Laurence hanging up on a customer how do you expect to keep customers offering a mere £20 compensation? When I have gone out of my way to wait for the item to be delivered,AmazonHelp
2269224,2017-11-11 10:22:36,563674,@AmazonHelp Have you figured out what's going on?,AmazonHelp
1771757,2017-11-11 10:30:32,405842,@120533 Vous etes fort! tres fort! xD https://t.co/j2yrBP3rJN,AmazonHelp
2271359,2017-11-11 10:35:05,660829,"@VirginTrains Going from B'ham to London in the afternoon on an advance ticket and back from Euston to B'ham New Street in the evening, booked as return.",VirginTrains
1330292,2017-11-11 10:35:17,430357,@AmazonHelp I have a confirmation email saying it has been cancelled yes,AmazonHelp
2269685,2017-11-11 10:37:29,660439,@115877 can't believe you use bicycles yo deliver food around dagenham. It's not like it's central London. Looks like my breakfast is gonna be my cold lunch now,Uber_Support
2269189,2017-11-11 10:41:11,660334,@AmazonHelp ありがとうございまーす！,AmazonHelp
2266913,2017-11-11 10:45:02,659796,"@AmazonHelp This is the last time I am ordering from ur site... I ll surely spread the word abt how u cancel people's order,  if u r not feeling like working... Or not in a mood to work... I will make sure any one from my friends circle buys nothing from you..Thanks for a great service I got",AmazonHelp
1386696,2017-11-11 10:46:43,442667,@AppleSupport oh sorry for the late reply but no not at the moment,AppleSupport
2269313,2017-11-11 10:53:55,660354,@SouthwestAir Something wrong with the site?  I’m unable to login this AM and I’m unable to get in.,SouthwestAir
1771699,2017-11-11 10:57:39,532547,@AmazonHelp @116928 @115821 @532548  Por si no lo encuentra https://t.co/Lu8XFOjDz6,AmazonHelp
2269693,2017-11-11 11:04:25,660441,"@Uber_Support __email__
91 9540011783 https://t.co/hAYwtLDuLi",Uber_Support
2271462,2017-11-11 11:13:41,14523,@VirginTrains 10:59 from MKC to EUS. Absolutely filthy. Every table in First covered in rubbish. Disgusting. We’re still waiting for our drinks. Suspect we won’t get one as only staff we’ve seen are revenue protection. Not very Virgin. https://t.co/mFOf7JCIHD,VirginTrains
2291513,2017-11-11 11:14:50,665529,@AmazonHelp Can you send me a calling number versus a link?,AmazonHelp
2285898,2017-11-11 11:22:15,664247,@AppleSupport I shall,AppleSupport
2271249,2017-11-11 11:28:01,599809,"@Delta your team in MSP was shocked to hear people didn't have hotels booked already, YXE dropped the ball and the flight went without hotels overnight because of it.",Delta
2273173,2017-11-11 11:29:35,228109,Trying to stream more and more frequently but comcast keeps shitting the bed on me mid stream. Hopefully late today we can get on!,comcastcares
2273406,2017-11-11 11:38:41,624553,"@AmazonHelp I hate this company. And I do not recommend anyone to buy anything with them. I'm Brazilian, I bought 1 kindle on 10/15/17, I paid and we did not receive it.",AmazonHelp
2264870,2017-11-11 11:40:58,659278,@SpotifyCares I uninstalled the app and when I installed it a month later that is when I noticed the change . could be zoomed in some how ?,SpotifyCares
2283305,2017-11-11 11:43:52,523376,"I’m not paying this. @115873 @Uber_Support THIS GUY HAD VOMIT IN HIS TAXI. I’m not paying for the worst ride, and for a cleaning fee that’s not even my fault. Fix this. Because it is a joke. https://t.co/BfvCZ51Ubm",Uber_Support
2816618,2017-11-11 11:52:53,733930,"@AppleSupport #Apple #IOS11 #ios1111 #iPhoneX IOS11 is a real shit, my Iphone 6 is only crashing. Are you doing it on purpose to force us to buy your last iPhone ? 
Looks like it's done for that...🤔",AppleSupport
2272068,2017-11-11 12:03:08,339046,Fort a worth based @AmericanAir is awesome. Just saying.,AmericanAir
2286335,2017-11-11 12:11:33,442758,Forced to cancel an order because @115821 decides to wait for five days before they decide to ship the item out. Good job.,AmazonHelp
2283283,2017-11-11 12:15:01,663581,".@115873 @14667 @Uber_Support If a rider adds multiple stops to drop off/pick-up other riders on #UberX requests, shouldn't each stop be counted as a separate trip as it relates to the Continuous Trip Boost?  It's the same as #UberPOOL? If not, please explain the rationale? Thx!",Uber_Support
2286083,2017-11-11 12:20:15,664305,Ffs @115858 my battery is draaaaaining since the new update 🤯🤯,AppleSupport
2291023,2017-11-11 12:25:12,665446,@116618  the film man called Ove  does not have subtitles,AmazonHelp
2271327,2017-11-11 12:28:58,660824,"@VirginTrains delayed more than 30 mins on the 11th October, made a claim on the 12th. Claim was acknowledged but absolutely nothing since. More than 28 days have passed. Others on the train have had their compensation. Poor customer service. What's happening Virgin Trains?",VirginTrains
2286167,2017-11-11 12:29:37,664320,Ever since I updated my phone it’s just bare slow @115858 you people think you’re smart innit?,AppleSupport
2273431,2017-11-11 12:35:41,661296,"@AmazonHelp Hi Amazon, könntet ihr mal eure Amazon App in Ordnung bringen. Fernsehen ist seit Tagen nicht möglich. Danke.",AmazonHelp
2272041,2017-11-11 12:44:32,660966,"@AmericanAir You guys definitly do. Always my #1 choice. And how can someone go wrong with this awesome morning cookie :).

Keep up the good work https://t.co/kFgXA0YMoC",AmericanAir
2286079,2017-11-11 12:45:29,664303,@AppleSupport will cancel membership if this isn't sorted. Never had this issue with Spotify.,AppleSupport
2273391,2017-11-11 12:46:25,661291,I recently bought a redmi 4 from Amazon in exchange for micromax but I forgot to remove my memory card from it so please kindly return my sd card @115850,AmazonHelp
2271165,2017-11-11 12:52:05,239623,"@Delta hi, I booked round trip tickets RDU _DCA, but I had some urgent issues that I couldn't make it at RDU yesterday. I was trying to call, but just kept holding and didn't get a call back. I'd like to make sure if my return ticket is still valid.",Delta
1806950,2017-11-11 12:54:11,542864,"@AmazonHelp Nein, ich möchte das #seller Konto nun löschen, da ich keine zweite Telefonnummer einzutragen bereit bin. Und ihre verifizierungsmethoden für bedenklich halte. War das jetzt verständlich, @116316?",AmazonHelp
2273545,2017-11-11 12:58:39,380251,"Inaugural flight! @SouthwestAir's first Nashville-Cancun service, complete with gate area festivities. https://t.co/nK3JpLK1ap",SouthwestAir
2269690,2017-11-11 13:01:52,660440,"@Uber_Support I'm getting the same response over &amp; over again that my complaint is valid but it can't be addressed as it's for a trip older than 30 days.
How am I supposed to raise a complaint within 30 days when I'm charged for it ONE GODDAMN YEAR later?
Please issue the REFUND.
I'm tired now",Uber_Support
2284423,2017-11-11 13:02:45,663849,"So @SpotifyCares, the tracks highlighted in red are the ones I care about. The rest I don't have much on an interest in - especially the remixes and acoustic tracks.

Meanwhile, this list is missing the new Weezer album which I actually cared about. Please allow filters! https://t.co/WgJb5JNz4V",SpotifyCares
2273426,2017-11-11 13:07:18,661295,@AmazonHelp Merci !,AmazonHelp
1806967,2017-11-11 13:09:22,542866,@AppleSupport I went to Apple store and they replaced my iPhone X.,AppleSupport
2272715,2017-11-11 13:09:29,424579,Are you seriously that pressed for $$ that you’re refusing to give a customer their rebate? @115913 @115911,TMobileHelp
2273233,2017-11-11 13:17:45,484666,"Bonjour @120533, j'ai renvoyé un colis mardi matin (mauvais article reçu ) et je n'ai aucune nouvelle depuis. Le statut du retour a même disparu sur le site. n° de commande : 408-2311467-0692361",AmazonHelp
2273285,2017-11-11 13:23:41,661268,"@115830 waiting for a response from you guys. Our package delivered to a neighbour almost 1 week ago, not told which neighbour, and unnamed neighbour has not passed it on.",AmazonHelp
2253426,2017-11-11 13:27:38,656438,@AppleSupport I can receive and it is only happening when texting my wife. She has IP8,AppleSupport
2272028,2017-11-11 13:32:23,660963,"@AmericanAir A hour and 45 delay at this point is a ""little bit of last minute maintenance""? That's not a helpful comment at all.",AmericanAir
2283518,2017-11-11 13:36:02,663631,Dear @115850 what is the calculation behind this apparently confusing equation of yours? https://t.co/FUgqGOuarp,AmazonHelp
2276968,2017-11-11 13:40:14,661156,Hey @115858 it’s really hard to sound serious when yelling at a company through message and every other word is I️  ...Get your shit together please. Me at least want to look intellectual whilst yelling.,AppleSupport
2273850,2017-11-11 13:41:25,139193,@Uber_Support Maybe go check it out yourselves.,Uber_Support
2273208,2017-11-11 13:44:20,246249,@AmazonHelp Lovely. Thanks,AmazonHelp
2252976,2017-11-11 13:51:55,375093,@AmazonHelp On est déjà demain et toujours pas de mail... dois revendre mon objet sur @32939 puisque vous n’êtes pas foutus capable de vous organiser avec ces boulets d’@4238 ????,AmazonHelp
2261727,2017-11-11 13:53:55,500709,@AppleSupport I restarted the laptop twice and nothing,AppleSupport
2283880,2017-11-11 14:00:43,663711,@115821 oggi è #SinglesDay e voi non mi fate nessuno sconto particolare. Ed io che pensavo ci fosse qualcosa tra noi.,AmazonHelp
2283493,2017-11-11 14:09:37,663625,"@115850 They r saying they don't have tracking details after 1 st so, they r assuming parcel might have been lost or damaged in transit. So they r asking to request for either refund or replacement. After waiting for 11 days customer never expects such replies",AmazonHelp
2242109,2017-11-11 14:12:13,653669,"@653668 @AppleSupport Same here. Battery has been bad since iOS 11, but even worse with 11.1.1. Just lost 20% in one hour on iPhone 6s.",AppleSupport
2273195,2017-11-11 14:17:57,661254,"@AmazonHelp Thanks but that's not the case, you guys seem not to want me as individual seller and suspend my account almost for one week alr",AmazonHelp
2283548,2017-11-11 14:21:24,209498,@AmericanAir So I found the sweet spot. An international flight that has mandatory bag fee. And a flight on which bag fees aren’t waived. I should play the lottery today.,AmericanAir
2278480,2017-11-11 14:22:09,511705,@AppleSupport Soooo you fix the “I” issue.... now after the update it freezes my phone when I try and enter my Apple ID password! 😡 https://t.co/V8Jjj7WrPt,AppleSupport
2273863,2017-11-11 14:24:36,642794,"@AmazonHelp I will cry, i dont have 12 hours. My time in US is too short :( https://t.co/SD3dYquDJ1",AmazonHelp
2283990,2017-11-11 14:27:51,663737,Queria dizer que essa ideia da @117086 de vender eletrônicos por outras lojas tá sendo a pior ideia deles. Que transtorno viu.,AmazonHelp
1714253,2017-11-11 14:33:31,519120,"@AmazonHelp it says no order details found, instead of teller machine should direct it to your executive",AmazonHelp
2285792,2017-11-11 14:36:22,329192,On hold for @comcastcares for almost an hour ...beyond ridiculous,comcastcares
2277632,2017-11-11 14:36:23,662336,@AppleSupport Updated to iOS 11.1.1z I still can only make calls intermittently. My video will not work. When I swipe to video it’s blurry for 10 secs then will not record when I hit the button. It resets itself after 10 sec (goes blurry to clear),AppleSupport
2284164,2017-11-11 14:39:04,663788,@AmazonHelp Done,AmazonHelp
2284208,2017-11-11 14:46:00,245497,Amazon gave me a 5 dollar credit because of my negative experience instead of talking to me about it. I DON'T WANT A FIVE DOLLAR CREDIT I WANT MY PACKAGES TO SHOW UP ON TIME. THAT'S WHY I PAY 100 FOR PRIME. I WANT A REFUND OF PRIME. Nonstop bad service from @115821,AmazonHelp
2277627,2017-11-11 14:46:13,662336,@AppleSupport It will stay at 0 and reset to blurry after about 4 seconds,AppleSupport
2284256,2017-11-11 14:47:03,663802,@SpotifyCares Thank you very much💜,SpotifyCares
2283734,2017-11-11 14:53:51,663672,"@AmazonHelp ""(...)esta transação deverá sumir da sua fatura e, em alguns dias, você receberá uma notificação em seu celular avisando que o valor foi estornado! (..) Se, após o prazo de 30 dias, a compra continuar aparecendo, é só reportar a transação diretamente no app que vamos verificar""+",AmazonHelp
2253521,2017-11-11 14:57:26,661523,@656467 @656468 @AppleSupport Me too. Glad to see it wasn’t just me! Sent DM.,AppleSupport
2284772,2017-11-11 15:02:59,663949,Overall: really frustrated with Amazon right now. Unless there is a way to change my carrier and I don't know about it? Sigh...,AmazonHelp
2284583,2017-11-11 15:04:35,663889,@AmericanAir:  flight 148 CLT-JFK no power in seats 5E/F. Flight crew doesn't care to report it.,AmericanAir
2277980,2017-11-11 15:06:17,662409,@115858 @AppleSupport,AppleSupport
2278447,2017-11-11 15:13:14,662482,@AppleSupport I can’t use my yahoo email all of the sudden on 2 devises. It says “user name or password are incorrect” I have multiple accounts on different phones. I receive but can’t send. Have deleted and reloaded,AppleSupport
1330219,2017-11-11 15:15:11,270757,@AmazonHelp I know twitter is social media platform and so fraud companies come here for advertising and run away when caught. I have given you all my details required &amp; I know why you are trying to take me offline. It is your policy to deal with every customer separately and isolate him.,AmazonHelp
2237185,2017-11-11 15:19:42,652373,@AppleSupport @652374,AppleSupport
2273327,2017-11-11 15:22:43,661281,@AmazonHelp Danke für die rasche Antwort. Auf dem PC und über das Fire kriege ich das hin. über die Playstation App hab ich Probleme damit.,AmazonHelp
2279241,2017-11-11 15:24:36,662667,@115858 I don’t really mind because I’m not using my iphone anymore but I just wanted to point it out for someone to help me understand,AppleSupport
2284109,2017-11-11 15:29:24,663774,"@AppleSupport No,I tried to software my phone but it doesn’t work so I had to reset my phone and I made a backup from my iCloud
Thanks for prompt response",AppleSupport
2279223,2017-11-11 15:37:10,662660,@AppleSupport I'm going to have to shell out 300-400 dollars for a new phone because my 2/3-year old iphone 5 dies at 70-93%...such a joke,AppleSupport
1100416,2017-11-11 15:39:17,378930,"@115850 team,absolutely disappointed with ur cus service on phone, spoke to 2 people and both had no idea about anything, rather i had to tell them ur offers, they had no clue of offers, even navigation, guess you relocated ur customer care centre to coimbature,they r totally not good",AmazonHelp
2284897,2017-11-11 15:40:46,458101,Here's your reminder to never fly @AmericanAir. I recount our recent nightmare (an extra $700 to not use  half our tickets) and friends respond: American is awful. I'll never fly them again,AmericanAir
2278807,2017-11-11 15:47:13,662567,"Dear @115858 :
Please fix the I️ glitch from turning into I️. Yes I’ve tired to fix it with the shortcut thing, but it’s not working.",AppleSupport
2284932,2017-11-11 15:49:55,662174,@SpotifyCares Trellblazzer,SpotifyCares
2279225,2017-11-11 15:50:59,662661,"Bro do another update, I can barely switch between apps @AppleSupport",AppleSupport
2276138,2017-11-11 15:52:19,662021,Respect to @115830 driver using their initiative 🤙🏻 https://t.co/IobAIOH2AM,AmazonHelp
2279161,2017-11-11 15:58:59,662645,@AppleSupport get ya shit together first the letter I bug and now w that fix the phones freeze? Ima switch to Samsung soon 🙄,AppleSupport
2279166,2017-11-11 16:06:07,378760,@AppleSupport Is there a reason why you guys try to charge $100 dlls every time I use a credit card on my iTunes account?,AppleSupport
2276741,2017-11-11 16:07:39,400777,I’m going to speak to those fuckers on the line. And took two Valium become I called and I can’t take any more of this. Notice those specs posted PUBLICLY by @116136. No password required. https://t.co/Zg7eUhSwZd,comcastcares
2279043,2017-11-11 16:13:07,662619,"@115850 Order #

406-4984487-7518739

Ship it asap...",AmazonHelp
2284938,2017-11-11 16:15:10,662174,@SpotifyCares Same here. I'll try later when have the time,SpotifyCares
2285524,2017-11-11 16:20:01,487239,I f*ing hate @AmericanAir One of only a few Black people on the flight...I get stopped and asked to put my bag in the “sizer” to make sure it will fit. Coffee in hand..struggling. I end up having to take 2 pair of leggings out. Why is this my job’s preferred airline? 👀 #fuck,AmericanAir
2283529,2017-11-11 16:21:29,663636,"@AmazonHelp The ad says, for Prime members, $7.99 a month for individuals and $9.99 a month for non prime members. Family is $14.99 a month for either. But Prime is $149 a year? So, if I pay monthly, when do the 2 free months apply?",AmazonHelp
2279874,2017-11-11 16:22:40,662804,funny how when the iphone 8 and X comes out my iphone 7’s battery lasts precisely 6.4 seconds :)  @AppleSupport,AppleSupport
2323405,2017-11-11 16:33:24,673179,@115873 I haven't received any feedback from either of my disputes. I would like a full refund on both of my rides. I would also like the opportunity to speak with a representative  to tell them about my experience. Whenever  I use Uber it's always a rude driver/altercation .,Uber_Support
2280357,2017-11-11 16:33:34,662907,"Hey, @AppleSupport Ive asked before, but i am very serious. I dont want @136083 on my news stream. They are pushing religious propaganda on it and i dont like it. How do i take Fox News out of it? it isnt news at all. It's straight propaganda. https://t.co/DKxdcmpsBX",AppleSupport
2269278,2017-11-11 16:35:08,660348,@AmazonHelp It was actually sold by Amazon.,AmazonHelp
2280314,2017-11-11 16:43:04,662897,@AppleSupport also today volume only works when controlled manually from Spotify when Phone is unlocked. Wtf,AppleSupport
2276154,2017-11-11 16:46:31,235329,"@115821 @115850 , i am not going to stop let me expose you to the entire world as to what price i have ordered and what price you have shipped to indian customs ! #cheater #amazonloot #FBI @55277 https://t.co/yNm5CKS6Rh",AmazonHelp
2280274,2017-11-11 16:50:11,662883,@115858 y’all full of shit with these updates every since I updated my phone why is it that when I put my phone on the charger it’s starts acting possessed phone jumping screen to screen on its on and charging sucks 🤔🤔🤔🤔🤔🤔,AppleSupport
2279791,2017-11-11 16:50:48,662784,@SpotifyCares so I went to try out the student discount for Hulu but they charged me even thought I didn’t sign up for it after all what’s going on??,SpotifyCares
2286013,2017-11-11 16:51:56,508479,"@AmazonHelp @115830 hi how do I speak to someone in the UK. Getting nowhere with the call centres. Prime delivery now 19 hours late, 2nd  Prime delivery this week guaranteed next day that has failed to arrive. Carrier is a joke. Need to speak to someone",AmazonHelp
2277098,2017-11-11 16:56:07,662223,@116136 I’ve been without tv and internet for over 24 hours. Any ETA on when this is actually expected to be fixed?,comcastcares
2275160,2017-11-11 16:56:31,661745,@AmericanAir But... better customer service would help. #1 give notice of flight delay - if informed early could have made other flights #2 don’t have gate managers throw their employees under the bus - AA416 gate manager did this,AmericanAir
2284497,2017-11-11 17:02:15,663871,@AppleSupport @663870 🚮👎,AppleSupport
2278343,2017-11-11 17:05:59,662456,"Amazon:  Ordered Tuesday, Dispatched Wednesday, Forecast Delivery stayed in Thursday.   8pm Thursday forecast by next Wednesday.  Where is my toy!!",AmazonHelp
2280948,2017-11-11 17:08:45,663045,PLEASE tell me why all of photos suddenly deleted and I only have 16 random photos on my phone.. explain that? @115858 @AppleSupport,AppleSupport
2276484,2017-11-11 17:13:11,662095,"@AmazonHelp je passe commande et toujours rien, la en direct : au fait ce n'est pas un bon de réduction , c'est un code promo valable sur une selection d'articles
je vous envoie le lien de la liste des article par e-mail . Wow!!! Je tente d'avoir le fin mot de l'hisoitre et https://t.co/7kuehEcoGf",AmazonHelp
2280574,2017-11-11 17:14:42,662956,@AppleSupport It's still 10.3.3 https://t.co/b6971QBzo3,AppleSupport
2276869,2017-11-11 17:18:31,662169,@AmericanAir thanks for making the switch to another airport easy. I️’ll get home to see my 3yr old on her birthday before she goes to bed! Previous flight delayed - delayed - moved up - delayed again. All will be good! https://t.co/qUeK4MfeTN,AmericanAir
2286010,2017-11-11 17:21:41,508479,@AmazonHelp It gets better! I ask to speak to someone from Amazon in the UK and the agent puts the phone down on me in Malaysia!! This is appalling customer service. Why can’t someone in the UK speak with me?,AmazonHelp
2280551,2017-11-11 17:23:31,662950,@AppleSupport this afternoon. it does not go away,AppleSupport
665739,2017-11-11 17:25:38,278581,bring back the OG one 😤 @115888 @276220 https://t.co/38yXL5DWSb,SpotifyCares
2280830,2017-11-11 17:26:29,663017,"@AmazonHelp Never saw it so this morning contacted u guys again lady said i have to return it i said its a pain to now un assemble and send spoke to manager who did nothing
All she said was she needs exact name i said can't you look up transcription. I worked chat before. Theres notes.",AmazonHelp
2285234,2017-11-11 17:29:01,664066,"@comcastcares Yes, thank you",comcastcares
2280968,2017-11-11 17:31:41,663051,@115858 fix it for us!! https://t.co/SBr2dXZ6Pv,AppleSupport
2276493,2017-11-11 17:36:05,662096,@AmazonHelp Yes it changed to today but it’s not making any difference is it?,AmazonHelp
665825,2017-11-11 17:39:09,278598,@AppleSupport Thank so much. This is really helpful,AppleSupport
665747,2017-11-11 17:46:25,278584,Something really bad is going on within @115858. Updated to iOS 11.1.1 on iPad Mini 2 and all my books in iBooks dissapeared. Cuatomer experience is the leas they care. Battery issues and now this.,AppleSupport
2276820,2017-11-11 17:47:15,618966,@AmazonHelp Too late I've unplugged the echoes,AmazonHelp
2293581,2017-11-11 17:55:35,666034,@115858 your #ios1111 is broken. https://t.co/LcNV5gZAVP,AppleSupport
2278744,2017-11-11 17:56:22,314573,"@115830 Am in the UK, have family in Canada. Is it possible to get a physical gift card delivered to them from your Canadian site for them to use?",AmazonHelp
2277177,2017-11-11 17:59:08,231927,@AmericanAir still waiting for the NYC to LIT direct :/ https://t.co/YwwkCHHWKi,AmericanAir
2281143,2017-11-11 18:00:46,422662,@AppleSupport what’s up with that last update. Half my apps broke and I can’t use App Store. It’s all broke. Is there an update fix? And this 👉🏽 I️,AppleSupport
2278359,2017-11-11 18:05:54,662460,@115850 please provide an tentative date when iphone x will be available again.,AmazonHelp
2276918,2017-11-11 18:08:31,662188,"@AppleSupport I think I am getting there, had to restore back to Sierra on a USB and in the process of updating my external hard drive with important files to then retry with the High Sierra install on my MacBook again! 🤦🏻‍♀️",AppleSupport
2275423,2017-11-11 18:15:43,661814,@SpotifyCares Amen,SpotifyCares
2281761,2017-11-11 18:17:58,663241,Hey @115858 I’d really appreciate it if my phone kept working after a new one is released 🙃,AppleSupport
2278751,2017-11-11 18:22:38,526659,Ordered this on #amazon. The shipment was tampered with and this box was also opened earlier. Courier guy sweetly told me if it doesn't work he will pick up tomorrow. The product works fine but why was it opened enroute. Strange!! https://t.co/WWPV4psaPV,AmazonHelp
2278397,2017-11-11 18:26:35,662469,@AmericanAir https://t.co/9zobEeAOac,AmericanAir
2282267,2017-11-11 18:28:26,663358,Dear @AppleSupport. “Texians” is a real word. Thank you. https://t.co/AiLKELYZJ7,AppleSupport
2278242,2017-11-11 18:29:13,662434,@115900 @comcastcares is the worst customer services i have ever dealt with. they don’t speak to other departments and just keep sending the same incorrect person out to look at the issue. how does this company exist?,comcastcares
1806969,2017-11-11 18:35:20,542866,@AppleSupport Yes it was successful in the new device,AppleSupport
2276366,2017-11-11 18:38:29,336585,@AmazonHelp u can call me. I will try my best to spend minimum time with u guys,AmazonHelp
2277850,2017-11-11 18:44:22,662384,"@AmazonHelp Yes, I did.",AmazonHelp
2278486,2017-11-11 18:47:04,662495,"@AppleSupport While using the camera. My camera app won’t let me take pics or video at all, so I’ve been using Snapchat, which records video, but no sound",AppleSupport
2278669,2017-11-11 18:55:20,264008,"Credit where it's due, I ordered from @115830 at 6pm yesterday on standard delivery and it arrived this afternoon 👍",AmazonHelp
2158095,2017-11-11 18:55:33,633924,@AmericanAir PS... my box made it to DC. Thanks for helping out!,AmericanAir
2283140,2017-11-11 18:56:26,159026,@AppleSupport I am out of the states right now so I can’t call them. I need to chat to someone,AppleSupport
2292730,2017-11-11 19:03:07,665811,@137949 @SpotifyCares some difficulty with ‘unable to browse music’ notices in app. Is there a gremlin loose? Great service normally so thank you muchly 🎼,SpotifyCares
2278636,2017-11-11 19:06:03,662534,"@AmazonHelp Alles klar, danke!",AmazonHelp
2279000,2017-11-11 19:08:28,662608,"@comcastcares 3/ I switched my Xfinity modem to a new one. The store technician ASSURED me this would resolve the problem.  Installed the new modem last night.  Speed test shows a dramatic improvement of speed to 10 Mbps (sarcasm).  If you really care, you’ll FIX THIS !!!!",comcastcares
2282669,2017-11-11 19:09:46,663446,@AppleSupport Why has my account recovery just changed from 1hour to 6days? i need access to my icloud account ASAP,AppleSupport
2278684,2017-11-11 19:15:05,662545,"@AmazonHelp The carrier is Amazon and whoever they use not USPS, FedEX, UPS or DHL",AmazonHelp
2283189,2017-11-11 19:21:20,663560,@115858 please fix this I️ bullshit,AppleSupport
2276370,2017-11-11 19:21:39,336585,@AmazonHelp u r not even reading dm,AmazonHelp
2279129,2017-11-11 19:23:44,662636,"@AmericanAir Yes, I know.  The other 2 flights were ""on-time"" when boarded, too.  Yet here I am.  Just saying.",AmericanAir
2278738,2017-11-11 19:28:04,662552,@AmazonHelp Hopefully they can help.,AmazonHelp
2283085,2017-11-11 19:30:37,663537,@AppleSupport that weak ass update didn’t work. I still see boxes with ? 🤦🏾‍♂️,AppleSupport
2293036,2017-11-11 19:31:59,665889,@SpotifyCares Tonight I’m unable to browse Spotify through Sonos. Any server malfunction tonight?,SpotifyCares
2279694,2017-11-11 19:37:39,662761,"@AmazonHelp A prime delivery driver just threw my package in the air, and let it drop to the ground. He then threw it up on to the porch from about 15 ft out. I watched the whole incident and went outside to ask his name. He spit on my driveway and sped off. I am livid.",AmazonHelp
2279215,2017-11-11 19:41:36,662658,@AppleSupport Since i update to iOS 11.1 the battery runs out very fast On my iPhone 6 before that i havent any problem,AppleSupport
2279704,2017-11-11 19:42:40,122423,"@115821 @AmazonHelp 

I can't cancel my order for these earphones.
#batman https://t.co/HlZZeUtt3b",AmazonHelp
184457,2017-11-11 19:47:06,159417,"@AppleSupport In comparison to the iPhone 7 plus it gets hotter, but I do not receive temperature warnings. Yet, I am using this iPhone without a case.",AppleSupport
2279450,2017-11-11 19:49:06,260116,@AmazonHelp We had access to each other’s wish lists but they’ve disappeared. If we exchange links we can still see them via link but next time it’s not visible again on the list of wish lists. Search doesn’t bring them up either.,AmazonHelp
2279177,2017-11-11 19:57:02,662648,@AppleSupport It does work now since the update. I appreciate your work on this issue,AppleSupport
2280043,2017-11-11 19:58:59,583393,@115850 No one got back to me. Pathetic Service again?,AmazonHelp
2279485,2017-11-11 20:01:51,662717,@AmericanAir Rude counter agent Hayes is least of it. Why is original flight delayed 4 hours? Why was I told I️ have a seat on new flight but not true ?,AmericanAir
2280292,2017-11-11 20:05:29,189597,@AppleSupport Messages sent to me,AppleSupport
2279721,2017-11-11 20:06:09,662768,"@AmazonHelp There is no refund. You're insisting on waiting 72 hours before issuing a refund, because you would like your problem to be my problem.",AmazonHelp
2279352,2017-11-11 20:07:29,498058,@comcastcares It is working now. Thank you.,comcastcares
2279398,2017-11-11 20:13:06,663080,"@117086 O Ultimo Reino, temporada 2.",AmazonHelp
2279903,2017-11-11 20:17:07,662813,@AppleSupport Existing account,AppleSupport
2280445,2017-11-11 20:20:43,662923,@AmazonHelp Your Prime Delivery Service has been yet again a let down 🙁 Promised Delivery today never happened,AmazonHelp
2279855,2017-11-11 20:26:02,258646,@AppleSupport Yeah the one with the phone.,AppleSupport
2281097,2017-11-11 20:30:35,663079,It's 9:30pm and amazon still believes to bring my package today 🤔,AmazonHelp
2293136,2017-11-11 20:33:22,665919,"Actualicé mi iphone para ver los nuevos emojis y la verdad no valen la pena ahora mi celu se traba horrible, @115858 no hará nada o que si ya van como 3 actualizaciones y sigue fallando el maldito iOS",AppleSupport
2280798,2017-11-11 20:37:05,663011,@AmazonHelp I've just cancelled my order then re ordered it. It seemed to have worked,AmazonHelp
2067527,2017-11-11 20:38:18,611395,@AmericanAir Was just changed to 3:05...and the merry go round continues... https://t.co/UVAVLsXUDf,AmericanAir
2251450,2017-11-11 20:42:51,655887,"@SpotifyCares Now iPhone X, 7 Plus before.
No audio from Spotify after playback was paused by Siri to read iMessage. All other CarPlay apps work fine with this (Apple Music, Pocketcasts, Tunein, Mixcloud, …)",SpotifyCares
2822611,2017-11-11 20:44:23,786563,I’m thinking it’s time to switch to the new Google Pixel 2. Nothing I do fixes my storage issues. #imdone @AppleSupport,AppleSupport
2280786,2017-11-11 20:45:41,491194,"@AmazonHelp USPS. The CSR was decidedly unhelpful, tbh. It says there is an address issue and it’s undeliverable (there isn’t). And to think I was excited when it said USPS and not AMZL.",AmazonHelp
2281028,2017-11-11 20:47:39,663066,And @116136 strikes again boys randomly lost all wifi rebooting in 5,comcastcares
2281526,2017-11-11 20:54:24,663183,@115821 and @118706 why are my orders not being delivered to my address?! My address is deliverable but USPS states my address in “undeliverable”. I have xmas gifts to be delivered. Plz help me!!!,AmazonHelp
2293083,2017-11-11 20:54:43,665905,@AppleSupport the App Store is asking to update my billing information and then declining my card when I try to update an app. Could you please help with this?,AppleSupport
2281573,2017-11-11 21:00:43,422802,@115821 raging. Ordered a delivery and they don't show up https://t.co/AopVLut3wL,AmazonHelp
2282136,2017-11-11 21:02:40,663317,@AmericanAir - You might want to reach out to this (platinum) customer #CustomerService https://t.co/CXU4mQO1VG,AmericanAir
2293544,2017-11-11 21:04:19,666021,@115911 @115858 @AppleSupport if this is how you guys treat your loyal customers then I’m cool. I’m not an android guy but I guarantee they treat their customers better when tryna fix THEIR TECHNOLOGY MALFUNCTION,AppleSupport
2277513,2017-11-11 21:10:39,588838,@AmazonHelp when I enter the complete number with country code (in addition to the country code from the drop down) I get an error as well.,AmazonHelp
2293500,2017-11-11 21:11:28,666012,"@AppleSupport iPhone X remains paired, but does not automatically reconnect to bluetooth in my car. Previous iPhone 7 with iOS 11 would fail to reconnect periodically. Same with iOS 10. iOS 9 and earlier would always reconnect. Help!",AppleSupport
2281096,2017-11-11 21:17:37,663079,"@AmazonHelp Yeah, not that bad, but the point is i ordered yesterday with prime",AmazonHelp
2293492,2017-11-11 21:20:42,666009,@115858 I️ need yall to fix my keyboard I’m tired of trying to type I️ and this damn box pops up 😐❗️,AppleSupport
2282011,2017-11-11 21:27:04,663305,"@AmazonHelp Yes, I subscribed and played the £89.99 but when I go to watch a movie it states that I must  rent/buy this movie? Is this a glitch? Surely I'm not expected to pay even more just to watch a movie that was released in 2001?",AmazonHelp
2293902,2017-11-11 21:31:21,264920,@115858 help me pls https://t.co/dTY8poUvzU,AppleSupport
2292946,2017-11-11 21:33:05,143450,@115821 fail https://t.co/rkqK8wA5FJ,AmazonHelp
2292324,2017-11-11 21:38:48,375280,"@115825 die neue #prime smartTV App ist mehr als Schrott und nicht nachvollziehbar wieso eine gut funktionierende App zu sowas gemacht wurde! Funktioniert nicht, Nutzerunfreundlich und Unnötig! Wer entscheidet dass? #kundenorientiertgehtanders",AmazonHelp
2294134,2017-11-11 21:43:30,666180,@AppleSupport 5% battery consumed in 13 minutes watching YouTube. Can we expect a fix soon. I have an iPhone 7 on 11.2 beta 2 https://t.co/ZS38nWDt0Y,AppleSupport
2282937,2017-11-11 21:44:47,663508,@AmericanAir @89513 grateful for our service women and men https://t.co/hruSV0mmOJ,AmericanAir
2280857,2017-11-11 21:47:47,387181,"@AmazonHelp All she said, literally, is you have no account. Without asking for my details! No matter what I said, she just kept on saying that same thing.",AmazonHelp
2294411,2017-11-11 21:48:40,666242,@115888 please add “put em under pressure” absolutely ridiculous its not on Spotify #COYBIG #ireland thanks lads 🇮🇪,SpotifyCares
2242112,2017-11-11 21:52:18,653671,"@653670 @653669 @653668 @AppleSupport #ios11 - aka the ‘paper weight update’, because that’s about all your devices will be good for! Hipster Apple Stan’s will welcome their new landline if they are the first to have it 😂",AppleSupport
2282041,2017-11-11 21:56:00,663307,@AmazonHelp And another order is to ship MONDAY Wth!,AmazonHelp
2280023,2017-11-11 22:00:34,662840,"@AmazonHelp This afternoon, but this is the 2nd time this has happend now but this time I needed my order urgently. But it's now not getting shipped... Thx @115830",AmazonHelp
2292266,2017-11-11 22:01:19,531342,"Hey @ComcastCares, I pay for 75 Mbps download and 10 Mbps upload. Why am I getting 22.69 Mbps download and 11.48 Mbps upload in Champaign Illinois?",comcastcares
2294480,2017-11-11 22:03:49,666265,@AppleSupport cara memperbaiki iphone 5 fleaker (layar berbayang),AppleSupport
2292311,2017-11-11 22:11:46,569445,@AmazonHelp I know that it's going to take 4 days transit time yet I pay monthly for 2 days. ITS SUPPOSED TO BE DELIVERED TODAY YET IT WILL BE DELIVERED MONDAY.,AmazonHelp
2292705,2017-11-11 22:12:47,665801,This flight attendant is #dope giving away a cocktail for someone having to move. Wish I was in rows 4-7! @AmericanAir #ROC,AmericanAir
2294442,2017-11-11 22:13:36,666253,"@115858  @AppleSupport 
Почему PowerPoint не доступен для пользователей ниже iOS 10.0.0? У меня есть iPad mini, я проверяю обновления,а мне пишут что iOS 9.3.5 сейчас новейшая...
Вы их обновлять перестали?",AppleSupport
2280454,2017-11-11 22:19:23,662925,@AmazonHelp I've had an email to say they've cancelled the prime and refunded it as i never ordered or used it but now I've had another email welcoming me to prime is someone hacking my account? https://t.co/v0NL0P0dgh,AmazonHelp
2294657,2017-11-11 22:20:42,666311,@AppleSupport Gone from beard https://t.co/WOvAuH6wh6,AppleSupport
2292682,2017-11-11 22:26:23,564007,"@AmazonHelp In your page the website need to login , i can't login...",AmazonHelp
2279564,2017-11-11 22:30:43,662736,"@AppleSupport Yes that’s correct, all apple original adapter and plug. But from previous apple devices, assuming they are still compatible to use as they charge fine? Thx",AppleSupport
2297279,2017-11-11 22:34:50,666914,@115888 why won’t you take my money and let me keep premium 😩😩😩,SpotifyCares
2292326,2017-11-11 22:37:02,375280,@AmazonHelp Wäre super wenn man da direkt Feedback an die Verantwortlichen schicken kann. Ich bin mit dieser Meinung nicht alleine. Aber danke fürs weitergeben 👌🏼,AmazonHelp
2293092,2017-11-11 22:42:54,665906,"@AppleSupport God I’ve been tweeting constantly as have others. I can DM but it’s just a shitty design for your new keyboard. I type letters as a,ways and the stupid numbers appear instead.",AppleSupport
2293686,2017-11-11 22:46:09,666060,Great job working @116136 @comcastcares It’s not Saturday or anything,comcastcares
2293407,2017-11-11 22:47:09,665987,"@AmazonHelp No, I️ ordered the bagel seasoning and got some countertop cleaner instead",AmazonHelp
2295072,2017-11-11 22:47:45,666424,I debated for years to switch to an #iphone I finally do&amp;it's by far the worst experience ever so disappointed I believed in u @115858 it's about reliability but I ain't getting it 😠,AppleSupport
2244941,2017-11-11 22:51:30,654357,@AmericanAir @654353 😂😂  must be the greatest information of this century!!!,AmericanAir
2278453,2017-11-11 22:57:15,387648,"Can you start (boot up) while holding the Option key?

I know @AppleSupport can walk you through resetting your password from there.  https://t.co/j0Ob3tGcPb",AppleSupport
2294014,2017-11-11 23:02:42,666146,"ようやくamazonプライムの会員特典を使い始めた。
動画見放題は嬉しいし音楽聴き放題も凄いな。
とりあえず孤独のグルメずっと見てる。",AmazonHelp
2286710,2017-11-11 23:03:43,664424,@AppleSupport I️m on the latest but my keyboard and using apps is horrendous ever since I updated,AppleSupport
2293469,2017-11-11 23:08:35,666005,@AppleSupport 11.1.1,AppleSupport
2294118,2017-11-11 23:19:32,666174,@AppleSupport 11.2 and started a day or two ago when I updated,AppleSupport
2293729,2017-11-11 23:21:12,666067,@642807 @AmericanAir Yeah I'm not sure but what's worse is there was another flight going to the same place that was scheduled for later and somehow they got a crew.,AmericanAir
2294019,2017-11-11 23:21:23,666147,@AmazonHelp @116935  know why I can't listen to any of the songs I could listen to last week? https://t.co/8xMmhBqPvl,AmazonHelp
2294099,2017-11-11 23:30:42,666169,"@AppleSupport Hi, I’m not trying to message anyone, that message just keeps popping up randomly on my phone every 10 minutes or so. Thanks",AppleSupport
2294569,2017-11-11 23:34:17,666290,@AmazonHelp 回答ありがとうございます。手続きしてきました。,AmazonHelp
2294561,2017-11-11 23:44:53,179047,"@AmazonHelp Why is there no longer an option to cancel my Prime Membership when I choose Manage Prime Membership on my Amazon account. Where is this option located?  Please just tell me where to find it, don't ask why I want to cancel or convince me not to. Please...where is it?",AmazonHelp
2287246,2017-11-11 23:45:32,664546,@115858 when are you going to update this glitch you have 1 week before eye switch to Android this is ridiculous,AppleSupport
2294776,2017-11-11 23:47:15,666344,"Dear @116136 @Comcastcares , your service has gotten so bad and unreliable I am considering switching to someone else .",comcastcares
2293463,2017-11-11 23:47:19,666004,@SpotifyCares i mean thankss,SpotifyCares
2294333,2017-11-11 23:49:34,666223,@AmericanAir Thank you.,AmericanAir
2294555,2017-11-11 23:54:28,666287,Me when Amazon took their Prime money https://t.co/fIxjPmy5MS,AmazonHelp
2295345,2017-11-11 23:56:02,666499,@AppleSupport can I get a new charger just by dropping in or do I have to book an appointment? Still within years warranty,AppleSupport
2294984,2017-11-12 00:01:29,399412,@AmazonHelp I don’t think USPS delivers today. It being Veteran’s Day. So what up with delivery confirmation? https://t.co/LZNoXBImX6,AmazonHelp
2286891,2017-11-12 00:05:55,664467,"في احد عنده هذي المشكلة او بس انا ؟! 
ابل ستور شكله خرب موضوع البطارية 
Any solution for this issue with battery and app store @AppleSupport @115858 https://t.co/7h5rXTvGoE",AppleSupport
2286867,2017-11-12 00:18:30,654854,"7 attempts across 2 computers with iTunes and iCloud backup and still unsuccessful restoring a backup from my old iPhone to the new one. 

#BadDesign @AppleSupport",AppleSupport
2295280,2017-11-12 00:21:21,666479,@334720 @Delta @SouthwestAir @AmericanAir @158219 How would you regain customer satisfaction after failing to get the same luggage to customer three times (Delta is on their fourth attempt--hopefully I'll get my bags tomorrow).,Delta
2286769,2017-11-12 00:24:56,602365,"It*

Hey @115858, FIX THIS ISSUE. https://t.co/gkCFKv4GHp",AppleSupport
2295134,2017-11-12 00:27:20,666439,WHAT the fuck Alexa just told us cats talk to her when nobody is listening then meowed at us? @115821 is this normal,AmazonHelp
2286727,2017-11-12 00:34:26,664428,@AppleSupport why is this taking so long. I started the update an hour ago and it's still saying 43min left https://t.co/2X6isID8eO,AppleSupport
2286386,2017-11-12 00:41:07,664365,@SpotifyCares - Yr App is killing my business. Keeps crashing/pple complaining/ music keeps stopping. Not happy😢😢😢,SpotifyCares
2279652,2017-11-12 00:42:21,138475,"@comcastcares Trust me, if there was another option in my area I'd be all over that shit. Unfortunately since you rule my area, I'm on your schedule and you're still charging me my full bill. And then you tell me I'll get credited after it's fixed. What kind of bull shit is that?",comcastcares
2286627,2017-11-12 00:46:34,276120,"@AppleSupport Notification bug still no fixed since the first beta of iOS 11
When is this getting fixed? I’ve been reporting this issue via the Feedback app. https://t.co/Y9NGwqMu8G",AppleSupport
2295514,2017-11-12 00:47:46,666544,@AmazonHelp what does this mean? That the item hasn’t even shipped? https://t.co/FFEvviUUNj,AmazonHelp
2286942,2017-11-12 00:53:05,117611,"mucho thx to @115858 for the update that’s supposed to correct the last update but can i get my clock to tell the right time? thanking you in advance,
Vince",AppleSupport
2295536,2017-11-12 01:03:23,666547,@AmericanAir thank you to the American phone customer service worker who made sure I got on a plane tonight when my original flight was delayed and would have left me stuck at the airport.,AmericanAir
2295308,2017-11-12 01:03:33,666147,@AmazonHelp  https://t.co/cKWVX5YBIu,AmazonHelp
2286881,2017-11-12 01:04:31,664465,@AppleSupport WTF https://t.co/wzZsO0h8Xe,AppleSupport
2290359,2017-11-12 01:13:35,665317,"は？？？？？？？？？？？？
Amazonさぁ〜？？注文してたやつ勝手にキャンセルされてるんだけど？？？？？？は？？？？
これで２回目やぞ？？？？？？",AmazonHelp
2287256,2017-11-12 01:14:23,664549,@AppleSupport 7 plus rose gold,AppleSupport
2287236,2017-11-12 01:22:47,664543,@115858 can we please fix the”I️” issue 😞😞,AppleSupport
2287384,2017-11-12 01:29:41,664584,@AppleSupport @115858 😒😒😒 updated to ios 11.1.1 + now my battery is draining faster than ever #help,AppleSupport
2287502,2017-11-12 01:31:29,252804,Ok I'm done. Have a great night people and don't forget don't ever get @115900 👍,comcastcares
2286563,2017-11-12 01:31:54,664403,"@AmazonHelp So why guarantee delivery. I would much rather it say, between the 11-15 than guarantee on the 11th. It almost makes me want to pick up at an Amazon locker. Literally drive out of my way since it can’t be delivered",AmazonHelp
2294050,2017-11-12 01:35:12,666153,@AmericanAir We missed our flight... thanks@AmericanAir 😡,AmericanAir
2287609,2017-11-12 01:41:55,664643,@AppleSupport issue resolved thanx,AppleSupport
2286602,2017-11-12 01:47:44,202769,@SpotifyCares Just saying Spotify++ is stealing peoples info,SpotifyCares
2287927,2017-11-12 01:50:13,499688,"@115858 alright i got the update but “I.T” still not fixed, now what?",AppleSupport
2287068,2017-11-12 01:53:13,444284,"@AmazonHelp @115850 @127187 SLAs seem to be more than months on solving problems? Pls don’t ask me again what the issue is. A simple issue which you aren’t able to solve.
My experience is really taking a hit and i am running out of patience!",AmazonHelp
2287903,2017-11-12 01:59:00,664715,@AppleSupport The 11.1 update is glitchy and my apps constantly are crashing. Fix dis shiiii plz,AppleSupport
2287115,2017-11-12 02:09:19,664515,@AmazonHelp Yes. I used to be able to edit just fine. Now it freezes my phone and does this to the tablet. #stillthinkibrokeit https://t.co/cnuaWn1ZyQ,AmazonHelp
2287870,2017-11-12 02:09:30,664704,"Well @115858 has ruined anytime I write ""I"" in sentence. Thanks for the update. 🙄",AppleSupport
2288167,2017-11-12 02:17:34,664773,"@comcastcares terrible internet speeds on gulfshore Blvd north, naples.  Both Amazon and Netflix hate your speeds!",comcastcares
2287349,2017-11-12 02:20:02,664575,"""New bag rules"" = end of relationship @AmericanAir",AmericanAir
2279858,2017-11-12 02:21:13,258646,@AppleSupport No not previously,AppleSupport
2283869,2017-11-12 02:23:16,663709,@AmazonHelp The advice was to call Amazon.,AmazonHelp
2288511,2017-11-12 02:27:36,664873,"@AppleSupport when i have my font on bold, it deletes the end of every message.. what could this be ??",AppleSupport
1937657,2017-11-12 02:34:18,576410,@AmazonHelp https://t.co/5XN6h6OdK8,AmazonHelp
2288486,2017-11-12 02:36:05,664866,Thanks for breaking my operating system! Not like I need to work or anything. Great Job @115858! #HighSierra #softwaregore https://t.co/bJphPWUBCS,AppleSupport
2287082,2017-11-12 02:41:11,144337,"@AmazonHelp I already called and spoke to someone. They were no help at all, just offered to give me a $5 credit, which they still haven’t done. I always seem to have problems getting my deliveries when I order from u!",AmazonHelp
2288443,2017-11-12 02:44:22,664853,"@115888 needs more k-indie, tbh. i'm just saying.",SpotifyCares
2288787,2017-11-12 02:51:15,664951,so that update didn’t fix that damn glitch @AppleSupport,AppleSupport
2287731,2017-11-12 02:58:13,664679,@AppleSupport 🙌,AppleSupport
1937619,2017-11-12 03:01:01,576403,"@AmazonHelp Our package says that it was delivered today ""to a resident"" but we never received it. Not in mailbox or neighbors. Confused.",AmazonHelp
2287847,2017-11-12 03:04:23,664698,"@Americanair, you need to get your act together. Flight 3275 on 11/10 cancelled at last minute. Horrible service",AmericanAir
2287939,2017-11-12 03:11:48,664727,@AppleSupport @664726 Yeah that’s useless. iPhone 7+ shouldn’t drain nearly as fast as it has since the update. I wish I could go back.,AppleSupport
2289305,2017-11-12 03:17:44,665078,"@AppleSupport YALL NEED TO FIX MY PHONE!!!! I don’t know who decide to take away the ability to scroll down to see notifications on FaceTime, but it was stupid.  Hurry up and fix it. I don’t want to hear why you got me on Pause.😡🤬",AppleSupport
2287086,2017-11-12 03:20:54,144337,"@AmazonHelp Seriously? That’s it? Someone needs to do some research and find out what happen to my package. I was home, so they didn’t attempt to deliver it here, and @118706 doesn’t deliver on Sundays!",AmazonHelp
2288818,2017-11-12 03:25:08,664957,@comcastcares thanks for the great Internet. 😡 https://t.co/idwlD2Ukes,comcastcares
2286910,2017-11-12 03:29:44,664471,@AppleSupport LoL ! Yes.,AppleSupport
33242,2017-11-12 03:33:50,123350,"@AmazonHelp Wat do u wnt me to reply? Ur exec states they will get back to me in 24-48 hrs with the resolution n I recd that email on 8th Nov, still wondering how do u calculate ur given TAT?",AmazonHelp
2289653,2017-11-12 03:41:37,665172,God damn it iPhone glitch @AppleSupport fix ur shit,AppleSupport
33244,2017-11-12 03:48:46,123350,@AmazonHelp The email which I recd clearly mentions my concern.,AmazonHelp
2288588,2017-11-12 03:54:26,664890,@AmericanAir view on the way from Las Vegas to DFW; flight 0683; great service as always 45 minutes early! Basically time traveling! https://t.co/NNQ8mWweou,AmericanAir
2297344,2017-11-12 03:59:06,565701,It’s been on the charger for 3 hours and it only has 9%. I even switched chargers. Wth @115858,AppleSupport
2288563,2017-11-12 03:59:30,664885,"@115821 hello I have order one product with prefer delivery and delivery charge also pay but product delivery next day, so why I should pay extra shipping charge. This is cheating I will mark complaint consumer court. @1560 @119351",AmazonHelp
2297310,2017-11-12 04:08:02,325296,"@AppleSupport @115858 I’m sick of the box with the A when I type the letter I on posts on FB, IG or Twitter y’all need to fix this fuck up ASAP! I’m not going to get the X cuz I jus got the 8. This is ridiculous",AppleSupport
2275949,2017-11-12 04:10:20,661963,@AmazonHelp Ok. Mystery solved now. The courier didn't call me and left it with a neighbor who went out of station. Thanks for your help but pls ask the courier to call me before doing any such thing like this.,AmazonHelp
2297644,2017-11-12 04:20:30,667001,Why is this “ I️n “ still even a thing??? Shouldn’t @115858 have fixed I️t yet,AppleSupport
2288195,2017-11-12 04:24:36,664778,@AmazonHelp Keep me posted if any offer in future. I am interested to buy... :),AmazonHelp
2297609,2017-11-12 04:32:17,666989,my phone won’t charge i’m suing @115858,AppleSupport
2289621,2017-11-12 04:33:34,665164,"@SpotifyCares iPhone 4s v 9.3.5

It's less noticeable on my iPod 
But still pretty close to the edge https://t.co/3dxCxdM8ZZ",SpotifyCares
2289209,2017-11-12 04:36:23,170298,"@AmazonHelp Hey, during the black Friday, will Indians get any discount on Global Store?",AmazonHelp
2281707,2017-11-12 04:47:35,663224,@AppleSupport I tried that but all in vein! Not at all happy with your support !,AppleSupport
2289176,2017-11-12 04:52:41,665046,@AmazonHelp how do we contact amazon customer service? a product that i received which was 'fulfilled by amazon' was the wrong product.,AmazonHelp
2289519,2017-11-12 04:58:13,665138,"@ComcastCares
#mobile_Care
How to fix my remote so it powers off my DVR and controls the volume on my TV?",comcastcares
2298079,2017-11-12 05:06:00,216649,@AppleSupport ..Apple... come on... what is going on. Your updates are getting worse and worse... Don’t make me switch to Samsung.. https://t.co/NerKfET3GP,AppleSupport
2289382,2017-11-12 05:11:09,665100,"I came home today after work, excited about my @115821 delivery for an iPad pen. Then I came home to find it not even included....🙃😒 I am just going to buy from @115937 because this isn’t first time. https://t.co/f190ADYSR0",AmazonHelp
2298064,2017-11-12 05:18:59,667098,Wtf is up with my keyboard and that stupid question mark #comeonapple @115858,AppleSupport
2289216,2017-11-12 05:28:31,665055,"@AmazonHelp Yes, terribly enough, it made it to the facility in my town. That facility is BEHIND MY HOUSE.",AmazonHelp
2289893,2017-11-12 05:29:55,665227,how y'all gonna do me like that @115888 https://t.co/IfkG0m3LPv,SpotifyCares
2298346,2017-11-12 05:32:18,667164,@AppleSupport I can’t even use my iphone GPS app for 20 minutes without killing the battery. What’s with this new iOS update? Very frustrating.,AppleSupport
2289836,2017-11-12 05:42:25,164356,@AmazonHelp how true is this? It’s the 12th now (New York time) and I’m panicking because this is my first time preordering with amazon. Can you help me out here? https://t.co/1sZoCborRc,AmazonHelp
2298034,2017-11-12 05:42:57,667089,Impossible to get @115858 chat support. Lousy support for iPhone.,AppleSupport
2289856,2017-11-12 05:51:34,346490,@116935 why is ur service garbage?,AmazonHelp
2298651,2017-11-12 06:03:57,667238,HEY @AppleSupport  WHEN ARE YOU GOING TO FIX THIS??!!  I️ I️ I️. I️ DON’T LIKE IT!  I️ WANT IT FIXED!!  ‘eye’ don’t understand what you did to make it happen!!,AppleSupport
2289831,2017-11-12 06:06:38,164356,@AmazonHelp All I need is to know when the money has to be on my card please.,AmazonHelp
2289963,2017-11-12 06:09:13,665242,@AmericanAir Missed a flight due to personal issues. Customer svc simply said sorry nothing we can do as it's a basic economy ticket. Understand rules are rules but still sad as flights aren't cheap.,AmericanAir
2290186,2017-11-12 06:19:38,145877,@AmazonHelp whr s my order? wats the point in getting prime? r u guys deliberately delaying order?u guys r pathetic nowadays. disappinted with prime Order# 406-8134235-1153955 https://t.co/qRCEnnoxw9,AmazonHelp
2298632,2017-11-12 06:24:57,667231,"My headphones won’t work on my IPhone 7, but they’ll work on all other apple products 🤔🤔 @115858",AppleSupport
2289536,2017-11-12 06:31:23,665143,@AmazonHelp i've already had 2 useless responses from CS. order 24hrs ago that should have del the next day won't del 'til mon. same order just placed will del 24hrs before it (sun).  please explain.,AmazonHelp
2290117,2017-11-12 06:37:14,665274,@comcastcares how can you stop service immediately if I don't pay my bill but it's fine for you to not give me service when I pay more money than I should,comcastcares
2289540,2017-11-12 06:43:35,665143,"@AmazonHelp FAIL! the guaranteed delivery date stated immediately before clicking 'order' said 'guaranteed delivery date: nov. 11, 2017'.  then after placing order, it changed. that's on you, not me! i have screenshots.",AmazonHelp
2298592,2017-11-12 06:46:12,667215,my battery dies so fast now due to the update i hate y’all @115858,AppleSupport
1410715,2017-11-12 06:51:24,447891,@AmazonHelp メールで問い合わせしたら、メールで回答すると返ってきたが、全く連絡がない。少なくともアマゾンジャパンはアマゾンの企業理念を無視した運営をしている。期日を守らない、根拠なく配送会社の責任にする、金だけを取る。この女性スタッフは客をなめている。,AmazonHelp
2290042,2017-11-12 07:02:49,623801,@AmazonHelp @115850  It is frustrating your team couldn't solve my issue. Now I don't want the order to be completed I want my refund only. I've already purchased the same from @118702 and they served pretty well.,AmazonHelp
2290447,2017-11-12 07:08:48,665333,@115888 hi i want to cancel my trial for spotify,SpotifyCares
2290158,2017-11-12 07:12:15,665282,@AmazonHelp Ok. Thanks for helping :),AmazonHelp
1492621,2017-11-12 07:17:22,466620,"@AppleSupport I hv iPhone6. since i updated it with ios 11, it gets unresponsive, i hv done all the update which came after ios 11, took support centre total 4 times, problem is still there, extremely frustrated now, what should i do next?",AppleSupport
2289709,2017-11-12 07:28:03,401609,@AmazonHelp I have done it many times and frustrated call after https://t.co/pu6Ff2YlZL after email,AmazonHelp
2290404,2017-11-12 07:39:28,459448,@115850 why 2 different prices for same product @1511 @281282 flex2 https://t.co/kVLtP7eDoZ,AmazonHelp
2298934,2017-11-12 07:50:17,667303,hey @AppleSupport hella confused as to why all the music in my library just evaporated🤷🏽‍♀️🤷🏽‍♀️,AppleSupport
2290678,2017-11-12 07:55:02,665378,"@115850 i recieved an SMS that Rs.5000/- credited in my pay balance , but i found no money has been credited . what ia this ?",AmazonHelp
2299201,2017-11-12 08:00:00,667365,@AppleSupport please help! My iPhone 5s battery life is terrible since IOS11. Are 5s being wiped out or is there a fix on the way?,AppleSupport
2290532,2017-11-12 08:10:17,665349,@AmazonHelp I don't know. This is all I have. https://t.co/V0E2r2fnix,AmazonHelp
2299395,2017-11-12 08:19:54,667415,"@AppleSupport updating to your iOS 11.1, 11.2, and 11.3 has basically ruined my iPhone 6 Plus.  My phone is slow, unresponsive, and the battery life sucks!  Thanks for ruining my phone!  How about testing your updates before you send them out???",AppleSupport
2829190,2017-11-12 08:20:22,787871,"あまぞんの使い方よう分からんぞ…
注文確認メールって電話番号登録してるだけじゃ届かないのかしら…？",AmazonHelp
2216555,2017-11-12 08:33:16,647620,@AmazonHelp Friday u said 12 hours. Sunday y are saying asap. Can you just get over the standard response sheet ORM team and give an actual date. Please dont force me to tag influencers here and trend you guys.,AmazonHelp
2299403,2017-11-12 08:48:28,667417,@115858 managed to make the @318 app even worse in the new update. 🤦‍♂️,AppleSupport
2290810,2017-11-12 08:48:30,500379,@AmazonHelp First @232617 order and not impressed. Ordered red wine received toffee liqueur. I understand mistakes happen but have been on hold for 12 min trying to get a refund...don’t think will be ordering again https://t.co/9zgE2nV5gY,AmazonHelp
2290797,2017-11-12 09:03:45,665406,So excited to see if @115830 will follow the simple delivery instructions today. Clue for driver: Read the delivery instructions.,AmazonHelp
2434227,2017-11-12 09:15:09,698526,"@AppleSupport A Android anyway, keeps all Apple away. Apple is rhyming for themselves because their customer care sucks.",AppleSupport
2290933,2017-11-12 09:18:05,665427,@116316 ich glaube hier liegt ein Fehler bezüglich der Besteller Kategorie vor 🤔 https://t.co/vIofLmBGPA,AmazonHelp
2290816,2017-11-12 09:21:10,665408,@AmericanAir Love how @AmericanAir didn’t even offer an apology for ruining our luggage. SMH #americanairlines https://t.co/hav2oy241a,AmericanAir
2290834,2017-11-12 09:28:37,665411,@SpotifyCares It’s back https://t.co/7MExfhxL7d,SpotifyCares
2290932,2017-11-12 09:32:28,665427,@AmazonHelp Gern !,AmazonHelp
2290661,2017-11-12 09:41:09,270757,"@AmazonHelp I refuse to comply with illogical demands of fraud Amazon. As a customer I have paid full amount &amp; have right to received genuine products at my door steps. Whatever investigation you want to do, you have to do it on your own without harrasing customers​.  Prove my wrong on this",AmazonHelp
2833588,2017-11-12 09:46:44,788828,"@AppleSupport Team,
This is ridiculous, even after waiting for almost 5days still my device im not received from the service centre. https://t.co/8Y1Xh7aTlM",AppleSupport
2291054,2017-11-12 09:52:33,665452,"salut @120533 @AmazonHelp, je trouve ça un peu nul d'avoir payé 32€ de frais de port Global Eclair pour une commande passée le 31/10 et que je n'ai toujours pas reçu",AmazonHelp
2290689,2017-11-12 10:04:45,665269,@AmazonHelp So why do they have prime attributes if not eligible for prime delivery?,AmazonHelp
2269228,2017-11-12 10:14:19,563674,@AmazonHelp Excellent CS as usual - I got the item for the deal price as was displayed on my wish list even though it seems like it had probably expired. Thanks! 🙂 https://t.co/cIxhsVPnTI,AmazonHelp
382460,2017-11-12 10:15:27,206669,@AppleSupport @AppleSupport I have just updated to 11.1.1 and it seems to have made the battery even worse than before...dropped from 100% to 61% in 10min,AppleSupport
2296887,2017-11-12 10:26:56,666817,"@SpotifyCares Hi, on the app it says I have PREMIUM TRIAL but on the website it’s says it’ll be renewed next month, but I know for sure that I got the premium trial a couple of weeks back. I want to cancel it before I get billed for the month at £9.99. I just want the trial only.",SpotifyCares
2291096,2017-11-12 10:28:30,665461,@AmazonHelp I’ve already spoken with FOUR diff cust service reps. And nicely asked for a replacement since this package is lost. Your rep told me I had the option to refund or replace. I asked to replace the item. Then we go round &amp; round. #AmazonStinks #JeffBezos,AmazonHelp
2300187,2017-11-12 10:33:51,667603,"@667604 I️ have “the glitch” but it’s better than the plague, I️ guess.
Amazed @115858 can’t get its act together to fix it!  Maybe too much communism @AppleSupport for devices to work properly, eh? Time to go shopping...",AppleSupport
2291301,2017-11-12 10:35:20,665489,@665490 @665491 @116618 @89930 @89931 @89932 Ma si riesce a vedere da Smart tv? Esiste l’app?,AmazonHelp
2830058,2017-11-12 10:43:49,788057,んーー？Amazonで頼んだ物が届いてない気がする…問い合わせたら投函済みって言われたし追跡番号も調べたけど投函済みだった…家のどこかにある…？,AmazonHelp
2300126,2017-11-12 10:53:13,667585,Will have to stick to OS X High Sierra 10.13.1 for a little while. Hopefully @115858 will fix the performance issues on Macbook Pro's,AppleSupport
2291404,2017-11-12 10:58:11,665509,"@AmazonHelp I get daily notifications from your app of a deal on an item in my wishlist that I bought years ago, and it's no longer on my wishlist. How do I stop this?",AmazonHelp
2291259,2017-11-12 11:08:53,665483,@665482 @AmazonHelp 😊,AmazonHelp
2291511,2017-11-12 11:19:11,665529,@AmazonHelp Sent you a message,AmazonHelp
2300121,2017-11-12 11:21:21,667583,"@115858 my son has activation locked his phone, I’m sick of being on to support and getting no way to fix this,any advice on what I can do",AppleSupport
2291861,2017-11-12 11:22:25,237364,@comcastcares you guys aren’t even pretending to offer a service anymore! #justbullshyte #3OutagesIn3Weeks,comcastcares
2291333,2017-11-12 11:30:59,665498,"@AmazonHelp すいません、書き方が悪かったようで。
これは前にiPhone落として割ってしまった写真で、今回届いた商品ではありません",AmazonHelp
2291337,2017-11-12 11:39:21,665499,@AmazonHelp P.S. Is there anyway it can still arrive today because of the inconvenience? https://t.co/UlKhlhwFEB,AmazonHelp
2298251,2017-11-12 11:41:37,667135,"@SpotifyCares are you going to fix the genius lyrics popup that keeps telling me stories about the song I'm listening to? Keep the lyrics, dump the stories - they're no use to anyone",SpotifyCares
2289422,2017-11-12 11:53:20,665111,@AmazonHelp That’s ok...is says this? https://t.co/JUgeOveJ8a,AmazonHelp
2300423,2017-11-12 11:57:44,667678,"nunca pensei que um dia eu iria dizer isso, mas: EU ODEIO A @AppleSupport 😡 5 anos usando praticamente todos os produtos da Apple e qdo mais preciso, CADE SUPORTE?? NAO EXISTE SUPORTE!!! vou acionar a justiça, caso não seja resolvido.",AppleSupport
133880,2017-11-12 12:13:49,146160,"@AmazonHelp My order number 404-1835835-7830703. Placed on 3rd Sept, money deducted received a confrmtn msg with the delvry date of a week. Later got 2knw that your team doesn't see the money recd for the same. After providing all the evidences, till 2day havnt recd my money not the item.",AmazonHelp
2291798,2017-11-12 12:22:32,665592,"@AmazonHelp ok, just done it, let's hope it will help",AmazonHelp
2300378,2017-11-12 12:28:51,667662,@AppleSupport I'm using 11.1.1  calculator issue is unless you type very slow when you try add for example 2+3...it actually comes out as 23 rather than 5,AppleSupport
2296545,2017-11-12 12:30:38,666749,"@AmazonHelp Gracias por responder tan pronto. En ese caso, ¿como doy de baja la cuenta de https://t.co/Zn3ihSXNJN sin que se me borre la cuenta de Amazon.es?
Gracias",AmazonHelp
2296710,2017-11-12 12:34:21,183308,"Damn @AmericanAir you really screwed us over... you changed the flight time and not a single notification? do you realize people had to wake up @ 4am to catch the 7:30 flight, get to the airport and then find out that now ON-TIME flight is actually 4 hours delayed? 😤😤😤",AmericanAir
2296817,2017-11-12 12:44:09,140838,@AmazonHelp When are you going to have the Stranger Things monopoly in stock on the UK site???,AmazonHelp
2298905,2017-11-12 12:46:55,667297,@115888 - how do I cancel the premium? Not paying for something that doesn't work.,SpotifyCares
2289419,2017-11-12 12:52:44,665111,@AmazonHelp Ah ok fab thank you,AmazonHelp
2300681,2017-11-12 13:01:45,667738,@AppleSupport not really sure what else I have to do to get this achievement. I’m on 11.1.1 on an 8 Plus (and watchOS 4.1). Any tips or tricks to get it to recognize that I’ve already done 366 days? https://t.co/JqWDDGJqhK,AppleSupport
2296786,2017-11-12 13:02:48,256951,@AmazonHelp Es que yo los quiero todos jaja ese es el problema 😂,AmazonHelp
2296498,2017-11-12 13:15:35,532556,"@AmazonHelp Je l'ai signalé, j'espère juste être livré aujourd'hui",AmazonHelp
2296568,2017-11-12 13:24:39,270757,@AmazonHelp Pls I hv already gone through this sweet talks with many during last over a month. Pls be rude &amp;  tell me if I have mentioned a word wrong. If not I will put thousand tweets here mentioning the facts. Even if I am able to save one from your fraud I will consider to be successful,AmazonHelp
2298272,2017-11-12 13:25:38,667141,@AppleSupport Now I’ve lost the award...,AppleSupport
2297201,2017-11-12 13:36:13,666896,Sending @AmericanAir a LENGTHY complaint for denying my partner and I entry to flight for our bags being oversized.... but we were gladly let on to the next flight with no problem. AA is a joke. Complaint submitted. Shitty customer care,AmericanAir
2296944,2017-11-12 13:38:00,666836,"@AmazonHelp ご丁寧に有難うございます
モヤモヤしてたのがスッキリしました。",AmazonHelp
2300634,2017-11-12 13:41:00,427746,Anyone else experience streaks while shooting video on their iPhone X? The settings are full 4K video at 60FPS. Please help! @AppleSupport @115858 https://t.co/yfwL7KUcUV,AppleSupport
2297438,2017-11-12 13:46:32,228192,@115821 Now you are blocking me out of my account? #HotSmart https://t.co/pfR94H5Mp2,AmazonHelp
1239733,2017-11-12 13:56:22,124791,"Dear @115850
This is no complain in any way but just to bring something to your attention. Room for improvement dear friends😊👍🏻 https://t.co/6Voinybvn4",AmazonHelp
2835218,2017-11-12 13:58:50,789188,CAN APPLE PLEASE FIX THIS I️ SHIT !!  @115858,AppleSupport
2301532,2017-11-12 14:07:47,298170,I for the software update to fix “Hey Siri” and now the witch is ignoring me.@115858,AppleSupport
2297890,2017-11-12 14:08:59,138753,And the wait goes on... #AmazonSubPrime... six days and counting @AmazonHelp https://t.co/uO1slCsQp0,AmazonHelp
2300626,2017-11-12 14:17:55,667719,@SpotifyCares problems signing up. Changed region to 🇬🇧 but goes through to $ and asks for zip code on credit card info. So won't go through.,SpotifyCares
2297720,2017-11-12 14:23:03,666952,@AmazonHelp Waiting for the positive response. @115850,AmazonHelp
2301473,2017-11-12 14:24:08,633010,@115858 Why is my Bluetooth/WiFi/Data still on even if I turn it off from here? https://t.co/75s64Kooco,AppleSupport
2297945,2017-11-12 14:24:11,667068,@AmericanAir Really unhappy with your service and lack of customer contact. We booked a first class round trip from SMF-LAX-KOA and you botched the entire thing! I did not pay this kind of money to Be bait and switched!,AmericanAir
2298152,2017-11-12 14:34:51,236019,"@AmazonHelp Naoo chegou agora. To lendo Deuses Americanos, que comprei ai tbm. Espero mais promoção incríveis. Amo vcs ❤️",AmazonHelp
2301470,2017-11-12 14:38:59,667928,@AppleSupport due to legacy support and some applications not running under High Sierra (namely older Final Cut versions) I have to stay on Sierra. BUT the new Apple Watch Series 3 is not able to unlock my MBP? Is that going to be fixed or is that feature bound to High Sierra?,AppleSupport
2299972,2017-11-12 14:41:26,667549,@115900 I️ just switched to you guys a few months back and starting to regret it! Cable/WiFi out again for like the 4 time!!! What’s the deal!? #notahappycustomer,comcastcares
1239730,2017-11-12 14:43:51,124791,@AmazonHelp Pleasure 🙏🏼😊,AmazonHelp
1997698,2017-11-12 14:47:27,590690,@115873 Just created my account and it got disabled.,Uber_Support
2298424,2017-11-12 14:49:25,667183,"¿Que hacía yo sin saber que ya está en @130293 los 6 primeros episodios de la tercera temporada de @667184 (eso si, en inglés)? A por ella que voy right now. https://t.co/Awv8BrRSHZ",AmazonHelp
2298521,2017-11-12 14:51:17,526221,Morning flight from Boston with my daughter. No seatback entertainment is no fun! @AmericanAir https://t.co/DvvOE5pKtp,AmericanAir
2298614,2017-11-12 14:53:29,667224,"@AppleSupport No. It's been happening at random moments since yesterday when I updated it.
Version is 10.13.1.",AppleSupport
2298825,2017-11-12 14:55:52,667274,@667275 @120540 Altri promo in corso ne avete?,AmazonHelp
2297743,2017-11-12 15:07:21,667018,@AmazonHelp Details already attached with my Amazon registered mobile no.,AmazonHelp
2295851,2017-11-12 15:07:53,666609,@AppleSupport iOS 11.1.1 is causing my apps to crash constantly on my 7plus,AppleSupport
2302297,2017-11-12 15:13:29,668119,Why aren't Twice's non Japanese songs on @115888 ??,SpotifyCares
2298885,2017-11-12 15:16:27,667291,First time flying @AmericanAir kinda nervous,AmericanAir
1393866,2017-11-12 15:17:58,330913,@AmazonHelp Where is the question in the email? It says that @115850  will get back to me in 3-5 days of which 4 are over. This is after my 10+ attempts. Stop misguiding me. Or else all of this will form my submission to Court when I drag Amazon to Court. https://t.co/ZdL0oiFaEF,AmazonHelp
1771735,2017-11-12 15:23:18,532550,@AmazonHelp Ding dong! Any Update!,AmazonHelp
2301951,2017-11-12 15:25:35,668052,"Hey, @115858 @AppleSupport can I️ have my I️ back please!?",AppleSupport
2299276,2017-11-12 15:31:35,468208,"Dear @115850 , if you look at my account you will see that I am a regular customer. But no more. I will not shop on #Amazon  any lorger. I am very dissatisfied with my Amazon experience.",AmazonHelp
2299234,2017-11-12 15:40:42,570024,"@AppleSupport iOS 11.1 and yes, I’ve restarted it a few times. I️t did nothing. The auto correct on my keyboard is also extremely messed up as well",AppleSupport
2298193,2017-11-12 15:45:42,667124,"@AmazonHelp Ok, thank you very much for the answer :)",AmazonHelp
2294634,2017-11-12 15:48:57,666305,"@AppleSupport Any app really... It happened again today even though Apple Music wasn't playing in the background, so I suppose that's not the cause.

I just give it time to respond again. Sometimes the screen shuts down and pressing the power button does nothing.",AppleSupport
2299764,2017-11-12 15:53:52,667496,"This doesn't look ""handed to resident"" to me @115830 or like an ""enclosed porch"".... 🙄😠 https://t.co/XB5fl2aPFI",AmazonHelp
2299590,2017-11-12 15:58:19,667450,Thank you @AmericanAir for helping me at Myrtle Beach Airport when I missed my flight!,AmericanAir
2299494,2017-11-12 16:00:17,284515,"Oh @115830, this is fucking ridiculous. #wasteful https://t.co/vza7o3wLlG",AmazonHelp
2302716,2017-11-12 16:03:17,668209,I️ hate the glitch that turns and I️ into a box/question mark and exclamation mark. @115858,AppleSupport
2299775,2017-11-12 16:06:17,667501,"@120533 quand je commande un article pour être livré en 24h, c'est pas pour ne pas le recevoir à temps .... #fatigue",AmazonHelp
2295635,2017-11-12 16:08:22,543882,"@115888 The first couple of songs are missing from Miranda Lamberts albums. Why?  They werent until recently. I think its due to a glitch, not a contractual issue.",SpotifyCares
2302723,2017-11-12 16:13:49,668211,"@115858 Been up for 2 1/2 hrs and battery is down 13 %. This is ridiculous, no change in phone usage habits. The only thing that’s changed is @115858 releasing the iPhone 8. I have the iPhone 7 Plus and the battery just mysteriously went to crap as soon as they released the new 1.",AppleSupport
2298493,2017-11-12 16:15:48,532628,@AmazonHelp Done,AmazonHelp
2300758,2017-11-12 16:19:22,327357,"@115900 CBS doesnot work, been getting this error for last 2 months! Called customerservice - #NoFix #XFinity #CantWatchCBS https://t.co/paZbkwGmSl",comcastcares
2300320,2017-11-12 16:22:52,667644,"@AmericanAir Is there any giveaways or contests for tickets?  If so, then I want to participate. I am trying to save for round tickets and I have no frequent flyer miles. I am asking all the major ""American"" airlines. https://t.co/yNiv4okr4t",AmericanAir
2300026,2017-11-12 16:25:07,184345,@AmazonHelp not happy with ur service regarding my order,AmazonHelp
2303137,2017-11-12 16:26:41,668303,"@115858 I’M TIRED OF THIS I️ SHIT, MAN. DEAD ASS.",AppleSupport
2300029,2017-11-12 16:32:13,667565,Esos de @116875 ya se pusieron las pilas con entregas también los domingos! 👏👍,AmazonHelp
2303475,2017-11-12 16:38:02,668394,@AppleSupport same question for you....,AppleSupport
2297764,2017-11-12 16:41:55,656688,@AmazonHelp Waiting for your response @AmazonHelp,AmazonHelp
2300102,2017-11-12 16:43:30,667580,@AppleSupport The flash light appears as red ! Not the icon,AppleSupport
1239335,2017-11-12 16:55:01,410700,"@115830 @122232 you can give me the money back or the watch back, you decide #TerribleCustomerService",AmazonHelp
2294104,2017-11-12 16:56:16,666169,"@AppleSupport Hi, It happened without trying to message anyone, just randomly appeared every so often while I was using my phone, although I realised it often coincided with opening certain apps like twitter. However switching WiFi calling off and on again seems to have solved the problem.",AppleSupport
2303454,2017-11-12 17:02:38,668388,Dear Apple...... FIX THIS!!! I️ I️ I️ I️ @AppleSupport THANKS!,AppleSupport
2300495,2017-11-12 17:05:43,525718,@comcastcares We've had two techs come out during the past sixty days~They BOTH charged us $60 (on our bill) And this was after they said they wouldn't charge us?,comcastcares
1403675,2017-11-12 17:07:23,446338,"@115888 I'm trying to find the album's 
Cast : Magic Hour
Blondie: No Exit 
Can you help
Ryan",SpotifyCares
2300569,2017-11-12 17:07:26,448536,Awesome I get to spend 5h in the Charlotte airport. Then I get to climb over other passengers for 5h every time I get up to go to the bathroom. Thanks again @AmericanAir ugh,AmericanAir
1239333,2017-11-12 17:08:18,410700,"@AmazonHelp I've been and the phone to you 'uk customer service' for the past hour and have given all the info needed for the refund, now being told I can't have a refund and the item has been lost! So I'm £130 down and have no watch, it's taken 2 years to finally be told this",AmazonHelp
2300769,2017-11-12 17:13:48,220244,Who do I need to address this issue to @115830 https://t.co/68uwmPEZO6,AmazonHelp
2303690,2017-11-12 17:15:35,648648,@AppleSupport I have an old MacBook Air and I'm trying to update the OS but each time I input the username and password it asks for a code. I get the code but there is no where to input it.,AppleSupport
2303740,2017-11-12 17:25:00,668467,@115858 @AppleSupport downloaded update to the update📲and still seeing “A ?” instead of the “I/i”🤯...when that next update coming thru🧐,AppleSupport
2300777,2017-11-12 17:25:37,667759,@AmazonHelp Yeah I was supposed to get two things today but I only got one package,AmazonHelp
2300775,2017-11-12 17:35:47,667759,@AmazonHelp But it was out for delivery on the truck with the other package because after he left it became delayed,AmazonHelp
2298933,2017-11-12 17:35:49,667303,"@AppleSupport got it back now, thanks",AppleSupport
2304321,2017-11-12 17:42:26,666594,@AppleSupport I was having this autocorrect bug in Dutch (de turning into D.E). It was corrected after installing the update 11.1.1 until I opened WhatsApp. Now it’s back and driving me crazy! I cannot use my iPhone &amp; iPad any longer 😭,AppleSupport
2301379,2017-11-12 17:43:19,667909,"Ordered a pair of overalls from @115821, opened it and found this.

I guess someone forgot to take this off? https://t.co/us3MRmIZhh",AmazonHelp
2301659,2017-11-12 17:50:20,667974,Does @115821 offer a service yet where they come and wash all the sippy cups? Cause I’d be into that...,AmazonHelp
2303417,2017-11-12 17:54:59,668379,@116333 @9108 Iphone x still records mono audio instead of stereo when using video camera. Really in 2017???,AppleSupport
2301552,2017-11-12 17:56:14,667948,@AmazonHelp Raised it and Received a called from your crab customer service..was assured of getting the product by today..send your company delivery guys and CEO to some small vendors and make them learn how to deliver the products and have to give service.. Pathetic Service..,AmazonHelp
2301418,2017-11-12 17:58:17,311634,@AmericanAir I hope on board is perfect. Precious cargo. The service from Ronald Reagan to Onboard by ur staff is the WORST. A disgrace for $ amt paid! 👎,AmericanAir
2296320,2017-11-12 18:03:18,666709,@AppleSupport Updates this past Friday am. Prior to when those videos were taken.  These issues didn’t start until 11.0 update https://t.co/OXDhcnvkOg,AppleSupport
2312995,2017-11-12 18:07:49,670759,@115888 when will we have  #REPUTION,SpotifyCares
2301055,2017-11-12 18:08:11,667837,@AmazonHelp Yes we have. And it clearly wasnt used.,AmazonHelp
2304330,2017-11-12 18:10:09,396242,"@AppleSupport Every few days this happens and can only be fixed by restarting the Apple TV. See link for greater detail. very dissapointed so many of your products and operating systems in general exhibit so many bugs and shows your QA is inadequate. See link, https://t.co/r2FLSxA0Pm",AppleSupport
2302181,2017-11-12 18:11:19,668100,"Well, @126972 demonetized my most recent video, and my internet through @116136 isn't working, so I can't appeal it because I can only do that on a desktop computer. https://t.co/kbf3tDBaGM",comcastcares
2304323,2017-11-12 18:16:09,668603,Ok @115858  y’all my fav company but y’all taking money from my card with out my knowledge just to update my apps so what’s really going on,AppleSupport
2304549,2017-11-12 18:21:19,668654,@AppleSupport Thanks for verifying you don’t care about your customers. Hello @125607 will be a new customer today.,AppleSupport
2302208,2017-11-12 18:22:26,668107,"@AmazonHelp got defective product. Mobile battery swelled up within 1 month of use. Get me refund or replacement. ASAP.
Order no. 405-7804842-5265959.",AmazonHelp
2302288,2017-11-12 18:22:36,291969,"@AmericanAir Hi, trying to check into my flight today but my reservation isn’t showing my KTN or my AAdvantage # tied to it. Is it possible to update?",AmericanAir
2304938,2017-11-12 18:28:36,668749,@AppleSupport why when there’s 5gb storage available and a kids game is 1.2gb. Does it keep telling me there’s not enough storage to download?!,AppleSupport
2298704,2017-11-12 18:31:20,667254,@AmazonHelp Yes https://t.co/mVcxvk0foh,AmazonHelp
2302533,2017-11-12 18:34:36,668162,Giants and 49ers please fix it @116136 I'm in northern Cali,comcastcares
2302578,2017-11-12 18:37:09,668173,@115850 this is the status of the product which I have order can any one answer this. Order no. #402-7840041-7910751 https://t.co/FhcgC8tnAd,AmazonHelp
2299361,2017-11-12 18:39:14,667405,@AppleSupport Thank you!!! :),AppleSupport
2304946,2017-11-12 18:46:20,668752,"Hi @AppleSupport. My iPhone 7 was being buggy this morning so I turned it off and back on. Despite seeing the apple and trying to reset it for the past few hours, it won't turn on. Any suggestions before I go to the apple store?",AppleSupport
2302202,2017-11-12 18:48:45,668106,"@AmazonHelp It just says 'out for delivery' also had an email Saturday morning (when it was supposed to be delivered) saying it was out for delivery never turned up, and still nothing but had paid for next day delivery.",AmazonHelp
2303044,2017-11-12 18:53:14,668282,@115821 you guys really think you dont make enough money that your gonna charge for hidden subscriptions? V shady of you,AmazonHelp
2301969,2017-11-12 18:54:57,668059,"@AppleSupport i just updated my phone and it’s fixed, thank you for the reply.",AppleSupport
2302303,2017-11-12 19:01:25,668120,@SpotifyCares https://t.co/2Dv4AHE3yJ,SpotifyCares
2303322,2017-11-12 19:02:30,668359,@AmazonHelp What's this delay ? When you assured about delivery by today ??tracking id211179779318,AmazonHelp
2303668,2017-11-12 19:02:46,667345,"Thanks A lot @AmericanAir | I love all the features you give customers. Tvs, USB ports, movie selections, large overhead bins &amp; free WiFi if your phone service is with @115911 https://t.co/KmkCCbGyef",AmericanAir
607832,2017-11-12 19:06:00,264472,"@VirginTrains 1st date was 11/10/17 Birmingham - Stafford 21.15 Stafford -Preston 22.00
2nd date was 10/11/17 Euston - Preston 21.10",VirginTrains
2297027,2017-11-12 19:07:49,666855,@AppleSupport iPhone 7 Plus! 11.1.1,AppleSupport
2303339,2017-11-12 19:08:25,668362,"@AmazonHelp while prime is now available in Belgium, how do we watch the video on TV with Dolby Digital? Airplay not Chromecast are a solution, and my TV &amp; BD player (both Sony) do not offer an Amazon app in their AppStore (for this region). Other options?",AmazonHelp
2295386,2017-11-12 19:13:28,666511,@666510 @AppleSupport CVE-2017-7072?,AppleSupport
2303335,2017-11-12 19:19:45,405606,"So @115821 lost my package and instead of offering to reorder it for me or issuing a credit, @AmazonHelp suggest I just reorder it myself.",AmazonHelp
2305123,2017-11-12 19:22:36,668806,@AppleSupport I did not have problems with the battery when I was updating the iphone on ios10.3.3 only when i upgraded to ios11 i started the problems please fix it as soon as i wish again to restart the facetaime program i'm from saudi arabia,AppleSupport
1588472,2017-11-12 19:26:26,488512,"@115900 What’s the point, you will send a technician to fix the problem and it will break an hour later",comcastcares
2305103,2017-11-12 19:29:17,478717,"After the new update, my phone is dying so fast and have to charge it twice per day. Any suggestions. My phone was fine before the update. @115858 @AppleSupport",AppleSupport
2303633,2017-11-12 19:35:07,668436,@123813 OMG tienen todas las temporadas de Two and a half men con Charlie Sheen!!!!!!!!!!!!!!!!!!!!!!,AmazonHelp
2295854,2017-11-12 19:37:14,191150,@AppleSupport how do I get help with Apple TV - settings changed from UK to Spanish,AppleSupport
2303674,2017-11-12 19:43:07,668445,@AmericanAir Will do.,AmericanAir
2303902,2017-11-12 19:43:32,510551,"Muss ich nun wirklich auf meinen @116316-Wunschlisten jeden Artikel, den ich jemals gekauft habe, manuell löschen? Das ist hoffentlich ein Scherz!!!! Nach absteig. oder aufsteig. Preis sortieren, geht dafür nach wie vor nicht 😡😡😡",AmazonHelp
2295702,2017-11-12 19:44:26,666590,Dammit @115858 why can’t I just buy an unlocked iPhone X without having to check my phone contract?  That won’t work when you are on a prepaid phone service.,AppleSupport
2296290,2017-11-12 19:48:33,666703,@115858 how can my phone be plugged in and charging and still loose it’s battery at the same time. Another reason I’m about done with iPhones,AppleSupport
2304240,2017-11-12 19:56:28,668580,I thought @117795 meant no delivery charges?? Why do I keep getting charged for my deliveries?,AmazonHelp
2296331,2017-11-12 19:57:46,666711,"@AppleSupport, There a possibility to let us go back to 10.3.3. to fix the battery issues? It's draining the battery even though it's in standy by",AppleSupport
2296296,2017-11-12 20:04:18,320377,@AppleSupport I have 2 downloaded ages ago. I have changed it to other general  tones and it works normally. The  downloaded one I use plays the tune when selected but when anyone called the default sound rings. I have turned the phone on and off again,AppleSupport
2303025,2017-11-12 20:05:27,668276,@AmazonHelp @115830 it’s really frustrating to get no reply. Sure you’d love to help me?! #badservice,AmazonHelp
2296149,2017-11-12 20:07:19,666666,In south philly without a GPS cause of some SSL problem on my phone. No clue where I’m at Thanks @115858,AppleSupport
2304263,2017-11-12 20:10:13,668588,@SpotifyCares Yeah yeah... @SpotifyCares,SpotifyCares
2296524,2017-11-12 20:14:34,666745,@115821 package didn’t come in time. No notification! Had to find out when the item just didn’t show up and had to check the app. So much for #prime actually meaning something. 2nd time prime hasn’t paid off. Should just cancel the whole thing! 🤷🏾‍♀️,AmazonHelp
2296181,2017-11-12 20:16:40,666676,"Hey @AppleSupport updated to iOS11.1.1 and now my iPhone 5S has become unstable. Screen freezes, random app selections, poor touch sensitivity on top left screen. Needs a reboot to fix only to happen again. What to do?",AppleSupport
2304836,2017-11-12 20:21:09,668721,@AmericanAir WTF no one to great an incoming #flight #everyoneonthereown https://t.co/bcXaCnQ2R3,AmericanAir
2311627,2017-11-12 20:22:27,670391,@AppleSupport need your help!! Downloaded the newest update to computer now my external drive is not being recognized.  Help!!,AppleSupport
2296522,2017-11-12 20:22:45,666745,@AmazonHelp Yes I have a current order that’s already late. It was a bday gift! Y’all guaranteed if I ordered it by a certain time it would arrive by 9pm yesterday. It didn’t. I had no gift for the party. #embarrassing,AmazonHelp
2311599,2017-11-12 20:28:52,248333,Ainda tenho drenagem negativa dab#Bateria do #Iphone7Plus que está no #IOS 11.1.1 @115858 corrija por favor @AppleSupport,AppleSupport
2304743,2017-11-12 20:32:20,668702,Ok @115900 what the heck? My service keeps cutting out and your app says there’s no interruption.,comcastcares
2300411,2017-11-12 20:38:02,667674,@AppleSupport I am using an iPhone SE. It also won’t let me sync my Fitbit to my phone. A message comes up saying my Bluetooth is not turned on even though it is.,AppleSupport
2304781,2017-11-12 20:42:07,476546,@AmazonHelp I would like to speak to someone who has a good understanding of English and not just lie when they don’t understand the question. Can I please have a callback from an English call centre?,AmazonHelp
2311877,2017-11-12 20:45:26,670461,@AppleSupport what up with the question marks and the random boxes?,AppleSupport
2304610,2017-11-12 20:51:43,172499,@AppleSupport Thank you,AppleSupport
2303887,2017-11-12 20:54:09,668493,"@AmazonHelp There is nothing wrong with my card. I have made 6 online purchases on other sites, including plane tickets, since this issue has been going on with Amazon. It is NOT an issue on my end.",AmazonHelp
2312085,2017-11-12 20:59:53,670517,@AppleSupport why does my phone keep changing it to I.t 🙄🙄🙄🙄,AppleSupport
2311534,2017-11-12 21:03:02,670368,When @AmericanAir wants to celebrate a new journey with you! #PayItForward #PremiumCoupon #Prosecco https://t.co/WH5fR4buMm,AmericanAir
2300045,2017-11-12 21:04:45,667570,@AmazonHelp As suspected - my order didn't come. Still not dispatched. Second time in 2 weeks Prime delivery has let me down. Not impressed.,AmazonHelp
2304895,2017-11-12 21:09:36,668738,"@AppleSupport No, nothing mic related",AppleSupport
2296068,2017-11-12 21:17:33,666651,@AmazonHelp Tried that. Del said up to 10pm but @122232 claim couldn't find address so are not going to bother. Waited in all day for this heater now.,AmazonHelp
2312385,2017-11-12 21:23:29,348854,"So many reasons why i cant stand ITunes, spent the past 2 days trying to sort everything out on my new phone, itunes enjoys putting videos/pictures on my phone that i cant delete from my phone @AppleSupport help before i break something out of anger",AppleSupport
2306180,2017-11-12 21:26:14,126587,@SpotifyCares also how can someone get around the unidays not working? UK university.,SpotifyCares
2311791,2017-11-12 21:28:53,670435,"I ordered an RX100V from @115821, excitedly open the package only to find out that it was an RX100 in an RX100V box, and now the rep I am on the phone with is telling there is nothing she can do about it, and there is no supervisor available. I am FUMING right now!",AmazonHelp
2313154,2017-11-12 21:34:15,543431,@115858 how do I️ delete pictures and videos from my iPhone but keep them on iCloud?  Also when are you going to fix the letter I️ issue?,AppleSupport
2311767,2017-11-12 21:38:26,670431,@comcastcares am I being throttled? Had tech out and got same results from box on the street. Still not fixed. Why? https://t.co/dmhBsuj2fQ,comcastcares
2295919,2017-11-12 21:43:46,666621,@AppleSupport My phone is reading the SIM card and @ATT says it’s an apple warranty issue.,AppleSupport
2304785,2017-11-12 21:48:35,476546,@AmazonHelp Sounds good but You’re not doing well tonight. I’ve had lies and no action. Call me if I was you.,AmazonHelp
2313145,2017-11-12 21:51:55,591780,"Also, @AppleSupport I think my MAC has a virus! What do I do!",AppleSupport
2288024,2017-11-12 21:55:02,664742,@AppleSupport I have 11.1.1 as shown in the screenshot but thanks for nothing,AppleSupport
2312342,2017-11-12 21:56:55,279776,AA flagship lounge at Chicago discriminates against Vegetarians. No vegetarian entrees at all #AASucks @AmericanAir,AmericanAir
2290857,2017-11-12 21:57:43,665414,@AmazonHelp Sent AGAIN !,AmazonHelp
2313558,2017-11-12 22:01:32,670886,@115858 my keyboard is messing up every time I try to type the letter “I” ... it comes out as ... Square with a? Inside of it… Anybody else having the same trouble with @115858?,AppleSupport
2312002,2017-11-12 22:06:16,670497,@AmazonHelp Ps4..,AmazonHelp
2313109,2017-11-12 22:09:59,506550,"@AppleSupport So when I switched to my Apple Watch. The left AirPod worked. I grabbed my phone and kept it on me, then only the right side worked. I spend my money on Apple to have products that seamlessly work with each other. Not the case so far.",AppleSupport
2296465,2017-11-12 22:10:59,666736,@comcastcares shoutout to @comcastcares for the response,comcastcares
2306995,2017-11-12 22:17:56,629754,@AppleSupport for some reason the HomeKit app isn’t working for me it’s just stuck on this screen https://t.co/qFBv5v4Kyc,AppleSupport
2312363,2017-11-12 22:21:41,666663,@SpotifyCares @134422 @118134 I’ve been trying to get help for 2 hours...,SpotifyCares
2312411,2017-11-12 22:22:15,670606,@AppleSupport iPhone 7... IOS 11.1.1... as soon as I updated the phone about 3 hours ago. It says I have new emails but doesn’t load them. I need this fixed ASAP!,AppleSupport
2312294,2017-11-12 22:23:10,670577,@AmazonHelp Ok danke. Trotzdem ärgerlich,AmazonHelp
2305202,2017-11-12 22:26:34,668826,@AppleSupport I’ve managed to reinstall the OS and my MacBook is now working. Question - would the crash have been caused by the update? Or perhaps a loss of internet connection? I found my phone lost internet around the same time,AppleSupport
1403557,2017-11-12 22:30:08,446314,@AmericanAir Thanks for not replying back.,AmericanAir
2312482,2017-11-12 22:36:14,670629,@AmazonHelp Friend has her account locked and fulfilled the instructions 2 months ago. When can she expect an answer?,AmazonHelp
2311610,2017-11-12 22:37:41,135204,"@AppleSupport This is my brother, and the phone does not work after Apple logo, it has iPhone 8, my brother speaks Arabic and you did not understand him, but I told you about the problem and I hope to solve it as soon as possible,

Just hear the sound of charging, does not work https://t.co/Z8CcINcGvc",AppleSupport
2311871,2017-11-12 22:44:25,670459,@AppleSupport Thank you @115858! The link worked.,AppleSupport
2306199,2017-11-12 22:52:05,669057,@115858 what the hell is this “A ?” (Pictured) in our text for the letter “I️”? #annoying #mystifying https://t.co/SzTqkl2X4f,AppleSupport
2306093,2017-11-12 22:53:23,669035,無料プライム解約するの忘れてたしぴったり30日過ぎてて絶望,AmazonHelp
1492570,2017-11-12 22:59:53,466609,@SpotifyCares DMed details. Today I have discovered the european player @466610 that looks promising. But I need some code to get everything to work as in zapier and ifttt. I'm looking for answers.,SpotifyCares
2279582,2017-11-12 23:02:19,662743,@AppleSupport Me and Apple I think def me though!,AppleSupport
2313292,2017-11-12 23:02:48,670821,"@116136 so you can upgrade  your services online, but when you want to remove services, you have to call and be put on hold for 20 minutes.... twisted",comcastcares
2312803,2017-11-12 23:03:56,670700,@AmazonHelp No problems it’s not 2 months time I’ll happy,AmazonHelp
2312122,2017-11-12 23:10:54,670529,@AppleSupport Have done already,AppleSupport
2305936,2017-11-12 23:17:52,669007,"@AppleSupport Calendar creator, inside Photos app, imports birthdays from Contacts one day ahead of the actual date. Also, US National holidays not being imported.",AppleSupport
2314275,2017-11-12 23:19:55,671077,"Hey @AmericanAir - would love to know what’s going on with 3199 out of CLE, or not specifically the flight before still sitting at the gate. #communication",AmericanAir
2306086,2017-11-12 23:22:19,218051,"Ugh @116090 - when I order something with same day/one day shipping on Friday Nov 10 @ noon, I don’t expect to be without it 2 days later at 6:19 pm. This is some kind of bullshit.",AmazonHelp
2305921,2017-11-12 23:27:54,669004,Hey @115858 I was timing something on my Apple Watch stopwatch app and after the 4.1 update the battery was at 10% in under 3 hours. You really need to get your 💩 together. #unacceptable,AppleSupport
2306216,2017-11-12 23:38:17,129247,@115858 Hey how come every time I type “i️” i️t makes this capitalized A question mark BS.  like I just bought a brand new phone and this one sucks more than my old one.  Please fix asap,AppleSupport
2314235,2017-11-12 23:41:31,671065,@AmazonHelp thank you so much,AmazonHelp
2306675,2017-11-12 23:49:06,582964,"@AppleSupport I still can't understand why Apple insists of not adding an indicator/icon that can be appeared next to the battery if the iphone is in silent mode, I mean it's one of the basics features! Like seriously",AppleSupport
2305743,2017-11-12 23:49:28,668966,"@AmazonHelp i need some assistance. My amazon account is locked, i provided all necesary documents. But i havent recived and email yet. Normally this wouldnt be a problem but i need to make an urgent purchase.",AmazonHelp
2305718,2017-11-12 23:50:29,668958,"@comcastcares this doesn't explain how or why the blackout rules are still required in anyway, just that they exist. I have the @116907 sports channel in my package and get every program they offer, save for @668959 games; the lone reason I bought that package",comcastcares
2306160,2017-11-12 23:53:56,669049,"@AmericanAir Just booked a flight and picked my seats, my confirmation doesn't include any seats. Can I have some assistance?",AmericanAir
2381975,2017-11-12 23:55:48,686707,@Uber_Support seriously what is up @151271 i called two cars who never came or answered and i get charged for canceling and calling after waiting and no one showed #poorservice #alwayshappens,Uber_Support
2307005,2017-11-12 23:57:51,669259,@115858 why are these updates making my phone so damn slow,AppleSupport
2305755,2017-11-13 00:03:04,424241,"@AmazonHelp hi, I ordered a product on your website &amp; everything works fine but I’m not happy with it, is there anyway I can send it back and get my money back?",AmazonHelp
2305944,2017-11-13 00:07:25,669008,@AppleSupport I told you in my first tweet that I did have the data turned on for both of the apps,AppleSupport
2307922,2017-11-13 00:09:15,669470,@115888 how do I upgrade if you don't mind answering for me?? https://t.co/BQdbXMbBbb,SpotifyCares
2306120,2017-11-13 00:13:01,374252,"Two orders screwed up in a row, you guys are terrible. Is there a manager I can speak to anywhere with you? @AmazonHelp",AmazonHelp
2307281,2017-11-13 00:17:33,437771,"I’ve had iOS 11 for three weeks now, and NOW it’s doing the I️ autocorrect thing?!?! Dear @115858, you suck!!!",AppleSupport
2306089,2017-11-13 00:25:02,669034,@AmazonHelp Account troubles please DM me!,AmazonHelp
2307253,2017-11-13 00:25:14,260159,@AppleSupport My iPhone discharge the battery faster with that update.... 😭😭😭,AppleSupport
2306233,2017-11-13 00:31:11,669068,@AppleSupport iPhone 8 Plus. Hewlett-Packard. But my photos are saved on iCloud how do I get them back on my phone,AppleSupport
2306895,2017-11-13 00:31:40,312663,@135931 @AmericanAir That makes sense. Also... delayed,AmericanAir
2307562,2017-11-13 00:40:32,669255,@AppleSupport @115858 The new iOS update has rendered my #iphone completely unusable.,AppleSupport
2306849,2017-11-13 00:43:17,669215,"OK, now I remember why I canceled @117093 the first time around.

Exhibit A: This tomato from what appears to be Tim Burton Farms. https://t.co/XO07Ldq5t4",AmazonHelp
2306126,2017-11-13 00:50:41,669042,@AmazonHelp Amazonさん、かなり生活でお世話なってます^ ^ 今後とも良きサービス期待しています♪,AmazonHelp
2306893,2017-11-13 00:51:26,135931,@312663 @AmericanAir How many drinks are you going to have,AmericanAir
2307552,2017-11-13 00:51:37,669391,yo this update is really sucking the life out of my battery @115858 fix it bc i’m not about to buy a new phone for this bullshitio,AppleSupport
2306183,2017-11-13 00:55:23,669054,@SpotifyCares 11.0.3 os. Spotify 8.4.26.793,SpotifyCares
2363698,2017-11-13 00:58:23,682457,It’s really inconvenient using this temporary phone because @AppleSupport can’t unlock my phone for 3-5 days,AppleSupport
2307390,2017-11-13 01:03:07,669288,@115821 Returning this figure in the hopes that the replacement one is in better condition.,AmazonHelp
2296183,2017-11-13 01:08:18,666676,"@AppleSupport I have done a Force restart numerous times - phone switches on, same issues reappear... Pls DM me a contact email address. I have video of some issues.",AppleSupport
2307160,2017-11-13 01:15:00,669294,@AmericanAir And you give preference to AA staff over paying customers?,AmericanAir
2307361,2017-11-13 01:16:15,505997,@comcastcares again .... https://t.co/f8Q8Lkp6W7,comcastcares
2308199,2017-11-13 01:18:20,503671,@AppleSupport is there a tracking device in the AirPods? I only had mine for a week and I believe they were stolen. I’ll go back to 😢 now,AppleSupport
2307840,2017-11-13 01:23:34,669453,@115821 kinda super sad that @115817 broke my #reputation cd case that I ran to the door to get on Friday... don't do @118062 like that.,AmazonHelp
2308181,2017-11-13 01:30:20,669543,"Dear @115858 your last update totally screwed up my phone. The icons fade out, the auto correct doesn’t work, my screen freezes up, and from time to time the phone completely shuts off. PLEASE FIX THESE ISSUES!",AppleSupport
2307931,2017-11-13 01:35:29,669473,"@SpotifyCares my fingers are crossed, dude! Thanks",SpotifyCares
2132872,2017-11-13 01:36:55,530544,@AmazonHelp really fun new update... says it was delivered Friday? Nope. It’s truly a mystery.,AmazonHelp
2307972,2017-11-13 01:40:10,669482,"@AppleSupport No updates for the apps, and when I went to talk to Apple Support it said “We do not have enough information to complete this request. If you would like to start a new support session, please close this window and return to the Apple support page.” It’s said that 5 times already.",AppleSupport
2308104,2017-11-13 01:48:12,669519,"@AmazonHelp そうだったのですか！

あ、購入プラットフォームがApple純正のものは手数料が高いからでしたっけね

ご丁寧にありがとうございます😊",AmazonHelp
2307983,2017-11-13 01:49:36,669485,@AppleSupport É triste 😔 https://t.co/qnev38KVRr,AppleSupport
2308255,2017-11-13 01:55:07,669564,19:54 and my Amazon package is supposed to be delivered at 20:00...,AmazonHelp
2309037,2017-11-13 02:01:18,669736,when i use BOLD font on my phone on a certain text size will work😤 @115858 @AppleSupport,AppleSupport
2308138,2017-11-13 02:01:55,669528,@AmericanAir Thank you!,AmericanAir
2309068,2017-11-13 02:10:10,669745,@115858 iOS 11.1 update did not fix the “A ?” issue for my iPhone 6s. It literally made it worse. I never had an issue with typing it myself it’s only others who comment on Facebook that it shows up. All my apps are fully updated and nothing changes.,AppleSupport
2308263,2017-11-13 02:11:24,669567,@AmazonHelp I received the incorrect item or the seller is using false advertising. I ordered white headphones and got black ones that look nothing like what I ordered,AmazonHelp
2310044,2017-11-13 02:13:16,669973,@116136 @115900 is there an outage or something?,comcastcares
2309065,2017-11-13 02:15:21,669744,Has anyone else noticed since updating your #iOS that your alarm is sooo quiet?? I’m afraid I’m going to sleep through it even though my volume is all the way up! @115858 #applechat #iphone,AppleSupport
2308779,2017-11-13 02:22:42,669682,会社辞めて自宅で作業するようになってから、めっちゃナッツにハマってる(*´ω`*)小腹を満たせて栄養もあるからおやつにおすすめ！塩、油を使ってなくて小包装のナッツをAmazonで箱買いしてます。 https://t.co/tEVmOF8Skg,AmazonHelp
2308709,2017-11-13 02:22:53,669660,@AppleSupport I already updated to that iOS and I’m still having these glitches,AppleSupport
2309430,2017-11-13 02:31:29,669829,@115858 just lost my entire music playlist after update :),AppleSupport
2260507,2017-11-13 02:34:32,658214,@AmazonHelp I've already communicated on the Flex mobile app and the resolution is still going on my records. The warehouse employee are very rude and expect the woman to deliver package too heavy and not request a cart of package be delivered within a 20 mile radius.,AmazonHelp
2309206,2017-11-13 02:38:11,669774,@americanair today I flew with my 1yr old daughter IAH-MIA flight 4450. Flight attendant Robert Schulman treated my family outstanding! Thks,AmericanAir
2309400,2017-11-13 02:45:59,669818,@543183 @669820 @160285 @90677 @115858 @14367 Ouch your kicking me while I’m down ...😂,AppleSupport
2275473,2017-11-13 02:46:58,661833,@SpotifyCares thank you for your clarification,SpotifyCares
2309105,2017-11-13 02:48:35,669753,@AmazonHelp #ShameAmazon claims as 3rd most customer centric Company but truth is it is simply bunch of thieves in ATS as in last 10 days the agent who stole the phone has not been caught. Sorry state of affairs,AmazonHelp
2308171,2017-11-13 02:56:03,669539,@AppleSupport Working after restart,AppleSupport
2324599,2017-11-13 03:02:46,239413,@Delta HGQ7OJ,Delta
2309331,2017-11-13 03:03:09,669798,@115850 very poor delivery service.,AmazonHelp
2309187,2017-11-13 03:06:17,669768,@AmericanAir very disappointed in my recent trip from jfk to lax . Your flight attendant was beyond rude,AmericanAir
2309250,2017-11-13 03:11:30,669787,@AppleSupport nah nigga you good.. it’s probably just shitty ass twitter as usual,AppleSupport
2309340,2017-11-13 03:15:38,669802,@AmazonHelp ありがとうございます。,AmazonHelp
2310386,2017-11-13 03:23:52,670067,@AppleSupport this new iOS absolutely killing battery life is ridiculous. Will this be fixed or will I be switching to android next?,AppleSupport
2309545,2017-11-13 03:24:26,669859,I just wanna get a boxer puppy 😩😩 why does @AmericanAir not allow you to fly with them?!,AmericanAir
2309512,2017-11-13 03:25:47,669855,E a @117086 que vem me cobrando por dois meses um serviço que foi cancelado? Em dólar. Pqp.,AmazonHelp
2310654,2017-11-13 03:33:11,670146,@AppleSupport I was able to power my device but I can’t type my password to unlock 😅now i only can see this,AppleSupport
2310467,2017-11-13 03:33:38,170643,My internet with @115900 is fucken horrific and now my cable isn’t working either,comcastcares
2293842,2017-11-13 03:39:40,231269,"@SpotifyCares Yes, I did",SpotifyCares
2309518,2017-11-13 03:42:30,669856,"@AmazonHelp called customer service 4 hours ago because driver attempted to deliver package to a business,  not my address.",AmazonHelp
2310600,2017-11-13 03:45:33,670126,@115858 my iphone has been mad glitchy lately 🙄,AppleSupport
2310103,2017-11-13 03:52:43,200309,"@AmericanAir follow up from last tweet. What a treat by American on veterans day weekend to treat a disabled vet like trash at Miami INTL, Juan and Alfosno need serious training on customer service. Make this right @AmericanAir",AmericanAir
2310499,2017-11-13 03:55:11,670100,"Since 7th Sept 2017 I have not received refund from RBL Bk  Rs.6998/- Which is denied online debit card Amazon payment. But Amazon refunded  same to RBL Bk but till date RBL bk not refund to my account. Several times I have sent emails, spoken with custcare  officers",AmazonHelp
2296266,2017-11-13 03:59:59,666693,@AppleSupport IOS 11.0.2,AppleSupport
2320125,2017-11-13 04:07:33,672426,Hey @115858 I️ just wanted to let you know that I️ really w I️ sh you’d f I️ x th I️ s bug please. I️ t’s ru I️ n I️ ng all of my Tweets.,AppleSupport
2310054,2017-11-13 04:08:18,214881,@AmazonHelp Bad. Why didn't you think of having this feature added?,AmazonHelp
2104364,2017-11-13 04:20:43,532172,@AmazonHelp They just took my message answering machine and then sent the last email saying my account was closed and could not be reopened instead of looking into it they made a mistake and will not take thecblame,AmazonHelp
2320420,2017-11-13 04:21:07,227781,This sucks I hate that my photos have a circle with an exclamation mark @AppleSupport,AppleSupport
2310826,2017-11-13 04:30:42,670190,モヤさまのAmazonプライム配信が始まったおかげで行き帰りの電車が苦じゃなくなった。テレ東、Amazon、ありがとう！,AmazonHelp
2320659,2017-11-13 04:32:53,454908,"@AppleSupport has @115858 started offering International Warranty on #iPhones? If yes, then is it applicable in India too? If yes, then can you please share official page stating the same along with T&amp;Cs?

#iPhoneX #iPhone8 #iPhone8Plus #AppleNews #Apple",AppleSupport
354739,2017-11-13 04:34:26,200309,"@200308 @AmericanAir Hey if it makes you feel any better my flight arrived two hours late, they wouldn't comp me a hotel and last but not least in order to get home to my three children and my job I got downgraded from first class to economy, no comp, no fix.",AmericanAir
2310690,2017-11-13 04:42:46,670158,@AmazonHelp Yes hv already reported.Please help m by sending it on Friday evening ir Sat bt no weekdays .,AmazonHelp
2305122,2017-11-13 04:51:50,668806,@AppleSupport Iphone ios 11.1.1 since update and battery problem,AppleSupport
2291512,2017-11-13 04:55:11,665529,@AmazonHelp Sent you all the information as a Message. Hope you can resolve this at the earliest. Thanks!,AmazonHelp
2324267,2017-11-13 04:59:41,673341,I wish there was better reception out here @115911,TMobileHelp
2311298,2017-11-13 05:05:27,670315,"@SpotifyCares i have spotify premium on my account and i want to cancel my premium but i forgot my password and do not have access to my email to change my password so, is there a way i can still cancel ?",SpotifyCares
2311194,2017-11-13 05:06:17,648460,"@115850 @115821 Since saturday, 3 customer service associates have assured me that COD will be re-enabled for me. But still do not see it enabled.",AmazonHelp
2311175,2017-11-13 05:19:45,670289,@AmazonHelp 楽しみにしてたので嬉しいです( ･ㅂ･)و ̑̑,AmazonHelp
2311158,2017-11-13 05:26:15,152471,@comcastcares My night ends soon; I guess we'll just wait and see if it works in the AM. But everything’s been reset/rebooted mult. times on my end.,comcastcares
2325478,2017-11-13 05:28:32,673610,"@SouthwestAir are there restrictions on bringing ibuprofen on international flights? Size, opened vs unopened etc?",SouthwestAir
2138891,2017-11-13 05:29:13,671656,@AppleSupport What’s wrong https://t.co/nMpj8KoJT4,AppleSupport
2310495,2017-11-13 05:34:24,670099,"@AmazonHelp Thank you, I have talked with a representative and worked out a solution. :)",AmazonHelp
2321956,2017-11-13 05:45:38,672847,"@115858 explain to me a 7+ that’s barely a year old, is hardly working now? why soon as i ordered the X, this joint start acting up?",AppleSupport
2316582,2017-11-13 05:47:46,671674,Probably way madder than I personally have a right to be that @117168 has the Newsies soundtrack linked to the wrong Jeremy Jordan @652025.,SpotifyCares
1239704,2017-11-13 05:50:29,410769,Amazonプライム無料体験でセイレン見ます https://t.co/usrQrolHoS,AmazonHelp
1239743,2017-11-13 05:54:53,410772,"@AmericanAir most disappointed in your handling of my complaint. Apparently there is NO number to call for issues. Email only! Guess that keeps it clean with canned responses.
Have invested much effort to fly AA exclusively, only to find out that I have no value except dollars!",AmericanAir
2291369,2017-11-13 06:00:52,665502,@AmazonHelp @118702 @4030  @122951  see how  @115851  Amazon works in to fool and hurt customer.,AmazonHelp
2321400,2017-11-13 06:02:32,672707,Why is my Final Cut Pro X keeps crashing after I updated to high Sierra?  @AppleSupport,AppleSupport
2316760,2017-11-13 06:07:06,671724,AMAZING HAPPENING at @115821 @115850 NO TRACKING DETAILS AVAILABLE....... https://t.co/aF93EFsODT,AmazonHelp
2297878,2017-11-13 06:17:13,667052,@AmazonHelp Will give u details by today evening.,AmazonHelp
2321355,2017-11-13 06:25:36,672693,"@AppleSupport hello I️ need help, my AirPods r dead and idk what to do",AppleSupport
2316948,2017-11-13 06:30:32,307769,"@115850 @AmazonHelp 
As per Great India Sale on 9th August to 12th August 2017, i should get 15% cashback of ₹750.60 for order value ₹5004 .I made payment using SBI Credit card through Amazon mobile app.But i had received only 10% cashback of ₹500.40 on 11th Nov 2017.",AmazonHelp
2316768,2017-11-13 06:36:17,671487,@SpotifyCares I need help unsinking  a PlayStation account that I have no access to,SpotifyCares
2316915,2017-11-13 06:45:13,671762,"Dear @115850 every book I want to buy on Kindle it shows currently unavailable 
What’s the matter 
Attached screenshot for reference https://t.co/eQwKMWxfpt",AmazonHelp
2321976,2017-11-13 06:48:37,667387,"@AppleSupport L’alarme de mon IPhone 6s, que j’utilise en réveille-matin, ne sonne que quand je déverrouille le téléphone !!! 😳 Ce bug date de la dernière mise à jour. Comment régler ce problème ? #Help #help #help @115858 @115858",AppleSupport
2317008,2017-11-13 07:03:37,671785,"@AmazonHelp Seems #Firestick randomly turns on TV throughout night. Any ideas why? And, no, no ghosts in house.",AmazonHelp
130845,2017-11-13 07:09:50,145540,"@AmazonHelp Ystrdy ur exectv prmsd dat it wl gt dlvrd on 14 now I gt dat msg, what d hell is this https://t.co/j9h40JFQr2",AmazonHelp
2321835,2017-11-13 07:12:49,672817,@applesupport  I loaded 11.1.1 this weekend on my Iphone 6s.  *Some* battery improvement but it still hesitates and freezes while typing and scrolling.  Once a beautiful machine is now rendered a POS.,AppleSupport
2316923,2017-11-13 07:19:48,671765,@AmazonHelp ありがとうございます！,AmazonHelp
1240409,2017-11-13 07:28:43,410945,"@AmazonHelp いえ！不便なことはないですよ！むしろレミゼも見てみたいなぁと思ってたDVDなので…！
でも、便利な機能教えていただきありがとうございます😊参考にさせていただきます♪",AmazonHelp
2322478,2017-11-13 07:33:05,672971,@AppleSupport I am having issues lately with my iPhone 6S. I keep dropping data even though my reception if full. Need to put my phone in airplane mode and off again to regain connection. Works fine if I use my other phone with same sim.,AppleSupport
1240369,2017-11-13 07:39:58,410943,Amazon prime failed me in not delievering my package by the guaranteed delivery date 😢😢,AmazonHelp
2305914,2017-11-13 07:54:15,669002,"@AppleSupport iPhone 8, iOS 11.1.1",AppleSupport
2317507,2017-11-13 07:55:54,269482,@SpotifyCares :( why isn’t spotify able to confirm that i’m a student even though my school is losted and stuff!? :( help pleasseeee,SpotifyCares
2317289,2017-11-13 07:56:28,395483,"@AmazonHelp @115850 @1469 you people have proved that we are fools, to have faith in your products and services is simply foolish, being a prime member to Amazon is foolish.
No answers, no service - grt going, thanks for showing us tht we should not expect service from you https://t.co/QpfxR2dHaw",AmazonHelp
1406128,2017-11-13 08:08:53,446842,"@120534 je reste encore à la maison toute la journée ??! 🤨
J'avais oublié pourquoi je n'aimais pas votre service de livraison.
@120533 comment pouvez-vous bosser avec des transporteurs aussi peu fiables ? https://t.co/Ab7xReNSFR",AmazonHelp
1406064,2017-11-13 08:17:45,446829,So the @115850 delivery rep has yet again marked a product as delivered without actually delivering it. There's a pattern emerging,AmazonHelp
2301732,2017-11-13 08:32:29,567358,"@AppleSupport Updated on Saturday. Affects all apps, including an app called “Settings”. It just crashes. Panic logs. Camera is unusable - basically a blur that only takes a real photo if you take one using Panorama. Performed a full reset and it’s the same with no third party apps present...",AppleSupport
2317446,2017-11-13 08:32:43,671892,"@AmazonHelp über WE Sellecentral-Account gesperrt. Warum? Hilfe und Kontakt-Form landen immer wieder im Login. Keine E-Mail - NIX! Wir erwarten umgehend Kontaktaufnahme durch AMAZON oder eine Durchwahlnummer! Artikel sind noch aktiv, also rechtlich problematisch wenn kein Zugriff",AmazonHelp
1406057,2017-11-13 08:34:42,446826,@comcastcares what happened to your supervisor calling me back? No one seems to be able to give me a response from your communications company. You kept me from working for a week &amp; made promises that you didn't keep. @1648,comcastcares
2177684,2017-11-13 08:45:32,638291,@Uber_Support Can I get a response to toll charges? I have attached complaint copy in last tweet as well as through out email. @Uber_Support,Uber_Support
2279412,2017-11-13 08:50:17,137605,"@AmazonHelp @135806 @662707 , Buenos días ! si necesitas ayuda dinos por Dm los datos de tu pedido para poder revisar.",AmazonHelp
1239376,2017-11-13 09:01:32,410707,@115850 I had ordered a Blackberry mobile screengaurd and want to cancel my order.  But i am unable to cancel it.  Pl find the screenshot of order details and cancel it. https://t.co/7NCsuKpZs5,AmazonHelp
1239309,2017-11-13 09:08:09,410698,"@AmazonHelp Uk. After 16+ calls to customer care, and multiple investigation escalations, still no answers.",AmazonHelp
2805163,2017-11-13 09:18:30,782409,"@115858 @AppleSupport My mobile phone is 04030 66585
After upgrade to iOS 11.1, Touch Id stop working.
Restart mobile phone, phone is locked directly.",AppleSupport
2301353,2017-11-13 09:20:09,122232,"@368846 @AmazonHelp Hi Ellie, I have sent you a DM [Sarah]",AmazonHelp
2318638,2017-11-13 09:20:10,672116,@SpotifyCares When I go onto an album on the desktop it shows the 2016 if it's a 2017 album and doesn't show a real date. E.g Lil Uzi has a song from 2 Nov 2017 and it says 2016 on the desktop. How do I fix it.,SpotifyCares
2317382,2017-11-13 09:26:24,671874,@AmazonHelp I signed up with primevideo. https://t.co/62CJOobjTZ,AmazonHelp
2317794,2017-11-13 09:33:59,671965,"@120540 buongiorno, io ho una postepay collegata a paypal. Non è possibile pagare così su Amazon?",AmazonHelp
2318036,2017-11-13 09:40:18,672007,"@115850, now amazon started stealing the money from India. I placed the order for 2 product but received one. Check video below and be aware before placing the order. its been twice with me. @672008 #amazon #Flipkart https://t.co/GEBwmTzy8u",AmazonHelp
2317952,2017-11-13 09:46:07,671988,@AmazonHelp A parcel that states it was left in my letterbox hasn't been delivered - any help? No obvious assistance on website.,AmazonHelp
2317871,2017-11-13 09:52:37,671980,@AmazonHelp could you please help me regarding an account that’s been locked,AmazonHelp
2341929,2017-11-13 09:52:42,677416,@AppleSupport @115858 please share your email for customer support usa .,AppleSupport
2318321,2017-11-13 10:02:34,672056,@115850 The worst service.The worst customer care.,AmazonHelp
2317839,2017-11-13 10:08:49,671975,"@AmazonHelp まさかの公式さん！！(´；ω；`)
いつもお世話になっております😭🙏💕💕",AmazonHelp
2318012,2017-11-13 10:16:44,672002,"@AmazonHelp Desconocía esta opción, muchas gracias.",AmazonHelp
2341877,2017-11-13 10:19:01,677400,@AppleSupport i have ipad pro since updates on airplane mode keeps turn on wifi and bltooth on its own and music app freezes randomly?,AppleSupport
2318363,2017-11-13 10:27:05,672064,And we're going without a working lavatory. That's some great maintenance there @AmericanAir.,AmericanAir
2318406,2017-11-13 10:28:20,134315,What ?? @115850  delivery boy want only Cash ?? No card else go away ?? What the Hell ?? https://t.co/36kJakl4lA,AmazonHelp
2341817,2017-11-13 10:37:31,677385,@AppleSupport i cannot move this on macOS high sierra 10.13.1 https://t.co/DM2GPHxuIp,AppleSupport
2318301,2017-11-13 10:38:24,672052,@AmazonHelp Venerdì 10 novembre,AmazonHelp
2317631,2017-11-13 10:45:45,671929,@SpotifyCares Yeah I have done,SpotifyCares
2318418,2017-11-13 10:45:54,672076,Amazonでコンビニ決済で注文したのに支払い番号来ないんだが…,AmazonHelp
2318397,2017-11-13 10:53:33,672074,"@115830 @115821 @AmazonHelp what’s with the £89 express delivery charge, is Santa delivering my snowflakes personally https://t.co/bodjs3kPvY",AmazonHelp
2324241,2017-11-13 10:55:16,673336,Fuck @115911 🖕🏼🖕🏼🖕🏼,TMobileHelp
2341843,2017-11-13 10:59:51,677390,@AppleSupport touch id is not working on my 6s. I’m on ios 11.1.1,AppleSupport
158849,2017-11-13 11:01:05,308334,"@115850 I didn't got my refund for the product that I ordered 2 months ago Amazon cheated me 
And if I don't get my money 
I will suit amazon
My  Order # 402-7859196-8853961
Amazon blacklisted my mobile number
@115851 @115850",AmazonHelp
2318690,2017-11-13 11:09:21,672127,@116618 your movie menus seem messed up on the Firestick? The main headers don't display the choices. @AmazonHelp,AmazonHelp
2275881,2017-11-13 11:15:08,661946,@AmazonHelp Danke. So macht die Suche nämlich genau 0 Spass. Bislang hat das echt super funktioniert und man war immer uptodate. Jetzt wurden mal die Uhren um 20 Jahre zurück gedreht. ;) LG,AmazonHelp
2851165,2017-11-13 11:20:39,792763,Amazonで買った覚えないんやけど、メール何通が届いてて開いたらこれ。詐欺？怖すぎ https://t.co/lBi05BsQAG,AmazonHelp
2318833,2017-11-13 11:30:28,672165,@115830 amazon logistics is an absolute joke. sort your lives out.,AmazonHelp
2341740,2017-11-13 11:38:27,288382,@115858  notification is going haywire on iphone se after 11.1.1 update . Not all the time though https://t.co/W4Eb43RfT5,AppleSupport
627651,2017-11-13 11:39:39,268653,@AmazonHelp Thanks but the email bounced back. It wont take incoling messages,AmazonHelp
2314709,2017-11-13 11:43:37,649315,"@VirginTrains Yes, but that's not the point. It has happened every time I travel from London to Glasgow. It never happens from Glasgow to London",VirginTrains
2319057,2017-11-13 11:45:59,335386,Do you remember when you joined Twitter? I do! 4 years of complaining about @AmericanAir #MyTwitterAnniversary https://t.co/4H7KvnaMcU,AmericanAir
2851164,2017-11-13 11:48:52,792763,@AmazonHelp ありがとうございます😢,AmazonHelp
2319019,2017-11-13 11:56:08,672200,@AmazonHelp Hello?,AmazonHelp
2319074,2017-11-13 11:57:41,672210,@SpotifyCares Done :),SpotifyCares
2319117,2017-11-13 12:01:34,672218,Amazonさんで届いた品物が無理くり郵便受けに押し込まれててバッキバキになってたんだけどどうしたらいいのこれ https://t.co/GcvChuGRhT,AmazonHelp
2325369,2017-11-13 12:05:07,673580,"@southwestair was just informed by a not nice person that the companion pass boarding is not honored in Phoenix,  than she makes am announcement to everybody creating embarrassment,  thanks for that",SouthwestAir
2341731,2017-11-13 12:05:50,677362,@AppleSupport @115858 what the fuck https://t.co/Jgcp81Faux,AppleSupport
2201658,2017-11-13 12:06:05,643880,"@Delta Morning @Delta - are you able to offer comp for the delays last Thursday? Maybe 10,000 miles? Or maybe you could confirm my upgrade to Barcelona this Friday? 😉",Delta
2318984,2017-11-13 12:11:28,672194,@AmazonHelp I studied my account and I do not have any active subscriptions. And the last thing bought in my order history was $6.. https://t.co/q9h0bOICWQ,AmazonHelp
2346400,2017-11-13 12:18:33,572843,"And @116136 raised my price yet again, which means time to look for a new service provider.",comcastcares
2319784,2017-11-13 12:21:08,151169,Kudos to the seller of amazon..and amazon also...disgusting @115850 @115850 @12339 SELLER # REPRO BOOKS-ON-DEMAND https://t.co/an7IqLINjq,AmazonHelp
2319330,2017-11-13 12:25:48,672265,@AmazonHelp I put off ordering something yesterday because it stated “one day delivery” and I’m at work today but at home tomorrow. I order it today and “one day delivery” turns into “guaranteed delivery on Wednesday”. Once again when I’ll be at work.,AmazonHelp
2319948,2017-11-13 12:31:20,672347,@AmazonHelp amazon.in is down?,AmazonHelp
2852065,2017-11-13 12:33:08,672270,@AmericanAir your actions would suggest otherwise https://t.co/Ghla3EMjXk,AmericanAir
2343786,2017-11-13 12:34:23,361730,@115858 @AppleSupport I guess no response means oh well.. Thanks so much.,AppleSupport
2314580,2017-11-13 12:35:24,121428,@120576 @VirginTrains @671148 There was that much in the conversation that I didn't see you rabbiting on about rabbiting on. I'm going to have to burrow someone elses pun instead... ^DA,VirginTrains
2311459,2017-11-13 12:38:30,265712,@AmazonHelp Nur doof das ich jetzt aus Sicherheits Gründen nix mehr auf Bankverbindung bestellen darf -.- hab mir nix zu Schulden kommen lassen und werde gestraft,AmazonHelp
2324173,2017-11-13 12:40:22,673321,@TMobileHelp what is the meaning of this you guys keep saying sorry but what is sorry doing I am being charged more for restoring fee them my bill https://t.co/0tp8AceMrG,TMobileHelp
2323457,2017-11-13 12:44:02,673194,"@Uber_Support I have payment problem , I called the bank 
They told me contact Uber 
Could u help?",Uber_Support
2319575,2017-11-13 12:47:00,672304,"@132976 Suuuuuuuuu
 Gracias @116618  por traer esto de vuelta.",AmazonHelp
2343850,2017-11-13 12:47:37,677861,My predictive is waging war against my writing I️ every time I️ try to write I️ this shit I️ pops up...@115858 what is happening?,AppleSupport
2312789,2017-11-13 12:54:34,670698,"@AmazonHelp i already did, and it said within 12 hours reply back but 2days passed since.  thats why i messaged you here.",AmazonHelp
2322389,2017-11-13 12:55:23,672945,"Come on @115888, still waiting for an update for the #iPhoneX 🤷‍♂️",SpotifyCares
2319389,2017-11-13 13:02:07,672281,"@AmazonHelp Um dos livros que comprei agora foi “O Menino que desenhava monstros” , vi pelas críticas que é mto bom",AmazonHelp
2320246,2017-11-13 13:07:51,164853,@115850 u need to increase ur variety of contact lenses. @118702 is better. U don't have my favourite brand,AmazonHelp
2309024,2017-11-13 13:09:17,669731,"@AppleSupport The one episode of the podcast is unavailable to me. Other ep's of the podcast play just fine...not this ep, though.",AppleSupport
2324632,2017-11-13 13:20:16,673412,"Hey @Delta, explain this ""weather delay"" for Flight DL 7374 today at 3:56 PM from BRD to MSP! The ""weather"" is the same, at both times! Keep the original flight time, there is no bad weather in MSP. Premature decision causes me to miss a flight. https://t.co/egmpWRniVx",Delta
2319325,2017-11-13 13:20:34,672264,"@AmazonHelp So, even tho I ordered on Sunday... it won't dispatched until Thursday? This has never happened with any of my previous prime orders. Disappointing. https://t.co/UeSlVGKDac",AmazonHelp
2320286,2017-11-13 13:26:33,672465,ねぇ、泣いたんだけど！！！！！！！Amazonがワシを勝手にプライム会員にしててしかもクレジット引き落とされて、ワシ泣いたわ。,AmazonHelp
228438,2017-11-13 13:27:37,170451,@AppleSupport Why is my brand new 13 inch MBP draining 50% battery overnight while its supposed to be sleeping? Never had this problem with a Mac. Just got it a few days ago. Is this a High Sierra issue???,AppleSupport
2323421,2017-11-13 13:28:12,517970,@Uber_Support says you have to follow me for me to DM you guys,Uber_Support
2318964,2017-11-13 13:33:54,672192,"@AmazonHelp I can log in just fine. Logging in is not the problem. The problem is that I received a reply (after using the contact form on that link) stating there is no Amazon seller account under my email, which is true but irrelevant. I have a kdp account and this issue is about kdp",AmazonHelp
2325642,2017-11-13 13:34:46,673639,"@VirginTrains could you please provide an update on my delay repay case please? Case Reference VT-251017-0731. 
Thanks",VirginTrains
2319439,2017-11-13 13:38:52,647669,"@AmazonHelp Already replied 2 days back, no action has been taken yet",AmazonHelp
2269890,2017-11-13 13:45:45,660500,@AppleSupport Yes I have to restart my 7plus at least once a day to fix the freezing keyboard issue. It was fine before the 11.1 update...,AppleSupport
2323384,2017-11-13 13:47:14,673174,@Uber_Support  1) is there a director i can contact in the Greensboro NC area to find out how many uber drivers are in that area and available. 2) how can I have rides for family all going to same place and back  paid from my account.,Uber_Support
2320521,2017-11-13 13:48:15,672518,Very disappointed in @AmericanAir. We arrived at the gate to board 15 min before the flight only to find out they gave our seats to standby customers. #strandedinmiami #neverflyAA,AmericanAir
2319742,2017-11-13 13:49:35,672339,"@AmazonHelp Same empty promise as I got on Friday, Saturday, and Sunday...you will receive package ""tomorrow""",AmazonHelp
2325290,2017-11-13 13:54:02,673563,"Beautiful Venus-Jupiter #Conjunction from 36,000ft this morning aboard @SouthwestAir #AstronomyGeek #430MPH https://t.co/SiuvdDmWx3",SouthwestAir
2342535,2017-11-13 13:54:40,677562,@SpotifyCares hi Spotify guys! My name is displaying wrong on my family account (some dozy family member has changed it) and I can’t work out how to fix. How do I get it corrected?,SpotifyCares
2324095,2017-11-13 13:55:51,205049,This is what no service @115911 looks like. Prob can’t even call 911 in emergency. There is no WiFi calling without service. #tmobileOUT #Verizon or #ATT https://t.co/Z3vz2MMpD4,TMobileHelp
2324591,2017-11-13 14:01:09,239413,@Delta Looks like you just upgraded me to gold status!!! Thanks so much!!!,Delta
2320466,2017-11-13 14:01:16,647365,"@AmazonHelp Apparently, but not sure since I'm not there, should have been left in a safe space but this is all @122232 tracking shows :( https://t.co/vZEoreEmGd",AmazonHelp
2343624,2017-11-13 14:02:00,677809,"@AppleSupport can you guys just fix the music app,this is very embarrassing considering how much we pay for your services 👎🏾",AppleSupport
2323282,2017-11-13 14:06:32,673152,@Uber_Support Hello Uber i work for you this last summer but the company i work for ( trader &amp; consulting ) based in Paris still didnt pay me  i work for free ... could you help with that company please...the company name is trader &amp; consulting the boss name is ali bahloul,Uber_Support
2320991,2017-11-13 14:07:15,647785,"Never, NEVER NEVER NEVER buy something as a Premium member in @115821, I had to cancel my membership. The AMZL courier is the WORST ""company"" in the world... They go to deliver at 8pm when you tell them at 5pm will be closed WTF. I am so fucking upset with this jackass 😭😭😭",AmazonHelp
1393856,2017-11-13 14:15:10,330913,@AmazonHelp I have replied to same email trial several times in the past. You keep giving assurances but fail to act.,AmazonHelp
2347557,2017-11-13 14:17:36,427549,@AppleSupport is there a known issue with the alarm as of the last update?! Twice in a row it hasn’t woken me. Last time it did was before the update.,AppleSupport
2321665,2017-11-13 14:21:40,212501,TY @AmericanAir! John Allen at gate B6 was VERY helpful with my oversold flight. #voucher #CustomerService https://t.co/wm8K3HmlRn,AmericanAir
2322222,2017-11-13 14:23:08,672912,"Bon @120533 , repousser une commande d'une semaine sans explication, c'est long nan ?",AmazonHelp
2322503,2017-11-13 14:26:53,672978,Since the latest iOS update I’ve gone from charging my iPhone once per day to nearly 3 times per day. Seriously @115858 wtf?!,AppleSupport
2325572,2017-11-13 14:28:35,673629,@VirginTrains  https://t.co/78LhzazhBB,VirginTrains
2342712,2017-11-13 14:31:29,532795,"I’ve asked @Uber_Support and @115877 Via the app how much drivers in Chicago get paid and can’t get a straight after. If I get told to look at my dashboard again, they better send a step by step YouTube video.",Uber_Support
2320280,2017-11-13 14:34:07,215497,"@AmazonHelp I already did earlier, thought it'd be through by now?",AmazonHelp
2346126,2017-11-13 14:35:30,678391,When guys from @115858 will finally resolve that issue with Apple Mail signatures on #iOS? This drives me crazy! #Apple #Support,AppleSupport
2316725,2017-11-13 14:42:53,671716,@AmazonHelp My gripe with this is that transactions such as this erodes some of the great customer service experiences I have had in the past.,AmazonHelp
2322505,2017-11-13 14:46:42,556412,"@AppleSupport Hello, it's the iPhone 6. It keeps connecting to WiFi even though I've turned it off.",AppleSupport
2344104,2017-11-13 14:51:40,677918,"@115888 should have some sort of “jukebox” feature that allows you to queue songs from diff accounts to the device the music it’s playing from, that’d be niceeee",SpotifyCares
2342707,2017-11-13 14:51:47,677599,"Gotta love it when @115873 drivers low key blame you for them being 10 minutes late. I live on a well-known street, and somehow my driver ""doesn't know Edmonton streets well"". Also, by putting my actual address in, it makes it more difficult to find me? Wtf? @Uber_Support",Uber_Support
2319011,2017-11-13 14:53:58,672198,"@AmazonHelp Le colis est reparti chez Amazon sans passer par chez nous. Nous recevons une trentaine de colis (dont d'Amazon) par an, sans soucis... La colis Privé ne s'est pas présenté, nous travaillons à la maison... Aurore Delezir",AmazonHelp
2297951,2017-11-13 14:55:11,175449,"@AmericanAir I still don’t get it, @AmericanAir How a  #PlatPlus person can move DOWN the upgrade list. I continue to question the value of the Plat Plus level",AmericanAir
2345930,2017-11-13 14:56:23,464365,Fix I.T #Apple #AppleBugs #ios11 @AppleSupport,AppleSupport
2319336,2017-11-13 15:01:04,672266,"@AmazonHelp OK,thank you, I will😀",AmazonHelp
2342808,2017-11-13 15:02:56,677622,@115911 @TMobileHelp you are joking right? Still haven't been helped https://t.co/vpVMzpj5ov,TMobileHelp
2342872,2017-11-13 15:04:49,677637,I really hate that @Delta was late getting in and then they tell me 2 wait and treat me like it's my fault.,Delta
2341860,2017-11-13 15:07:08,677396,@AppleSupport Thank you so much!,AppleSupport
2287535,2017-11-13 15:07:28,646519,@AmazonHelp I tried to find customer support online and I just can’t find it anywhere!,AmazonHelp
2185350,2017-11-13 15:12:17,640013,@AppleSupport I️ think the issue lies in your software department. All the way to the top. Your focus on emojis is embarrassing.,AppleSupport
2342656,2017-11-13 15:13:33,251917,@Uber_Support order food on uber eat and didn't get full order. Please check with restaurant this is really frustrating. https://t.co/C8TijvaCaK,Uber_Support
2341949,2017-11-13 15:15:48,677420,Chouette enfin disponible sur @120533 un cadeau que ma fille attend pour noël le livre de @91694 https://t.co/cTe6dMjzaj,AmazonHelp
2343131,2017-11-13 15:17:37,677702,".@SouthwestAir not only did you lose my bag and tell me I needed to come back to the airport 8 hours later to get it, but I just realized there is a massive rip in the side of my bag. I called your customer service and they said I'll need to go back to the airport AGAIN",SouthwestAir
2347649,2017-11-13 15:19:49,678704,"Who ever you are ..
FUCK OF YEAH
I wasn’t involved in a car crash in the past few months, I was on a motorbike you wanker, how can I block numbers like this? Someone help a dude out! 
@AppleSupport | @284537 https://t.co/1ULhPHfl6S",AppleSupport
2343991,2017-11-13 15:22:57,259607,Issues with seeing if I am being billed for HBO Now i cancelled a while back.. Help please. @115821 @AmazonHelp,AmazonHelp
1757052,2017-11-13 15:23:54,234707,"@SpotifyCares iphone 6+, spotify version: 8.4.26.793",SpotifyCares
2297957,2017-11-13 15:25:12,175449,@AmericanAir Still don’t get it. Flight is sold out no seats showing available in 1st. Why should there have been ANY movement when none was available to begin with?! As I said this is VERY poor optics to someone who has had high level status for DECADES,AmericanAir
2341968,2017-11-13 15:29:24,677422,@AmazonHelp Ok gracias,AmazonHelp
2323474,2017-11-13 15:30:10,673198,@Uber_Support __email__,Uber_Support
2347667,2017-11-13 15:32:47,678711,@115858 are you ever going to fix that “I “ mistake. It’s kind of getting annoying. Just saying,AppleSupport
2343949,2017-11-13 15:36:05,378865,@AmazonHelp Also there's no note through my letter box saying anyone's attempted delivery or left it elsewhere. What you playing at?,AmazonHelp
2344597,2017-11-13 15:42:06,678012,"Hi there @Delta, I am trying to find your answer to this question, I thought I better tweet it instead... What is your policy on ESA? I have a flight coming up with you guys!",Delta
2347618,2017-11-13 15:42:11,678693,How on earth has @115858 not fixed the I️ yet???,AppleSupport
2342563,2017-11-13 15:43:01,393477,@comcastcares The issue has been resolved. There was a power outage in the area that has since been taken care of. Thanks.,comcastcares
2343922,2017-11-13 15:44:02,677878,@AmazonHelp Several times. Still nothing has been done. I also have been told the refund has been issued but I know how to read my bank statements,AmazonHelp
2344141,2017-11-13 15:50:43,677926,@Uber_Support i was charged two cancellations fees when the reason for the driver to cancel me was that they didnt have the mandatory tag to take the highway in Mexico please your support to reimburse as the system wont do it https://t.co/LTrutNHDOR,Uber_Support
2344226,2017-11-13 15:50:48,677947,@americanair - do me a solid plz: I'm on aa155 with a delayed landing and 20 mins to make cxn for aa1272. PLZ PLZ hold that plane!,AmericanAir
2349696,2017-11-13 15:51:20,679176,"@115888 This may be a randomly used function, but will there ever be an action to collate multiple playlists into one?",SpotifyCares
2343897,2017-11-13 15:54:15,677875,@AmazonHelp Amazing deducted it from my account twice and I want my money back today.,AmazonHelp
2345123,2017-11-13 15:56:20,678146,"When you're desperate to go home for the weekend from uni but the cheapest @VirginTrains train you can get, with a railcard, is £87.60 😞",VirginTrains
2343672,2017-11-13 15:57:00,568096,@AppleSupport I did twice. And I had this problem a while ago when i had 11.0.3  and now again,AppleSupport
2344147,2017-11-13 16:03:25,677928,@Uber_Support First tell me what action are you going to take now? N how do you plan to avoid it in future?,Uber_Support
2349362,2017-11-13 16:03:40,679105,@AppleSupport how can I add my icloud email to my android phone?,AppleSupport
2346199,2017-11-13 16:04:05,124092,"@115830
Your call centre staff, just told me this 'arriving today by 8pm' is a misprint + it doesnt say that on my screen.. they also told me royal mail dont deliver on a saturday!
I live in Scotland UK.
I kno they do deliver on a saturday!
Retrain Your call centre staff https://t.co/xv4I38Ofw9",AmazonHelp
2318621,2017-11-13 16:07:10,672114,@AmazonHelp @672113 @115851  #Amazon policy is in blatant violation of #Article21 of the Indian Constitution. It is recommended that this enforcement is cancelled with immediate effect @118341 https://t.co/jE9mj23ynf,AmazonHelp
2346569,2017-11-13 16:08:42,678471,Hey @AmericanAir I'm a working and pumping mom and will be traveling with you guys this week. Does my breast pump count toward my 2 carry-on bag limit or not because its medically necessary?,AmericanAir
2348202,2017-11-13 16:11:29,678834,@TMobileHelp Hello. Need help w/BOGO offer.  It was denied and I feel lied to.  I even have a text from salesperson saying all ok.,TMobileHelp
2346750,2017-11-13 16:14:34,678502,"@Delta ""more than 2 hours"" for a callback?!",Delta
2349370,2017-11-13 16:14:42,679108,@115858 @AppleSupport i just got my iphone 7+ FOUR MONTHS AGO and now that new iphones come out my phone is glitching. i’m heated AND I WANT ANSWERS.,AppleSupport
2151950,2017-11-13 16:15:25,632372,@115850 @119356 @115821 @119356 @AmazonHelp,AmazonHelp
2344185,2017-11-13 16:16:27,677942,@Uber_Support Still haven’t received a response,Uber_Support
2346251,2017-11-13 16:19:54,385916,"@AmazonHelp In the past you've sent items via fedex or ups without issues, as of late you've started using USPS &amp; private carriers who are late or do not deliver to the correct address. I'm requesting that anything from now on be delivered by fedex or ups only..",AmazonHelp
2322508,2017-11-13 16:20:28,556412,@AppleSupport Thanks. This is a new thing though right? My phone never used to connect once I'd turned off WiFi in the Control Centre..,AppleSupport
2346208,2017-11-13 16:25:29,261125,"@AmazonHelp This was the fourth call to for the same product ,I don't understand what is there to review , have you guys not yet reviewed or do you need 10 more calls ,as you delivery  @149473 always do this with pickup or delivery , why to frustrate customer",AmazonHelp
2319863,2017-11-13 16:27:34,672363,@AppleSupport I’m really not interested as I’ve been down this road with Apple several times and troubleshooting never works. Nor does completely resetting my phone. I’ve done it all.,AppleSupport
2346483,2017-11-13 16:28:16,678458,@Uber_Support I’ve filled it in. What’s the next step?,Uber_Support
2349534,2017-11-13 16:33:14,679139,"@115850 Product not delivered to me but on your app / site, it says product delivered. Please resolve asap. I am a prime customer.",AmazonHelp
2321315,2017-11-13 16:33:45,672687,"@SpotifyCares I’m using a windows laptop - browsers are Chrome &amp; Mozilla. I’ve uninstalled, reinstalled, refreshed cache etc. Nothing works! Thanks",SpotifyCares
2347672,2017-11-13 16:34:45,581935,"@AppleSupport If you guys would be so kind to put this feature on iPhones, that’d be great. 💕",AppleSupport
2348937,2017-11-13 16:35:04,679015,Cookies for the crew on my @SouthwestAir flight tomorrow.  #SWAisAwesome https://t.co/Rm2eYbHDlX,SouthwestAir
2320989,2017-11-13 16:40:03,647785,@AmazonHelp Still waiting the response... you know 🙄🙄,AmazonHelp
2348000,2017-11-13 16:40:15,473688,@Uber_Support Uber emailed me a promo code for UberEats and when I tried to use it on Saturday it didn't work. Please advise,Uber_Support
2319971,2017-11-13 16:45:09,672388,@AmericanAir I understand that's the policy - it's just a horrible policy - probably worse than not allowing us to book on the same locator so I could have taken care of all this for her without shelling out almost $100 or chatting on with a rep,AmericanAir
2350777,2017-11-13 16:47:38,679444,Anyone else feel like their phone brightness is way dimmer since updating? #iPhoneproblems @115858,AppleSupport
2348729,2017-11-13 16:47:42,678960,"@VirginTrains not the first time I’ve heard  this either. If you want that row to be for staff only, maybe put some signs up?",VirginTrains
2348152,2017-11-13 16:48:15,678828,"@678822 @115911 complete outage here in Raleigh, NC",TMobileHelp
2349569,2017-11-13 16:48:48,679143,eu tô indo ver o site da @117086 porque aparentemente meu hobby é viver a beira da falência,AmazonHelp
2300115,2017-11-13 16:53:05,526431,@AppleSupport They won't be able to access my account from that though will they? That is my main concern!,AppleSupport
2350969,2017-11-13 16:55:12,679489,"Dear @115821 if I pay or get one day shipping because of prime and you come after 6 to see my apt gate closed...get your lazy butt out that truck, walk through the gate and deliver my package. One day means one day.",AmazonHelp
2347947,2017-11-13 16:56:19,678780,Why should I have to Pay $5 to cancel a ride? The driver has turned a 4min wait into a 15 mins wait. @Uber_Support,Uber_Support
2349578,2017-11-13 17:01:13,679145,@115830 can someone reply to me regarding my refund please? I’ve emailed twice but no reply.,AmazonHelp
2309280,2017-11-13 17:03:36,607033,@AppleSupport Yes. A lot were just my own files so I understand that part of the process but a TON were purchased from iTunes Store. It’s a Dell laptop. I’m not sure of model info as I’m at work.,AppleSupport
2349572,2017-11-13 17:09:46,679144,"@AmazonHelp  Je vais criser, j'ai commander un livre que je devais recevoir le 4 novembre, et plus de nouvelle... Super cadeau d'anniversaire !",AmazonHelp
2352166,2017-11-13 17:10:14,434584,I was late to work AGAIN because my alarms never fucking work. @115858 FIX this shit. 😒,AppleSupport
2349724,2017-11-13 17:12:10,195951,"@comcastcares question, is there an outage again in Michigan? We are in Manchester which is near Ann Arbor.  It appears my home account is fine but I’m at work and we have nothing...been about the last hour or so.",comcastcares
2349760,2017-11-13 17:15:14,261608,@115873 the fact I got charged £4 for a cancelled trip when he was already dropping someone off and the minutes were going up by 10 MINS 😡😡,Uber_Support
2353705,2017-11-13 17:17:18,680111,my moms iPhone 7 caught on fire 🤦🏾‍♀️ @AppleSupport @115858,AppleSupport
2346211,2017-11-13 17:18:00,261125,"@AmazonHelp Now here comes the best thing self return from the email and yes already replied to 4 times email , why you choose such a vendor @149473 who are unreliable  and always frustrate customers , and also this is renewing your value of service ,",AmazonHelp
2351766,2017-11-13 17:18:57,679670,@SouthwestAir Pushing people through security at one end (not even letting people take out laptops) and then pulling aside every single bag at the end...,SouthwestAir
2349355,2017-11-13 17:22:06,679103,@AppleSupport I have an iPhone 7 Plus and iOS 11.1.1. I can’t remember exactly when it begin but maybe a month ago? Possibly a little later,AppleSupport
2291713,2017-11-13 17:23:36,665573,"@AmazonHelp I have had over 25 exchanges with seller ""support"". Painful and slow! Told no for personal help and no to escalating. Can you help?",AmazonHelp
2350945,2017-11-13 17:28:42,679484,@2600 bonjour j'ai commandé un article fin octobre qui était censé arriver le 3 novembre et je n'en ai toujours pas vu la couleur,AmazonHelp
2351090,2017-11-13 17:29:09,373137,Much gratitude and appreciation for Robert Rode who works at @AmericanAir out of @91938 . You went above and beyond and made my flight 100% better and restored my faith in Customer Service. https://t.co/VxkYa5MPvY,AmericanAir
2350334,2017-11-13 17:32:07,679332,@VirginTrains I just wanna get home pls. 😥,VirginTrains
2349554,2017-11-13 17:32:20,679142,@AmazonHelp nice to know u treat all your paying customers the same!!!,AmazonHelp
2353624,2017-11-13 17:32:45,680089,I use to be able to control my @1016 app from the lock screen. Now I can’t. The. Sucks @115858 is there a work around?,AppleSupport
2351176,2017-11-13 17:39:57,223222,"Hey @115911 , why is taking so long to port over a number from ATT?  I had high hopes for better service but it’s not starting out so great...",TMobileHelp
2350935,2017-11-13 17:40:06,679482,"@AmazonHelp segunda compra con envío prime que me incumplen sus empresas de envios, hice una compra con entrega el sábado y se acabó el lunes y sigo esperando el envío. Es igual tener prime que no tenerlo.",AmazonHelp
2351047,2017-11-13 17:42:01,679512,Can't able to login @Uber_Support @115873,Uber_Support
2351709,2017-11-13 17:42:33,589225,@SouthwestAir if I miss 25 flights this year by 1 flight. Is there any chance I still get bumped to A list for 2018? Or does it have to b 25,SouthwestAir
2349447,2017-11-13 17:46:41,679127,"@AppleSupport Yes, the issue remains. The recent call takes anywhere between 4 secs to 7secs to populate this is 7 plus and 128gb. https://t.co/0DVCuYDYnl",AppleSupport
2351194,2017-11-13 17:47:59,679545,Hey @Delta - a hold time of between 65 and 115 minutes is UNACCEPTABLE.   You need to do better.  Password trouble isn't worth that time.  Nothing is.,Delta
2291716,2017-11-13 17:48:10,665573,@AmazonHelp Every 3-5 days I am asked for more validation info. Always a delay. Never enough. We are NOT a difficult case! One company. 2 Owners. 1 Product. UK based.,AmazonHelp
2355311,2017-11-13 17:51:44,680453,So... @115888 @SpotifyCares where's the iPhone X optimization update?,SpotifyCares
2350912,2017-11-13 17:54:37,679475,@AmazonHelp It says sold by West Biking and fulfilled by Amazon. It was a Prime delivery.,AmazonHelp
2355162,2017-11-13 17:59:10,680422,"@AppleSupport there’s a glitch with my phone which my contact names get erased, lost, or don’t show up. How do I fix this??",AppleSupport
2351502,2017-11-13 18:00:10,679616,"@VirginTrains @558496 Thank you, from someone else in Coach F 💛😂",VirginTrains
2350885,2017-11-13 18:00:54,405215,"@AmazonHelp Non la commande n'a toujours pas été expédiée.
J'ai téléphoné déjà 2 fois en debut d'apres-midi. Je n'ai ru droit qu'à 2 mail (voir les tweet plus haut) et des excuses.. et on m'a dit que je serai livrée soit ce soir soit DEMAIN MATIN.
J'y crois pas du tout là. https://t.co/QeTanfdSQp",AmazonHelp
2349455,2017-11-13 18:04:10,679128,"@AppleSupport Okay so when I try to send a message in a group chat, the text box doesn’t appear, as if I were removed from the conversation or if I left, but neither of those were the case. I have to be removed and added again in order to talk. Also, Apple Music keeps continually crashing.",AppleSupport
2346215,2017-11-13 18:05:49,261125,"@AmazonHelp @149473 If we have to return and pick up by ourself what is the use of online markets , this sucks ,pathetic reply from you guys , never expected that taking appropriate action against courier you are asking customer to do a return from their self",AmazonHelp
2352423,2017-11-13 18:08:26,679809,@Uber_Support It's ridiculous that you charge a $5 cancellation fee for having the driver wait for more than 5 mins. I called him and specifically intimated about the delay due to an out of service elevator and having to come down 33 floors. I ended up rebooking the same Uber!,Uber_Support
2282237,2017-11-13 18:09:55,663352,@AppleSupport The update still didn’t fix the issue😞,AppleSupport
2352234,2017-11-13 18:11:36,679771,"He pedido que recojan el producto roto por haberlo encajado en el reparto y un nuevo producto. Resultado: 2 productos rotos y un mismo repartidor, con marca personal, eso sí... Segunda vez y última. Gente de @116928 por favor, reembolsad el dinero y os lleváis los 2. https://t.co/joKEONjK4g",AmazonHelp
2352506,2017-11-13 18:13:27,613586,"So my 7 hour flight to Hawaii has no food service, no wi-fi, and no in-flight entertainment. Last time I fly @AmericanAir !",AmericanAir
2345999,2017-11-13 18:16:21,678367,"@AppleSupport Mac, running High Sierra. This problem started after I updated iTunes on my phone.",AppleSupport
2352718,2017-11-13 18:17:34,679882,"@TMobileHelp Hi can you change the name on my 917 667 3901 phone number from Emily to Sam, please? Thank you.",TMobileHelp
2352276,2017-11-13 18:18:02,679774,Salut @AmazonHelp que signifie le colis a été laissé en lieu sûr ? Chez qui ? Il a normalement été livré jeudi mais je n’ai pas eu de mot dans la boîte aux lettres,AmazonHelp
2352402,2017-11-13 18:22:04,679803,"I've been living without cable or internet for a WEEK and 2 days (so far)... This is not ok. @116136 let's get it together. The news doesn't stop, even if my cable/internet provider thinks does.",comcastcares
2352312,2017-11-13 18:22:11,312569,"@AmazonHelp Have emailed. DPD previously left a parcel in my garden, saying it was in the enclosed porch!",AmazonHelp
2351227,2017-11-13 18:22:56,679551,@Delta I am trying to book some travel for a funeral and hoping to use points.,Delta
2348692,2017-11-13 18:24:14,145107,@VirginTrains Can you explain why the 16:55 MAN to EUS stopped at Stafford to wait for a train that had 3 people on it.,VirginTrains
2318400,2017-11-13 18:28:11,672074,@AmazonHelp Looks like a third party seller,AmazonHelp
2355030,2017-11-13 18:28:41,680389,#iOSupdate @115858 any chance you can fix the auto turn on of Wifi #soannoying there is no requirement for it to turn itself on.. thanks a million,AppleSupport
2352374,2017-11-13 18:32:01,679794,@SpotifyCares it's been 5,SpotifyCares
2311989,2017-11-13 18:36:38,670494,@AmazonHelp Website. I️ googled amazon pantry to learn how it works. That’s the link that pops up first.,AmazonHelp
2354027,2017-11-13 18:37:39,680168,For the past 15 freezing cold minutes my @115873 has been 3 mins away!! ❄❄❄,Uber_Support
2356596,2017-11-13 18:38:30,680792,"@AppleSupport After upgrading to the latest software my phone battery drains out very quickly, at the moment I have to keep on charging my phone more than I use it. Please help me get this issue sorted #iPhone7Plus as well as #iphone6s both have same issues",AppleSupport
2353821,2017-11-13 18:42:14,432192,@136314 #notworking what does this mean ? https://t.co/aAyR9i5yD3,AmazonHelp
2353701,2017-11-13 18:44:34,680110,"@AppleSupport Well, naturally I do not own two pairs but it is charging fine so presumably the iPhone’s Lightening port is working.",AppleSupport
2354869,2017-11-13 18:46:21,680353,@SouthwestAir Can i take a small luggage on the airplane as my carry on and a victoria secret tote bag as my personal item??,SouthwestAir
2353883,2017-11-13 18:47:37,662488,@AmazonHelp Vielen Dank! Habe gerade mit dem Support gechattet und bin sehr dankbar für die schnelle Lösung.,AmazonHelp
2354053,2017-11-13 18:53:21,137431,@AmericanAir my aa advantage is restricted/blocked and NO one is helping me,AmericanAir
2353825,2017-11-13 18:53:35,680134,@AmazonHelp Queres numero de pedido?,AmazonHelp
2354132,2017-11-13 18:55:59,412455,"My texts are going through to everybody except my husband, and he’s getting texts from everybody but me. Anybody have any idea what the hell could be the reason? 

@AppleSupport @TMobileHelp",AppleSupport
2355517,2017-11-13 18:59:07,680507,@delta can you help out? Was on flight DL45 and meant to get DL436 at16:10. Is it possible to get a later flight??,Delta
1499881,2017-11-13 18:59:52,468218,@AmazonHelp Thanks to whoever helped me with this. I got my money today. Don't think I'll sell on Amazon again due to lack of trust but relieved to have received my funds.,AmazonHelp
2355158,2017-11-13 19:03:24,564601,"@AppleSupport I bought a iPhone 6 from a friend (actually purchased, not stolen) but I can’t reset it because he can’t remember the password for the Apple ID. What are my options?",AppleSupport
2355372,2017-11-13 19:06:44,680471,@115877 your drivers are so useless at finding my address you’d think I was trying to get food delivered to the fucking moon,Uber_Support
1380995,2017-11-13 19:06:55,441437,@comcastcares OH THIS GOT SO MUCH BETTER. YOU TURNED OFF MY PHONES.,comcastcares
2346171,2017-11-13 19:08:39,678397,@AmazonHelp Thanks for letting me know about this algo,AmazonHelp
2353603,2017-11-13 19:14:18,680083,@AppleSupport Yes I do,AppleSupport
2356850,2017-11-13 19:15:03,680847,@115830 is this really efficient packing?? https://t.co/sbmCZIK9na,AmazonHelp
2360601,2017-11-13 19:15:35,681685,"@115888 Also I still wish they would bring back the ability to shuffle all the songs in a folder, across multiple playlists.",SpotifyCares
2355190,2017-11-13 19:20:53,148408,@115821 @AmazonHelp So I took this survey and then when i reached the end to claim a prize it didn't let me. So was this email spam or not actually from y'all? https://t.co/WNjKxcDOLh,AmazonHelp
2355046,2017-11-13 19:22:39,680394,"@AppleSupport When I'm looking for pictures in phone its just so much to search through. I would like to delete some photos off my phone, at least the extremely old ones, so I'm not searching for hours to find what I really need.",AppleSupport
2358758,2017-11-13 19:25:39,563472,@115858 my phone was working perfectly fine until I updated it 🙄,AppleSupport
2355206,2017-11-13 19:27:32,680433,@AmazonHelp • Grazie! Vi aspetto a #domani ! Gentilissimi come sempre! •,AmazonHelp
2357247,2017-11-13 19:27:55,680486,@115913 all to tell me I️ can’t exchange a phone in store...STILL on hold second time in two days I️ have had to spend over 20 minutes to get nowhere https://t.co/zkyx73hFkn,TMobileHelp
2356720,2017-11-13 19:33:27,211923,Thank @115821 you we’re so helpful not where is  my package now their now tracking info at all. https://t.co/ZLR7JwLvgL,AmazonHelp
2358674,2017-11-13 19:36:00,681226,"@681228 @AppleSupport المشكلة مازالت موجودة حتى في الاصدار الجديد 
الحل الوحيد حاليا هو ان تبقى على ١١.٠.٣ الى ان يتم حل مشكلة نهائيا",AppleSupport
2356743,2017-11-13 19:39:12,573455,@115821 and @2150  and @174208  - I need to talk.  Please contact me about your reckless drivers.,AmazonHelp
2357461,2017-11-13 19:41:01,680960,@Delta any reason for the DL5893 delay?,Delta
2358666,2017-11-13 19:41:42,681224,Yo @AppleSupport wtf is up with this “I️” shit !,AppleSupport
1381031,2017-11-13 19:42:34,441441,Why does my internet keep cutting out ? @116136 you guys really need to get on the ball because this is getting ridiculous,comcastcares
2356959,2017-11-13 19:42:55,663838,Thank you @AmericanAir for the stellar customer service following my recent flight woes. You ROCK!,AmericanAir
2356915,2017-11-13 19:44:30,680864,@Uber_Support  I got wrongfully charged a cleaning fee of $150! I am extremely disappointed not only that I feel scammed by the uber driver but also that I still haven’t heard back from your customer support since I made a claim this morning at 8 am,Uber_Support
2325384,2017-11-13 19:45:59,673587,@SouthwestAir @673586 Told you to fly Delta !!,SouthwestAir
2320268,2017-11-13 19:46:32,255943,@AmazonHelp I've managed to get an address I can post it yourself but you might want to tell #Hermes as its one of their courier who told me you could post a label,AmazonHelp
2364776,2017-11-13 19:48:46,682724,"@SpotifyCares  is https://t.co/xcyRIWTBBT a legitimate Spotify platform? If so, how does the fundraising work? Thanks!",SpotifyCares
2361771,2017-11-13 19:50:23,681967,"@AppleSupport Ever since the 10.13.1 update my FaceTime has been messing up. Before I could swipe and switch between screens with no problem. Now, anytime I make FaceTime full screen or even swipe screens with the minimized FaceTime video it freezes and ultimately drops the call",AppleSupport
2349553,2017-11-13 19:52:42,679142,@AmazonHelp surprise surprise delivery driver can’t find address!!! This delivery has been going on since Friday!!! We have now received ...,AmazonHelp
2359303,2017-11-13 19:56:44,312635,@TMobileHelp Help 1. https://t.co/K2yXvknAvH says I have a phone in cart 2. I didn't put one in a cart 3. I cant find the cart 4. It rejects my COA,TMobileHelp
2358917,2017-11-13 19:56:55,443236,@AmazonHelp qui s'est chier dessus pour la livraison d'un colis aujourd'hui...,AmazonHelp
2357468,2017-11-13 19:58:09,680962,@Delta thank you!,Delta
2353606,2017-11-13 20:00:36,680083,@AppleSupport Iphone 7 https://t.co/QP6fDS43U7,AppleSupport
2359153,2017-11-13 20:01:11,646016,Called @AmericanAir customer service back &amp; talked with Karen - she enrolled me in the reengagement challenge so I have 6 months to fly a round trip and get my miles back! #CustomerServiceWin #TeamKaren,AmericanAir
2359021,2017-11-13 20:03:39,681300,"@comcastcares But it’s not your fault DG, so keep your head up and have a good day!",comcastcares
2355362,2017-11-13 20:03:43,680468,@Uber_Support With the same generic stuff,Uber_Support
2358943,2017-11-13 20:04:31,681279,Hey @117093 The sandwich buns that arrived today were out of date and smashed.,AmazonHelp
2358804,2017-11-13 20:10:02,681256,"@AppleSupport It suddenly reappeared, thanks 🙏",AppleSupport
2358908,2017-11-13 20:13:21,681275,@115821 @AmazonHelp Ihr Paket kommt mit #amazonlogistics ... oder eben auch einfach nicht 🤬,AmazonHelp
2350756,2017-11-13 20:16:28,679436,@AppleSupport Restarting resolved both problems. Thank you 🙂,AppleSupport
2359602,2017-11-13 20:17:37,681458,"@Delta No, that was my flight coming home. Next time I’ll make sure to purchase food before getting on the plane... #haveablessedday",Delta
2359134,2017-11-13 20:17:42,483460,Ronda at the Charlotte  @AmericanAir check in kiosk was terrific. Friendly &amp; helpful. Nice to have a person who knows her work. AA+,AmericanAir
2359047,2017-11-13 20:18:20,254458,"@Uber_Support U shitty service.. booked 3 cabs n none of thm came. 1 ws sleeping n started d trip, 2nd never showed up, 3rd ws right behind me and post knwng destination, cancelled. Have taken almost 2000 rides wid u n now, deleting ur app. Pathetic",Uber_Support
2360570,2017-11-13 20:18:56,681680,@115830 All this packaging for this little meltcup? https://t.co/VH5k8O0agj,AmazonHelp
2361782,2017-11-13 20:23:19,681970,When will @115858 fix this whole I️ problem https://t.co/CZeQzkcJC2,AppleSupport
2358865,2017-11-13 20:25:33,681267,"@AmazonHelp Non, mais la date de livraison avez été repoussé à aujourd'hui, mais toujours aucun mouvement selon le suivi",AmazonHelp
2360288,2017-11-13 20:26:38,681624,@VirginTrains @681623 @VirginTrains are you hiring? I think I’ve got a nack for it 😂,VirginTrains
2360445,2017-11-13 20:30:46,441968,@AmazonHelp Not even a cashback offer?,AmazonHelp
2360703,2017-11-13 20:30:46,681308,@Uber_Support You should have already talked to his insurance,Uber_Support
2346027,2017-11-13 20:32:33,287951,"@AppleSupport Currently running on 11.1 

I see there’s an update to 11.1.1. Issue might be from not running the most current version :) 

I’ll install and see if it happens again.",AppleSupport
2360535,2017-11-13 20:36:10,681673,"@116090 hey Amazon I have a huge problem, I forgot to end my free trial Prime membership that I didn't want in the first place. Can you help me to cancel it and the payment ? I really want my 80 bucks back",AmazonHelp
2361835,2017-11-13 20:41:35,302782,So @115830 were supposed to be sending me a replacement watch in emergency delivery for today. Still nothing!! I’m so pissed off!! 😡😡😡,AmazonHelp
2361665,2017-11-13 20:43:31,681939,@115858 @AppleSupport What is up with 11.1.1  Now phone wont stay connected to wifi.  Apple guy ready to go Android. Apple is releasing shit updates like the old MS. #badupdate #IOSfail #nevertested,AppleSupport
2363329,2017-11-13 20:45:43,682355,@115888 any chance yous can put Watch The Throne on man,SpotifyCares
2360730,2017-11-13 20:46:48,681717,"Hello @AmericanAir ! I am getting ready to fly from @681718 &gt; @129841 &gt; @141317 next week! So excited to fly with you, but I can't find out how much you charge for seat assignments &amp; carry ons! help!",AmericanAir
2360487,2017-11-13 20:47:57,681665,@AmazonHelp yes...I also contacted the company that handles the parcel lockers,AmazonHelp
2307955,2017-11-13 20:55:46,669478,@AppleSupport Meh doesn't work :(. Oh lawd why you hate me:(.,AppleSupport
2363756,2017-11-13 20:56:09,682474,@Delta You’re losing a loyal customer and there family (and if possible friends) and doesn’t seem like anyone at Delta cares one bit,Delta
2360427,2017-11-13 20:56:59,681659,@AmazonHelp You can't usps sucks for shipping have to wait an additional day my 2 day prime shipping turned to 3,AmazonHelp
2361349,2017-11-13 20:57:01,681866,Thank you @SouthwestAir I honestly never expected that the kindle I left on the plane would ever be found and returned #unexpected,SouthwestAir
2361990,2017-11-13 21:03:28,682026,@115877 why do you deliver 5 minutes down the road from me but not to my house? @2350 is the same 😑,Uber_Support
2362205,2017-11-13 21:03:41,682076,@115911 needs to improve their customer service drastically. #itsucks,TMobileHelp
2363140,2017-11-13 21:04:28,682306,@115858 @AppleSupport i stg if my phone turns off at 15% one more time omg,AppleSupport
2360432,2017-11-13 21:06:19,681659,@AmazonHelp At usps office ships delivery tomorrow,AmazonHelp
2361724,2017-11-13 21:09:42,409166,@AppleSupport Some made it to the iPad but not all. Will tech work at Apple store mean the memory and all videos and photos are wiped? So sad @116333,AppleSupport
2360466,2017-11-13 21:11:03,681664,@AmazonHelp vendu par un tiers mais expédié par amazon apparemment,AmazonHelp
2344215,2017-11-13 21:11:21,405400,"@AmericanAir Well, the rest of the system was great",AmericanAir
2366376,2017-11-13 21:14:35,683106,@SpotifyCares pls add Earned it from Chief Keef,SpotifyCares
2304955,2017-11-13 21:16:00,668755,@AppleSupport Look at my dm fam👀👀👀,AppleSupport
2318402,2017-11-13 21:18:11,672074,@AmazonHelp That’s totally understandable but to charge £89 for a few things totalling to £5:03 is a bit ridiculous is it not ? These items literally have little weight to them 🤷🏼‍♀️,AmazonHelp
2361992,2017-11-13 21:18:41,682027,@Uber_Support Thanks,Uber_Support
2363079,2017-11-13 21:21:01,682289,"@115858, I hate the new iOS. It makes my phone slower AND the apps crash way much more frequently. Can you please check that? @AppleSupport",AppleSupport
2364603,2017-11-13 21:27:21,682689,Me really hate this new @115858 glitch .... trying to avoid referring to myself in all professional emails is a bummer,AppleSupport
2363244,2017-11-13 21:28:50,682329,"Hi @AmazonHelp I have a defective product and the seller is being astonishingly unhelpful, please could you advise?",AmazonHelp
2363400,2017-11-13 21:31:21,498328,"@comcastcares are you guys having a service outage? It says my wifi has full bars, just no internet connection? I already reset the device twice.",comcastcares
2364560,2017-11-13 21:35:53,682677,"@AppleSupport stuck on this every time I restart, no option to quit the installer. Help please! https://t.co/P7rnfQrvqW",AppleSupport
2362516,2017-11-13 21:37:50,640857,@VirginTrains The 7.45 from Leeds to Kings Cross.,VirginTrains
2364843,2017-11-13 21:39:46,682746,"@SpotifyCares hi! I was going to buy a student membership, but i don’t have an ID, so I was charged either way. I would really like my money back so that I could buy the original premium membership.",SpotifyCares
2361862,2017-11-13 21:40:01,681985,@AmazonHelp Dal 15 al 17 ma non è ancora stato spedito. Mi è stato consigliato di rifare l’ordine in modo che così mi verrà spedito subito 😑,AmazonHelp
2364522,2017-11-13 21:41:09,682664,@AppleSupport YOU DONE FUCKED UP https://t.co/FqWXejyeZd,AppleSupport
2356505,2017-11-13 21:45:51,284884,@AppleSupport Fat fingered that. 11.1.1,AppleSupport
2361848,2017-11-13 21:47:53,681982,@AmazonHelp Thank you,AmazonHelp
2363404,2017-11-13 21:49:12,211450,@115877 is trash,Uber_Support
2358646,2017-11-13 21:52:23,681219,@AppleSupport Frequently the episode playing starts over. Also I get a message every so often when Trying to play an episode that says it’s unavailable. I have to close the app and reopen to get that one to play,AppleSupport
2363707,2017-11-13 21:55:30,682461,@TMobileHelp Felicia did an awesome job assisting me! She was super personable and answered all my questions. 👍🏽👍🏽,TMobileHelp
2364711,2017-11-13 21:57:54,417887,"so, turns out @AmazonHelp won’t even offer you a coupon if your prime shipment is late by a couple days.",AmazonHelp
2366221,2017-11-13 22:00:03,130081,@AppleSupport is the i thing a glitch with Facebook only!? Sometimes I️t happens and sometimes I️t doesn’t.,AppleSupport
2364312,2017-11-13 22:01:39,682619,"@SouthwestAir Better, thank you.",SouthwestAir
2363393,2017-11-13 22:03:07,682369,@682368 @comcastcares @469146 Hahaha Telekom is life,comcastcares
2365023,2017-11-13 22:03:20,682795,"I’m literally living the movie, “Planes, Trains and Automobiles” Going on 4 Hour Delay @AmericanAir",AmericanAir
2886269,2017-11-13 22:09:03,800500,"Are you telling me after 6 years of optimal service from my 1st Gen MacBook Pro, all it took was to try installing the new update to completely ruin my computer? I can hear @115858 whispering “Congratulations, you just played yourself.” in my ear. 😑",AppleSupport
2364726,2017-11-13 22:11:36,682711,@AmazonHelp La entrega de mi pedido esta estimada para el día 14 pero al revisar me marca como envío pendiente y no me ha llegado algún otro correo,AmazonHelp
2364798,2017-11-13 22:13:35,682731,@SpotifyCares No that's answered it perfectly. Cheers🖒,SpotifyCares
2365180,2017-11-13 22:15:07,393696,"@delta No plane at gate, but still on time? #notexactly https://t.co/6uevdVy4T6",Delta
2364936,2017-11-13 22:18:29,682774,"some bas$@#d has hacked my #Uber accout and ordered #UberEATS worse than that, they ordered carbs.. 😠Not impressed #CardTheft #UberHack. #NotSafe",Uber_Support
2366357,2017-11-13 22:18:38,683100,@115850 Got my Echo Dot. Its amazing. My kid is so happy about its capabilities in educative and research.,AmazonHelp
2363170,2017-11-13 22:21:27,682312,@AppleSupport Maybe it’s the apps I’ll close them and see because it hasn’t froze yet.,AppleSupport
2364648,2017-11-13 22:29:29,682699,@682700 @115821 I'm expecting like four games tomorrow from Amazon and I haven't gotten a shipping notification on any of them. I have to go to a big box stores for another game because they simply haven't made a (real) page for it yet.,AmazonHelp
2366184,2017-11-13 22:31:09,683066,@115858 I got a 1200 dollar computer as a gift a month ago and now it won't work thanks for the awesome laptop.,AppleSupport
2364619,2017-11-13 22:36:48,380670,Now ANOTHER Prime order from @115821 is not being delivered within the Prime window. It's taking an extra week. WHY DID I BUY PRIME?!,AmazonHelp
2366136,2017-11-13 22:38:48,683052,Hey @115858 can you fix the I️ issue???,AppleSupport
2365152,2017-11-13 22:39:31,682829,@Delta Thanks for making it so easy.,Delta
2366477,2017-11-13 22:40:32,683133,@115873 I signed up to be a driver weeks ago. My background check came back good. I have heard nothing and cannot find a number to call anywhere on the app or your website. Help.,Uber_Support
2366113,2017-11-13 22:45:04,683046,"@115858 get ur shit together 
tired of this i️",AppleSupport
2366581,2017-11-13 22:45:29,174976,@682790 @682791 @AmericanAir Attend c est tellement rare! Meme au salon CCR de BA il est carbonisé. Cela fait du bien.,AmericanAir
2366372,2017-11-13 22:46:01,683104,"@SpotifyCares How come my trial is getting cut off early? I should be getting 6 months free, but it's cutting me off at 3.. Thanks!",SpotifyCares
2364655,2017-11-13 22:48:03,682702,"@AmazonHelp Ok, grazie dell'info!",AmazonHelp
2291555,2017-11-13 22:50:08,665534,@AppleSupport @AppleSupport turning off from the control panel,AppleSupport
2366666,2017-11-13 22:50:28,521499,@115913 hi John was wondering maybe of you could help. Everyone says there is no way they can help. Maybe you have special powers.,TMobileHelp
2366297,2017-11-13 22:57:10,683086,Wow. Literally an hour and a half with @AmazonHelp customer service. And they still didn’t do what they said they would,AmazonHelp
2367810,2017-11-13 23:00:04,245518,@115858 ya me tienen mal with your lil i problem... how the Fuck is ur phone called an iPhone but that first letter doesn’t work? Foh. Still ain’t buying an android tho.,AppleSupport
2367962,2017-11-13 23:04:26,173163,"Really, @AmazonHelp?
I didn’t have time to be in chat while constantly repeating my annoyance on orders never arriving on time or late or saying “arriving by 8pm” for 5 Days/month. 

Surprisingly, I was honest to refuse a refund when offered.
Ugh, morals.",AmazonHelp
2366430,2017-11-13 23:04:37,683119,"@Uber_Support I know what I'm supposed to do.  It just gets to the point, after entering the date, time, and locations, of saying ""scheduling ride"" and then comes back with an error.",Uber_Support
57721,2017-11-13 23:05:57,683297,"@SouthwestAir When my planner tells me I’ll be traveling Southwest, I know instantly it’s going to be a great flight! I would ride on engine and be happy!",SouthwestAir
2366384,2017-11-13 23:07:55,380520,@comcastcares why does my service constantly goes out like every other day right now I have a outage been like this for 2 hours,comcastcares
2887395,2017-11-13 23:11:08,800701,@AppleSupport Posts by others,AppleSupport
2369701,2017-11-13 23:13:16,226034,"Bed frame said would be delivered Saturday, wasn’t. Mom say now there’s 2 pages, one still says Saturday delivery, which has already passed and one says Thursday delivery. That’s quite a wide gap. What is happening in the Amazon?!?",AmazonHelp
2368266,2017-11-13 23:16:00,549065,@Delta you have ONE yes 1 agent handling baggage drop at #SFO right now.  And that agent has been caught up with two passengers for 20 minutes.,Delta
400875,2017-11-13 23:19:05,210815,@210816 @AppleSupport Haven’t seen it on iPhone X yet,AppleSupport
2368185,2017-11-13 23:22:50,683486,severely disappointed in @AmericanAir today. a routine trip thoroughly disrupted thru poor crew managment,AmericanAir
2368147,2017-11-13 23:23:02,683473,@Uber_Support I'm complaining because a friend of mine says I should partner up again but you can't even respond to a cleaning fee inquiry. I'm good.,Uber_Support
2104377,2017-11-13 23:24:16,532172,@AmazonHelp Doesn't make sense,AmazonHelp
2367711,2017-11-13 23:25:44,683368,@115858 @AppleSupport  fix this dumb question mark bullshit,AppleSupport
2367822,2017-11-13 23:31:17,511846,@AppleSupport Ok. But the entire Podcast Connect dashboard is down,AppleSupport
2367894,2017-11-13 23:35:15,683408,after a week of waiting on a auxiliary cord I ordered from amazon it finally came today &amp;&amp; the piece of shit doesn’t even work🖕🏾,AmazonHelp
2366696,2017-11-13 23:35:44,683174,"@Delta Nothing is wrong, was a compliment. - [M]",Delta
2367728,2017-11-13 23:40:08,683372,@AppleSupport 11.1.1,AppleSupport
2364424,2017-11-13 23:45:50,584383,@682646 @AppleSupport I was replying to Apple’s tweet 😅 the status website now says they are trying to fix this issue.,AppleSupport
2369762,2017-11-13 23:46:05,683880,@comcastcares I can't access my email.  I log in and click the mail icon as usual but it just takes me back to the home page.,comcastcares
2371469,2017-11-13 23:46:57,684247,@115888 really frustrating when my entire maxed out library of music disappears,SpotifyCares
2371451,2017-11-13 23:48:01,684242,"@117804 amazon me ajuda nao consigo entrar no meu email do kindle, ta pedindo um código que etsa sendo enviado pra este mesmo email mas nao tenho como pega o codigo pq nao consigo entrar por causa do codigo AAA ME AJUDEM",AmazonHelp
2363414,2017-11-13 23:48:43,130281,@Uber_Support I’m so done with you guys. @115873 and @115877 have been deleted,Uber_Support
2370194,2017-11-13 23:51:28,117644,@115911 BREAKING: THE ORDER PROCESSED AND MY IPHONE X IS ACTUALLY ON ITS WAY. love u @115911 https://t.co/MvM0c02Ih3,TMobileHelp
2369384,2017-11-13 23:54:41,678377,@AppleSupport @120366 outlook works now! Just downloaded a new office package of version 15.39(171010),AppleSupport
2367936,2017-11-13 23:57:55,683416,@AmazonHelp Vous avez reçu ?,AmazonHelp
2369835,2017-11-14 00:00:05,227698,@Uber_Support Done 👍,Uber_Support
2370147,2017-11-14 00:01:14,142069,I applied for a position for @Delta it was supposed to be a Spanish Speaking Requirement.. but when it was time to take the test... It only gave me the option for English.... Although it said I had to do it in Spanish. 🤣😂🤔🤔🤔🤔🤔🤔🤔🤔🤔🤔🤔🤔🤔🤔🤔🤔🤔🤔🤔,Delta
2369472,2017-11-14 00:02:43,683813,@AppleSupport iOS 11.1.1 and I have an iPhone 7 Plus,AppleSupport
2370773,2017-11-14 00:07:52,684084,@SouthwestAir Thanks! SWA is the best! Happy Thanksgiving!,SouthwestAir
2371146,2017-11-14 00:11:39,684193,When you suddenly can't sign into your #iCloud account &amp; @AppleSupport wants you to report the problem...by signing into your iCloud account.,AppleSupport
2355282,2017-11-14 00:15:01,680129,"@AmazonHelp @115850 @115851 You are just telling me that my order is delivered. I have requested for the proof of delivery. You are not ready to give me that. Also, you are asking me to now email to the buyer-guarantee team. How many more before I get my refund?",AmazonHelp
2372590,2017-11-14 00:16:21,684518,Serious tweet: if you don’t like the @195620 on @AmericanAir flights then you’re wrong. 🤷🏼‍♀️,AmericanAir
2367747,2017-11-14 00:17:00,571585,@AppleSupport Restating the computer is not going to fix server connectivity issues... especially when its wide spread,AppleSupport
2370669,2017-11-14 00:17:21,684059,"Hi, @VirginTrains - your 2330 to Leeds still hasn’t left Kings Cross. Do I need to find a room in London or what? No updates on the train for more than half an hour.",VirginTrains
2371392,2017-11-14 00:21:52,586959,@AmazonHelp And a refund of the $99?,AmazonHelp
2371125,2017-11-14 00:23:13,684188,Oh @115858 fix this embarrassing crap ASAP! https://t.co/dEx09HT1sd,AppleSupport
2371628,2017-11-14 00:25:46,684282,@Delta a quick word of thanks for the extroidinary service provided by your Terminal B baggage services employee at EWR tonight. This young man exemplifies your corporate ethos of outstanding customer service! Thanks for retrieving my bags so I could make my connection!! 👍,Delta
2372376,2017-11-14 00:27:29,684459,さすがAmazon,AmazonHelp
2371176,2017-11-14 00:29:58,684198,@AppleSupport i only have ONE wifi to connect to . ain’t no options . and this https://t.co/wPbLe6lcby,AppleSupport
2371467,2017-11-14 00:30:35,684244,@SpotifyCares Have your developers thought about giving it to us as part of settings so people who don’t like it can turn it off. Me personally loved this feature and think it should be brought back,SpotifyCares
2371504,2017-11-14 00:31:10,312964,"@comcastcares Second chat with CSR in a week trying to resolve equipment return issues... you guys need to iron out this process, it's mind numbing to say the least when an account change triggers a whole box of equipment to get sent out and then I have to return it and go through this again.",comcastcares
2371525,2017-11-14 00:34:16,684259,Made my first  @115877 order today and it was a disaster! I waited 2 hours for my order to be delivered and then the driver cancelled!!,Uber_Support
2363064,2017-11-14 00:34:33,684181,@176852 @AppleSupport @138069 @176071 @156471 @123857 @174844 @244902 A lot of problems heat of battery- battery come down very quickly- WiFi &amp; Bluetooth switch on alone and more than 😡😡,AppleSupport
2372336,2017-11-14 00:35:12,684448,密林から頼んでた花台が来たのだけど、留め具(ホチキスみたいな)外れてるし、別の箇所は折れてるし、返品だなこれは。留め具だけなら留め直せばいいかなとも思ったんだけど。折れてるのもまあ直せるけど、新品でこれはさすがにちょっとね。,AmazonHelp
2346707,2017-11-14 00:40:18,588797,@115913 Phone service has been challenging. I have to switch to Wi-Fi frequently and then calls drop. Would a booster help?  Glad for lower monthly bills...hope for better phone coverage here in 33418,TMobileHelp
2369521,2017-11-14 00:40:23,683823,"@AppleSupport Thanks. Only when receiving from the group. It appears to be on groups where not everyone is on an iPhone, but even when iPhone users reply it happens. It was not an issue before the latest update.",AppleSupport
2371347,2017-11-14 00:41:54,308059,@AmazonHelp And they will not let me speak to a manager.,AmazonHelp
2372223,2017-11-14 00:45:28,136085,@AppleSupport which Indian banks support iTunes payment?,AppleSupport
2372392,2017-11-14 00:47:37,503038,Amazon  may  file FIR with  Delhi  police  against  Delivery  man   Mr  Rohit of Amazon  for  stealing my  mob phone one plus 5purchased by me  on 27/10/17from Amazon  after  making  advance  payment of  rs30627/-.or IWill file FIR against   Rohit  delivery  man of Amazon.,AmazonHelp
2372215,2017-11-14 00:52:49,684422,Ever since I’ve updated my phone all my apps keep crashing ALL the time @AppleSupport 😠,AppleSupport
2371301,2017-11-14 00:55:05,684227,"@AmazonHelp You are going to lose a loyal customer if my package doesn't today.

And of course we had to submit a claim for my 1st package which God knows where it ended up getting delivered.

Amazon should really go back to UPS.",AmazonHelp
2372334,2017-11-14 00:59:20,684448,@AmazonHelp リプライをありがとうございます。返品手続きが出来次第、荷物を送らせていただきます。,AmazonHelp
2372708,2017-11-14 01:01:11,320455,"Wishing I was in the #virginatlantic lounge here in #JFK terminal 4, but at least the @Delta offering has fresh cilantro and lime for the hummus! https://t.co/ip6hELLXva",Delta
2372185,2017-11-14 01:01:21,684411,@AppleSupport fix this now i cannot deal with “ it “ AUTOCORRECTING TO i.t,AppleSupport
2373400,2017-11-14 01:06:13,684707,"Amazon, I️ get that you own everything now but outsourcing to UPS for delivery is not making it free 2 day delivery— it’s 8 day delivery + time and money trying to find out where a package is. https://t.co/nWftKY0Lzu",AmazonHelp
2374634,2017-11-14 01:08:48,685001,"@AmericanAir #ShameOnYou Delayed flight, charging a fee for a plane ticket that was already bought we arrive and don’t even have a gate? 🙄",AmericanAir
2371163,2017-11-14 01:09:21,684196,@AppleSupport Sent you 3 DMs in the last half hour. Haven’t heard back.,AppleSupport
2373531,2017-11-14 01:12:35,684740,@Uber_Support  Have unpaid money from back in july pay period I just set up my band account how do I get that I don't see a cashout option?,Uber_Support
2372171,2017-11-14 01:12:35,684407,@AppleSupport Thank you 😊,AppleSupport
2373488,2017-11-14 01:16:51,684727,@comcastcares Sent,comcastcares
2373795,2017-11-14 01:17:22,121149,@115911 looks like the #MyTmobile site is not working,TMobileHelp
2371148,2017-11-14 01:17:40,640013,"@AppleSupport Already on 11.1, by the way.",AppleSupport
2373405,2017-11-14 01:20:33,684708,@AmazonHelp こちらこそ、いつもお世話になってまーす🙇,AmazonHelp
2371060,2017-11-14 01:24:48,684173,@AppleSupport It seems to have resolved itself. Thanks for the quick response 😀,AppleSupport
2371445,2017-11-14 01:28:45,218051,@AmazonHelp And it will be nuclear if your delivery service pulls some bullshit again.,AmazonHelp
2365235,2017-11-14 01:30:06,682840,@Delta Captain also bought pizza for everyone on the plane on this flight out of his pocket. Again Delta crew goes above and beyond for passengers. Thanks again to the captain! https://t.co/sr6GW6tWYi,Delta
2374257,2017-11-14 01:31:25,684916,"@SouthwestAir TSA precheck wasnt on my itinerary, how do I get it added.",SouthwestAir
2372166,2017-11-14 01:32:56,684406,@AppleSupport Thanks for your quick willingness to help. Appreciate Apple!,AppleSupport
2369849,2017-11-14 01:36:49,683896,@Uber_Support Not helpful. I've filled this out two times today already and haven't heard back or gotten a refund.,Uber_Support
2374433,2017-11-14 01:38:32,684959,"@AppleSupport When my mom talked to tech today, problem was solved, but told her iPhone 6 was too old, she needed to upgrade. Not ok",AppleSupport
2374560,2017-11-14 01:38:43,684982,Been told twice that my order was out for delivery by @115821 and I have yet two receive my package.,AmazonHelp
2374411,2017-11-14 01:45:00,342210,"@AppleSupport I’ve upgraded to 11.1.1, and I’m still getting the A? Issue.",AppleSupport
2372319,2017-11-14 01:45:20,684446,@115821 USPS https://t.co/YqcfeVGdlB,AmazonHelp
2373427,2017-11-14 01:46:12,495873,"@SpotifyCares I have found the bug, What happens is when the playlist are downloading avast scans the files coming in and makes it cache in ram. Then you need to end task spotify and restart the software then its deleted the files stuck in ram. So its a communication error with other software",SpotifyCares
2319412,2017-11-14 01:49:30,659481,@AmazonHelp Why don't you fix your system?,AmazonHelp
2373443,2017-11-14 01:53:05,345650,@comcastcares Thanks guys,comcastcares
2374542,2017-11-14 01:55:39,684978,@AmazonHelp ah ok,AmazonHelp
2373504,2017-11-14 01:55:42,479958,"@Uber_Support @684732 Doesn't matter. They are terrible now. No more flat rates. Just to one ""favorite"" location.",Uber_Support
2373541,2017-11-14 01:56:38,645684,@AmericanAir Done. Awaiting reply.,AmericanAir
2894287,2017-11-14 02:02:22,802125,@116618 It has the best animes but it has no subtitles in Brazilian Portuguese. Help here. And sorry for my English.,AmazonHelp
2374363,2017-11-14 02:04:00,684935,"Dear @115858 this latest update messed up my devices.... Sincerely, a concerned customer.",AppleSupport
2373734,2017-11-14 02:04:36,684789,"@Delta What sort of clocks y’all run on?  My 7pm flight boards at 8:20am, and this boarding pass got me turned away at security https://t.co/JpbMd5hwZw",Delta
2375375,2017-11-14 02:11:13,685181,"Lore en @116618 es la puta hostia, repito, es la puta hostia",AmazonHelp
2375286,2017-11-14 02:17:13,679977,"@AppleSupport As an iphone 5 - you can imagine I've had this for a while, so Imessge was something that was well-traveled on this phone. :)",AppleSupport
2374449,2017-11-14 02:18:39,684962,@AmazonHelp Almost always with USPS,AmazonHelp
2375855,2017-11-14 02:21:27,685292,@Uber_Support You can’t assist unless you improve your app,Uber_Support
2377381,2017-11-14 02:22:52,685667,@AmericanAir wouldn’t let us on our flight leaving Philadelphia to Phoenix and on top of it lost our bags after making us take a connecting flight to Texas. #neveragain,AmericanAir
2375984,2017-11-14 02:23:27,654422,annnnnd thanks @southwestair for stepping up and getting us to the show!! #theshowmustgoon,SouthwestAir
2375235,2017-11-14 02:26:21,685149,"@AppleSupport I can’t seem to stream music via Bluetooth in my car anymore, is this a common issue with the new iOS?",AppleSupport
2375323,2017-11-14 02:27:44,685172,@AmazonHelp I️ have yet to receive my package that I️ paid extra shipping for due today,AmazonHelp
2380014,2017-11-14 02:29:18,686278,Idk whose problem it is but this is all I see when I'm trying to watch a game @118615 @115900 https://t.co/gdBkdMmdk1,comcastcares
2375326,2017-11-14 02:33:11,685173,"@AmazonHelp it didn't work. both website and mobile app are down from Boston, MA. all other internet working fine.",AmazonHelp
2375298,2017-11-14 02:36:41,685167,@AppleSupport brand new phone and OS is up to date,AppleSupport
2353875,2017-11-14 02:41:51,680142,@AmazonHelp Finally someone read carefully my concern and initiated refund process..,AmazonHelp
2376520,2017-11-14 02:45:08,685458,@Delta - Mechanical failure on flight out of SFO.  Flight delayed and connection missed.  Lines for agent and phone help too long!  Can't get any help from Delta!,Delta
2376564,2017-11-14 02:45:21,673336,@685467 @115911 @115913 CANCELLED MY IPHONE X ORDER WITHOUT ANY NOTIFICATION :(,TMobileHelp
2894284,2017-11-14 02:46:58,802125,"@AmazonHelp Thank you, I still think you should take a look. https://t.co/zylDISjT56",AmazonHelp
2376293,2017-11-14 02:48:07,685409,@Uber_Support yo why i cant log into my account they saying its disabled or something?,Uber_Support
2376066,2017-11-14 02:49:01,447005,"My apps keep going blank since I upgraded to iOS 11. Awesome?

@AppleSupport",AppleSupport
2376186,2017-11-14 02:55:50,685382,Stupid amazon giving my package to a random person give me my game fuckers,AmazonHelp
2377167,2017-11-14 03:00:41,685613,"@AppleSupport is gunna kill me. I've been without contacts and apps for over two months, and the best answer i've got is ""I don't know... I'll call you back"" on repeat...",AppleSupport
2377234,2017-11-14 03:03:25,685630,@AmazonHelp yet again package not delivered on time when shipped via AMZL US - what is the point of guaranteed 2 day shipping if they never deliver on time?,AmazonHelp
2377090,2017-11-14 03:11:26,685587,@AppleSupport as much as i️ love hard resetting my phone every 15 minutes you should stop killing older iphones with ur updates,AppleSupport
2377201,2017-11-14 03:11:28,685623,@115821 i need answers? y hasn’t it been shipped yet? y r we saying it’s arriving at 8 if it hasn’t been shipped? y can’t i track my package? where is my package? what the flip? https://t.co/Sh8lL8fLVu,AmazonHelp
2377266,2017-11-14 03:12:13,156645,@SpotifyCares this bug that makes me close and reopen whenever any sound in another app interrupts a song playing in Spotify is killing me!! Is there a patch coming soon?? I’ve restarted Spotify a hundred times today just to resume a song playing 2 seconds ago.,SpotifyCares
2377332,2017-11-14 03:16:24,345047,"@Uber_Support I am getting late, two driver has cancelled because I am using paytm. Very poor service",Uber_Support
2377477,2017-11-14 03:16:59,333067,@Delta Thanks the service needed better flight times to be commercial but Alaska is always full and it’s terrible.,Delta
2358808,2017-11-14 03:21:00,681257,@AppleSupport Its stuck here. Not working at all https://t.co/J7YCWzc7lf,AppleSupport
2321028,2017-11-14 03:21:33,547065,"@115850 i have never expect  this type of service from amazon, witout informing reason, they hold my amazon account after adding money to amazonpay balance. plz don't add amazon pay balance, otherwise your account will kept on hold without any reason.",AmazonHelp
2377070,2017-11-14 03:26:51,309327,Can I get the “Stops destroying your battery” update?? @115858 @AppleSupport https://t.co/7JnSxkr4kM,AppleSupport
2378115,2017-11-14 03:35:09,685838,@186343 @AmazonHelp Amazon did the same thing. I had to hit em up to get them to resend,AmazonHelp
2377292,2017-11-14 03:37:23,685644,Hey @116136 @115900 : Comcast internet is out in 98077. Just in case you were oblivious to this outage...( Typo),comcastcares
2378056,2017-11-14 03:38:02,685822,WTF @SouthwestAir YOU LOST MY BAGS in both directions this trip! How is this possible on DIRECT flights + ALL my teammates receive theirs and we checked in together! #SWA 💼,SouthwestAir
2378157,2017-11-14 03:38:43,685851,@AppleSupport I Have An IPod 5th Generation &amp; It's iOS 9.3.5 &amp; About A Month Ago I Bought An Album From iTunes &amp; For Some Reason Only One Song Is Missing &amp; I Can't Get It Back. It's In My Hidden Purchases But When I Click On The Cloud With The Arrow It Says Downloading,AppleSupport
2322144,2017-11-14 03:43:37,672897,@AmazonHelp Still waiting for the update,AmazonHelp
2378385,2017-11-14 03:44:02,685913,"Hey @AmericanAir what's up with featuring some of the most tragic maritime accidents like the Titanic, Andrea Doria, and the Atocha on your in-flight map... Kinda creepy!!! https://t.co/w7xL2FeASP",AmericanAir
2378320,2017-11-14 03:44:31,685897,@Uber_Support Although my location is in Hyderabad I get promo codes for Delhi NCR which I am unable to use. Uber Account: __email__,Uber_Support
2307214,2017-11-14 03:50:01,669311,@AppleSupport Thank you were right.,AppleSupport
1906972,2017-11-14 03:54:20,266307,"@Delta Ageed, thanks for the responsiveness and updates!",Delta
2378959,2017-11-14 03:54:32,686027,Belle P. at Amazon Customer Service is my hero tonight! @115821,AmazonHelp
2378147,2017-11-14 04:02:55,685849,@AppleSupport Thank you !,AppleSupport
2378423,2017-11-14 04:04:53,366106,"@TMobileHelp My mom has already resolved the issue, just wanted to bring this to light!",TMobileHelp
2322146,2017-11-14 04:07:16,672898,@AmazonHelp @672897 Why isn’t la noire up for preorder/ sale?,AmazonHelp
2373354,2017-11-14 04:13:07,684692,@AmazonHelp Amazonからメールがきましたが調査に10日ほどって、誰の写真集かを知りたいだけなのにそんなにかかるんですか？いったいどうなってるんですか？ https://t.co/udHqnZU30z,AmazonHelp
2398183,2017-11-14 04:13:38,690187,Yo @115858 @AppleSupport let’s fix this “I” glitch please. My mom doesn’t understand anything Im saying,AppleSupport
2379055,2017-11-14 04:14:15,686057,@115873 please fix my account issue. Sick of customer service delay. Mobile number +1 470-328-4007,Uber_Support
2378985,2017-11-14 04:22:22,686035,Amazonからなんか会員登録の料金未納とかショートメール来たんだけど…会員でもなければ、Amazonで買い物した事ないんだけど😂😂😂やばいwwそんな詐欺ひっかからねぇよwwwww,AmazonHelp
2379024,2017-11-14 04:27:54,686045,@SpotifyCares wig,SpotifyCares
2199257,2017-11-14 04:30:20,643245,@AppleSupport @643239 A[?] don’t get it,AppleSupport
2378921,2017-11-14 04:32:08,681814,"@AmazonHelp Yes an order from you. Items with Prime Shipping. At 8pm I get an update from you saying now the shipping could now take up to another 2 days &amp; if 3 days go by ""please come back for more options"". The order arrived at our local carrier facility at 3:50am today.",AmazonHelp
2379818,2017-11-14 04:39:16,686232,アマゾンを騙る架空請求詐欺のメッセージ。先月ちょっと色々あってクレカ引き落としができなかったりしたからびっくりした。 https://t.co/g5nuk9SCWd,AmazonHelp
2379902,2017-11-14 04:39:18,686246,@115873 This Morning i ws charged fo using uber around 2am how is that possible? ? While i ws sleeping 😠,Uber_Support
2398062,2017-11-14 04:45:45,690147,"iPhone glitch ruining a nice moment. @115858 fix it, I️ ain’t got time for your games 🙅🏼‍♀️ https://t.co/DuAAUJ8LxA",AppleSupport
2321029,2017-11-14 04:46:39,686226,@115850 Guys don't purchase anything from amazon they provide c grade service to consumer i purchase a uv&amp;w sweatshirt regarding order no. 406-1503776-4656346 n return this product after waiting so long hours nobody comes for reverse pick such a c grade service,AmazonHelp
2381043,2017-11-14 04:48:01,686513,I pay for 100 mbps Internet through @115900 Here’s a question: why don’t I get refunded when it only gives me 30 mbps week after week and no one knows how to fix it? #racket,comcastcares
2379816,2017-11-14 04:53:07,686232,@AmazonHelp ご丁寧なご連絡ありがとうございます。検索でも色々見ましたが、こういうの増えてるんですね。困りますね。支払いに関することをSNSで送るはずがないとわかっていても少し驚いてしまいました。知人にも注意を促すようにしたいと思います。,AmazonHelp
2379787,2017-11-14 04:57:32,686225,y’all gonna deliver my shoes or nah fam ? @115821,AmazonHelp
2398088,2017-11-14 04:58:20,690155,@AppleSupport - The 9th letter in the alphabet is in a terrible state. Please fix I️.,AppleSupport
2383583,2017-11-14 05:02:17,686258,@Uber_Support I've sent 4 message (and confirmed my e-mail address 4 times) regarding my hacked/disabled account and gotten no response. I'd love to be able to start taking rides again. Help!,Uber_Support
2296536,2017-11-14 05:10:00,666748,@AmazonHelp Hey @UPSHelp WHERE IS MY PACKAGE?!?! 1Z97327W0300044089 https://t.co/LMp2JgM4N0,AmazonHelp
2398042,2017-11-14 05:10:06,616437,well I updated my phone &amp; now instead of seeing an A and a question mark I see an exclamation point and a question mark!!!! thanks @115858 for the fix!!,AppleSupport
2383898,2017-11-14 05:15:42,685428,"@AmericanAir in Chicago, missed my flight told the wrong gate. Thanks for the extra quarter mile run, and bad service afterwards. All good in KC undone by people in Chicago. Lost my bag great.",AmericanAir
2380820,2017-11-14 05:22:13,686464,@115821 where are my headphones literally ordered these thangs a month ago :(,AmazonHelp
2402276,2017-11-14 05:24:43,691142,Is there a way to turn off #voiceover on my #iPhone permanently? @AppleSupport,AppleSupport
2378260,2017-11-14 05:25:34,648094,How long does it take for my Rapid Rewards points to show @SouthwestAir ?? 🧐🧐🤔🤔,SouthwestAir
2381982,2017-11-14 05:27:56,491024,@115873 @Uber_Support is at it agsin.this time double charging for a trip.i didn't take https://t.co/3D6gzNWwjz,Uber_Support
2377467,2017-11-14 05:29:13,685681,@Delta I don’t know what it is or how to use it either,Delta
2309744,2017-11-14 05:30:55,669901,@AmazonHelp Ok. Let's see if your team gets back or @118702 delivers the SAME ORDER earlier. My bet is on @118702 Cheers!!!,AmazonHelp
1680092,2017-11-14 05:41:18,510904,"@AmazonHelp Two more days..I am sending a legal notice for the torture by Amzon India. You guys have proved that u don't care for ur customers. @510902 , @510903 @510904, @510905 @115821 @118919  My No.9900165217",AmazonHelp
2382595,2017-11-14 05:48:16,686857,@282503 how much longer is this outage supposed to last? Its been like 4 hours in bellevue,comcastcares
2397976,2017-11-14 05:49:07,690117,Fix the problem with this I️ bullshit @115858,AppleSupport
2381959,2017-11-14 05:50:39,686701,@115873 my mates account was disabled whats your reconciliation process?.,Uber_Support
2379757,2017-11-14 05:55:21,374256,@AmazonHelp I’ve been refunded. But interesting that refund is the first suggestion.,AmazonHelp
2382070,2017-11-14 06:04:59,686736,@TMobileHelp @115913 Tell you what I can @115913 and I will do his joke of a job 25% of what you pay him and you can give the rest back to your customers!,TMobileHelp
2382469,2017-11-14 06:05:56,257368,"@115850 often mocks you &amp; makes you feel like a beggar.This👇is what they replied when I enquired about my cashback, offer they had from 7-11 Nov. &amp; this kind of loiter by them us regular now.
Team forget being India's
No.1 online marketplace,with this kind of professionalism https://t.co/xKonykZiH5",AmazonHelp
2402174,2017-11-14 06:13:07,691109,"Hi @115858 @AppleSupport just want to share my 4th freezing experience this morning with you (within two weeks) since I move to IOS11 (just updated to 11.1.1 yesterday)
Maybe one of your software freaks could solve a wildly isssue here in KSA https://t.co/p04Yo3bXVK",AppleSupport
2380844,2017-11-14 06:15:12,686472,@AmazonHelp nella mail che mi invita a inviare il fax non specifica quale delle 2 carte,AmazonHelp
2382614,2017-11-14 06:17:16,686864,Last straw for @115877. Apparently “10-20 min delivery” means “wait for 50 minutes and then they cancel bc no driver showed up.” 😂 never again #hangry,Uber_Support
2382505,2017-11-14 06:22:36,686839,"@AmazonHelp Tjrs chronopost mais votre reponse je la connais vs allez dire je vais faire une reunion poir eviter ce probleme.
Moi j ai payer 50euro pour un service inexistant et aucun dedomagement on promet des bon d achats qui n arivent jamais on ne peut pas vs faire confience",AmazonHelp
2382497,2017-11-14 06:29:02,686836,Amazonミュージックでジャズを掛ける。お手軽。,AmazonHelp
2381847,2017-11-14 06:29:40,316439,@SpotifyCares Thank you!,SpotifyCares
2402203,2017-11-14 06:33:59,691119,@AppleSupport Safari and other apps do not save them in my Gmailccount (but in my Cloudaccount). https://t.co/ucN7JiBDUH,AppleSupport
2265524,2017-11-14 06:38:52,219977,@AmazonHelp They sent me a email and tell me that this email address have not registered,AmazonHelp
2381795,2017-11-14 06:43:19,686674,@AmazonHelp #howmanytimesdoihavetorepeatmyself,AmazonHelp
2383214,2017-11-14 06:51:19,687008,Reasonきた！ありがとうAmazonお急ぎ便様 https://t.co/qe5C8tzPLa,AmazonHelp
2403786,2017-11-14 06:54:37,691478,@115858 new update on #iOS11 and difficulty attaching pics on watsapp 😣,AppleSupport
2389037,2017-11-14 07:01:03,688301,@Uber_Support I got charged a cleaning fee for a ride I did not take!!! Because of that I incurred extra charges on my visa! This company has the worst customer service and they do not care about their customers at all.,Uber_Support
2384621,2017-11-14 07:02:49,687312,@Delta But why do they not open until 8? It is a disaster here with people waiting with luggage.,Delta
2383235,2017-11-14 07:04:27,687013,My book from Amazon hasnt shipped yet but its spoused to be here tommorow so i better get it tommorow @115821 lool 😹😹,AmazonHelp
2364496,2017-11-14 07:09:33,682658,"@AppleSupport Ok, that’s fine. But I still don’t think it’s easy to find. Should be under iTunes and App Store instead, imo. And then I could see a list of all my App Store subscriptions https://t.co/V7wgyHBEAf",AppleSupport
2265527,2017-11-14 07:13:09,219977,@AmazonHelp Sir me thak gya hu ye sb faltu kam krte huye,AmazonHelp
2387215,2017-11-14 07:19:20,120576,"@359593 @VirginTrains I'll be the right side of 30 still, let alone 40! ^KM",VirginTrains
2388039,2017-11-14 07:27:05,688099,Once again @115830 seem incapable of delivering a preorder on the ‘guaranteed delivery date’,AmazonHelp
2388031,2017-11-14 07:34:44,150351,"@AmazonHelp  Schaut euch Mal die Angebote an bei den Apple Ipads 9,7 Zoll Bildschirm 
Da wird meist als Betriebssystem MAC OS X angegeben
Was Zwar Witzig ist ;) aber leider Falsch",AmazonHelp
2402075,2017-11-14 07:35:26,691082,@115858 is really getting on my nerves right now . My phone and laptop wanna act dumb and they are completely updated . @122609 be ready .,AppleSupport
2388103,2017-11-14 07:37:04,688116,THREE Ubers cancel on me at 12:36 am? Cab it is. I hate you @115873. 🖕🏼,Uber_Support
2389016,2017-11-14 07:41:03,688297,@115888 please bring back RBD 😩😭,SpotifyCares
2389101,2017-11-14 07:48:10,688322,Also fuck @115900 because they’re down right now!! #xfiniti #sucks #and #rapes #their #customers,comcastcares
2383278,2017-11-14 07:49:08,687019,@AmazonHelp Done!! Expecting an early closure to this issue!,AmazonHelp
2387759,2017-11-14 07:51:24,688037,@120576 @VirginTrains Well it seems this train is a carriage down!! Maybe investment in rolling stock and less 479 mil dividends to already wealthy investors using taxpayers infrastructure,VirginTrains
2321031,2017-11-14 07:58:45,688452,"@115850 Team i close my account ,i want to renew account ,pls help",AmazonHelp
2403819,2017-11-14 08:03:18,691484,"Hey @115858,

The next time you decide to launch a software update, make it so that we’re not getting asked for Apple ID verification 20,000 times a day",AppleSupport
2387920,2017-11-14 08:05:18,688076,@AmazonHelp Vendedor externo 🤦🏻,AmazonHelp
2387919,2017-11-14 08:14:42,688076,"@AmazonHelp martes, 14 de noviembre - sábado, 18 de noviembre. Me fie de un mensaje como este, ahora se supone que si se pide antes del sábado llega el lunes, pero claro, en mi caso no tengo ninguna 'prueba'. Yo también tengo envío exprés. https://t.co/YNZCMjZDy3",AmazonHelp
2388880,2017-11-14 08:21:55,688272,"@257954 @AmazonHelp I wonder if it's an iPhone thing? Or across the board on other phones? No problem, but I think I'd have been more help if I couldn't see it x",AmazonHelp
2389043,2017-11-14 08:26:43,688304,Been using @115873 for 2 years now suddenly it won't accept my creditcard. What is wrong @Uber_Support,Uber_Support
2403630,2017-11-14 08:29:12,488016,Phone keeps crashing at 60% and saying it’s low bat. Fix dis shit @115858,AppleSupport
2388932,2017-11-14 08:30:38,688277,@120533 bonjour j'ai un problème pouvez vous m'aidez?,AmazonHelp
2390505,2017-11-14 08:32:49,420494,@SpotifyCares srsly what happened to play queue and daily mix/radio on web player???,SpotifyCares
2387941,2017-11-14 08:37:22,688077,"@AmazonHelp Nope, so I'm assuming you will not be replacing these, I've already made that assumption",AmazonHelp
2403732,2017-11-14 08:46:03,616827,"@AppleSupport ""Some updates were not installed"" (MacOS) - WHICH ONES?! I need that information to make an informed decision.",AppleSupport
2390472,2017-11-14 08:49:24,688601,"@115850 
Hello,
I have purchased Micromax Power bank but after 20 days from delivery its not getting charged and automatically getting off.

Please find order details attack. https://t.co/c2KdNIeiKD",AmazonHelp
2389509,2017-11-14 08:56:23,688404,@VirginTrains Rescued... 😉 https://t.co/IJCCmcdDkY,VirginTrains
2390465,2017-11-14 08:58:37,688600,"@115821 ORDER # 406-1654940-7216339
@119356 Is being super busy about my order update ! The seller is being a real pain. According to the timeline, I should have received my order by now unfortunately, there has been zero update till now.",AmazonHelp
2389855,2017-11-14 09:00:19,688466,"@115873 I am not able to apply any promotions on my account and i am not getting any proper reasoning or solutions. That’s not the way. You can not mark an issue closed without providing a solution.
#uber #ubersucks https://t.co/uLKDwRnFFW",Uber_Support
2290972,2017-11-14 09:07:14,665434,@AmazonHelp I have raised my complaint twice .. and yet no response. What is this customer service. ? https://t.co/EY26BsfQMx,AmazonHelp
2403581,2017-11-14 09:11:47,691419,Serious bug with iOS 11 that causes a boot loop. It keeps hitting iPhones in the middle east. Even with iOS 11.1.1 @AppleSupport,AppleSupport
2391263,2017-11-14 09:15:27,121948,"Just cancelled the order @115850 , a fucking fraud delivery agents our have employed. This is how you treat prime customers.",AmazonHelp
2390377,2017-11-14 09:25:31,688590,@115830 it's an absolute joke I pay for prime and now you are charging a delivery fee that was free with prime!!! Ragging 😡 #Amazon #AmazonPrime,AmazonHelp
2391340,2017-11-14 09:25:58,688744,@115888 when are you gonna update the app to fit iPhone X screen?,SpotifyCares
2390129,2017-11-14 09:29:24,688242,"@VirginTrains Not sure... He's possibly the train manager who's been walking through the Train, whitish hair. Heart of gold (coffee)!",VirginTrains
2389663,2017-11-14 09:36:17,242011,@AmazonHelp When ordered it was “order in the next 5.55 hours for delivery tomorrow”. Then email says delivery day is a day later. I then get confirmation email saying “dispatch when available” So no idea!,AmazonHelp
2394592,2017-11-14 09:43:16,689361,"well, it’s great when your friends @115873 ( @688746 ) has you waiting for half an hour, and then cancels on you... still not home, so that’s fun. #Uber #Thanks https://t.co/Jhmwu1aOtt",Uber_Support
2391268,2017-11-14 09:43:28,688730,"アマゾンプライムのビデオ見せてるんだけど、まじで有能。いろいろあるから親も楽しめるし🙆🏻
それにいまならファミリーに登録したら3900円分のクーポン貰えるみたいだから、実質無料で一年入れるよ🙆🏻神！",AmazonHelp
2403566,2017-11-14 09:49:04,691415,. @AppleSupport twice now I've been put on hold so long during the call I've been cut off both times. #HighSierra has locked me out of software that I need for my business.,AppleSupport
2390438,2017-11-14 09:52:52,688588,@AmazonHelp I was last advised they would give me £5 goodwill on my account and that they would try and get the item to me by yesterday at 8pm. I knew there was no guarantee of this. It should be here today according to the updates on my account that were added without my consent.,AmazonHelp
2390417,2017-11-14 10:00:38,627407,@AmazonHelp  https://t.co/mdpPHsqYBL,AmazonHelp
2391420,2017-11-14 10:01:22,236322,@115911 @TMobileHelp Why does every tech site and blog say Galaxy S8 users are already enjoying Android 8 Oreo while I STILL DON'T HAVE IT!?!?!?,TMobileHelp
2389689,2017-11-14 10:07:05,638313,@AmazonHelp I have send the details and I vl send u the screen shot of that message.. https://t.co/kHOLyj8H8c,AmazonHelp
2391767,2017-11-14 10:18:15,688838,Red-eyes flight.. Slept so good!! Shout to @southwestair #steveseason #excusetheego https://t.co/4TEbg46eWW,SouthwestAir
2391897,2017-11-14 10:19:09,688864,@AmazonHelp Reply to my dm please,AmazonHelp
2391962,2017-11-14 10:20:52,688876,@SpotifyCares Ik ben uitgenodigd voor een family abonnement echter heb ik deze uitnodiging nooit ontvangen en wordt er al wel voor family betaald. Hoe kan dit opgelost worden?,SpotifyCares
2391869,2017-11-14 10:26:27,688728,@AmazonHelp No tienen algún teléfono de atención al cliente?,AmazonHelp
2391700,2017-11-14 10:31:20,120576,"@228458 @VirginTrains @688700 Yes of course, we won't forget them. We love Geoff and Vicki. ^KM",VirginTrains
2391829,2017-11-14 10:34:44,453795,@AmazonHelp Schade. Trotzdem vielen Dank für die schnelle Auskunft.,AmazonHelp
2392038,2017-11-14 10:39:05,688896,@AmericanAir So @AmericanAir you repainted an aircraft once a week is this now complete cool way of thinking guys,AmericanAir
2392722,2017-11-14 10:42:46,689013,When you cancel @115830 prime but they still charge you monthly anywayyyyy,AmazonHelp
2389045,2017-11-14 10:43:16,688305,"@Uber_Support @148768 #krispykreme can you help with a query please! This offer of a 12 box for free via Uber eats - is Liverpool exempt from the offer? That’s all I want to know, thanks #help #sos #wheresmefreebie",Uber_Support
2180761,2017-11-14 10:44:41,563401,@Delta Thank you.  They finally showed up 15 minutes before take off and then had computer issues requiring printing all boarding passes.  When will flying get better?  At least our flight eventually took off...,Delta
2405059,2017-11-14 10:50:02,691770,I lost some contact after upadate to iOS 11.11 @AppleSupport @115858,AppleSupport
500862,2017-11-14 10:50:29,234636,@AmazonHelp I have been in contact with one of your team and they have been as unhelpful as everyone else I have spoken to. I need someone to not copy and paste a standard response and give me back my stolen money. Your customer service is terrible. Stop messing me around. Thieves.,AmazonHelp
2318640,2017-11-14 10:59:03,672116,@SpotifyCares Newest Spotify version and macOS 10.12.6,SpotifyCares
2393577,2017-11-14 11:00:56,689153,@AmazonHelp .please help.....i am unable to contact customer care as i have some problem with my address...but all contact numbers are misleading,AmazonHelp
2392595,2017-11-14 11:08:56,688994,"密林で予約しようとしたら代引きだめとか言われた…
どうしよう…",AmazonHelp
2392761,2017-11-14 11:11:37,188812,@Uber_Support lost phone in uber. How to contact driver? About to take off for 2 hr flight... app and website not a lot of help.,Uber_Support
2393303,2017-11-14 11:12:01,689114,"Perks of a commute to Milton Keynes from London? 

 @VirginTrains takes me 👍🏻 #virgintrains",VirginTrains
2405004,2017-11-14 11:14:34,691760,"@AppleSupport @115858 como vocês explicam a mensagem de que o cabo de carregamento do Iphone não é original, impossibilitando o carregamento do celular, sendo que o cabo utilizado é o que veio com o aparelho? 😬😱",AppleSupport
2391251,2017-11-14 11:17:52,688729,@AmazonHelp 丁寧にありがとうございます😹分かりました！！,AmazonHelp
2389709,2017-11-14 11:26:49,183117,"@AmazonHelp @115850 Hi, 

As assured over phone that I will receive refund as amazon pay balance in 2hrs but not received yet. Dissappointed. Please follow whatever you say.",AmazonHelp
2404977,2017-11-14 11:30:00,691754,@AppleSupport -to happen all over again with the new one. Just not worth it,AppleSupport
2393459,2017-11-14 11:35:05,689139,@AmazonHelp Who am I speaking with please,AmazonHelp
2394608,2017-11-14 11:37:49,634174,@116136 how about some fucking warning before you shut off my internet for “scheduled maintenance”?,comcastcares
500859,2017-11-14 11:40:42,234636,@AmazonHelp https://t.co/v38N3BhUA4 blame https://t.co/nE3GYxbHBP and vice versa. https://t.co/nE3GYxbHBP have no record of the charge coming out of the other person's account. https://t.co/v38N3BhUA4 confirm I do not have Prime membership. My money is being stolen without my authorisation,AmazonHelp
2394604,2017-11-14 11:41:54,689365,"Just had two @115873 cars cancelled on us 🙄. One literally drove up, sees us, and then drives away 😒",Uber_Support
2393592,2017-11-14 11:46:20,689158,"@SpotifyCares Thank you kindly. I'm sure it makes for a better UX overall and is at least valid to test. Just a simple option to a song's context menu of ""Stop suggesting this artist"" or similar would be aces.",SpotifyCares
2394523,2017-11-14 11:48:45,689345,@AmazonHelp 楽しみです～～,AmazonHelp
2392610,2017-11-14 11:56:36,688996,"@AmazonHelp Bonjour :) c la 2e commande que je passe en moins d'un mois dont la date de livraison est retardée, sur 4 commandes ça fait 50% quand même",AmazonHelp
2395826,2017-11-14 12:01:15,576212,"@115830 i purchased some good from you this morning and it said that you have changes from @116618 to amazon prime, i dont want amazon prime i just want amazone video can you sort this please",AmazonHelp
2404858,2017-11-14 12:02:40,691718,Took my phone off charge two hours ago and battery has dropped 55%... that’s RIDICULOUS. @115858 need to sort this shit out,AppleSupport
2393650,2017-11-14 12:08:23,689171,@AmericanAir The flight has been canceled so unfortunately not as soon as I️ was hoping,AmericanAir
2394449,2017-11-14 12:08:58,330635,"@AmazonHelp It won't fit in the safe place, it's my baby's car seat!",AmazonHelp
2396129,2017-11-14 12:14:35,689731,"@Delta outrageously long priority line, plus hundreds of others waiting at MSY to check bags. Got here an hour early and might miss my flight. Need more staff at check-in! #MedallionMember",Delta
2395745,2017-11-14 12:15:09,689659,Tell me again #Amazon why I am paying for Prime? My last several orders have been delayed for one reason or another...grrr,AmazonHelp
2406794,2017-11-14 12:15:34,692177,"Hey @AppleSupport @115858 since your forcing Bluetooth headphones sales, could you do a bug fix so our Bluetooth stops shutting off constantly? Thanks friends. #apple #iPhoneX #",AppleSupport
2395979,2017-11-14 12:21:00,689704,"@Uber_Support Need help. Uber is sending me offers of Chandigarh City only while It has been 5 months since I have moved to Gurgaon. Please Look into the matter. 

+91-9463722853",Uber_Support
1738440,2017-11-14 12:22:59,450537,"@VirginTrains So, day 28......",VirginTrains
2395749,2017-11-14 12:26:48,154432,"Please sort your KDP pricing support/comparison tool out, it rarely ever loads @AmazonHelp @181888",AmazonHelp
2398315,2017-11-14 12:34:50,690210,@SpotifyCares - Why can't I activate my student account?! It worked last year and now you're saying you don't support my business college? The fact the cost went up without you telling me is pretty shoddy too. Helpful to students? more like #rinsingstudents #unhappy #poorstudent,SpotifyCares
2297598,2017-11-14 12:36:13,666983,@606853 @AppleSupport is possible! i’m going to do the same bc this update sucks tbh,AppleSupport
2395780,2017-11-14 12:38:55,158298,@AmazonHelp Already complaint.....but no one solve this issue and problem still persist as such,AmazonHelp
2394424,2017-11-14 12:43:46,689329,"@AmazonHelp Great, appreciate the advice and quick replies. Have a good day",AmazonHelp
2278358,2017-11-14 12:48:36,662460,@AmazonHelp Any update sir?,AmazonHelp
2351169,2017-11-14 12:50:32,690000,@115913 @115911 How about all the FREE things I DIDN'T get because your partners are unresponsive or because you change the rules week to week with no notification? #BAITANDSWITCH,TMobileHelp
2424410,2017-11-14 12:53:38,696227,"@AppleSupport sort out your damn iOS 11 updates, we pay alot of money for your products and don’t expect to have them  crashing every ten minutes with your unstable iOS releases! #apple #iphone7 #ios11 #appledeviceproblems",AppleSupport
2397067,2017-11-14 12:58:18,689916,@116928 os podéis imaginar la cantidad de envíos que recibe esta recepcionista para hacer eso 😂😂😂😂😂 https://t.co/EPa04SYZsR,AmazonHelp
2396772,2017-11-14 13:00:29,508348,"@VirginTrains @127472 Sorry, I'm keeping this public. I DM this last time and all I was told to do was go on the website and speak on the live chat on there. Wasted time on there explaining it AGAIN and was told I'd be recontacted - nothing!",VirginTrains
2397091,2017-11-14 13:04:41,133964,@AmazonHelp 1st - 15th December... Still though - a week to take something from a warehouse to an airport...,AmazonHelp
2397348,2017-11-14 13:08:08,688108,@Uber_Support The email read the following https://t.co/puTgydQOvl,Uber_Support
2397100,2017-11-14 13:11:00,689914,@AmazonHelp @115851  u all iphone X users never undestand the pain of poor peopl...u will not understand how tough it is to buy a thing...honest earning all r cheaters  @115850,AmazonHelp
2398524,2017-11-14 13:19:51,690256,@Delta hey do you offer the option to link Skymiles accounts for spouses? I know other airlines offer ‘Family account benefits’ but are these available with Delta Skymiles too?,Delta
2397271,2017-11-14 13:20:02,430100,"@AmazonHelp No, no emails. And this is one of two things I ordered too! One with next day delivery and the other with fee delivery. If it doesn’t arrive today, can I ask for delivery costs to be refunded?",AmazonHelp
2398584,2017-11-14 13:22:28,690266,"@TMobileHelp @115913 I've been on the phone for over an hour. Now I'm waiting on some supervisor. It seems this is something higher ups need to handle, like @115913.",TMobileHelp
2398404,2017-11-14 13:22:32,690226,Me falling asleep on my flight to Vegas in 3...2............ 😴ha! 🤪Too exited to sleep. See you soon Vegas! #itsGOLDtime 🤩 @AmericanAir ✈️ #LatinGRAMMY 🎼,AmericanAir
2406732,2017-11-14 13:23:32,692159,"@AppleSupport thank you for update to sierra high mac os, i can’t work with my files https://t.co/rQdLveIXJ3",AppleSupport
2397298,2017-11-14 13:25:27,689952,"@SpotifyCares Hi, I’m using an iPhone 7 IOS 11.1.1 and Spotify version 8.4.27.895. Thanks",SpotifyCares
2398252,2017-11-14 13:29:55,480885,@AmazonHelp 了解しました。お手数お掛けしました。,AmazonHelp
2406591,2017-11-14 13:34:10,692117,@AppleSupport ever since I updated my phone to iOS 11.1.1 the battery has been dying even faster. Please help!,AppleSupport
2402446,2017-11-14 13:35:47,691170,"@AmazonHelp da nutzt wer euer Logo. Wurde beim aufrufen einer anderen Website umgeleitet zu einem ""sie haben gewonnen"" scheiß . Vlt könnt ihr was mit dem Link anfangen ^^ https://t.co/8nuTlTI3dm",AmazonHelp
2398209,2017-11-14 13:42:46,325953,"@AmazonHelp kann es sein, dass der rote ""nicht nach österreich"" hinweis nicht mehr zuverlässig bei den betroffenen artikeln angezeigt wird? ich hätt mir die teile ja sonst nicht in den einkaufswagen gelegt :(((",AmazonHelp
2402445,2017-11-14 13:48:16,691170,"@AmazonHelp Alles klar. Immer wieder gerne :)
Vg",AmazonHelp
2402536,2017-11-14 13:48:41,691198,"Worst service by @115873 today , 2 times cancelled our trip due to which we were late in exam approximately half an hour",Uber_Support
2402141,2017-11-14 13:49:54,691103,"@93815 #HereICome! Seriously @115858, you gotta fox this bug.",AppleSupport
2402422,2017-11-14 13:53:00,691166,"@AmazonHelp Second item, they simply said it’ll be delivered tomorrow. Why was the fake delivery attempt made? Any reason? Again, what’s the point of prime. Your page says 1 day delivery. Clearly it’s not.",AmazonHelp
2402291,2017-11-14 13:59:20,637012,"@AmazonHelp je paie plus chère, je réserve le 27 avril, et je suis livré en retard.👌",AmazonHelp
2402575,2017-11-14 14:00:58,691206,"Never surprised when flying @AmericanAir - no food or drink available onboard a 5 hour transcon, because that makes sense..",AmericanAir
2404294,2017-11-14 14:02:03,195397,"@Delta wow, even the sky-clubs are getting crowded and noisy, oh where did the quiet havens go?",Delta
2390560,2017-11-14 14:02:33,691811,@148768 @115877 Its not working!!! Saying zero results and im typing my location as central london,Uber_Support
2406554,2017-11-14 14:03:04,692108,when will the tyranny of the apple I problem be over?? @AppleSupport updates do not solve,AppleSupport
2422844,2017-11-14 14:04:32,590493,@148768 @115877 Ahhh! We’re trying desperately but its not working. #sendhelpsanddoughnuts https://t.co/pPeU5wdvuP,Uber_Support
2349520,2017-11-14 14:04:43,679139,@AmazonHelp I don't get it. You said above that you've got my information?? Whom am I talking to?? Some real men or chatbots??,AmazonHelp
2407193,2017-11-14 14:05:28,692268,".@148768 @115877 app page frozen when I try to place the free doughnut order, sad times... 😞",Uber_Support
2407129,2017-11-14 14:06:15,692250,@418978 @148768 And the whole app has collapsed so no one can order anything else from another restaurant! Goooood one @115877,Uber_Support
2405367,2017-11-14 14:07:57,691842,@115877 you have crashed and I can not order my lunch. Thank you. Terrible,Uber_Support
2409088,2017-11-14 14:10:14,692731,@115877 @148768 I trusted you. I TRUSTED YOU!!!,Uber_Support
2390583,2017-11-14 14:11:14,807962,@148768 @115877  https://t.co/6yPGHd5o7s,Uber_Support
2408957,2017-11-14 14:12:28,692687,How is @115877 telling me that they can’t find a match for @148768 KMT 🤬 DPMO https://t.co/2NUoBm2ZNk,Uber_Support
2367855,2017-11-14 14:13:02,664537,@AppleSupport Surprised me,AppleSupport
2403881,2017-11-14 14:13:24,337236,"@115850 Condition of shoes in just 1 month (max 15 days of official usage, no wash)",AmazonHelp
2408854,2017-11-14 14:13:55,692647,@148768 has anyone actually managed to get this elusive give away? @115877,Uber_Support
2409544,2017-11-14 14:15:56,365203,Damn you @115877 😵 https://t.co/Lr5AKjjrxu,Uber_Support
2398546,2017-11-14 14:18:55,690260,@TMobileHelp Right now @ATT has my business,TMobileHelp
2399498,2017-11-14 14:19:16,249261,@VirginTrains Not the greatest customer experience then...,VirginTrains
2410843,2017-11-14 14:19:34,693168,@148768 @115877 It's not on the app! I want doughnuts :(,Uber_Support
2390509,2017-11-14 14:20:30,420494,@SpotifyCares Nvm it’s not working anymore in incognito,SpotifyCares
2407174,2017-11-14 14:21:31,692258,"@115877 your app -5 stars, never again",Uber_Support
2383270,2017-11-14 14:22:07,687017,"@AmazonHelp Please amazon, the carrier didn’t deliver my nine day package yesterday. Waited until the end of the day as told. Please help",AmazonHelp
2410634,2017-11-14 14:24:49,243820,"Wow, @115877 falling apart like wet cake. Stores appearing in the search, and then not, getting things in basket and then crash! Disaster!",Uber_Support
2405192,2017-11-14 14:26:49,671342,Wow @115821 and WiFi. Problems. Is mercury in retrograde. #notthegenius,AmazonHelp
2412933,2017-11-14 14:27:19,693667,Don’t you just hate when you’re denied free stuff? @148768 nice idea but @115877  fucked up. #giveusthedonuts https://t.co/eak3xXkn6J,Uber_Support
2402524,2017-11-14 14:29:32,691194,@691193 @Uber_Support I hate free stuff as well. Its rubbish.,Uber_Support
2408589,2017-11-14 14:30:39,692591,"Managing change... MacOS High Sierra greets you with an error message where the fix to your problem is a sad ""OK"", good job @115858 #badUX @AppleSupport any official guide? Found only:  https://t.co/iirbBixnYT https://t.co/4R6j5hHYZn",AppleSupport
2412811,2017-11-14 14:31:09,287394,We didn’t manage to get any @148768 from @115877! Back to work - doughnutless 💔🍩 https://t.co/s6iBiWvyl8,Uber_Support
2415520,2017-11-14 14:32:04,694282,Huge balls up from @115877 &amp; @148768. Lot of enraged people at work.,Uber_Support
2402433,2017-11-14 14:33:22,481022,"@AmazonHelp Already update the required detail in my earlier reply.
Request you please call me on my mobile #8744097445",AmazonHelp
2414795,2017-11-14 14:33:30,694123,Order cancelled by restaurant?! Dreams crushed 😭 @115877 @148768,Uber_Support
2414745,2017-11-14 14:34:42,640686,Fam wth?? @115877 @148768 https://t.co/C84q2KvxZ9,Uber_Support
2414702,2017-11-14 14:35:30,694092,#UberEATS #KrispyKreme so disappointing! Managed to get my order through after 15 min and they cancel it! Now it says my location is too far wtf?,Uber_Support
2410714,2017-11-14 14:36:38,693123,Nah it's a 5 min bike ride @115877 #KrispyKreme #fail https://t.co/jSC8zJxFBA,Uber_Support
2404103,2017-11-14 14:37:46,155837,@Uber_Support @691544 I can only presume it’s cause no one can get their free doughnuts from@@148768,Uber_Support
2406285,2017-11-14 14:37:56,692045,"@SouthwestAir Traveling with  grandchildren ,(toddler and infant)  does early bird checkin cost, and can I receive a seat selection rather than loading position on open seating?",SouthwestAir
2420938,2017-11-14 14:39:47,695436,When you try get free doughnuts and they cancel your order after spending 30 minutes on @115877 😒.. @148768 thanks for teasing me.,Uber_Support
2405208,2017-11-14 14:41:14,691798,"Got the new Amazon Echo as a gift. A daily use at home - ""Alexa, play the Venkateshwara Suprabhatam by MS Subbulakshmi!""... And Alexa obliges!",AmazonHelp
2403570,2017-11-14 14:41:35,590253,@AppleSupport 11.1.1,AppleSupport
2420911,2017-11-14 14:42:23,695425,@115877  @148768 why has my order been cancelled? Surely you have to fulfil your promise? There's a very disappointed team here 😡 https://t.co/syI4f0L2lK,Uber_Support
2420842,2017-11-14 14:44:43,695404,What a let down. @148768 I feel you have smashed the sanctity of trust in our beautiful relationship. Feeling traumatised @115877,Uber_Support
2395915,2017-11-14 14:45:02,689692,@SpotifyCares Hopefully soon. Thanks again 🙂🙂,SpotifyCares
2414899,2017-11-14 14:45:27,283268,Hey @comcastcares how can I tell if my order has been processed?,comcastcares
2420438,2017-11-14 14:48:22,695298,"Oh, the disappointment. 😥🍩❌@115877 @148768 https://t.co/kvvaRg9SwF",Uber_Support
2402336,2017-11-14 14:48:33,691152,@AmazonHelp  https://t.co/Ad97BzqXzQ,AmazonHelp
2405050,2017-11-14 14:49:46,449041,@AppleSupport  https://t.co/fLKB6F0NwN,AppleSupport
2420347,2017-11-14 14:51:51,695267,#KrispyKreme @148768  what is happening... I want donuts @115877 https://t.co/HAA4353imn,Uber_Support
2405201,2017-11-14 14:52:02,691796,You know what makes me mad is when you are an @115821 prime member and it takes MORE than two days to get stuff 😑😑,AmazonHelp
2405587,2017-11-14 14:52:31,691892,@Delta how do I add missing miles to my SkyMiles account?,Delta
2422998,2017-11-14 14:56:48,695914,@115877 I had placed an order yesterday the money was paid and taken out of my acct in later they tried to charge my acct again for the same amount I stop the payment cause I had already paid it once and now they say my acct has a negative balance on it in i have to pay again,Uber_Support
2406921,2017-11-14 14:57:19,692196,@119625 Is service down? I am getting this message (ref:screenshot attached) https://t.co/UxRGUk7rod,AmazonHelp
2405653,2017-11-14 14:58:24,691904,@115911 @689994 I tried claiming my T-Mobile Tuesday deal for Basic Outfitters but the code I was given is not valid on Basic Outfitters website.  Can you help? #TMobileTuesdays,TMobileHelp
2396781,2017-11-14 14:58:31,508348,"@VirginTrains @127472 Aha, it appears to be your unlucky day! In looking I actually found the tickets - I must have sent to copies to Edinburgh! https://t.co/xtMhSBGfMJ",VirginTrains
2422936,2017-11-14 15:01:11,354938,"Place an order, then my order got cancelled. then @148768 mysteriously disappears off @115877 ... what's going on son? And where's my doughnuts?!?! 😡 #KrispyKreme https://t.co/JWIaHdnSfM",Uber_Support
2405168,2017-11-14 15:02:07,275641,@AmazonHelp service de rappel indisponible.....,AmazonHelp
2408534,2017-11-14 15:02:39,603221,Anyone wanna help a girl out? my iPhone is sending iMessages from my email and not phone number @AppleSupport,AppleSupport
2422929,2017-11-14 15:05:43,695887,@115877 @148768 sooo disappointed literally been trying for free donuts for well over an hour now! Grieving so bad I’ll never be able to eat another donut again 😢 🍩,Uber_Support
2405232,2017-11-14 15:06:21,691803,@AmazonHelp 14 minutes now.,AmazonHelp
2422893,2017-11-14 15:09:46,695873,@Uber_Support @148768  @115877 Why was i charged for ordering the FREE Kirspy Kremes which were also cancelled by  the store?,Uber_Support
2402405,2017-11-14 15:10:53,691163,@AmazonHelp Your executive just sending the apologies emails nothing no solution no compensation.,AmazonHelp
2408499,2017-11-14 15:12:03,692566,@AppleSupport @116333 love this new feature on iOS 11x...phone freezes at all the wrong times! Great for work. Wife’s phone does the same thing. #missSteve,AppleSupport
2405392,2017-11-14 15:12:38,691847,"@AmericanAir Ya but my 2 year old in unlikely going to be seating in his seat even if it is across the aisle . Can we please get a seat together, it is even OK if it is the last row.",AmericanAir
2407674,2017-11-14 15:13:50,692385,Hey @115911 my @689994 code isn’t working :(,TMobileHelp
2410721,2017-11-14 15:14:38,693124,Massive publicity stunt from @148768 &amp; @115877 promise the city of Ldn free doughnuts @ 2pm and then do a runner. F*cking Great 👍🏾,Uber_Support
2402293,2017-11-14 15:17:18,637012,"@AmazonHelp commande annulée, 2 fois que je commande 1000 ans en avance, 2 fois que la commande est repoussée sans motifs.",AmazonHelp
2390671,2017-11-14 15:17:28,695858,"@148768 @115877 Hi, is Bethnal Green not in the delivery zone for the free dozen promotion? Thanks.",Uber_Support
2406838,2017-11-14 15:21:43,692184,Bonjour @120533 il y a moyen de faire livrer ma commande plus rapidememt en relais?. Car j’ai fait une deuxième commande en relais aussi et sur elle j’ai pu prendre une livraison expresse.,AmazonHelp
2405329,2017-11-14 15:23:41,691830,@691831 @Uber_Support :(,Uber_Support
2421580,2017-11-14 15:26:43,695573,@AppleSupport why does iOS 11.1.1 insist on turning on my bluetooth without my consent? Anytime I get near a bluetooth device it turns on. Anytime I restart the phone it’s on.,AppleSupport
2406988,2017-11-14 15:27:41,630432,"it’d be nice if @115888 @SpotifyCares would have a separate, redux Rap Caviar playlist for people who listen to it while driving. you implemented a Safe Car mode for your app but your Rap Caviar playlist sucks when you have to skip through videos. #DriveSafe",SpotifyCares
2407217,2017-11-14 15:28:58,692276,@Uber_Support Too late isn't it! No one can get on the sight. Good publishly scam,Uber_Support
2408732,2017-11-14 15:29:23,692618,.@119625 unable to watch @35113. Pls check.,AmazonHelp
2404110,2017-11-14 15:33:17,691545,@Uber_Support shocking campaign. it was clear there was going to be huge traffic - should've been prepared for it,Uber_Support
2412620,2017-11-14 15:34:39,693577,@AmazonHelp purchase arrived looking like this 👎 https://t.co/1ekddN6dql,AmazonHelp
2407248,2017-11-14 15:38:38,692283,@Uber_Support Doesn’t even find the restaurants https://t.co/uQN4wB4JrS,Uber_Support
2410553,2017-11-14 15:38:53,666775,@AmazonHelp please consider this as special case. Really tired. Again received a faulty product second time.,AmazonHelp
2403701,2017-11-14 15:40:18,266439,@AppleSupport 11.2,AppleSupport
